,TCGA.04.1348.01,TCGA.04.1357.01,TCGA.04.1362.01,TCGA.04.1364.01,TCGA.04.1365.01,TCGA.04.1514.01,TCGA.04.1519.01,TCGA.09.0364.01,TCGA.09.0366.01,TCGA.09.1662.01,TCGA.09.1666.01,TCGA.09.1667.01,TCGA.09.1668.01,TCGA.09.1669.01,TCGA.09.1670.01,TCGA.09.1673.01,TCGA.09.1674.01,TCGA.09.2044.01,TCGA.09.2045.01,TCGA.09.2048.01,TCGA.09.2051.01,TCGA.09.2054.01,TCGA.09.2056.01,TCGA.10.0928.01,TCGA.13.0799.01,TCGA.13.0800.01,TCGA.13.0801.01,TCGA.13.0890.01,TCGA.13.0893.01,TCGA.13.0913.01,TCGA.13.0916.01,TCGA.13.0920.01,TCGA.13.0924.01,TCGA.13.1403.01,TCGA.13.1405.01,TCGA.13.1410.01,TCGA.13.1411.01,TCGA.13.1481.01,TCGA.13.1497.01,TCGA.13.1498.01,TCGA.13.1505.01,TCGA.13.1506.01,TCGA.13.1507.01,TCGA.13.1511.01,TCGA.13.1512.01,TCGA.13.2060.01,TCGA.20.1682.01,TCGA.20.1683.01,TCGA.20.1684.01,TCGA.20.1685.01,TCGA.20.1687.01,TCGA.23.1023.01,TCGA.23.1026.01,TCGA.23.1027.01,TCGA.23.1029.01,TCGA.23.1109.01,TCGA.23.1111.01,TCGA.23.1114.01,TCGA.23.1120.01,TCGA.23.1122.01,TCGA.23.1123.01,TCGA.23.1809.01,TCGA.23.2077.01,TCGA.23.2078.01,TCGA.23.2081.01,TCGA.23.2084.01,TCGA.24.0975.01,TCGA.24.1103.01,TCGA.24.1413.01,TCGA.24.1416.01,TCGA.24.1417.01,TCGA.24.1418.01,TCGA.24.1419.01,TCGA.24.1423.01,TCGA.24.1424.01,TCGA.24.1425.01,TCGA.24.1427.01,TCGA.24.1428.01,TCGA.24.1430.01,TCGA.24.1434.01,TCGA.24.1435.01,TCGA.24.1436.01,TCGA.24.1463.01,TCGA.24.1467.01,TCGA.24.1469.01,TCGA.24.1474.01,TCGA.24.1544.01,TCGA.24.1545.01,TCGA.24.1546.01,TCGA.24.1548.01,TCGA.24.1549.01,TCGA.24.1550.01,TCGA.24.1551.01,TCGA.24.1552.01,TCGA.24.1553.01,TCGA.24.1555.01,TCGA.24.1556.01,TCGA.24.1557.01,TCGA.24.1558.01,TCGA.24.1560.01,TCGA.24.1562.01,TCGA.24.1563.01,TCGA.24.1564.01,TCGA.24.1567.01,TCGA.24.1603.01,TCGA.24.1604.01,TCGA.24.1616.01,TCGA.24.1842.01,TCGA.24.1843.01,TCGA.24.1844.01,TCGA.24.1846.01,TCGA.24.1847.01,TCGA.24.1849.01,TCGA.24.1850.01,TCGA.24.1924.01,TCGA.24.1928.01,TCGA.24.1930.01,TCGA.24.2019.01,TCGA.24.2020.01,TCGA.24.2023.01,TCGA.24.2024.01,TCGA.24.2026.01,TCGA.24.2027.01,TCGA.24.2033.01,TCGA.24.2035.01,TCGA.24.2036.01,TCGA.24.2038.01,TCGA.24.2254.01,TCGA.24.2261.01,TCGA.24.2262.01,TCGA.24.2267.01,TCGA.24.2271.01,TCGA.24.2281.01,TCGA.24.2288.01,TCGA.24.2289.01,TCGA.24.2290.01,TCGA.24.2293.01,TCGA.24.2297.01,TCGA.24.2298.01,TCGA.25.1312.01,TCGA.25.1313.01,TCGA.25.1314.01,TCGA.25.1315.01,TCGA.25.1316.01,TCGA.25.1317.01,TCGA.25.1318.01,TCGA.25.1319.01,TCGA.25.1320.01,TCGA.25.1321.01,TCGA.25.1322.01,TCGA.25.1323.01,TCGA.25.1329.01,TCGA.25.1623.01,TCGA.25.1625.01,TCGA.25.1626.01,TCGA.25.1627.01,TCGA.25.1628.01,TCGA.25.1630.01,TCGA.25.1631.01,TCGA.25.1632.01,TCGA.25.1633.01,TCGA.25.1634.01,TCGA.25.1635.01,TCGA.25.1870.01,TCGA.25.1871.01,TCGA.25.2042.01,TCGA.25.2391.01,TCGA.25.2392.01,TCGA.25.2393.01,TCGA.25.2396.01,TCGA.25.2397.01,TCGA.25.2398.01,TCGA.25.2399.01,TCGA.25.2400.01,TCGA.25.2401.01,TCGA.25.2404.01,TCGA.25.2409.01,TCGA.29.1688.01,TCGA.29.1690.01,TCGA.29.1691.01,TCGA.29.1693.01,TCGA.29.1694.01,TCGA.29.1695.01,TCGA.29.1696.01,TCGA.29.1697.01,TCGA.29.1698.01,TCGA.29.1699.01,TCGA.29.1701.01,TCGA.29.1702.01,TCGA.29.1703.01,TCGA.29.1705.01,TCGA.29.1710.01,TCGA.29.1711.01,TCGA.29.1761.01,TCGA.29.1762.01,TCGA.29.1763.01,TCGA.29.1770.01,TCGA.29.1776.01,TCGA.29.1778.01,TCGA.29.1781.01,TCGA.29.1783.01,TCGA.29.1784.01,TCGA.29.1785.01,TCGA.29.2414.01,TCGA.29.2425.01,TCGA.29.2427.01,TCGA.29.2428.01,TCGA.30.1718.01,TCGA.30.1855.01,TCGA.30.1857.01,TCGA.30.1860.01,TCGA.30.1861.01,TCGA.30.1862.01,TCGA.30.1891.01,TCGA.31.1944.01,TCGA.31.1946.01,TCGA.31.1951.01,TCGA.31.1953.01,TCGA.31.1956.01,TCGA.31.1959.01,TCGA.36.1568.01,TCGA.36.1569.01,TCGA.36.1570.01,TCGA.36.1571.01,TCGA.36.1574.01,TCGA.36.1575.01,TCGA.36.1576.01,TCGA.36.1577.01,TCGA.36.1578.01,TCGA.36.1580.01,TCGA.36.1581.01,TCGA.57.1582.01,TCGA.57.1583.01,TCGA.57.1584.01,TCGA.57.1585.01,TCGA.57.1993.01,TCGA.57.1994.01,TCGA.59.2348.01,TCGA.59.2350.01,TCGA.59.2351.01,TCGA.59.2352.01,TCGA.59.2354.01,TCGA.59.2355.01,TCGA.59.2363.01,TCGA.61.1721.01,TCGA.61.1724.01,TCGA.61.1725.01,TCGA.61.1728.01,TCGA.61.1733.01,TCGA.61.1736.01,TCGA.61.1737.01,TCGA.61.1738.01,TCGA.61.1740.01,TCGA.61.1741.01,TCGA.61.1743.01,TCGA.61.1900.01,TCGA.61.1907.01,TCGA.61.1910.01,TCGA.61.1914.01,TCGA.61.1917.01,TCGA.61.1918.01,TCGA.61.1919.01,TCGA.61.1995.01,TCGA.61.1998.01,TCGA.61.2000.01,TCGA.61.2002.01,TCGA.61.2003.01,TCGA.61.2008.01,TCGA.61.2009.01,TCGA.61.2012.01,TCGA.61.2016.01,TCGA.61.2088.01,TCGA.61.2092.01,TCGA.61.2094.01,TCGA.61.2095.01,TCGA.61.2097.01,TCGA.61.2098.01,TCGA.61.2101.01,TCGA.61.2102.01,TCGA.61.2104.01,TCGA.61.2109.01,TCGA.61.2110.01,TCGA.61.2111.01,TCGA.61.2113.01
hsa.mir.236,0.0,0.0,0.0,0.0,0.0,0.0,0.0,0.0,0.0,0.0,0.0,0.0,0.0,0.0,0.0,0.0,0.0,0.0,0.0,0.0,0.0,0.0,0.0,0.0,0.0,0.0,0.0,0.0,0.0,0.0,0.0,0.0,0.0,0.0,0.0,0.0,0.0,0.0,0.0,0.0,0.0,0.0,0.0,0.0,0.0,0.0,0.0,0.0,0.0,0.0,0.0,0.0,0.0,0.0,0.0,0.0,0.0,0.0,0.0,0.0,0.0,0.0,0.0,0.0,0.0,0.0,0.0,0.0,0.0,0.0,0.0,0.0,0.0,0.0,0.0,0.0,0.0,0.0,0.0,0.0,0.0,0.0,0.0,0.0,0.0,0.0,0.0,0.0,0.0,0.0,0.0,0.0,0.0,0.0,0.0,0.0,0.0,0.0,0.0,0.0,0.0,0.0,0.0,0.0,0.0,0.0,0.0,0.0,0.0,0.0,0.0,0.0,0.0,0.0,0.0,0.0,0.0,0.0,0.0,0.0,0.0,0.0,0.0,0.0,0.0,0.0,0.0,0.0,0.0,0.0,0.0,0.0,0.0,0.0,0.0,0.0,0.0,0.0,0.0,0.0,0.0,0.0,0.0,0.0,0.0,0.0,0.0,0.0,0.0,0.0,0.0,0.0,0.0,0.0,0.0,0.0,0.0,0.0,0.0,0.0,0.0,0.0,0.0,0.0,0.0,0.0,0.0,0.0,0.0,0.0,0.0,0.0,0.0,0.0,0.0,0.0,0.0,0.0,0.0,0.0,0.0,0.0,0.0,0.0,0.0,0.0,0.0,0.0,0.0,0.0,0.0,0.0,0.0,0.0,0.0,0.0,0.0,0.0,0.0,0.0,0.0,0.0,0.0,0.0,0.0,0.0,0.0,0.0,0.0,0.0,0.0,0.0,0.0,0.0,0.0,0.0,0.0,0.0,0.0,0.0,0.0,0.0,0.0,0.0,0.0,0.0,0.0,0.0,0.0,0.0,0.0,0.0,0.0,0.0,0.0,0.0,0.0,0.0,0.0,0.0,0.0,0.0,0.0,0.0,0.0,0.0,0.0,0.0,0.0,0.0,0.0,0.0,0.0,0.0,0.0,0.0,0.0,0.0,0.0,0.0,0.0,0.0,0.0,0.0,0.0,0.0,0.0,0.0,0.0,0.0,0.0,0.0,0.0,0.0,0.0,0.0,0.0,0.0,0.0,0.0,0.0,0.0,0.0,0.0
hsa.mir.940,0.0,0.0,0.0,0.0,0.0,0.0,0.0,0.0,0.0,0.0,0.0,0.0,0.0,0.0,0.0,0.0,0.0,0.0,0.0,0.0,0.0,0.0,0.0,0.0,0.0,0.0,0.0,0.0,0.0,0.0,0.0,0.0,0.0,0.0,0.0,0.0,0.0,0.0,0.0,0.0,0.0,0.0,0.0,0.0,0.0,0.0,0.0,0.0,0.0,0.0,0.0,0.0,0.0,0.0,0.0,0.0,0.0,0.0,0.0,0.0,0.0,0.0,0.0,0.0,0.0,0.0,0.0,0.0,0.0,0.0,0.0,0.0,0.0,0.0,0.0,0.0,0.0,0.0,0.0,0.0,0.0,0.0,0.0,0.0,0.0,0.0,0.0,0.0,0.0,0.0,0.0,0.0,0.0,0.0,0.0,0.0,0.0,0.0,0.0,0.0,0.0,0.0,0.0,0.0,0.0,0.0,0.0,0.0,0.0,0.0,0.0,0.0,0.0,0.0,0.0,0.0,0.0,0.0,0.0,0.0,0.0,0.0,0.0,0.0,0.0,0.0,0.0,0.0,0.0,0.0,0.0,0.0,0.0,0.0,0.0,0.0,0.0,0.0,0.0,0.0,0.0,0.0,0.0,0.0,0.0,0.0,0.0,0.0,0.0,0.0,0.0,0.0,0.0,0.0,0.0,0.0,0.0,0.0,0.0,0.0,0.0,0.0,0.0,0.0,0.0,0.0,0.0,0.0,0.0,0.0,0.0,0.0,0.0,0.0,0.0,0.0,0.0,0.0,0.0,0.0,0.0,0.0,0.0,0.0,0.0,0.0,0.0,0.0,0.0,0.0,0.0,0.0,0.0,0.0,0.0,0.0,0.0,0.0,0.0,0.0,0.0,0.0,0.0,0.0,0.0,0.0,0.0,0.0,0.0,0.0,0.0,0.0,0.0,0.0,0.0,0.0,0.0,0.0,0.0,0.0,0.0,0.0,0.0,0.0,0.0,0.0,0.0,0.0,0.0,0.0,0.0,0.0,0.0,0.0,0.0,0.0,0.0,0.0,0.0,0.0,0.0,0.0,0.0,0.0,0.0,0.0,0.0,0.0,0.0,0.0,0.0,0.0,0.0,0.0,0.0,0.0,0.0,0.0,0.0,0.0,0.0,0.0,0.0,0.0,0.0,0.0,0.0,0.0,0.0,0.0,0.0,0.0,0.0,0.0,0.0,0.0,0.0,0.0,0.0,0.0,0.0,0.0,0.0,0.0
hsa.mir.220,0.0,0.0,0.0,0.0,0.0,0.0,0.0,0.0,0.0,0.0,0.0,0.0,0.0,0.0,0.0,0.0,0.0,0.0,0.0,0.0,0.0,0.0,0.0,0.0,0.0,0.0,0.0,0.0,0.0,0.0,0.0,0.0,0.0,0.0,0.0,0.0,0.0,0.0,0.0,0.0,0.0,0.0,0.0,0.0,0.0,0.0,0.0,0.0,0.0,0.0,0.0,0.0,0.0,0.0,0.0,0.0,0.0,0.0,0.0,0.0,0.0,0.0,0.0,0.0,0.0,0.0,0.0,0.0,0.0,0.0,0.0,0.0,0.0,0.0,0.0,0.0,0.0,0.0,0.0,0.0,0.0,0.0,0.0,0.0,0.0,0.0,0.0,0.0,0.0,0.0,0.0,0.0,0.0,0.0,0.0,0.0,0.0,0.0,0.0,0.0,0.0,0.0,0.0,0.0,0.0,0.0,0.0,0.0,0.0,0.0,0.0,0.0,0.0,0.0,0.0,0.0,0.0,0.0,0.0,0.0,0.0,0.0,0.0,0.0,0.0,0.0,0.0,0.0,0.0,0.0,0.0,0.0,0.0,0.0,0.0,0.0,0.0,0.0,0.0,0.0,0.0,0.0,0.0,0.0,0.0,0.0,0.0,0.0,0.0,0.0,0.0,0.0,0.0,0.0,0.0,0.0,0.0,0.0,0.0,0.0,0.0,0.0,0.0,0.0,0.0,0.0,0.0,0.0,0.0,0.0,0.0,0.0,0.0,0.0,0.0,0.0,0.0,0.0,0.0,0.0,0.0,0.0,0.0,0.0,0.0,0.0,0.0,0.0,0.0,0.0,0.0,0.0,0.0,0.0,0.0,0.0,0.0,0.0,0.0,0.0,0.0,0.0,0.0,0.0,0.0,0.0,0.0,0.0,0.0,0.0,0.0,0.0,0.0,0.0,0.0,0.0,0.0,0.0,0.0,0.0,0.0,0.0,0.0,0.0,0.0,0.0,0.0,0.0,0.0,0.0,0.0,0.0,0.0,0.0,0.0,0.0,0.0,0.0,0.0,0.0,0.0,0.0,0.0,0.0,0.0,0.0,0.0,0.0,0.0,0.0,0.0,0.0,0.0,0.0,0.0,0.0,0.0,0.0,0.0,0.0,0.0,0.0,0.0,0.0,0.0,0.0,0.0,0.0,0.0,0.0,0.0,0.0,0.0,0.0,0.0,0.0,0.0,0.0,0.0,0.0,0.0,0.0,0.0,0.0
hsa.mir.122b,0.0,0.0,0.0,0.0,0.0,0.0,0.0,0.0,0.0,0.0,0.0,0.0,0.0,0.0,0.0,0.0,0.0,0.0,0.0,0.0,0.0,0.0,0.0,0.0,0.0,0.0,0.0,0.0,0.0,0.0,0.0,0.0,0.0,0.0,0.0,0.0,0.0,0.0,0.0,0.0,0.0,0.0,0.0,0.0,0.0,0.0,0.0,0.0,0.0,0.0,0.0,0.0,0.0,0.0,0.0,0.0,0.0,0.0,0.0,0.0,0.0,0.0,0.0,0.0,0.0,0.0,0.0,0.0,0.0,0.0,0.0,0.0,0.0,0.0,0.0,0.0,0.0,0.0,0.0,0.0,0.0,0.0,0.0,0.0,0.0,0.0,0.0,0.0,0.0,0.0,0.0,0.0,0.0,0.0,0.0,0.0,0.0,0.0,0.0,0.0,0.0,0.0,0.0,0.0,0.0,0.0,0.0,0.0,0.0,0.0,0.0,0.0,0.0,0.0,0.0,0.0,0.0,0.0,0.0,0.0,0.0,0.0,0.0,0.0,0.0,0.0,0.0,0.0,0.0,0.0,0.0,0.0,0.0,0.0,0.0,0.0,0.0,0.0,0.0,0.0,0.0,0.0,0.0,0.0,0.0,0.0,0.0,0.0,0.0,0.0,0.0,0.0,0.0,0.0,0.0,0.0,0.0,0.0,0.0,0.0,0.0,0.0,0.0,0.0,0.0,0.0,0.0,0.0,0.0,0.0,0.0,0.0,0.0,0.0,0.0,0.0,0.0,0.0,0.0,0.0,0.0,0.0,0.0,0.0,0.0,0.0,0.0,0.0,0.0,0.0,0.0,0.0,0.0,0.0,0.0,0.0,0.0,0.0,0.0,0.0,0.0,0.0,0.0,0.0,0.0,0.0,0.0,0.0,0.0,0.0,0.0,0.0,0.0,0.0,0.0,0.0,0.0,0.0,0.0,0.0,0.0,0.0,0.0,0.0,0.0,0.0,0.0,0.0,0.0,0.0,0.0,0.0,0.0,0.0,0.0,0.0,0.0,0.0,0.0,0.0,0.0,0.0,0.0,0.0,0.0,0.0,0.0,0.0,0.0,0.0,0.0,0.0,0.0,0.0,0.0,0.0,0.0,0.0,0.0,0.0,0.0,0.0,0.0,0.0,0.0,0.0,0.0,0.0,0.0,0.0,0.0,0.0,0.0,0.0,0.0,0.0,0.0,0.0,0.0,0.0,0.0,0.0,0.0,0.0
hsa.mir.238,0.0,0.0,0.0,0.0,0.0,0.0,0.0,0.0,0.0,0.0,0.0,0.0,0.0,0.0,0.0,0.0,0.0,0.0,0.0,0.0,0.0,0.0,0.0,0.0,0.0,0.0,0.0,0.0,0.0,0.0,0.0,0.0,0.0,0.0,0.0,0.0,0.0,0.0,0.0,0.0,0.0,0.0,0.0,0.0,0.0,0.0,0.0,0.0,0.0,0.0,0.0,0.0,0.0,0.0,0.0,0.0,0.0,0.0,0.0,0.0,0.0,0.0,0.0,0.0,0.0,0.0,0.0,0.0,0.0,0.0,0.0,0.0,0.0,0.0,0.0,0.0,0.0,0.0,0.0,0.0,0.0,0.0,0.0,0.0,0.0,0.0,0.0,0.0,0.0,0.0,0.0,0.0,0.0,0.0,0.0,0.0,0.0,0.0,0.0,0.0,0.0,0.0,0.0,0.0,0.0,0.0,0.0,0.0,0.0,0.0,0.0,0.0,0.0,0.0,0.0,0.0,0.0,0.0,0.0,0.0,0.0,0.0,0.0,0.0,0.0,0.0,0.0,0.0,0.0,0.0,0.0,0.0,0.0,0.0,0.0,0.0,0.0,0.0,0.0,0.0,0.0,0.0,0.0,0.0,0.0,0.0,0.0,0.0,0.0,0.0,0.0,0.0,0.0,0.0,0.0,0.0,0.0,0.0,0.0,0.0,0.0,0.0,0.0,0.0,0.0,0.0,0.0,0.0,0.0,0.0,0.0,0.0,0.0,0.0,0.0,0.0,0.0,0.0,0.0,0.0,0.0,0.0,0.0,0.0,0.0,0.0,0.0,0.0,0.0,0.0,0.0,0.0,0.0,0.0,0.0,0.0,0.0,0.0,0.0,0.0,0.0,0.0,0.0,0.0,0.0,0.0,0.0,0.0,0.0,0.0,0.0,0.0,0.0,0.0,0.0,0.0,0.0,0.0,0.0,0.0,0.0,0.0,0.0,0.0,0.0,0.0,0.0,0.0,0.0,0.0,0.0,0.0,0.0,0.0,0.0,0.0,0.0,0.0,0.0,0.0,0.0,0.0,0.0,0.0,0.0,0.0,0.0,0.0,0.0,0.0,0.0,0.0,0.0,0.0,0.0,0.0,0.0,0.0,0.0,0.0,0.0,0.0,0.0,0.0,0.0,0.0,0.0,0.0,0.0,0.0,0.0,0.0,0.0,0.0,0.0,0.0,0.0,0.0,0.0,0.0,0.0,0.0,0.0,0.0
hsa.mir.110b,0.0,0.0,0.0,0.0,0.0,0.0,0.0,0.0,0.0,0.0,0.0,0.0,0.0,0.0,0.0,0.0,0.0,0.0,0.0,0.0,0.0,0.0,0.0,0.0,0.0,0.0,0.0,0.0,0.0,0.0,0.0,0.0,0.0,0.0,0.0,0.0,0.0,0.0,0.0,0.0,0.0,0.0,0.0,0.0,0.0,0.0,0.0,0.0,0.0,0.0,0.0,0.0,0.0,0.0,0.0,0.0,0.0,0.0,0.0,0.0,0.0,0.0,0.0,0.0,0.0,0.0,0.0,0.0,0.0,0.0,0.0,0.0,0.0,0.0,0.0,0.0,0.0,0.0,0.0,0.0,0.0,0.0,0.0,0.0,0.0,0.0,0.0,0.0,0.0,0.0,0.0,0.0,0.0,0.0,0.0,0.0,0.0,0.0,0.0,0.0,0.0,0.0,0.0,0.0,0.0,0.0,0.0,0.0,0.0,0.0,0.0,0.0,0.0,0.0,0.0,0.0,0.0,0.0,0.0,0.0,0.0,0.0,0.0,0.0,0.0,0.0,0.0,0.0,0.0,0.0,0.0,0.0,0.0,0.0,0.0,0.0,0.0,0.0,0.0,0.0,0.0,0.0,0.0,0.0,0.0,0.0,0.0,0.0,0.0,0.0,0.0,0.0,0.0,0.0,0.0,0.0,0.0,0.0,0.0,0.0,0.0,0.0,0.0,0.0,0.0,0.0,0.0,0.0,0.0,0.0,0.0,0.0,0.0,0.0,0.0,0.0,0.0,0.0,0.0,0.0,0.0,0.0,0.0,0.0,0.0,0.0,0.0,0.0,0.0,0.0,0.0,0.0,0.0,0.0,0.0,0.0,0.0,0.0,0.0,0.0,0.0,0.0,0.0,0.0,0.0,0.0,0.0,0.0,0.0,0.0,0.0,0.0,0.0,0.0,0.0,0.0,0.0,0.0,0.0,0.0,0.0,0.0,0.0,0.0,0.0,0.0,0.0,0.0,0.0,0.0,0.0,0.0,0.0,0.0,0.0,0.0,0.0,0.0,0.0,0.0,0.0,0.0,0.0,0.0,0.0,0.0,0.0,0.0,0.0,0.0,0.0,0.0,0.0,0.0,0.0,0.0,0.0,0.0,0.0,0.0,0.0,0.0,0.0,0.0,0.0,0.0,0.0,0.0,0.0,0.0,0.0,0.0,0.0,0.0,0.0,0.0,0.0,0.0,0.0,0.0,0.0,0.0,0.0,0.0
hsa.mir.362,-0.971559743,0.142322844,0.847235912,-0.418094253,0.060072777,0.848869366,-0.947427385,1.241658624,1.715941344,0.00573777,1.565829091,-0.923674977,-0.774752043,-1.03095403,0.26641869,-1.786877769,0.171217175,0.850888662,0.126073118,-0.321977126,1.632691294,-1.305304297,-0.173767069,0.889421005,1.395519379,0.407907817,-0.764653937,-0.251744961,-1.30546972,1.402056633,-0.392664717,0.523818806,0.123842286,0.291577587,-1.611809822,-1.402013706,-2.010713269,-1.478224183,0.243283761,2.636577347,0.42254405,0.655795481,-1.160988717,-0.113201536,0.735770885,-1.811834721,1.368149153,-1.106350575,-1.187201952,-0.188346687,0.345621175,1.567081529,-0.390484578,-1.127745461,-0.031292975,-1.80407907,-0.204210363,0.052028063,-2.262681529,1.374211431,-0.591381803,-0.608579658,-0.364929584,-0.261295779,0.199095324,-0.745594797,-0.776806525,2.015164436,-0.213887786,1.646089553,-1.471439532,-1.023732947,0.280849104,-0.226203855,-0.592399433,0.148105474,-0.56030149,-0.791103744,-0.310928624,-0.34841221,-0.885039493,-1.43253178,0.283220316,-0.177498843,0.329943426,-0.853892311,0.567697076,-2.022862483,0.365712188,-0.993870724,0.174122428,0.835965976,-0.453953782,-0.645644618,0.371159728,-0.417155267,0.698618936,1.00481983,0.207658966,0.828369694,1.374497061,-0.059852389,-1.540905866,2.817937369,-0.712193498,-0.365187554,-0.26112518,-0.266000377,-1.468644006,0.905305708,0.479950714,1.06799238,-0.937595698,-0.72720296,1.496259889,2.019212714,-0.338854742,-1.290879706,2.895003168,0.417640854,0.174525252,-0.659498851,-0.106523275,-1.073165261,0.63161423,-0.045129797,-0.505931006,-2.175280857,-1.988096495,-0.743728404,0.030593483,-1.537258791,-1.257790794,0.655830187,-1.160080431,-1.497544226,-1.704634567,0.107230132,0.161908206,0.29005885,-0.156466332,-0.479697792,0.955046966,0.461026255,-0.235621738,-0.66685677,0.093047599,0.041170637,0.297434961,-0.916896038,1.224695788,-0.139205476,-1.15545695,1.218597327,-0.375148866,-0.028901238,0.084100026,1.828530635,1.147421435,0.689641842,0.439364714,-1.222531653,0.717671514,-0.400986707,-0.419164716,-0.180260253,1.075097318,1.387137072,-0.436304231,0.35901212,0.390382746,-1.160144464,0.408617968,1.450847202,-0.520098154,-0.842291789,0.511187958,-0.628974713,0.527733348,0.474152995,0.412911123,-0.007296743,-1.174890973,2.728340536,1.002316455,-1.051785321,-1.641018468,-1.839369519,-0.341167375,0.382744591,-0.974356353,-1.247935899,-0.07242669,1.894205288,-0.355806894,0.844381979,-1.246394589,0.219271001,-0.592530084,2.933764148,-0.654670014,-0.795844679,0.20312474,-0.561011636,-0.811569632,-0.186536575,-1.640468503,0.108583079,0.813874091,0.03852946,-0.210180689,-0.086151841,-0.939887095,-1.212916257,0.568497021,-1.366146925,-0.460675165,-0.755882268,-0.10284304,0.388640944,0.623696924,0.298140367,-0.09013472,0.549902038,-0.840623104,1.21617765,0.903301264,0.651908473,-0.369980696,-0.336097751,1.702389815,-1.405765579,-1.056870269,1.53306331,-0.842381645,1.169449682,1.063066111,0.063010508,-1.803094492,-1.489081554,-0.331915476,-0.205385514,-0.919249164,0.019012561,-3.000197563,0.368358878,0.267200682,0.699382009,-0.092992772,0.032121667,-1.201013174,1.742296234,0.748093387,0.129411643,1.356637802,0.872151083,1.432880883,0.916784062,-0.783558833,1.925668008,-1.015115742,-0.818923982,1.04774715,-0.639163479,0.148540775,-0.558130324,-1.247062696,-1.425436762,-0.972261141,1.674733957,0.56029248,-0.611825402,2.384892197,-0.472863236,0.565974838,1.968995889,1.222515192,-0.915676031,-0.552001991,-0.455070719,0.094131643,-0.161688094,-0.563480871,0.286998529
hsa.mir.362.1,0.0,0.0,0.0,0.0,0.0,0.0,0.0,0.0,0.0,0.0,0.0,0.0,0.0,0.0,0.0,0.0,0.0,0.0,0.0,0.0,0.0,0.0,0.0,0.0,0.0,0.0,0.0,0.0,0.0,0.0,0.0,0.0,0.0,0.0,0.0,0.0,0.0,0.0,0.0,0.0,0.0,0.0,0.0,0.0,0.0,0.0,0.0,0.0,0.0,0.0,0.0,0.0,0.0,0.0,0.0,0.0,0.0,0.0,0.0,0.0,0.0,0.0,0.0,0.0,0.0,0.0,0.0,0.0,0.0,0.0,0.0,0.0,0.0,0.0,0.0,0.0,0.0,0.0,0.0,0.0,0.0,0.0,0.0,0.0,0.0,0.0,0.0,0.0,0.0,0.0,0.0,0.0,0.0,0.0,0.0,0.0,0.0,0.0,0.0,0.0,0.0,0.0,0.0,0.0,0.0,0.0,0.0,0.0,0.0,0.0,0.0,0.0,0.0,0.0,0.0,0.0,0.0,0.0,0.0,0.0,0.0,0.0,0.0,0.0,0.0,0.0,0.0,0.0,0.0,0.0,0.0,0.0,0.0,0.0,0.0,0.0,0.0,0.0,0.0,0.0,0.0,0.0,0.0,0.0,0.0,0.0,0.0,0.0,0.0,0.0,0.0,0.0,0.0,0.0,0.0,0.0,0.0,0.0,0.0,0.0,0.0,0.0,0.0,0.0,0.0,0.0,0.0,0.0,0.0,0.0,0.0,0.0,0.0,0.0,0.0,0.0,0.0,0.0,0.0,0.0,0.0,0.0,0.0,0.0,0.0,0.0,0.0,0.0,0.0,0.0,0.0,0.0,0.0,0.0,0.0,0.0,0.0,0.0,0.0,0.0,0.0,0.0,0.0,0.0,0.0,0.0,0.0,0.0,0.0,0.0,0.0,0.0,0.0,0.0,0.0,0.0,0.0,0.0,0.0,0.0,0.0,0.0,0.0,0.0,0.0,0.0,0.0,0.0,0.0,0.0,0.0,0.0,0.0,0.0,0.0,0.0,0.0,0.0,0.0,0.0,0.0,0.0,0.0,0.0,0.0,0.0,0.0,0.0,0.0,0.0,0.0,0.0,0.0,0.0,0.0,0.0,0.0,0.0,0.0,0.0,0.0,0.0,0.0,0.0,0.0,0.0,0.0,0.0,0.0,0.0,0.0,0.0,0.0,0.0,0.0,0.0,0.0,0.0,0.0,0.0,0.0,0.0,0.0,0.0
hsa.mir.136,0.013664058,0.035512379,-0.426847464,1.285590287,1.743855684,0.190254272,2.39955708,0.385388748,0.468255896,-0.401889563,0.697391804,-1.425439218,0.379749705,-0.627260352,0.607177706,0.265544737,1.134373527,1.038068371,-1.283805305,-1.12941065,0.130624789,-1.062207129,0.25595461,0.003258229,1.214550845,0.45192944,0.82479178,-1.607755514,-2.201174541,0.680497261,1.786592907,0.75736232,-0.086398653,-0.254524686,-1.829006692,-1.459957773,-0.155710424,-0.935586989,0.352716211,0.851419293,-0.119155195,-0.227471618,-0.040645001,-0.055510873,-1.310406855,-0.281486591,-3.104159962,0.730984458,1.481258054,0.723419119,-1.603347372,-2.753153461,0.196815672,-0.34961234,0.493721764,-0.052123826,0.681861268,1.616309679,0.00661302,-0.108195205,2.733479702,-0.750636298,0.212468354,1.372683323,0.170411572,1.256015953,-0.086026123,-1.925946532,-0.3322673,-1.299434636,-2.526678947,-0.176992879,-2.414999959,0.591935628,-0.241710565,0.102110194,-2.423757753,1.39694482,0.867230223,-1.251660519,-1.250369533,1.063075268,-2.499936503,0.248035473,-0.060050576,1.285485099,0.980926791,-1.192008519,-1.7230161,0.711653489,-0.196563171,0.078093674,1.284768316,-1.238555729,-0.134249884,0.990526077,-0.5460146,0.954657844,-0.301590584,-1.322267418,-0.426554888,-0.348201275,-1.231373224,0.881938852,-0.801899464,0.753894952,-0.059853057,-0.924403081,-1.41753775,0.071781336,-0.02763231,-1.331739611,-0.748471265,-0.659060139,0.327232071,-1.473656938,0.642719614,-1.335348119,0.676712924,-0.745143732,-0.126422787,-0.657051808,-0.961355502,0.574802315,1.127710643,-0.422962748,0.465281335,-0.828678125,1.148015483,-0.118420343,-0.185869052,-0.731635593,0.451423399,-0.27426064,0.679737649,-0.03393721,-0.689171316,-0.015836602,-2.279619577,0.516041857,0.673578891,1.157246801,0.220172093,-1.989652972,-0.461829889,0.621426043,0.4727739,-1.379827669,-0.390027581,-0.81127943,0.840286202,-0.565289013,-0.791881895,-0.728983649,-0.289768121,-0.832430992,-0.216075823,0.001552889,0.766984437,0.667691644,-0.185221324,-0.00037375,-1.160529595,0.879308765,1.97257216,-1.69850567,-1.405262255,-1.949423768,-1.226639615,-1.657125788,0.700246221,-0.881297489,-0.152234652,1.108249359,-0.020247429,-2.192659213,-0.538898419,0.090727201,-0.391072123,0.487022856,0.41608892,-0.189258101,0.658063057,1.340758653,-0.306157693,0.056423712,0.176537618,-0.976253351,-1.08026235,0.497784163,-1.267266941,-0.664211545,0.623436722,0.487941054,-0.549694473,-0.137246226,0.903015897,1.939747369,0.997200594,0.457226657,0.86897746,0.295569384,1.125186405,1.308087594,0.94497351,-3.475748206,-1.149447825,0.182576765,-0.513122472,1.055913566,-1.701159563,0.826542717,0.649962571,1.367062055,0.885072225,0.233798167,0.33163112,-0.417845714,-1.191793807,0.372386271,-0.112163966,0.128502791,-0.453002325,0.183337476,-1.191313134,0.368504228,-0.766985996,-1.052895599,0.047880897,0.0880171,-1.531848532,1.48406188,0.757505755,-0.573191666,-0.438611225,-0.448224675,-0.103715716,-0.195943738,-0.981422318,-0.317050542,-0.235007181,-1.338693231,-1.037063607,0.552244068,-2.58305205,-1.014958384,-0.461657783,-0.181500269,-0.392142329,-0.275216037,-1.283588529,-1.450866025,-1.100681529,-0.716117617,0.127649697,0.016623331,-0.396551979,0.674347652,-0.622552896,-0.569335825,-0.770477945,0.031388943,1.273199621,0.639966137,0.909877868,0.458244014,0.731617061,0.148933436,0.855313989,0.319627964,0.067001424,-2.422975458,-0.787888129,-0.195579215,-0.810843257,0.228459964,-1.187929549,1.069508213,-0.060785492,-0.095948754,-0.374214632,0.621376017,-1.551093184,0.528360029
hsa.mir.136.1,0.0,0.0,0.0,0.0,0.0,0.0,0.0,0.0,0.0,0.0,0.0,0.0,0.0,0.0,0.0,0.0,0.0,0.0,0.0,0.0,0.0,0.0,0.0,0.0,0.0,0.0,0.0,0.0,0.0,0.0,0.0,0.0,0.0,0.0,0.0,0.0,0.0,0.0,0.0,0.0,0.0,0.0,0.0,0.0,0.0,0.0,0.0,0.0,0.0,0.0,0.0,0.0,0.0,0.0,0.0,0.0,0.0,0.0,0.0,0.0,0.0,0.0,0.0,0.0,0.0,0.0,0.0,0.0,0.0,0.0,0.0,0.0,0.0,0.0,0.0,0.0,0.0,0.0,0.0,0.0,0.0,0.0,0.0,0.0,0.0,0.0,0.0,0.0,0.0,0.0,0.0,0.0,0.0,0.0,0.0,0.0,0.0,0.0,0.0,0.0,0.0,0.0,0.0,0.0,0.0,0.0,0.0,0.0,0.0,0.0,0.0,0.0,0.0,0.0,0.0,0.0,0.0,0.0,0.0,0.0,0.0,0.0,0.0,0.0,0.0,0.0,0.0,0.0,0.0,0.0,0.0,0.0,0.0,0.0,0.0,0.0,0.0,0.0,0.0,0.0,0.0,0.0,0.0,0.0,0.0,0.0,0.0,0.0,0.0,0.0,0.0,0.0,0.0,0.0,0.0,0.0,0.0,0.0,0.0,0.0,0.0,0.0,0.0,0.0,0.0,0.0,0.0,0.0,0.0,0.0,0.0,0.0,0.0,0.0,0.0,0.0,0.0,0.0,0.0,0.0,0.0,0.0,0.0,0.0,0.0,0.0,0.0,0.0,0.0,0.0,0.0,0.0,0.0,0.0,0.0,0.0,0.0,0.0,0.0,0.0,0.0,0.0,0.0,0.0,0.0,0.0,0.0,0.0,0.0,0.0,0.0,0.0,0.0,0.0,0.0,0.0,0.0,0.0,0.0,0.0,0.0,0.0,0.0,0.0,0.0,0.0,0.0,0.0,0.0,0.0,0.0,0.0,0.0,0.0,0.0,0.0,0.0,0.0,0.0,0.0,0.0,0.0,0.0,0.0,0.0,0.0,0.0,0.0,0.0,0.0,0.0,0.0,0.0,0.0,0.0,0.0,0.0,0.0,0.0,0.0,0.0,0.0,0.0,0.0,0.0,0.0,0.0,0.0,0.0,0.0,0.0,0.0,0.0,0.0,0.0,0.0,0.0,0.0,0.0,0.0,0.0,0.0,0.0,0.0
hsa.mir.153a,0.0,0.0,0.0,0.0,0.0,0.0,0.0,0.0,0.0,0.0,0.0,0.0,0.0,0.0,0.0,0.0,0.0,0.0,0.0,0.0,0.0,0.0,0.0,0.0,0.0,0.0,0.0,0.0,0.0,0.0,0.0,0.0,0.0,0.0,0.0,0.0,0.0,0.0,0.0,0.0,0.0,0.0,0.0,0.0,0.0,0.0,0.0,0.0,0.0,0.0,0.0,0.0,0.0,0.0,0.0,0.0,0.0,0.0,0.0,0.0,0.0,0.0,0.0,0.0,0.0,0.0,0.0,0.0,0.0,0.0,0.0,0.0,0.0,0.0,0.0,0.0,0.0,0.0,0.0,0.0,0.0,0.0,0.0,0.0,0.0,0.0,0.0,0.0,0.0,0.0,0.0,0.0,0.0,0.0,0.0,0.0,0.0,0.0,0.0,0.0,0.0,0.0,0.0,0.0,0.0,0.0,0.0,0.0,0.0,0.0,0.0,0.0,0.0,0.0,0.0,0.0,0.0,0.0,0.0,0.0,0.0,0.0,0.0,0.0,0.0,0.0,0.0,0.0,0.0,0.0,0.0,0.0,0.0,0.0,0.0,0.0,0.0,0.0,0.0,0.0,0.0,0.0,0.0,0.0,0.0,0.0,0.0,0.0,0.0,0.0,0.0,0.0,0.0,0.0,0.0,0.0,0.0,0.0,0.0,0.0,0.0,0.0,0.0,0.0,0.0,0.0,0.0,0.0,0.0,0.0,0.0,0.0,0.0,0.0,0.0,0.0,0.0,0.0,0.0,0.0,0.0,0.0,0.0,0.0,0.0,0.0,0.0,0.0,0.0,0.0,0.0,0.0,0.0,0.0,0.0,0.0,0.0,0.0,0.0,0.0,0.0,0.0,0.0,0.0,0.0,0.0,0.0,0.0,0.0,0.0,0.0,0.0,0.0,0.0,0.0,0.0,0.0,0.0,0.0,0.0,0.0,0.0,0.0,0.0,0.0,0.0,0.0,0.0,0.0,0.0,0.0,0.0,0.0,0.0,0.0,0.0,0.0,0.0,0.0,0.0,0.0,0.0,0.0,0.0,0.0,0.0,0.0,0.0,0.0,0.0,0.0,0.0,0.0,0.0,0.0,0.0,0.0,0.0,0.0,0.0,0.0,0.0,0.0,0.0,0.0,0.0,0.0,0.0,0.0,0.0,0.0,0.0,0.0,0.0,0.0,0.0,0.0,0.0,0.0,0.0,0.0,0.0,0.0,0.0
hsa.mir.107,-1.044746396,0.956387549,-0.975439643,-3.02482638,-0.451469894,-0.462993383,-0.311839303,-2.606610671,0.124514736,0.459203162,-0.093435794,-0.113277049,-0.863131634,0.278464951,0.834155224,-0.456673465,-0.83212447,0.732697683,0.848963404,-0.060377898,1.22820421,0.229054241,0.138266575,-0.193642798,0.242248474,-0.700017775,1.213782844,0.238329111,0.021400704,-0.385584959,0.654894399,0.336538594,-0.09483898,-0.305421032,0.171329242,0.450779096,0.722653462,0.437751151,0.462435402,0.532217014,0.819352233,-0.892517021,0.812909881,1.537975868,-0.815564754,-0.412955823,1.047700853,-0.43220321,-0.445422835,-0.440946664,1.272824845,0.924857906,0.180594462,1.22948645,0.311058512,-1.636558762,-0.464995278,-0.376351169,0.061272389,-0.016490645,-0.772898991,-1.878775115,0.675445386,-0.5997241,-0.931851849,0.395863676,-1.042427525,1.281208376,-2.209880561,0.279352439,-1.005828999,-0.011149239,1.448762079,0.103091975,-0.521080465,-1.096788667,0.248108417,-2.670933446,0.469631035,0.214536782,0.003637802,0.272493426,-0.303101048,0.032028742,0.359320269,-0.368779354,0.018300465,-1.675939523,0.134428052,0.038791248,-2.509360851,-1.793963833,0.606334209,0.526353352,-2.528366976,0.081169595,0.96406075,-1.600859641,0.3942027,-0.590566645,0.712898461,-0.557404567,0.266295782,-0.385131925,0.081437774,0.403672256,0.721692864,-1.248360923,-1.013449824,-1.522625015,-0.594239822,0.533776667,0.203398999,0.992088864,-0.000508102,0.028810035,1.157784146,-1.132394866,-1.812539386,1.198254128,-0.006798732,1.626869008,0.415310886,0.128097682,-0.77689551,0.651033454,1.125311757,0.357141927,0.539692382,0.687805055,0.78208316,1.256528401,-0.044334647,1.520192537,0.120314763,1.714023503,1.021434288,0.419092434,0.497841689,0.434520747,-0.381728006,0.969576848,-0.3128343,0.701926698,0.966145113,0.998500116,-0.235034011,0.111130876,1.158708447,-0.401314868,-0.425422337,-0.283191123,0.684480902,-0.380147312,0.040810141,0.653198425,0.247130223,-0.465586492,0.818256843,0.79910197,-0.545139244,1.244885611,1.318560068,0.806947499,0.26399028,0.002200688,0.303676516,1.962612223,1.204972198,1.110345136,0.956477613,1.451307406,0.403936784,0.356269007,0.592566591,-0.834375069,0.264443597,1.089517445,0.423567146,0.610772463,-0.083868116,0.615882508,1.173503744,0.129890787,-0.301639903,0.565031898,0.839908911,-0.065327807,-1.5267417,0.1125964,0.362657389,0.271076869,0.70513087,0.686682263,0.264085171,-2.910091876,0.410367585,-1.71800687,-0.291587155,-0.678619075,-0.149878092,1.381332326,-0.504354188,0.216320168,0.479546624,1.203617443,1.93268106,1.069633361,-0.379569143,0.677447611,0.8995995,-0.557867492,0.488597537,-0.077862801,-2.63730015,-0.168982935,-0.497673648,0.33750433,0.31394134,0.115552307,0.843564097,0.153617015,-0.601656598,0.851532143,0.647986086,-2.605898386,1.023819521,-1.010882106,1.345928677,0.32637475,1.1245533,-1.067470529,0.223026548,0.792227207,0.596545115,0.345387907,-0.414446008,-0.660080071,0.405958324,-1.658040038,0.502808445,0.053000837,-2.775316456,0.322394377,-2.186869615,2.868535549,0.685519824,-0.30673718,0.029102812,-2.693665478,1.194992223,1.695337903,0.822353135,-2.907602801,-1.742641694,-2.022966708,-1.467052974,0.855164646,0.794312846,-0.073784634,-0.180913169,-0.157166697,0.45298481,-2.118211423,-1.152225687,0.005477818,-0.830381697,-3.323857576,0.440533279,-0.111918726,0.087521472,1.28896324,1.731747004,0.743242269,0.919706977,-0.027514343,0.731319247,-0.114853322,0.584150341,0.196380384,0.847890133,0.184977163,2.621196031,-0.29608713
hsa.mir.627,0.0,0.0,0.0,0.0,0.0,0.0,0.0,0.0,0.0,0.0,0.0,0.0,0.0,0.0,0.0,0.0,0.0,0.0,0.0,0.0,0.0,0.0,0.0,0.0,0.0,0.0,0.0,0.0,0.0,0.0,0.0,0.0,0.0,0.0,0.0,0.0,0.0,0.0,0.0,0.0,0.0,0.0,0.0,0.0,0.0,0.0,0.0,0.0,0.0,0.0,0.0,0.0,0.0,0.0,0.0,0.0,0.0,0.0,0.0,0.0,0.0,0.0,0.0,0.0,0.0,0.0,0.0,0.0,0.0,0.0,0.0,0.0,0.0,0.0,0.0,0.0,0.0,0.0,0.0,0.0,0.0,0.0,0.0,0.0,0.0,0.0,0.0,0.0,0.0,0.0,0.0,0.0,0.0,0.0,0.0,0.0,0.0,0.0,0.0,0.0,0.0,0.0,0.0,0.0,0.0,0.0,0.0,0.0,0.0,0.0,0.0,0.0,0.0,0.0,0.0,0.0,0.0,0.0,0.0,0.0,0.0,0.0,0.0,0.0,0.0,0.0,0.0,0.0,0.0,0.0,0.0,0.0,0.0,0.0,0.0,0.0,0.0,0.0,0.0,0.0,0.0,0.0,0.0,0.0,0.0,0.0,0.0,0.0,0.0,0.0,0.0,0.0,0.0,0.0,0.0,0.0,0.0,0.0,0.0,0.0,0.0,0.0,0.0,0.0,0.0,0.0,0.0,0.0,0.0,0.0,0.0,0.0,0.0,0.0,0.0,0.0,0.0,0.0,0.0,0.0,0.0,0.0,0.0,0.0,0.0,0.0,0.0,0.0,0.0,0.0,0.0,0.0,0.0,0.0,0.0,0.0,0.0,0.0,0.0,0.0,0.0,0.0,0.0,0.0,0.0,0.0,0.0,0.0,0.0,0.0,0.0,0.0,0.0,0.0,0.0,0.0,0.0,0.0,0.0,0.0,0.0,0.0,0.0,0.0,0.0,0.0,0.0,0.0,0.0,0.0,0.0,0.0,0.0,0.0,0.0,0.0,0.0,0.0,0.0,0.0,0.0,0.0,0.0,0.0,0.0,0.0,0.0,0.0,0.0,0.0,0.0,0.0,0.0,0.0,0.0,0.0,0.0,0.0,0.0,0.0,0.0,0.0,0.0,0.0,0.0,0.0,0.0,0.0,0.0,0.0,0.0,0.0,0.0,0.0,0.0,0.0,0.0,0.0,0.0,0.0,0.0,0.0,0.0,0.0
hsa.mir.246,0.0,0.0,0.0,0.0,0.0,0.0,0.0,0.0,0.0,0.0,0.0,0.0,0.0,0.0,0.0,0.0,0.0,0.0,0.0,0.0,0.0,0.0,0.0,0.0,0.0,0.0,0.0,0.0,0.0,0.0,0.0,0.0,0.0,0.0,0.0,0.0,0.0,0.0,0.0,0.0,0.0,0.0,0.0,0.0,0.0,0.0,0.0,0.0,0.0,0.0,0.0,0.0,0.0,0.0,0.0,0.0,0.0,0.0,0.0,0.0,0.0,0.0,0.0,0.0,0.0,0.0,0.0,0.0,0.0,0.0,0.0,0.0,0.0,0.0,0.0,0.0,0.0,0.0,0.0,0.0,0.0,0.0,0.0,0.0,0.0,0.0,0.0,0.0,0.0,0.0,0.0,0.0,0.0,0.0,0.0,0.0,0.0,0.0,0.0,0.0,0.0,0.0,0.0,0.0,0.0,0.0,0.0,0.0,0.0,0.0,0.0,0.0,0.0,0.0,0.0,0.0,0.0,0.0,0.0,0.0,0.0,0.0,0.0,0.0,0.0,0.0,0.0,0.0,0.0,0.0,0.0,0.0,0.0,0.0,0.0,0.0,0.0,0.0,0.0,0.0,0.0,0.0,0.0,0.0,0.0,0.0,0.0,0.0,0.0,0.0,0.0,0.0,0.0,0.0,0.0,0.0,0.0,0.0,0.0,0.0,0.0,0.0,0.0,0.0,0.0,0.0,0.0,0.0,0.0,0.0,0.0,0.0,0.0,0.0,0.0,0.0,0.0,0.0,0.0,0.0,0.0,0.0,0.0,0.0,0.0,0.0,0.0,0.0,0.0,0.0,0.0,0.0,0.0,0.0,0.0,0.0,0.0,0.0,0.0,0.0,0.0,0.0,0.0,0.0,0.0,0.0,0.0,0.0,0.0,0.0,0.0,0.0,0.0,0.0,0.0,0.0,0.0,0.0,0.0,0.0,0.0,0.0,0.0,0.0,0.0,0.0,0.0,0.0,0.0,0.0,0.0,0.0,0.0,0.0,0.0,0.0,0.0,0.0,0.0,0.0,0.0,0.0,0.0,0.0,0.0,0.0,0.0,0.0,0.0,0.0,0.0,0.0,0.0,0.0,0.0,0.0,0.0,0.0,0.0,0.0,0.0,0.0,0.0,0.0,0.0,0.0,0.0,0.0,0.0,0.0,0.0,0.0,0.0,0.0,0.0,0.0,0.0,0.0,0.0,0.0,0.0,0.0,0.0,0.0
hsa.mir.154b,0.0,0.0,0.0,0.0,0.0,0.0,0.0,0.0,0.0,0.0,0.0,0.0,0.0,0.0,0.0,0.0,0.0,0.0,0.0,0.0,0.0,0.0,0.0,0.0,0.0,0.0,0.0,0.0,0.0,0.0,0.0,0.0,0.0,0.0,0.0,0.0,0.0,0.0,0.0,0.0,0.0,0.0,0.0,0.0,0.0,0.0,0.0,0.0,0.0,0.0,0.0,0.0,0.0,0.0,0.0,0.0,0.0,0.0,0.0,0.0,0.0,0.0,0.0,0.0,0.0,0.0,0.0,0.0,0.0,0.0,0.0,0.0,0.0,0.0,0.0,0.0,0.0,0.0,0.0,0.0,0.0,0.0,0.0,0.0,0.0,0.0,0.0,0.0,0.0,0.0,0.0,0.0,0.0,0.0,0.0,0.0,0.0,0.0,0.0,0.0,0.0,0.0,0.0,0.0,0.0,0.0,0.0,0.0,0.0,0.0,0.0,0.0,0.0,0.0,0.0,0.0,0.0,0.0,0.0,0.0,0.0,0.0,0.0,0.0,0.0,0.0,0.0,0.0,0.0,0.0,0.0,0.0,0.0,0.0,0.0,0.0,0.0,0.0,0.0,0.0,0.0,0.0,0.0,0.0,0.0,0.0,0.0,0.0,0.0,0.0,0.0,0.0,0.0,0.0,0.0,0.0,0.0,0.0,0.0,0.0,0.0,0.0,0.0,0.0,0.0,0.0,0.0,0.0,0.0,0.0,0.0,0.0,0.0,0.0,0.0,0.0,0.0,0.0,0.0,0.0,0.0,0.0,0.0,0.0,0.0,0.0,0.0,0.0,0.0,0.0,0.0,0.0,0.0,0.0,0.0,0.0,0.0,0.0,0.0,0.0,0.0,0.0,0.0,0.0,0.0,0.0,0.0,0.0,0.0,0.0,0.0,0.0,0.0,0.0,0.0,0.0,0.0,0.0,0.0,0.0,0.0,0.0,0.0,0.0,0.0,0.0,0.0,0.0,0.0,0.0,0.0,0.0,0.0,0.0,0.0,0.0,0.0,0.0,0.0,0.0,0.0,0.0,0.0,0.0,0.0,0.0,0.0,0.0,0.0,0.0,0.0,0.0,0.0,0.0,0.0,0.0,0.0,0.0,0.0,0.0,0.0,0.0,0.0,0.0,0.0,0.0,0.0,0.0,0.0,0.0,0.0,0.0,0.0,0.0,0.0,0.0,0.0,0.0,0.0,0.0,0.0,0.0,0.0,0.0
hsa.mir.629,0.0,0.0,0.0,0.0,0.0,0.0,0.0,0.0,0.0,0.0,0.0,0.0,0.0,0.0,0.0,0.0,0.0,0.0,0.0,0.0,0.0,0.0,0.0,0.0,0.0,0.0,0.0,0.0,0.0,0.0,0.0,0.0,0.0,0.0,0.0,0.0,0.0,0.0,0.0,0.0,0.0,0.0,0.0,0.0,0.0,0.0,0.0,0.0,0.0,0.0,0.0,0.0,0.0,0.0,0.0,0.0,0.0,0.0,0.0,0.0,0.0,0.0,0.0,0.0,0.0,0.0,0.0,0.0,0.0,0.0,0.0,0.0,0.0,0.0,0.0,0.0,0.0,0.0,0.0,0.0,0.0,0.0,0.0,0.0,0.0,0.0,0.0,0.0,0.0,0.0,0.0,0.0,0.0,0.0,0.0,0.0,0.0,0.0,0.0,0.0,0.0,0.0,0.0,0.0,0.0,0.0,0.0,0.0,0.0,0.0,0.0,0.0,0.0,0.0,0.0,0.0,0.0,0.0,0.0,0.0,0.0,0.0,0.0,0.0,0.0,0.0,0.0,0.0,0.0,0.0,0.0,0.0,0.0,0.0,0.0,0.0,0.0,0.0,0.0,0.0,0.0,0.0,0.0,0.0,0.0,0.0,0.0,0.0,0.0,0.0,0.0,0.0,0.0,0.0,0.0,0.0,0.0,0.0,0.0,0.0,0.0,0.0,0.0,0.0,0.0,0.0,0.0,0.0,0.0,0.0,0.0,0.0,0.0,0.0,0.0,0.0,0.0,0.0,0.0,0.0,0.0,0.0,0.0,0.0,0.0,0.0,0.0,0.0,0.0,0.0,0.0,0.0,0.0,0.0,0.0,0.0,0.0,0.0,0.0,0.0,0.0,0.0,0.0,0.0,0.0,0.0,0.0,0.0,0.0,0.0,0.0,0.0,0.0,0.0,0.0,0.0,0.0,0.0,0.0,0.0,0.0,0.0,0.0,0.0,0.0,0.0,0.0,0.0,0.0,0.0,0.0,0.0,0.0,0.0,0.0,0.0,0.0,0.0,0.0,0.0,0.0,0.0,0.0,0.0,0.0,0.0,0.0,0.0,0.0,0.0,0.0,0.0,0.0,0.0,0.0,0.0,0.0,0.0,0.0,0.0,0.0,0.0,0.0,0.0,0.0,0.0,0.0,0.0,0.0,0.0,0.0,0.0,0.0,0.0,0.0,0.0,0.0,0.0,0.0,0.0,0.0,0.0,0.0,0.0
hsa.mir.432,0.000173077,1.309249467,1.425765099,1.125554925,-0.975636646,1.22882906,0.434672416,1.258664072,0.143400642,-0.584798537,0.18791829,-0.905166253,-0.868318055,1.512682691,0.860374782,-0.563628492,-0.594117314,1.172306722,1.803184601,0.617057082,0.833777775,-0.71370065,1.564844305,0.983336853,-0.153774047,1.617052117,-0.911943045,-0.476943961,-0.457625743,1.401421797,-0.479179464,1.795166354,-0.213850228,-0.578552213,-1.608988588,-0.542101652,-1.428310791,-0.760583869,-0.211287469,-0.053233692,-0.645311751,0.133475357,-0.86784803,-1.249470815,-1.658405564,-1.156371945,-0.186563669,-0.83201891,-0.711308671,1.49791995,-0.475844003,-0.704718496,-0.479037603,-0.591558,1.758299135,-0.662226628,1.415114175,-0.060605536,0.591001547,-0.055405531,-0.041370038,1.673101151,1.946759125,-0.705633383,-0.868943193,0.065305143,-1.17406483,1.52144614,1.451985411,1.74476167,-1.017446582,-0.730527013,1.143984359,0.234452855,1.216777663,-0.699844241,-0.758018994,-0.19534247,-0.310729148,-0.966307317,-0.784204563,-0.871477274,-0.477202104,1.787635974,-0.600147545,-1.292472465,0.345349678,-1.90140451,-1.582540888,-0.983338122,0.771665445,-1.089568105,-0.440536907,-1.147637812,0.697047403,0.036050057,-0.814455781,0.666444928,0.145366764,1.735502309,-0.284623679,-0.75856491,-0.564806376,1.049365258,-0.297943707,0.494187208,1.449191902,-0.770555701,-0.169039595,1.972085102,-0.954193388,1.44707279,-0.397065487,-0.478713351,0.103296224,-1.011841809,-0.559478169,1.630155348,-0.952398105,1.877850996,-0.903743117,-0.662601033,2.005010978,-1.109064172,-0.063997617,1.791882554,1.182637073,2.37072335,-1.141540916,-0.61471248,0.288395501,-0.438026536,-0.94517449,-0.424000658,-0.137638145,-0.962053546,-0.96453932,1.639736853,-0.442746696,-0.01792372,0.441410943,-0.491073124,1.027269004,-0.221547892,1.32516311,-0.380593761,-0.452233924,-0.745661511,1.434131171,0.375974768,1.300971956,-0.525297898,-1.438256563,1.325643894,-1.283397674,0.879983899,-0.70664344,1.513110463,1.766862069,0.643747508,0.431252324,1.032098782,-1.070817388,1.450069295,0.473590771,-0.572186094,1.292856073,0.45978496,0.643316078,-0.670295109,-0.518436476,-0.870256774,-0.937999901,1.429127916,-1.559642569,0.704846124,-0.920003834,-1.158440095,0.271098129,-0.391363603,-0.454054109,0.873625727,-0.759339834,1.84369669,-0.366008675,-0.968209722,-0.043525579,-0.679969178,-0.554894033,0.041824657,-0.673661782,-0.787288502,-1.370939716,1.135517886,1.323099541,1.544595389,-0.41028408,-0.475755058,0.639964031,1.113935353,1.687783671,0.35086536,-0.620369575,-0.544620638,-0.758798691,-0.400527553,-1.290621817,-0.35361211,-0.694652483,-0.814740163,-1.148055533,-0.103285685,-0.885972987,-0.155454137,0.204009549,-0.785180338,-1.04749717,-0.623858488,-0.620790937,-0.570711876,0.823946798,0.046621125,1.542055641,0.854911761,-1.160994663,-0.277006042,-1.033568995,1.258593765,-0.758294681,1.302233422,-0.291712997,-0.125029813,-0.413318897,2.071110238,-0.785054275,2.006190037,1.669382969,-1.056757408,-0.681602194,1.86784583,1.639878832,-0.721833576,1.413765807,1.688556623,0.609819345,-0.947110541,1.423725453,1.771000155,-0.849303974,1.749378994,0.647642515,-0.456345048,-0.213298744,-0.127932725,0.034296862,1.630018226,-0.889751273,-0.406415069,0.765429031,0.78246267,0.401085795,-0.893970966,0.194185549,0.260104417,-1.042086693,-0.071433812,0.311432449,1.51420375,-0.764609691,0.125113055,1.451854054,-0.046305353,0.803185138,1.203144915,2.163034351,1.892733355,1.885063431,-0.847853629,-1.712178086,0.105705281,0.718173731,1.012714967,-0.495275684,-1.031908892
hsa.mir.19b.1,-1.549066964,-0.587210506,-0.842097884,-0.597459533,0.087795851,-0.806176204,0.169869428,-0.872015795,-0.754911351,1.479784296,0.432918622,-0.557448638,-2.182076011,0.020008766,1.44997534,1.733788471,-0.992370879,0.013869741,1.41179996,-0.887133994,0.469408357,-0.621625588,1.247091992,-1.448669847,1.53869086,-0.531441824,0.441728297,0.354764099,-0.93049815,-0.117149484,0.101228584,-0.882260682,0.413989806,-1.160820916,-0.249549619,0.89224912,-0.250513194,0.102704726,-0.335161854,0.871895732,0.566081493,-1.35834457,0.503512242,1.097671409,0.431960908,-0.429143746,-0.511306211,2.334124037,-0.727203224,-0.786317934,-1.153360218,-3.003448928,0.144374137,0.235237272,0.42819991,0.152276168,-0.447078597,0.316032886,0.324005607,-0.189413043,-1.86235626,0.057179874,1.226420718,-0.557207287,-0.574567799,1.299691206,0.433884252,-1.055299119,1.135669562,0.541961139,-0.046104765,-0.609307673,-0.038414514,-0.67091851,-1.172039839,0.891254255,-0.410207696,1.433036269,0.500178906,-0.784677785,-0.964385455,-1.153538624,0.121860343,0.627576278,-0.713769602,-1.483312702,-2.192489755,0.78726576,0.662244525,-0.747564368,-0.245918508,-1.988192936,-1.029834163,0.368362804,-1.966660873,-2.557638457,1.133839335,0.398404058,0.20645229,0.503569526,1.647250871,0.162484786,-0.368136082,-0.442422687,1.251620119,0.240518342,-0.816708078,-0.93630124,-0.722282681,-0.064964337,-1.09863347,0.007045614,0.672434538,-1.203346077,0.599607051,-0.899133632,0.247910459,-0.300774077,-1.330624793,0.370544856,1.309143539,-0.012988456,0.472582313,0.159204137,0.765007905,1.718140178,-0.173129202,0.375478928,1.733158556,2.089853986,-0.036079292,1.786787053,0.010128368,-0.006464659,-0.874940616,0.33993069,1.048802416,0.753206805,-0.186807846,-0.747985956,-0.228095905,1.583168215,-0.602444687,-0.609444831,1.15977191,1.283233924,-1.780369295,0.895946503,0.06791746,0.725852147,-0.786363405,1.287965723,-0.204405212,0.592723474,0.066199059,0.667656167,-0.724442937,0.596762632,-0.472995001,-0.537039444,-1.549234745,-0.252052594,0.246440255,-0.408454311,-0.30925918,0.273619353,0.928520388,-0.22789845,-0.618997994,0.353803924,0.514394269,0.183311016,0.320502925,0.025976834,0.095562057,1.332555665,0.008506936,1.231497392,-0.373232508,-1.248038285,-0.017482729,0.588159062,0.673038522,0.819736934,0.107340345,0.432531926,0.419274561,-0.132549587,-1.793109328,1.541146958,0.467106985,0.101542631,-2.148780385,-0.382678856,0.902225026,-0.051376652,1.803342138,-0.414620215,-0.538992294,0.704071314,-0.190361351,1.191765352,1.536665977,-0.020914246,-0.14567073,0.387263119,-1.022699519,0.324585993,0.282143114,0.814711455,-0.790204098,0.163693888,0.737560484,1.040674689,0.387379838,-0.330333044,0.870407006,0.675836631,1.320200371,-0.52348918,0.713635416,1.461049429,-0.215827283,-0.36460169,-0.363809427,-1.052585793,-0.420226464,-0.417721529,-0.627384768,0.75783426,0.201310516,-0.887054841,1.231121214,-0.097183346,0.892657343,0.374758286,0.783781265,1.242681642,0.337264002,0.094698026,-0.614597583,-0.064444287,0.813916694,-0.260172838,2.496038281,1.844182914,0.55912861,0.774011925,0.110616614,0.98048443,-1.732832851,-1.474414863,1.372168827,-0.040335593,-1.287104772,-0.070499853,-1.577846292,2.841696381,0.71604898,-0.924295971,0.781347989,-0.050641283,1.822204516,0.321095632,-0.737684408,0.11115946,1.237743932,1.135717093,-2.36386996,1.46316707,-0.063354034,-0.952190326,-1.374530248,-0.736730692,-0.822119864,0.1170778,0.01479104,0.388825404,-2.055203291,-0.362699557,-0.743244052,-0.090067821,-1.50642287,-0.318588275
hsa.mir.300,0.0,0.0,0.0,0.0,0.0,0.0,0.0,0.0,0.0,0.0,0.0,0.0,0.0,0.0,0.0,0.0,0.0,0.0,0.0,0.0,0.0,0.0,0.0,0.0,0.0,0.0,0.0,0.0,0.0,0.0,0.0,0.0,0.0,0.0,0.0,0.0,0.0,0.0,0.0,0.0,0.0,0.0,0.0,0.0,0.0,0.0,0.0,0.0,0.0,0.0,0.0,0.0,0.0,0.0,0.0,0.0,0.0,0.0,0.0,0.0,0.0,0.0,0.0,0.0,0.0,0.0,0.0,0.0,0.0,0.0,0.0,0.0,0.0,0.0,0.0,0.0,0.0,0.0,0.0,0.0,0.0,0.0,0.0,0.0,0.0,0.0,0.0,0.0,0.0,0.0,0.0,0.0,0.0,0.0,0.0,0.0,0.0,0.0,0.0,0.0,0.0,0.0,0.0,0.0,0.0,0.0,0.0,0.0,0.0,0.0,0.0,0.0,0.0,0.0,0.0,0.0,0.0,0.0,0.0,0.0,0.0,0.0,0.0,0.0,0.0,0.0,0.0,0.0,0.0,0.0,0.0,0.0,0.0,0.0,0.0,0.0,0.0,0.0,0.0,0.0,0.0,0.0,0.0,0.0,0.0,0.0,0.0,0.0,0.0,0.0,0.0,0.0,0.0,0.0,0.0,0.0,0.0,0.0,0.0,0.0,0.0,0.0,0.0,0.0,0.0,0.0,0.0,0.0,0.0,0.0,0.0,0.0,0.0,0.0,0.0,0.0,0.0,0.0,0.0,0.0,0.0,0.0,0.0,0.0,0.0,0.0,0.0,0.0,0.0,0.0,0.0,0.0,0.0,0.0,0.0,0.0,0.0,0.0,0.0,0.0,0.0,0.0,0.0,0.0,0.0,0.0,0.0,0.0,0.0,0.0,0.0,0.0,0.0,0.0,0.0,0.0,0.0,0.0,0.0,0.0,0.0,0.0,0.0,0.0,0.0,0.0,0.0,0.0,0.0,0.0,0.0,0.0,0.0,0.0,0.0,0.0,0.0,0.0,0.0,0.0,0.0,0.0,0.0,0.0,0.0,0.0,0.0,0.0,0.0,0.0,0.0,0.0,0.0,0.0,0.0,0.0,0.0,0.0,0.0,0.0,0.0,0.0,0.0,0.0,0.0,0.0,0.0,0.0,0.0,0.0,0.0,0.0,0.0,0.0,0.0,0.0,0.0,0.0,0.0,0.0,0.0,0.0,0.0,0.0
hsa.mir.497,0.306439727,-0.107187552,0.220313087,-0.809093782,-0.251346814,-0.541307465,-0.825790359,-1.320749292,-0.957946001,0.565495292,0.591640634,-1.380690472,0.024778198,-0.96005598,0.623802596,-0.663396191,-2.173053557,1.095604424,1.239746735,-0.065406148,0.090708698,0.322428632,0.01534172,-0.405926391,-0.896937827,-0.406069278,0.083254784,-0.818122082,2.210230619,-0.505517281,-0.421142365,0.422784296,-0.073584965,-0.54032996,-0.740988733,0.66481769,-0.977352316,-0.756592927,-0.183869041,-0.250110937,-0.169203139,0.040090976,0.49369938,0.594155704,-0.868135978,2.348602547,0.235850396,-1.192486258,-0.990435885,1.883679993,-0.446788572,0.44571114,-0.387194004,-0.043276592,0.854308407,-1.055441487,1.800514248,0.303302995,-1.024707724,-0.352918012,1.4438406,-0.577431414,1.535035491,-0.057534475,0.481238229,0.284935748,-1.371314249,-0.306116473,-0.133495246,0.158455125,-0.082378902,-0.991016167,1.334386372,0.483997957,-0.660075064,-2.921811823,-3.862811877,-1.526312601,-1.519223231,-0.687443822,0.576318303,-1.294010525,0.185075519,-0.066876267,0.33737165,0.004708716,-0.536983273,0.426723208,0.284270639,-1.009684957,-0.492246902,-0.544486385,0.077313047,0.542175892,0.575313246,-1.20223131,0.358575207,1.796928044,1.122454257,-0.747641572,-0.087725293,-0.550756469,0.47829047,0.348313866,-0.507994404,0.8800118,0.391735727,-1.150828792,1.006868966,2.813389726,1.030435921,0.21597305,-0.755861112,2.673134755,0.685520748,1.456606366,-0.227723951,1.084968533,0.247145649,0.995400768,-0.279021295,-0.199039159,1.18323779,-0.594648726,0.478959314,1.939699147,-0.46662391,1.297784634,0.927612063,1.145003654,1.332649336,0.693194397,1.455057271,0.319680649,0.46746779,1.698310344,0.310855904,1.838093706,-0.394468295,-0.647925978,0.510056538,-1.434620068,0.395556708,-2.344691803,-0.647641671,0.84765881,0.523202916,-0.600273997,0.335197127,0.389145279,0.150283443,-0.04382458,-0.430804695,0.386889911,-1.444615736,0.34798009,-1.62864558,-0.365051604,0.035606662,-0.491594043,-1.114957181,-0.642831204,-0.948978351,0.856685253,-0.17799995,0.352494029,0.150929937,1.527941522,-0.208048011,0.700244247,0.391354953,-0.784844571,0.536776234,1.343757833,0.536138878,0.207097423,0.125319532,-0.550968985,-1.567161152,0.530875956,0.079818741,0.594527535,-0.340403664,-0.211416886,1.171917858,0.158131961,0.37162799,-0.801270405,-1.490297227,0.870531347,-0.749950624,-0.777575584,0.314535527,2.52943308,0.400403408,0.055782851,-0.611859314,-0.651734571,0.260554803,0.264401883,-0.514311812,2.069291592,0.272366718,-0.98667572,-0.733550715,0.723903929,2.815956527,-1.251661565,-0.047730249,0.335416654,0.051504694,-0.809586145,-0.882164078,-1.180512603,0.731378583,0.316945608,0.627926344,1.106496191,-0.28838253,0.00514115,-0.2209993,0.756258672,0.664600388,0.335902604,-0.011531276,-0.675830786,-2.010885597,-0.133744746,-0.257369055,-0.005796605,-0.749503933,-1.050034835,-0.481127057,0.758578809,-0.370410833,0.165727752,0.989884383,1.158608131,0.794064708,-1.615900537,0.755600826,0.267108308,1.129633123,0.907878988,-0.573842643,1.803550558,0.421833903,-0.391852033,-1.236959806,0.839889296,1.455987126,0.458997564,-0.990118213,0.507162836,0.585388216,-0.624925597,-0.030368329,0.70594609,0.75934966,0.387793185,1.205183831,0.615923859,1.734147692,0.836787171,1.511320399,-0.526400049,0.831589705,0.211771339,-0.061835081,0.806831469,1.07558907,0.864861256,1.928156823,1.738067917,1.160552285,1.262925892,0.462727501,-0.531990222,1.061370775,0.969609813,0.315831826,1.437663409,1.642472568,2.004930183
hsa.mir.592,-2.80565292,-1.75025309,-2.617383737,0.655657547,0.275657214,-0.02342165,-1.129776367,-0.461072595,-1.737714558,-0.243021743,0.450268741,0.111798752,-0.432488755,-0.591130143,0.09351851,-0.83982873,-0.584915275,1.503182487,-0.157857117,0.238968185,0.542898707,1.516361573,0.791059998,0.584527203,0.385962128,0.910783478,-1.958614712,-0.049023826,-1.411819533,0.952635636,-2.068776349,0.563381708,-1.783852262,0.178707382,0.15416499,-0.104050973,-0.784992683,-0.827258151,-0.250456955,0.528521795,-1.801092849,0.236481342,0.64296882,-0.90736813,0.281124195,-1.594020724,0.227442688,-0.110132989,-1.018960274,0.005581748,1.040103579,0.365043504,0.65572212,-0.348323727,-0.797497944,-0.572652903,-0.093753596,-1.203353537,-1.489107042,0.168963382,-1.47439243,-0.008526538,0.428418995,-1.417615508,0.352338605,-0.718812508,0.32615007,0.842952555,-0.27248548,1.883577843,1.026370382,0.278271993,0.870215616,-0.238510011,0.01531596,-0.699141512,-0.396097798,-0.629591344,1.151612613,-1.638371785,0.435970487,0.166281079,2.055519546,-0.50762617,-0.435102706,-2.597873844,0.887714062,0.366054415,0.069994822,-1.034740471,-1.930806934,-0.457115121,-0.029778561,-0.389236108,0.453746565,-0.363912737,1.673235456,0.459557445,0.032462937,-0.187504812,0.902826893,0.710094639,0.418084646,0.788515223,1.436500431,0.584302451,-1.2061268,-0.927206966,-2.573436379,1.800945486,1.587136613,0.315909202,1.005323065,0.685684538,-0.065931584,1.20509544,-0.325632927,0.148699491,-1.355225954,-0.136380377,-0.015628286,-2.689634784,0.268269237,0.1341774,0.453566001,1.320902774,0.409652184,-0.562481844,-0.165518264,0.102435398,-0.098174941,0.830295687,-0.348809338,0.4074245,1.163445597,-0.267184729,0.876501057,1.23089395,0.202790822,0.516251565,-0.667077524,-0.194780071,0.866595423,1.177518882,0.090734313,0.374917349,0.760826754,0.12956586,1.001344155,-0.371014695,-0.446518505,1.066063873,-0.060581896,-0.358874999,0.208510984,-0.167531071,-1.288350747,1.240046474,0.11091967,-0.280937714,-1.037755444,-0.151112965,1.289316589,-0.557440269,-1.24348049,0.049626037,0.458847711,1.028789907,1.417545682,0.095512682,1.555612738,0.113370712,-0.65546804,0.051620959,-0.281685441,0.380814906,0.359915843,0.169985616,0.60764779,1.54159448,0.952020558,0.47663712,-3.240436177,1.149273035,0.339411827,0.431278312,-0.205692017,-0.03520899,-0.240423651,0.339766703,1.968938701,-0.64819932,1.027424677,0.569485663,-0.434823274,-0.40707145,0.120068332,0.283639199,-3.047765144,0.929462926,0.289009133,1.137388263,-0.939499973,-2.695777393,-0.701080504,0.409052607,0.326090064,0.064597497,0.456163889,1.53531018,1.768219253,0.774423737,0.00725622,0.013534691,1.656153534,-0.022451511,-0.004365866,0.277448104,1.041668205,-0.150622657,0.351519138,0.405439209,0.837420256,1.54686767,-1.172236715,0.725779153,1.343431926,-0.3379156,0.410675908,0.211088585,-2.337963885,0.318861409,-2.281333646,0.279390051,-0.494092898,1.147403999,0.500557802,0.762133669,-1.011415484,-2.606176116,-0.10301387,0.148017178,-0.63994446,0.796998686,-0.290817037,2.352200229,0.487153375,1.408622482,-0.392382811,0.019909905,-0.85668922,-0.39219929,-1.62413335,0.165038483,-0.072791075,0.673110575,0.211522075,-0.390535285,0.403677316,-0.794524061,0.342939982,-0.873222083,1.044104826,0.576862696,-0.69317959,1.764191463,0.063816866,0.53290464,-0.819172693,0.826733056,0.585774027,1.854505347,1.392803502,-1.101613741,1.673471611,0.614084173,1.001003876,0.320658183,1.010976021,1.250846382,0.542672318,-0.39121509,0.394082625,-0.487792719
hsa.mir.1180,0.347066667,-0.352839612,-0.064798039,-0.119144949,-0.140667252,0.06431234,0.250327303,1.125119362,0.641474517,-0.29526683,-0.428799317,-0.697881727,-0.995055835,-0.051014137,-0.479728208,-2.012743969,-1.764941986,-1.529078163,-0.070815405,-1.260820074,-1.156734368,-1.701812524,-0.334524625,0.350545791,1.287137525,-1.599323951,1.582611747,1.338963993,-0.788061906,2.035711144,0.83074857,-0.213860299,1.180196122,0.339563066,-0.12685511,-0.043780563,-0.133574695,-0.129806665,0.280155089,-0.439688281,-0.262194035,0.239102859,0.776209829,0.836809376,-2.222010533,-1.4624708,-0.885023128,-0.681693019,0.193723869,0.32371088,0.854176773,0.874118373,-0.276820088,2.06048778,-0.320725799,1.044823917,0.434836234,-0.699924201,0.5371112,0.316973601,0.705232123,-0.835175546,-1.543359702,0.320127666,-0.808942324,0.072711877,0.797713879,-1.006794492,-0.119613774,-0.231255684,-0.725610943,0.198764988,-1.325258254,-0.308042744,-0.602661628,0.953709873,-0.359506782,1.515886747,0.440250448,-1.28857067,-0.917631658,0.752217348,-1.259573542,-0.581054488,1.279022303,-0.333221977,0.041589654,1.137804618,0.643031047,-1.021675759,-0.441866221,-0.272527887,0.065604219,-0.64090626,1.062089412,0.063990013,-0.730482532,1.895054419,-1.091617445,-0.615797992,-0.182653004,-0.405224993,-1.965759105,0.085561291,-0.708358818,0.639829611,-0.815551977,-0.678208301,-1.248211096,-0.032933392,0.400621545,-1.76586145,-0.46671468,-0.371626455,-1.038868351,-0.869044737,-0.558586644,-1.096304009,-0.805061637,-0.634038473,-0.786260542,-1.179524599,-0.833165944,-0.317451796,-0.401115726,-1.911050234,-0.00687936,-0.434688538,-1.016679596,-1.182421515,-0.934443012,0.143995468,-0.150366146,-0.686872524,-0.87091344,-1.227401329,-0.902167426,-0.752930646,0.970023701,0.837376052,0.131358086,0.714476939,-1.018089737,0.187258377,1.327230265,0.435146219,-0.574731924,-0.302341802,1.295743662,-0.175567,0.046600898,0.323891461,-0.696405828,-0.456744002,0.077069619,-0.042608174,-0.30299374,0.161551381,0.222721953,0.000322667,-0.116166717,1.120725688,-1.856716529,-0.120027266,0.157734214,-0.66072289,-0.916506344,-1.037949426,-0.906530633,0.396942593,-0.115280713,-0.731820386,-0.392527979,-0.699163977,-0.958690492,-1.023319178,-0.584231965,1.829404057,0.704005346,-0.483350291,-0.558126698,0.087629337,-0.756959034,1.144631779,-1.318893508,-1.592138757,-0.117315827,-2.184838599,-0.443559434,-0.712479571,-0.522756635,-0.487093707,-0.311971866,-0.73143833,-1.185072744,-0.441230136,-0.05065716,1.168364195,-1.184435308,-1.128081502,0.833116607,0.160746901,0.435295444,1.935650194,-0.100835817,-0.632705234,0.55872167,0.227848886,-1.409388456,-0.398155387,-0.252706581,-0.757918245,0.538896884,0.133406289,-0.333761435,-1.647053057,0.538784293,-1.90989201,-0.621850248,-1.241930347,-0.398684059,-0.846726711,-0.633455743,0.428535947,-0.555162872,-0.48783241,0.888885556,0.198147375,-0.531962638,-0.982823117,-0.438493966,1.073376633,1.178758637,0.903316377,0.087255973,-0.263754219,-0.719053779,0.68245273,0.016893917,0.250114394,-0.115942088,-0.396786124,-0.479069138,-0.672961725,-0.913278246,-0.779049744,-0.108519001,0.552253416,-1.137947503,-0.885370217,-0.689767241,-0.39705993,-0.845010558,0.048678264,-1.221055295,-0.725857331,0.135862069,0.895303109,-0.684199572,0.087206655,-1.150554577,-0.26817506,0.19923486,0.148854086,-1.677357472,-0.145258331,-0.141640865,-0.485478042,0.302179538,-1.19428754,0.122703338,-2.25428941,0.085523682,-0.41419703,-0.900851949,-0.890475867,-0.860996536,-0.275267289,-0.256309156,-0.246060115,-1.381540151,0.752353438,-1.221390611,-1.193912129
hsa.mir.7.1,0.0,0.0,0.0,0.0,0.0,0.0,0.0,0.0,0.0,0.0,0.0,0.0,0.0,0.0,0.0,0.0,0.0,0.0,0.0,0.0,0.0,0.0,0.0,0.0,0.0,0.0,0.0,0.0,0.0,0.0,0.0,0.0,0.0,0.0,0.0,0.0,0.0,0.0,0.0,0.0,0.0,0.0,0.0,0.0,0.0,0.0,0.0,0.0,0.0,0.0,0.0,0.0,0.0,0.0,0.0,0.0,0.0,0.0,0.0,0.0,0.0,0.0,0.0,0.0,0.0,0.0,0.0,0.0,0.0,0.0,0.0,0.0,0.0,0.0,0.0,0.0,0.0,0.0,0.0,0.0,0.0,0.0,0.0,0.0,0.0,0.0,0.0,0.0,0.0,0.0,0.0,0.0,0.0,0.0,0.0,0.0,0.0,0.0,0.0,0.0,0.0,0.0,0.0,0.0,0.0,0.0,0.0,0.0,0.0,0.0,0.0,0.0,0.0,0.0,0.0,0.0,0.0,0.0,0.0,0.0,0.0,0.0,0.0,0.0,0.0,0.0,0.0,0.0,0.0,0.0,0.0,0.0,0.0,0.0,0.0,0.0,0.0,0.0,0.0,0.0,0.0,0.0,0.0,0.0,0.0,0.0,0.0,0.0,0.0,0.0,0.0,0.0,0.0,0.0,0.0,0.0,0.0,0.0,0.0,0.0,0.0,0.0,0.0,0.0,0.0,0.0,0.0,0.0,0.0,0.0,0.0,0.0,0.0,0.0,0.0,0.0,0.0,0.0,0.0,0.0,0.0,0.0,0.0,0.0,0.0,0.0,0.0,0.0,0.0,0.0,0.0,0.0,0.0,0.0,0.0,0.0,0.0,0.0,0.0,0.0,0.0,0.0,0.0,0.0,0.0,0.0,0.0,0.0,0.0,0.0,0.0,0.0,0.0,0.0,0.0,0.0,0.0,0.0,0.0,0.0,0.0,0.0,0.0,0.0,0.0,0.0,0.0,0.0,0.0,0.0,0.0,0.0,0.0,0.0,0.0,0.0,0.0,0.0,0.0,0.0,0.0,0.0,0.0,0.0,0.0,0.0,0.0,0.0,0.0,0.0,0.0,0.0,0.0,0.0,0.0,0.0,0.0,0.0,0.0,0.0,0.0,0.0,0.0,0.0,0.0,0.0,0.0,0.0,0.0,0.0,0.0,0.0,0.0,0.0,0.0,0.0,0.0,0.0,0.0,0.0,0.0,0.0,0.0,0.0
hsa.mir.766,0.0,0.0,0.0,0.0,0.0,0.0,0.0,0.0,0.0,0.0,0.0,0.0,0.0,0.0,0.0,0.0,0.0,0.0,0.0,0.0,0.0,0.0,0.0,0.0,0.0,0.0,0.0,0.0,0.0,0.0,0.0,0.0,0.0,0.0,0.0,0.0,0.0,0.0,0.0,0.0,0.0,0.0,0.0,0.0,0.0,0.0,0.0,0.0,0.0,0.0,0.0,0.0,0.0,0.0,0.0,0.0,0.0,0.0,0.0,0.0,0.0,0.0,0.0,0.0,0.0,0.0,0.0,0.0,0.0,0.0,0.0,0.0,0.0,0.0,0.0,0.0,0.0,0.0,0.0,0.0,0.0,0.0,0.0,0.0,0.0,0.0,0.0,0.0,0.0,0.0,0.0,0.0,0.0,0.0,0.0,0.0,0.0,0.0,0.0,0.0,0.0,0.0,0.0,0.0,0.0,0.0,0.0,0.0,0.0,0.0,0.0,0.0,0.0,0.0,0.0,0.0,0.0,0.0,0.0,0.0,0.0,0.0,0.0,0.0,0.0,0.0,0.0,0.0,0.0,0.0,0.0,0.0,0.0,0.0,0.0,0.0,0.0,0.0,0.0,0.0,0.0,0.0,0.0,0.0,0.0,0.0,0.0,0.0,0.0,0.0,0.0,0.0,0.0,0.0,0.0,0.0,0.0,0.0,0.0,0.0,0.0,0.0,0.0,0.0,0.0,0.0,0.0,0.0,0.0,0.0,0.0,0.0,0.0,0.0,0.0,0.0,0.0,0.0,0.0,0.0,0.0,0.0,0.0,0.0,0.0,0.0,0.0,0.0,0.0,0.0,0.0,0.0,0.0,0.0,0.0,0.0,0.0,0.0,0.0,0.0,0.0,0.0,0.0,0.0,0.0,0.0,0.0,0.0,0.0,0.0,0.0,0.0,0.0,0.0,0.0,0.0,0.0,0.0,0.0,0.0,0.0,0.0,0.0,0.0,0.0,0.0,0.0,0.0,0.0,0.0,0.0,0.0,0.0,0.0,0.0,0.0,0.0,0.0,0.0,0.0,0.0,0.0,0.0,0.0,0.0,0.0,0.0,0.0,0.0,0.0,0.0,0.0,0.0,0.0,0.0,0.0,0.0,0.0,0.0,0.0,0.0,0.0,0.0,0.0,0.0,0.0,0.0,0.0,0.0,0.0,0.0,0.0,0.0,0.0,0.0,0.0,0.0,0.0,0.0,0.0,0.0,0.0,0.0,0.0
hsa.mir.624,-1.887953539,0.380929874,-0.073951918,0.738596549,0.925499995,-0.03227026,-0.165686662,-0.213791551,0.879761455,0.436732669,-0.232907806,2.349546795,-0.338470985,0.32015532,-0.658791483,-0.056975324,0.683350264,0.219773068,-0.859608657,-0.332929339,-0.923038786,0.386195812,-1.00313363,-0.385192848,-0.418293093,0.59001106,0.614747527,1.159484846,0.140370375,2.061180715,1.878093662,0.352383271,0.033866798,-1.165404401,-0.151257017,0.238688519,-0.676698432,-0.051154166,-0.325093624,-0.454332533,0.163552767,-0.083538979,0.18265557,0.014112661,1.739231396,-1.415674443,0.427541218,0.830136152,1.506526362,0.289115051,0.494275275,1.47430595,-1.495368381,1.431642646,-0.742432588,0.116058263,0.103660182,0.743101919,-0.072416018,0.474416209,0.240316555,-0.817839641,-1.38279376,0.191522775,-0.160545521,-0.199225659,0.609666811,0.577430042,-1.283869313,-0.135850943,1.224830009,0.734712905,2.172114481,0.339051357,-0.899354746,0.113238636,-0.053850685,1.022030794,0.3403457,-0.405913769,0.739669033,0.499396245,0.146085266,-0.620742147,0.674595896,-0.720954852,1.844222357,2.102845371,-0.017939668,-0.838274955,-0.648088074,0.704108401,-1.128387442,0.497904604,0.501673494,-0.313661826,-0.948324462,0.466240541,-0.22217037,0.311221119,-0.107449387,1.451934661,0.113812713,0.626044411,-0.250650185,0.519034017,0.169171626,0.034595232,-1.232021387,-0.626717279,-0.880922601,-0.495312925,-0.090436877,-1.154683365,-0.270581051,0.463413259,-1.318378865,-2.059201042,0.817245362,-0.935181817,-1.564325196,0.771435616,-0.395528001,0.249550634,-0.6754348,-0.622913436,-1.360982588,-1.468199155,-1.147596714,-0.8917651,-1.917818853,-0.838600604,-1.003050185,-0.985444915,0.15645224,-1.160825753,-0.967757657,-1.069317152,-1.757202215,1.541684133,1.293602079,0.615917469,-0.015699958,0.112933262,0.002150841,1.038410645,0.451280981,-1.275817745,0.318140272,1.052061404,0.146153133,3.093397149,-0.282798618,0.093209232,-0.63937618,-1.016674904,1.036286391,-1.421337592,0.080178377,0.414685289,0.763551555,0.786349354,0.406199719,-0.43870549,0.79979374,0.183919208,-0.952523753,0.270838748,-0.101752748,-2.194611684,-0.139286952,-0.748256729,-2.353847085,-1.531239382,-0.390750956,-0.585476862,-0.402296162,-0.084467519,0.178119415,0.492485779,0.40599228,-1.017267224,1.109583792,0.82954301,-1.269259021,0.168900275,-2.660140271,2.023771797,-0.239404644,-0.540962856,-1.022844311,-1.382498327,0.555978935,0.853190795,0.169922537,-0.024247212,0.807007989,1.041750399,-1.042163889,0.842803949,0.479249255,0.26575367,1.407085583,0.092601408,0.463145606,-1.338924431,1.836070647,1.009733414,1.531114633,-1.754491617,0.67981859,0.223199505,-0.37513271,-0.896723804,-0.387140701,-1.611174847,-0.585760943,-1.70695518,-1.343582218,-0.79741624,-0.636375023,-0.569579641,-0.659684173,0.791693386,-1.415930114,0.233230084,0.365147711,-0.679137718,-0.622775939,0.270824234,-0.725578512,2.472860846,-0.609618958,-0.788879223,-0.407808805,-1.134542898,-0.950064621,2.093757826,0.360043227,-0.49312739,-0.722847921,0.158845495,-0.391794099,0.78186534,0.080151712,-1.179184232,-1.091577639,-1.869257499,0.090520382,-1.53942824,-0.974330008,0.705992533,0.692921461,-0.130751752,0.932400356,-1.029740585,0.915009259,-0.05441698,1.847174104,-0.183461985,0.404819374,0.109500346,-1.991785388,0.016517296,-0.731317377,-0.992949897,-0.394009352,0.031550741,0.276210908,-0.444248144,-0.669713935,-1.045101793,-3.87227249,-1.267129369,-1.154389617,-1.245406142,-1.033137272,-0.020984466,1.254799469,-0.319413059,0.190051709,-0.214545727,-0.541858048,0.464906081
hsa.mir.224,0.750710114,0.033146499,-0.921217674,-0.559200497,0.086613685,-0.478230067,-0.53536151,-1.151645465,-1.196355287,0.97486744,-0.919702833,-0.653656496,0.040251879,0.205983474,-1.865315818,0.883810025,-0.620915954,-0.202914931,-0.957406427,-1.333333074,1.099747156,0.773844224,-0.486954737,-0.730071804,-1.472877047,-1.369300343,-0.696399774,0.344903414,1.219793602,1.192285147,0.559302238,1.224718809,0.058411413,0.415466487,1.319982606,0.207757531,0.29878522,0.262502029,-0.184870561,-0.295472751,0.34937426,-1.336845571,0.147965324,-0.867450067,0.560123333,1.43488834,0.637947702,1.220130058,-0.886812251,-0.578222669,0.183657405,-0.796774244,1.006796756,0.525215756,-0.199827925,-0.684877806,-0.348470349,-0.268707356,0.325234106,0.251717931,0.655843403,0.891962085,-0.112762346,0.710572864,0.42944145,1.489986808,0.721165378,0.491878116,1.070859983,-0.666298012,-0.182537763,0.900876096,-1.393707944,-0.513945445,0.574033225,1.725368962,0.183778391,-0.336854879,0.377002839,0.926369808,-1.483525237,1.405173506,-1.304098887,-0.164587291,-0.978420188,0.017013463,-3.105082318,-1.618631419,0.242005063,0.123093116,-0.149152158,1.147162893,0.00236925,0.540633078,-2.349906184,-1.202008483,-0.168393145,-1.516596071,0.670028792,-0.952844178,0.609822104,-0.048614698,0.313014386,1.12812269,-1.092924668,-0.585798393,-1.579616993,-0.631549464,-0.047182899,-0.723340047,0.790157267,-0.353044079,1.500584529,0.676029798,-0.419271406,-0.269765393,0.76522308,0.220865806,-0.082916996,-0.068672265,-0.28163553,-0.317618459,1.918527081,-0.046227451,0.655029488,-1.264916735,-2.609864471,0.169078926,0.94855452,1.883229364,0.914358148,1.516924265,0.177366851,0.554145175,0.854289604,0.854726649,1.863894611,0.308545088,0.224544685,1.658506489,-0.024158171,0.535034546,-0.433941625,-1.11155564,-0.975308676,-0.72756517,-0.628369792,-0.398690079,-0.531999471,0.028367212,0.335472038,-0.279701114,1.49902645,0.833658163,0.084286653,0.166289051,-0.178141734,-0.509843962,-0.429439953,-2.87962721,0.604251882,-2.34909549,0.10087269,-0.849230495,-1.401609871,1.671689656,0.043045306,1.193534779,1.593717104,1.39295464,1.11351022,0.259561972,1.207834927,2.317596629,0.917160286,1.193124387,-0.548980446,0.965392692,0.648040492,0.172918904,-2.217989405,0.309350869,0.719175254,-1.502398637,-0.170500233,0.900753941,-0.827292053,1.601651073,-0.934215835,-0.769674794,1.218838333,0.877269341,-0.187750361,-0.314496342,-0.541371154,-0.530531529,0.455513869,-0.333822634,-1.064303326,-0.843472999,-0.820926279,-0.243891709,-0.774579931,-0.441476925,0.963386224,0.542146822,0.138217382,0.404876897,0.954338323,0.204811834,1.593233471,0.608223805,0.941753453,0.706394021,0.683999023,0.55704366,0.337325158,0.542721776,-0.008734021,1.331612465,-0.343046065,-1.639766638,-0.986759757,-0.977058246,0.067143137,-0.404895521,0.154870908,-0.918270763,-1.147780061,-0.319899166,1.317599961,0.065141199,1.071041475,-0.464277819,0.146427624,-0.210569542,0.824586784,1.000886466,1.326486119,0.889427691,1.720070171,1.210224303,0.818970074,-1.197546449,1.110067089,1.258732899,-0.211346401,-0.540876129,0.567290578,-0.501839656,0.400766763,-0.664031628,1.892979457,0.01705602,-1.160149806,-0.810751577,0.360720689,-0.169436533,0.54768803,-1.055228437,0.630729268,-0.25252224,-0.41762742,1.223529887,-0.111354976,1.069953734,0.642537487,-0.720489695,0.177786779,0.799438453,-0.33552219,-0.655279219,-0.889764253,0.894913441,0.420584499,0.659437609,-0.097988075,1.224601832,2.372244231,0.466453633,-0.386317272,0.059905374,0.750020502,0.651570573
hsa.mir.224.1,0.0,0.0,0.0,0.0,0.0,0.0,0.0,0.0,0.0,0.0,0.0,0.0,0.0,0.0,0.0,0.0,0.0,0.0,0.0,0.0,0.0,0.0,0.0,0.0,0.0,0.0,0.0,0.0,0.0,0.0,0.0,0.0,0.0,0.0,0.0,0.0,0.0,0.0,0.0,0.0,0.0,0.0,0.0,0.0,0.0,0.0,0.0,0.0,0.0,0.0,0.0,0.0,0.0,0.0,0.0,0.0,0.0,0.0,0.0,0.0,0.0,0.0,0.0,0.0,0.0,0.0,0.0,0.0,0.0,0.0,0.0,0.0,0.0,0.0,0.0,0.0,0.0,0.0,0.0,0.0,0.0,0.0,0.0,0.0,0.0,0.0,0.0,0.0,0.0,0.0,0.0,0.0,0.0,0.0,0.0,0.0,0.0,0.0,0.0,0.0,0.0,0.0,0.0,0.0,0.0,0.0,0.0,0.0,0.0,0.0,0.0,0.0,0.0,0.0,0.0,0.0,0.0,0.0,0.0,0.0,0.0,0.0,0.0,0.0,0.0,0.0,0.0,0.0,0.0,0.0,0.0,0.0,0.0,0.0,0.0,0.0,0.0,0.0,0.0,0.0,0.0,0.0,0.0,0.0,0.0,0.0,0.0,0.0,0.0,0.0,0.0,0.0,0.0,0.0,0.0,0.0,0.0,0.0,0.0,0.0,0.0,0.0,0.0,0.0,0.0,0.0,0.0,0.0,0.0,0.0,0.0,0.0,0.0,0.0,0.0,0.0,0.0,0.0,0.0,0.0,0.0,0.0,0.0,0.0,0.0,0.0,0.0,0.0,0.0,0.0,0.0,0.0,0.0,0.0,0.0,0.0,0.0,0.0,0.0,0.0,0.0,0.0,0.0,0.0,0.0,0.0,0.0,0.0,0.0,0.0,0.0,0.0,0.0,0.0,0.0,0.0,0.0,0.0,0.0,0.0,0.0,0.0,0.0,0.0,0.0,0.0,0.0,0.0,0.0,0.0,0.0,0.0,0.0,0.0,0.0,0.0,0.0,0.0,0.0,0.0,0.0,0.0,0.0,0.0,0.0,0.0,0.0,0.0,0.0,0.0,0.0,0.0,0.0,0.0,0.0,0.0,0.0,0.0,0.0,0.0,0.0,0.0,0.0,0.0,0.0,0.0,0.0,0.0,0.0,0.0,0.0,0.0,0.0,0.0,0.0,0.0,0.0,0.0,0.0,0.0,0.0,0.0,0.0,0.0
hsa.mir.290,0.0,0.0,0.0,0.0,0.0,0.0,0.0,0.0,0.0,0.0,0.0,0.0,0.0,0.0,0.0,0.0,0.0,0.0,0.0,0.0,0.0,0.0,0.0,0.0,0.0,0.0,0.0,0.0,0.0,0.0,0.0,0.0,0.0,0.0,0.0,0.0,0.0,0.0,0.0,0.0,0.0,0.0,0.0,0.0,0.0,0.0,0.0,0.0,0.0,0.0,0.0,0.0,0.0,0.0,0.0,0.0,0.0,0.0,0.0,0.0,0.0,0.0,0.0,0.0,0.0,0.0,0.0,0.0,0.0,0.0,0.0,0.0,0.0,0.0,0.0,0.0,0.0,0.0,0.0,0.0,0.0,0.0,0.0,0.0,0.0,0.0,0.0,0.0,0.0,0.0,0.0,0.0,0.0,0.0,0.0,0.0,0.0,0.0,0.0,0.0,0.0,0.0,0.0,0.0,0.0,0.0,0.0,0.0,0.0,0.0,0.0,0.0,0.0,0.0,0.0,0.0,0.0,0.0,0.0,0.0,0.0,0.0,0.0,0.0,0.0,0.0,0.0,0.0,0.0,0.0,0.0,0.0,0.0,0.0,0.0,0.0,0.0,0.0,0.0,0.0,0.0,0.0,0.0,0.0,0.0,0.0,0.0,0.0,0.0,0.0,0.0,0.0,0.0,0.0,0.0,0.0,0.0,0.0,0.0,0.0,0.0,0.0,0.0,0.0,0.0,0.0,0.0,0.0,0.0,0.0,0.0,0.0,0.0,0.0,0.0,0.0,0.0,0.0,0.0,0.0,0.0,0.0,0.0,0.0,0.0,0.0,0.0,0.0,0.0,0.0,0.0,0.0,0.0,0.0,0.0,0.0,0.0,0.0,0.0,0.0,0.0,0.0,0.0,0.0,0.0,0.0,0.0,0.0,0.0,0.0,0.0,0.0,0.0,0.0,0.0,0.0,0.0,0.0,0.0,0.0,0.0,0.0,0.0,0.0,0.0,0.0,0.0,0.0,0.0,0.0,0.0,0.0,0.0,0.0,0.0,0.0,0.0,0.0,0.0,0.0,0.0,0.0,0.0,0.0,0.0,0.0,0.0,0.0,0.0,0.0,0.0,0.0,0.0,0.0,0.0,0.0,0.0,0.0,0.0,0.0,0.0,0.0,0.0,0.0,0.0,0.0,0.0,0.0,0.0,0.0,0.0,0.0,0.0,0.0,0.0,0.0,0.0,0.0,0.0,0.0,0.0,0.0,0.0,0.0
hsa.mir.4661,-0.49820543,0.274243654,-0.151677375,2.145192164,-0.693707736,2.365588729,0.094442394,2.397982378,-1.756849973,0.329012947,-0.012703989,-0.192829293,-0.712851017,0.851386971,-1.238933939,-2.989668693,0.099296905,-1.206786661,-0.393411785,1.173465331,0.091556639,0.883322173,1.137681533,0.34742308,-2.274056793,0.308981668,-1.974531606,0.34284685,0.258470035,0.756385239,-0.531957867,1.465237259,-0.251185132,0.539187011,0.335289596,-0.284905418,-0.221396963,0.647656039,0.23548147,-0.273162207,0.143783817,0.18858184,-0.202090835,-0.502991354,0.640111608,0.219999937,0.383328552,-1.211793474,-0.231966467,0.05750404,-1.205997156,0.669673495,0.444012902,-0.387702603,0.885745782,-1.101082452,-0.401335963,0.441484376,0.738903005,0.283049577,-0.438553292,1.033493095,0.119177785,-0.382603611,-0.101892091,0.754521627,1.132101584,0.744307042,0.236905526,1.115707275,-1.192569861,0.13330602,0.484144343,-0.440490834,0.394087888,-0.733408964,-0.676990277,-0.172552989,0.196012464,0.708777182,-0.406073198,0.74964006,-0.119888557,0.246553615,-2.784240225,-1.545665552,-0.720804235,0.75187739,0.574395882,-0.247516746,0.662812493,2.906270198,0.06411786,-1.244620382,-0.193930815,-0.645274153,0.053272091,-1.84235996,-0.012464011,1.321903494,-0.649202804,0.530764001,-0.007815845,0.357217548,-0.988715379,-0.24194344,-0.666515454,3.065003793,0.789438874,0.597622924,-0.406927314,0.266852434,0.650603643,0.865014116,-0.72237274,0.748931773,-0.623887581,1.391452882,3.57866958,-0.178847273,0.786867257,-0.222875723,1.787654064,-0.096365114,0.573024337,0.426759176,1.083422955,1.208209974,-0.207560621,-0.31520154,0.19253266,0.364953653,0.371711558,-0.062512779,0.660793735,-0.506140136,1.305254981,0.802764565,0.451000068,0.044728673,0.980199818,-0.833008401,0.52771997,1.836052349,0.04495835,-0.733810332,0.297750163,0.407506456,0.382320567,0.484304197,1.377743418,-0.928663062,0.307805161,0.439453727,0.459937478,-0.209544101,-0.747541396,0.273247507,1.388155167,-0.887790415,1.630528203,0.048844465,-1.119369833,0.243781558,0.113276591,1.485027989,-0.36873021,-0.98727392,-0.36739931,-0.442652057,-0.335505864,0.780841383,0.150943119,0.179494331,0.550860878,0.948677492,0.579673807,-2.486886523,-0.697871468,-0.954022664,-0.725095547,-0.633572621,0.007626702,0.07307831,-1.365410856,0.739714415,-0.682759401,0.124503717,2.808950599,-0.089271375,0.420508294,0.251071584,-0.456551318,0.924271641,0.585869313,0.104280478,0.073864971,-1.017159245,-1.49668277,0.136937837,-0.663933194,-0.561457337,-0.645983059,-0.091012326,-0.735319705,-0.868209243,-1.024135874,0.26141202,0.336193497,-0.465002036,-0.177410366,0.068665879,0.494764475,0.599119191,0.243225671,0.58198632,-0.15595231,-0.005844293,0.622863307,1.93763374,-0.514657959,-0.394451476,0.163915326,-1.111531039,0.494562125,1.8291363,0.002478831,1.819218139,-1.950784628,0.633593486,0.123671322,-0.634515866,-2.292548516,1.025182134,-0.016614459,1.399131408,-0.093585768,-0.058612759,-0.320989185,1.138167286,0.746263276,0.942721536,0.840356584,1.80410456,1.462306203,-1.284435501,0.283109796,0.840373632,-0.323923653,1.146169993,0.823471078,-0.430938898,-0.586112483,0.037819091,-0.180459713,2.24074699,-3.08131737,-2.392387796,0.311432055,-0.47299914,0.249170236,0.945095608,0.046255729,0.524003829,-0.589617399,0.276048219,0.796284782,0.319684285,0.642730236,-0.237841064,0.69048669,-1.401764792,0.008183644,-0.395488335,1.441065389,1.428357168,1.296367907,0.331787558,0.061017765,0.474591107,-0.076180403,0.440189089,-0.39889701,0.533671635
hsa.mir.3928,-0.343237558,0.530798512,-0.147792003,2.27235547,-1.509813439,2.517369709,-0.619782738,1.786613115,-2.11115652,0.477794039,-0.792398703,-1.433644701,-0.552437449,0.636534117,-0.210121217,-1.775825867,0.122868342,-4.281169476,-1.271600298,1.451718902,-0.615411795,0.917526553,-1.716835613,-0.653022629,-0.051820788,0.820083805,-0.706412801,0.655710478,0.502155826,-0.09205822,-2.454837596,0.277652044,0.590433427,0.498571506,0.194457588,-0.730122214,0.62181427,0.322777931,-1.886371631,-0.435213431,0.257635035,-0.206999426,-0.303659425,0.384904793,0.086250393,-0.072761548,-0.343460887,-1.536957676,-0.5047426,0.259105912,-1.012209638,0.717473747,0.778775711,0.788237451,0.220326941,0.647721127,-0.186128872,0.746969932,0.377771821,0.779880507,0.014669697,1.402665519,0.096927415,-0.290082439,-0.367713584,0.486132898,1.474512128,1.069090785,0.525345843,0.874369282,-2.035348051,0.440575614,0.519998423,-0.409515431,0.558905207,0.601068513,0.716923848,-2.076216544,-0.49585998,1.232658842,-0.89189941,0.250711112,-0.760023628,0.723221062,-0.758892213,-1.888680775,-1.019716887,0.531704093,1.153249394,-1.381386739,0.871861566,3.478985784,-0.192827636,-1.571539728,-0.005772323,0.073658942,0.477184585,0.293088058,-0.055101266,-0.128505109,-0.48538618,-0.130558509,0.126816605,0.795229925,-1.046792531,0.226817872,0.356637959,3.12915062,-0.102169477,0.561862173,0.324749388,0.439590944,1.033300968,0.321688973,-1.276529066,0.900306806,0.651960407,1.033243525,4.792975668,0.220549501,0.100698574,0.387169265,1.453250082,0.198624734,0.343288365,0.239351414,0.620328349,1.037049816,0.321489759,0.395916001,0.378588508,-0.240779974,0.067735081,-0.886744623,0.798974093,-1.219853483,0.865237207,0.628987632,0.928026366,0.228725413,0.517074343,-0.022497984,0.295561726,0.777319209,0.647250896,-0.132538478,-0.186709579,-0.349721012,0.766155079,-0.018917981,1.309840018,0.080474196,-0.243017289,1.014938176,0.224155131,-0.335830943,0.331020655,1.064767094,0.588844893,0.261411619,1.940031617,-0.208917649,0.69673724,-0.221960739,-3.23214749,1.354202316,-0.47179746,-0.915137588,0.438141716,0.851724355,-0.298917267,0.3926065,0.658639405,0.059063166,0.020629607,0.275686967,0.35029336,-0.649381179,0.765584354,-0.806503736,-0.709337005,-0.271300028,0.627734632,0.250596271,-3.674473152,0.424375996,-0.724478111,0.047808033,3.043991103,-0.35441808,0.425507964,-0.231226553,-0.741335252,-1.590081177,0.147044448,0.904271588,-0.080944536,-2.447339256,0.299250644,-0.772635481,0.419099107,-1.293829154,-0.940895273,0.162389697,-0.865398256,0.39932009,-1.68088728,-0.341759475,-0.502985466,0.935462866,-0.68727535,0.764589733,0.197367225,0.521469416,0.063568294,0.2662687,0.045037943,-0.339082795,0.177389241,1.494381257,0.453137779,-0.562987631,-1.071927773,-0.138891111,0.451560677,1.848552495,0.201138689,1.148073928,-0.681396151,-0.088069651,0.611980831,0.023811215,-0.699812382,-0.408728233,0.572333428,1.272155932,-0.405121147,-0.101734422,-1.357172659,0.8521868,0.733008048,1.182262888,0.698786623,1.583639221,1.134826712,-0.12471001,0.784232447,0.833933746,0.227642039,1.148788772,0.508793921,-1.055974048,-1.993245868,-0.220532513,-1.119814755,2.786715064,-3.506438752,-1.461510997,-0.131030061,0.055960761,-0.098239413,0.81339167,-0.653623706,0.431911084,-1.196416565,0.900011122,0.801914869,0.732924332,1.006641476,0.231139589,0.674249274,-0.582609017,-0.124674193,-0.007674632,0.582915493,0.923479966,1.12351886,0.531132375,-0.280750921,-0.370374113,-0.604109176,0.023712922,-0.899001178,0.068744427
hsa.mir.362.2,-0.971559743,0.142322844,0.847235912,-0.418094253,0.060072777,0.848869366,-0.947427385,1.241658624,1.715941344,0.00573777,1.565829091,-0.923674977,-0.774752043,-1.03095403,0.26641869,-1.786877769,0.171217175,0.850888662,0.126073118,-0.321977126,1.632691294,-1.305304297,-0.173767069,0.889421005,1.395519379,0.407907817,-0.764653937,-0.251744961,-1.30546972,1.402056633,-0.392664717,0.523818806,0.123842286,0.291577587,-1.611809822,-1.402013706,-2.010713269,-1.478224183,0.243283761,2.636577347,0.42254405,0.655795481,-1.160988717,-0.113201536,0.735770885,-1.811834721,1.368149153,-1.106350575,-1.187201952,-0.188346687,0.345621175,1.567081529,-0.390484578,-1.127745461,-0.031292975,-1.80407907,-0.204210363,0.052028063,-2.262681529,1.374211431,-0.591381803,-0.608579658,-0.364929584,-0.261295779,0.199095324,-0.745594797,-0.776806525,2.015164436,-0.213887786,1.646089553,-1.471439532,-1.023732947,0.280849104,-0.226203855,-0.592399433,0.148105474,-0.56030149,-0.791103744,-0.310928624,-0.34841221,-0.885039493,-1.43253178,0.283220316,-0.177498843,0.329943426,-0.853892311,0.567697076,-2.022862483,0.365712188,-0.993870724,0.174122428,0.835965976,-0.453953782,-0.645644618,0.371159728,-0.417155267,0.698618936,1.00481983,0.207658966,0.828369694,1.374497061,-0.059852389,-1.540905866,2.817937369,-0.712193498,-0.365187554,-0.26112518,-0.266000377,-1.468644006,0.905305708,0.479950714,1.06799238,-0.937595698,-0.72720296,1.496259889,2.019212714,-0.338854742,-1.290879706,2.895003168,0.417640854,0.174525252,-0.659498851,-0.106523275,-1.073165261,0.63161423,-0.045129797,-0.505931006,-2.175280857,-1.988096495,-0.743728404,0.030593483,-1.537258791,-1.257790794,0.655830187,-1.160080431,-1.497544226,-1.704634567,0.107230132,0.161908206,0.29005885,-0.156466332,-0.479697792,0.955046966,0.461026255,-0.235621738,-0.66685677,0.093047599,0.041170637,0.297434961,-0.916896038,1.224695788,-0.139205476,-1.15545695,1.218597327,-0.375148866,-0.028901238,0.084100026,1.828530635,1.147421435,0.689641842,0.439364714,-1.222531653,0.717671514,-0.400986707,-0.419164716,-0.180260253,1.075097318,1.387137072,-0.436304231,0.35901212,0.390382746,-1.160144464,0.408617968,1.450847202,-0.520098154,-0.842291789,0.511187958,-0.628974713,0.527733348,0.474152995,0.412911123,-0.007296743,-1.174890973,2.728340536,1.002316455,-1.051785321,-1.641018468,-1.839369519,-0.341167375,0.382744591,-0.974356353,-1.247935899,-0.07242669,1.894205288,-0.355806894,0.844381979,-1.246394589,0.219271001,-0.592530084,2.933764148,-0.654670014,-0.795844679,0.20312474,-0.561011636,-0.811569632,-0.186536575,-1.640468503,0.108583079,0.813874091,0.03852946,-0.210180689,-0.086151841,-0.939887095,-1.212916257,0.568497021,-1.366146925,-0.460675165,-0.755882268,-0.10284304,0.388640944,0.623696924,0.298140367,-0.09013472,0.549902038,-0.840623104,1.21617765,0.903301264,0.651908473,-0.369980696,-0.336097751,1.702389815,-1.405765579,-1.056870269,1.53306331,-0.842381645,1.169449682,1.063066111,0.063010508,-1.803094492,-1.489081554,-0.331915476,-0.205385514,-0.919249164,0.019012561,-3.000197563,0.368358878,0.267200682,0.699382009,-0.092992772,0.032121667,-1.201013174,1.742296234,0.748093387,0.129411643,1.356637802,0.872151083,1.432880883,0.916784062,-0.783558833,1.925668008,-1.015115742,-0.818923982,1.04774715,-0.639163479,0.148540775,-0.558130324,-1.247062696,-1.425436762,-0.972261141,1.674733957,0.56029248,-0.611825402,2.384892197,-0.472863236,0.565974838,1.968995889,1.222515192,-0.915676031,-0.552001991,-0.455070719,0.094131643,-0.161688094,-0.563480871,0.286998529
hsa.mir.362.3,0.0,0.0,0.0,0.0,0.0,0.0,0.0,0.0,0.0,0.0,0.0,0.0,0.0,0.0,0.0,0.0,0.0,0.0,0.0,0.0,0.0,0.0,0.0,0.0,0.0,0.0,0.0,0.0,0.0,0.0,0.0,0.0,0.0,0.0,0.0,0.0,0.0,0.0,0.0,0.0,0.0,0.0,0.0,0.0,0.0,0.0,0.0,0.0,0.0,0.0,0.0,0.0,0.0,0.0,0.0,0.0,0.0,0.0,0.0,0.0,0.0,0.0,0.0,0.0,0.0,0.0,0.0,0.0,0.0,0.0,0.0,0.0,0.0,0.0,0.0,0.0,0.0,0.0,0.0,0.0,0.0,0.0,0.0,0.0,0.0,0.0,0.0,0.0,0.0,0.0,0.0,0.0,0.0,0.0,0.0,0.0,0.0,0.0,0.0,0.0,0.0,0.0,0.0,0.0,0.0,0.0,0.0,0.0,0.0,0.0,0.0,0.0,0.0,0.0,0.0,0.0,0.0,0.0,0.0,0.0,0.0,0.0,0.0,0.0,0.0,0.0,0.0,0.0,0.0,0.0,0.0,0.0,0.0,0.0,0.0,0.0,0.0,0.0,0.0,0.0,0.0,0.0,0.0,0.0,0.0,0.0,0.0,0.0,0.0,0.0,0.0,0.0,0.0,0.0,0.0,0.0,0.0,0.0,0.0,0.0,0.0,0.0,0.0,0.0,0.0,0.0,0.0,0.0,0.0,0.0,0.0,0.0,0.0,0.0,0.0,0.0,0.0,0.0,0.0,0.0,0.0,0.0,0.0,0.0,0.0,0.0,0.0,0.0,0.0,0.0,0.0,0.0,0.0,0.0,0.0,0.0,0.0,0.0,0.0,0.0,0.0,0.0,0.0,0.0,0.0,0.0,0.0,0.0,0.0,0.0,0.0,0.0,0.0,0.0,0.0,0.0,0.0,0.0,0.0,0.0,0.0,0.0,0.0,0.0,0.0,0.0,0.0,0.0,0.0,0.0,0.0,0.0,0.0,0.0,0.0,0.0,0.0,0.0,0.0,0.0,0.0,0.0,0.0,0.0,0.0,0.0,0.0,0.0,0.0,0.0,0.0,0.0,0.0,0.0,0.0,0.0,0.0,0.0,0.0,0.0,0.0,0.0,0.0,0.0,0.0,0.0,0.0,0.0,0.0,0.0,0.0,0.0,0.0,0.0,0.0,0.0,0.0,0.0,0.0,0.0,0.0,0.0,0.0,0.0
hsa.mir.264,0.0,0.0,0.0,0.0,0.0,0.0,0.0,0.0,0.0,0.0,0.0,0.0,0.0,0.0,0.0,0.0,0.0,0.0,0.0,0.0,0.0,0.0,0.0,0.0,0.0,0.0,0.0,0.0,0.0,0.0,0.0,0.0,0.0,0.0,0.0,0.0,0.0,0.0,0.0,0.0,0.0,0.0,0.0,0.0,0.0,0.0,0.0,0.0,0.0,0.0,0.0,0.0,0.0,0.0,0.0,0.0,0.0,0.0,0.0,0.0,0.0,0.0,0.0,0.0,0.0,0.0,0.0,0.0,0.0,0.0,0.0,0.0,0.0,0.0,0.0,0.0,0.0,0.0,0.0,0.0,0.0,0.0,0.0,0.0,0.0,0.0,0.0,0.0,0.0,0.0,0.0,0.0,0.0,0.0,0.0,0.0,0.0,0.0,0.0,0.0,0.0,0.0,0.0,0.0,0.0,0.0,0.0,0.0,0.0,0.0,0.0,0.0,0.0,0.0,0.0,0.0,0.0,0.0,0.0,0.0,0.0,0.0,0.0,0.0,0.0,0.0,0.0,0.0,0.0,0.0,0.0,0.0,0.0,0.0,0.0,0.0,0.0,0.0,0.0,0.0,0.0,0.0,0.0,0.0,0.0,0.0,0.0,0.0,0.0,0.0,0.0,0.0,0.0,0.0,0.0,0.0,0.0,0.0,0.0,0.0,0.0,0.0,0.0,0.0,0.0,0.0,0.0,0.0,0.0,0.0,0.0,0.0,0.0,0.0,0.0,0.0,0.0,0.0,0.0,0.0,0.0,0.0,0.0,0.0,0.0,0.0,0.0,0.0,0.0,0.0,0.0,0.0,0.0,0.0,0.0,0.0,0.0,0.0,0.0,0.0,0.0,0.0,0.0,0.0,0.0,0.0,0.0,0.0,0.0,0.0,0.0,0.0,0.0,0.0,0.0,0.0,0.0,0.0,0.0,0.0,0.0,0.0,0.0,0.0,0.0,0.0,0.0,0.0,0.0,0.0,0.0,0.0,0.0,0.0,0.0,0.0,0.0,0.0,0.0,0.0,0.0,0.0,0.0,0.0,0.0,0.0,0.0,0.0,0.0,0.0,0.0,0.0,0.0,0.0,0.0,0.0,0.0,0.0,0.0,0.0,0.0,0.0,0.0,0.0,0.0,0.0,0.0,0.0,0.0,0.0,0.0,0.0,0.0,0.0,0.0,0.0,0.0,0.0,0.0,0.0,0.0,0.0,0.0,0.0
hsa.mir.195,-0.312696937,1.417164912,-0.38436307,1.380941862,0.977307189,0.283186998,-1.742122768,-0.894494279,1.08367315,0.52363037,1.253563291,0.295442621,1.501808421,0.90196939,0.841204652,1.062542312,0.139462342,0.747387074,0.585919474,-0.390046558,0.07565401,-1.578633317,0.382835192,0.954349662,1.705345777,0.725592833,1.704945135,0.463768871,-0.37197773,-0.249585813,-0.005349393,0.472787846,0.948988405,0.465927565,-1.926163135,-0.51292106,0.633198368,-1.24010277,1.002939504,-0.256813684,0.64835991,-0.750382779,-0.362174011,0.12083188,-0.016802268,0.473316753,0.724726478,-2.506457407,1.524749686,-1.036083287,-0.374868832,-1.409491299,-0.265553374,0.88477371,1.301823997,0.763937429,-1.105625808,1.130979654,-1.391091649,0.054996182,1.80265339,-1.234056708,0.425569603,0.372808132,0.881329444,0.480367431,-1.525166508,0.944252804,0.675445691,0.512854023,1.537581841,-1.238119275,0.101384663,0.323218301,-0.748895297,-1.034683938,0.49973124,-1.040378813,2.167018171,-1.468994078,0.864080405,-1.001125309,-1.012807017,0.941370388,0.815913402,-1.439152261,-0.839861213,0.271419801,-0.084674245,-2.51715894,0.158934267,0.053445973,-0.706598562,1.435909174,0.99017722,1.863656605,0.057834887,0.613541222,-0.392955676,1.04871853,-0.463652475,-0.20147625,0.103986121,1.521863417,1.517679854,0.780172592,0.595418534,0.691628706,-2.08265659,0.927622061,1.103481927,0.381393448,-2.375043678,-1.055011985,1.30734407,-0.960045222,0.144735199,0.843619879,-1.185686304,0.508660193,1.387504869,-0.212932118,-0.712965503,-0.017656841,-0.696120108,0.888688626,-1.254489448,0.273815408,-0.071611148,-1.153071555,0.109168338,0.379751724,1.380414947,-1.445178083,-0.01023062,-0.256528744,-0.764732675,0.531545251,-0.40388773,-1.359061782,0.758912859,-1.442141095,0.313818278,-2.427853166,-0.724486478,0.110025297,1.06462753,0.424367357,0.749492429,-0.778476313,-1.30145145,0.859590244,-1.901597634,-1.553114527,-1.382719959,-0.350088347,0.275517529,0.458083294,0.547807743,0.214771432,0.507851757,-0.630791544,0.305590773,-1.226862669,-0.471654846,-0.461305847,0.356181688,0.173009083,-0.138342412,0.110759099,0.161181211,-1.910058359,-0.255950936,0.652896162,-0.847448717,0.286978538,-0.018965268,1.33116022,-0.030374087,-1.3685349,0.138238537,-0.441659453,1.468115831,0.740089266,-0.383035218,0.513822486,-0.565995904,-0.219053739,0.591650258,-0.227670074,0.385570036,-2.198596279,0.104560184,0.038264824,-0.448389036,0.751530963,0.09959999,0.841027259,1.392221881,1.071819362,-1.190262426,1.265363753,0.005357983,-0.09033539,0.634490518,-0.782581832,0.356416041,0.237244018,-1.547993442,-1.229877574,-0.424014669,0.366649854,-1.469044683,-2.39949247,0.82156748,0.326100115,0.757290378,-1.44896508,-0.490070122,-2.055257905,-0.919754841,-0.131187288,-0.195755899,1.217479545,0.358524764,-0.670093656,0.843248237,-1.415897692,0.438129896,-0.515247994,-0.881756014,0.786282046,-0.123779581,1.368359971,-1.905955531,-1.004416472,0.381416176,-1.16374839,0.128065574,1.265422563,-0.655942452,-0.573362123,1.481451465,-0.857702927,-3.194428091,-2.526085789,0.676417083,-1.834056209,0.584797329,0.124796054,-0.90199074,-2.819752654,0.240571599,0.897064126,1.406935297,-1.890075728,1.135221807,-0.211126132,1.081952096,1.131341974,1.164288797,0.679474348,0.365895741,0.949887663,0.896797729,-0.962249265,-2.90319975,-0.680356867,-0.163411414,0.422834162,1.481363611,1.46310746,-0.427580745,-0.49876534,-1.108542534,0.481326772,-0.483265656,0.742711212,-1.398794795,-0.632325041,0.178406467,0.292739869,-1.038814437,0.125957585
hsa.mir.4662a,0.872140929,-0.271491887,0.44888464,0.314808975,0.99102335,-1.459685272,0.028083349,-2.181631181,1.20975522,1.884291311,-0.305993762,1.044203495,1.688841456,-0.034059495,-1.213927031,-1.520641153,1.440191099,-0.290274156,-0.785166591,-1.459652027,0.044033985,0.935476362,0.26976306,0.441881822,1.025127779,-1.438668001,1.23448288,0.409784059,0.177265222,-0.35390028,1.112554206,0.952552813,-0.322368469,1.737301819,0.749135975,1.000667543,-0.064671827,0.090931009,1.214410859,0.391165336,-0.513193093,1.286044922,0.937383183,1.359581187,0.516302206,-0.76931992,0.04658376,1.72407378,2.480047262,-0.763733897,-0.406813639,1.018876851,0.078988836,1.195278246,-0.691892313,-0.146834715,-0.496744772,0.270956194,1.137402813,0.382166832,0.504481956,-0.550192368,-1.656260035,-0.329806566,-0.486601287,0.323242934,-0.571136947,1.57371132,0.420843076,0.841912556,-0.249682148,0.066584299,-0.560698233,-0.206832786,-1.01071157,0.510724886,-1.068535535,1.372541644,-0.044523551,0.65442358,0.938393919,0.607224523,1.104768769,0.052356141,2.240336243,0.172443503,-0.637565091,1.570515927,-0.036869579,1.13720949,0.27269042,0.422329309,1.227107144,-0.187668276,-1.839266482,-0.439209181,-0.042156693,0.403455202,0.47438489,0.518947271,-0.61468092,0.595674785,0.1450836,1.434357647,0.365815737,-0.32020783,-0.926326163,-1.002275209,-0.792981711,-0.789121234,0.030100427,-0.400144535,-0.157225932,-1.418727776,-0.342793888,-0.454160831,-1.40540232,1.277205374,1.105273031,-0.211213411,0.675238031,-0.066944105,0.174921124,-0.996549854,-2.829351953,0.049722314,-0.628840816,-1.6658241,0.027606839,-1.023500706,-1.129665551,-1.144467383,-0.950282686,-0.443608807,0.652667687,0.671508719,-0.7549853,-1.04745568,-2.014676567,1.112055999,0.607441775,-0.437797363,0.325343716,1.894859413,-1.709645005,0.43110591,-0.638345656,-0.044614964,-0.740540047,0.767366397,-0.01619949,0.949137471,-0.261156297,-0.560159742,0.420271723,-0.099354963,-0.228130694,1.036031179,-0.674763282,0.882918897,-0.671374669,-0.583599552,-0.137202272,0.323221367,-1.162616139,-0.602856847,-0.014269063,-0.485023414,-0.173874725,-0.840542497,0.107825738,-0.462705541,-1.644486132,-0.864995891,0.308764075,-0.840863467,-2.013542589,1.212781287,-0.814250229,0.51368514,0.25593778,0.069771618,-1.25105705,0.582322566,0.53696023,1.092505152,0.835950675,0.661343348,-1.377388986,-0.901656179,1.116186867,-0.287518286,0.561003417,0.9909202,0.258427118,-0.083918822,-0.121899076,-1.092947088,-1.953270821,-0.946529816,-2.17715605,0.178432136,1.104385413,-1.42028347,-1.508961051,-0.041368342,0.938736068,0.634260038,-0.51423797,-1.23286883,2.230823451,0.258729353,-2.780171883,-1.399264525,-1.440943342,-0.428805496,-0.414288327,-0.134322512,-0.219085268,0.08105636,1.042740818,-1.077949854,-0.294427873,0.887315248,0.213647222,-0.510588638,0.294110496,0.972443326,0.987231614,-0.092665734,1.283144246,0.039605019,0.876571104,0.701296487,0.12674945,-0.71848615,-0.408498562,-0.154674538,0.561592882,-1.419331108,-0.419603294,-2.054811253,-0.931804661,-0.268022702,-0.943360091,-0.493683574,-2.100201583,0.248351214,-1.069895806,-0.696814821,0.090063797,0.244425423,0.82420138,-0.676019525,0.347744545,0.084994149,1.569617582,1.001253926,0.593226564,-0.168344727,-0.60313141,-0.17483757,-1.051430796,-0.903670406,-0.741965552,-0.392785333,-0.559117178,-0.329882025,-4.47696719,-0.038868015,-1.030370256,-1.428518989,-0.924573552,-1.446093885,-0.044616364,0.666241841,-0.863302275,0.310494593,-0.498695629,-1.388783369,-1.725657126,-1.085028693,-0.637397851,-0.383187956
hsa.mir.205,1.521776516,0.675668249,1.542415817,0.311824325,0.33308605,-0.578170185,1.461211496,0.572615302,0.744458617,-0.711167103,-1.007331507,-0.288267502,1.361996998,1.054071832,0.22152798,0.24283225,-0.294045407,0.233313345,0.210943323,-0.635499832,-0.972267188,-0.811120866,-0.445822538,1.130480849,1.556145836,-0.21930778,0.381357994,0.552108075,0.741604562,1.325009064,0.822481663,0.137665061,0.936437221,1.265128542,0.923059734,0.678786372,0.138059733,0.983148319,0.927464469,0.573274912,-1.101063473,0.360078278,0.302177384,-0.403146598,0.990029584,-0.1344474,-0.893276365,-0.46644064,-0.443404209,-1.533755675,0.910803595,1.409762494,0.486810257,1.671791507,-1.131048766,0.684624198,-1.674896183,-0.60879484,0.237070349,0.351135106,-1.174481553,-0.489180049,-0.293821732,1.165601375,0.475065193,1.040036312,0.545374958,0.424981356,0.041996226,0.01975613,0.35251338,0.062517179,-1.042300052,-1.124628385,-1.142723012,0.822061496,-0.648232271,1.721513941,-0.439828746,-0.130173522,-0.181180799,0.114387798,-0.103418283,-0.598972072,0.296645649,0.005740484,-1.148241348,0.718156054,0.195623957,-1.000598785,0.710064418,-0.52929733,-0.421782841,0.061589375,-0.454964633,-0.002407617,-1.955726143,-0.089742659,-0.094992658,-0.213259208,-1.083069236,-0.333491431,-0.934044524,-0.450165501,-0.004786034,-1.041706658,-0.89571551,-0.554448378,-0.710267717,-1.249084551,-1.612572651,-1.267436342,-1.021328077,-0.758657562,-1.256781326,-0.51148444,-0.950777784,-0.916508953,-1.402640785,-0.863392262,-0.708597557,-1.300750066,-0.575146877,-0.62227493,-0.808140554,0.796232415,0.78800033,-1.297198613,0.365957122,-0.261853869,-0.988445154,0.14540057,0.81174252,-0.497443237,-0.149048671,0.185818492,-1.022577236,0.297025143,0.591545885,-0.588049927,-0.767056639,-0.286633195,-0.520175732,-1.466613277,-1.3564724,0.189083777,-0.217967801,-0.371594678,-0.694574226,-1.643772708,-0.785030331,-0.823306045,-0.271859413,-1.284205903,0.091443137,-0.802356772,-1.393038592,-0.9675174,-0.686028443,-0.352779342,-1.931946266,0.846337171,-0.720631233,-0.050458639,-0.759998574,-0.244240152,-0.769277401,-1.0547053,-0.829204102,0.033001514,0.115246679,-0.46882174,-0.587571133,-1.650904883,-0.035657549,-0.128457313,-0.115520378,0.962049678,-0.587435178,-0.575059389,-0.148977411,-0.970114815,-0.620270516,-1.672528127,-2.105909985,-1.237464673,-1.176298724,-1.229224846,-0.867737414,-1.820299919,-0.566837995,-1.296804502,-1.105211953,0.065971007,-1.57919141,-1.095238864,0.265862679,-1.045652738,-1.394321976,-0.596665084,-1.895248774,-2.064719842,-1.142824646,1.472101012,-0.39644897,-0.425785556,-0.312503765,0.138395268,-0.536814374,0.897991358,0.562858277,2.074629913,0.296272792,-0.67809723,0.628781294,-0.460940131,0.203547665,-1.284234707,-0.578323863,-1.862990324,-0.795640285,-1.912709967,-0.626110504,-0.647258716,-0.194259734,-0.880646146,0.060858601,-0.593296091,-0.363001666,-1.590171933,0.315864964,-0.433537146,-0.279046459,-0.746420617,-0.472516373,-1.031209414,-1.016537777,0.117176763,1.19433942,-0.455200259,-0.965711431,-0.49259058,1.374549933,-0.952742037,-0.26450255,-1.421593961,-0.222454886,0.953343617,-0.954932814,-1.106168806,0.043398861,0.397246786,-0.653311032,-0.600226557,-1.643406502,-0.758255519,-2.058297022,0.818825391,-0.984378296,-0.288277983,-1.894122717,-0.312685053,-0.035312974,-0.895642222,-0.401832023,-0.368837213,-1.069976609,0.461505315,0.014275088,-0.372566397,-0.904935154,-0.127559646,0.553728649,-0.577374246,-0.816658356,-0.814666282,-1.045046364,-0.649346678,-0.550137116,-1.307068437,-0.168310962,0.635273647,-1.45262113,-0.138408824
hsa.mir.370,-0.887267268,0.082183166,0.333357403,-0.122577082,0.852509032,-1.604590096,-0.962173196,-0.674077739,-0.191722779,-0.321543204,0.211867099,0.579506369,0.083143187,-1.136661527,0.79750256,-2.118486628,0.08730971,0.370044912,1.030674693,0.902714879,0.170248974,0.83145766,2.804687348,0.032615081,0.532523929,-0.485553289,0.639360306,-0.663569832,-1.403876613,-0.999447834,0.550220567,0.764130207,-0.914655564,-0.2111644,-0.668836674,0.317979004,-0.362113172,-1.12500735,-0.618047286,-0.343601021,-1.069655966,-1.684748035,0.677829033,-0.418669709,-0.860027683,0.991704901,-0.417383477,0.182113792,-0.301708563,0.239870889,0.10661359,-1.31307147,-0.86214283,-0.132799121,-0.749221658,0.285108707,0.078140388,0.61506348,0.118244194,-0.350634247,0.659517342,0.251502283,1.232947904,1.320845579,1.340110989,0.839616116,-0.556106008,-0.67703016,-2.785414046,-1.420463668,0.122436594,-3.516003635,-0.536139758,-0.545891397,-1.532925839,-0.293521988,-0.475390987,0.633483794,0.311680973,0.241305028,-0.871237615,-0.598657023,-1.458905843,-0.944221419,0.561496333,0.357567337,-0.978129649,0.492710751,-1.161982212,-1.69861051,-0.790654717,-1.54623852,-1.088052264,0.337901322,0.217425405,-0.913721698,-0.136077972,-1.155013449,-1.390149343,-0.051213407,0.374049904,-1.384764195,-1.090400901,-1.42786723,-0.813244331,0.067772405,-1.783672298,-0.003586752,-0.975360684,0.960751917,-0.123031161,-1.265657729,-1.025162702,1.504010599,0.105560601,-1.244387766,-0.551980232,1.050980235,-1.463645617,-1.214496906,-0.165616578,1.322447593,-0.846316937,0.974935667,1.707946317,1.479327807,2.142128611,0.082541888,1.088836791,-0.374224277,0.85478005,0.22554665,0.444157181,0.247702552,-0.796749051,0.704008886,1.273750715,-0.586243038,-1.001719017,-0.368010354,0.976932946,0.350226335,-1.71767407,0.786049782,-0.527011795,0.998209088,-0.213469336,-1.420740169,0.895000271,-0.690705016,-1.556974462,0.664776419,-0.452336477,-1.112976852,-0.979379463,0.262386578,-1.45626016,-0.572932339,-1.868475541,-0.984523548,-1.127335619,0.441693044,-1.346710371,1.063531092,0.695158122,0.566704485,-0.379959692,0.909778079,-1.328302634,0.113471183,-1.03773825,-1.38875679,-1.545076613,-1.24706604,-1.420436021,-1.787649088,-1.470058332,-0.084327933,0.073161048,0.91266856,0.255849687,0.294983136,-0.095888021,0.000288771,-0.400408094,0.333761736,0.600829338,-0.207596653,-0.103490829,2.508252045,-0.470022078,0.387388839,1.415049387,0.12996422,-1.512549667,-0.204134545,0.539544969,1.430978881,-0.664020547,0.291386176,-0.889468073,0.841738349,0.552334989,0.254283852,2.547530565,-1.268678767,-0.970152488,-0.178805431,0.443387974,-0.750446976,1.357342946,1.370176811,0.300104286,1.545645282,0.866817896,1.001681318,1.836108438,0.406612989,1.4537615,-0.369553625,-1.508696227,2.189246172,-1.523644408,0.410424943,-0.50331331,-0.807862556,0.683921771,-2.339195701,-0.745939344,-1.256667905,0.640560115,0.209575674,0.682191439,-0.636833505,1.090830855,0.685496938,1.537297215,-2.186258753,-1.015647825,-0.449474264,-0.019460114,-1.793055555,-1.685450782,-1.994040904,0.820404643,-0.161409423,-0.892338759,1.883106621,0.474152475,-0.2645152,-0.478626522,0.494877494,-0.482353893,1.344142162,0.252838462,-1.975136421,-0.273324486,0.407385013,-0.745901241,0.647171677,-0.008164171,1.69578604,1.833508284,0.888411521,2.01345748,0.823109379,0.890689636,2.035192925,1.183548766,2.664477443,0.658261568,-1.209981892,0.347994665,0.48345839,1.673889011,0.517683789,1.072244475,1.226791557,-0.035778785,0.892454581,-0.383278841,1.148077652,1.571132287,1.45382847
hsa.mir.370.1,0.0,0.0,0.0,0.0,0.0,0.0,0.0,0.0,0.0,0.0,0.0,0.0,0.0,0.0,0.0,0.0,0.0,0.0,0.0,0.0,0.0,0.0,0.0,0.0,0.0,0.0,0.0,0.0,0.0,0.0,0.0,0.0,0.0,0.0,0.0,0.0,0.0,0.0,0.0,0.0,0.0,0.0,0.0,0.0,0.0,0.0,0.0,0.0,0.0,0.0,0.0,0.0,0.0,0.0,0.0,0.0,0.0,0.0,0.0,0.0,0.0,0.0,0.0,0.0,0.0,0.0,0.0,0.0,0.0,0.0,0.0,0.0,0.0,0.0,0.0,0.0,0.0,0.0,0.0,0.0,0.0,0.0,0.0,0.0,0.0,0.0,0.0,0.0,0.0,0.0,0.0,0.0,0.0,0.0,0.0,0.0,0.0,0.0,0.0,0.0,0.0,0.0,0.0,0.0,0.0,0.0,0.0,0.0,0.0,0.0,0.0,0.0,0.0,0.0,0.0,0.0,0.0,0.0,0.0,0.0,0.0,0.0,0.0,0.0,0.0,0.0,0.0,0.0,0.0,0.0,0.0,0.0,0.0,0.0,0.0,0.0,0.0,0.0,0.0,0.0,0.0,0.0,0.0,0.0,0.0,0.0,0.0,0.0,0.0,0.0,0.0,0.0,0.0,0.0,0.0,0.0,0.0,0.0,0.0,0.0,0.0,0.0,0.0,0.0,0.0,0.0,0.0,0.0,0.0,0.0,0.0,0.0,0.0,0.0,0.0,0.0,0.0,0.0,0.0,0.0,0.0,0.0,0.0,0.0,0.0,0.0,0.0,0.0,0.0,0.0,0.0,0.0,0.0,0.0,0.0,0.0,0.0,0.0,0.0,0.0,0.0,0.0,0.0,0.0,0.0,0.0,0.0,0.0,0.0,0.0,0.0,0.0,0.0,0.0,0.0,0.0,0.0,0.0,0.0,0.0,0.0,0.0,0.0,0.0,0.0,0.0,0.0,0.0,0.0,0.0,0.0,0.0,0.0,0.0,0.0,0.0,0.0,0.0,0.0,0.0,0.0,0.0,0.0,0.0,0.0,0.0,0.0,0.0,0.0,0.0,0.0,0.0,0.0,0.0,0.0,0.0,0.0,0.0,0.0,0.0,0.0,0.0,0.0,0.0,0.0,0.0,0.0,0.0,0.0,0.0,0.0,0.0,0.0,0.0,0.0,0.0,0.0,0.0,0.0,0.0,0.0,0.0,0.0,0.0
hsa.mir.106,0.0,0.0,0.0,0.0,0.0,0.0,0.0,0.0,0.0,0.0,0.0,0.0,0.0,0.0,0.0,0.0,0.0,0.0,0.0,0.0,0.0,0.0,0.0,0.0,0.0,0.0,0.0,0.0,0.0,0.0,0.0,0.0,0.0,0.0,0.0,0.0,0.0,0.0,0.0,0.0,0.0,0.0,0.0,0.0,0.0,0.0,0.0,0.0,0.0,0.0,0.0,0.0,0.0,0.0,0.0,0.0,0.0,0.0,0.0,0.0,0.0,0.0,0.0,0.0,0.0,0.0,0.0,0.0,0.0,0.0,0.0,0.0,0.0,0.0,0.0,0.0,0.0,0.0,0.0,0.0,0.0,0.0,0.0,0.0,0.0,0.0,0.0,0.0,0.0,0.0,0.0,0.0,0.0,0.0,0.0,0.0,0.0,0.0,0.0,0.0,0.0,0.0,0.0,0.0,0.0,0.0,0.0,0.0,0.0,0.0,0.0,0.0,0.0,0.0,0.0,0.0,0.0,0.0,0.0,0.0,0.0,0.0,0.0,0.0,0.0,0.0,0.0,0.0,0.0,0.0,0.0,0.0,0.0,0.0,0.0,0.0,0.0,0.0,0.0,0.0,0.0,0.0,0.0,0.0,0.0,0.0,0.0,0.0,0.0,0.0,0.0,0.0,0.0,0.0,0.0,0.0,0.0,0.0,0.0,0.0,0.0,0.0,0.0,0.0,0.0,0.0,0.0,0.0,0.0,0.0,0.0,0.0,0.0,0.0,0.0,0.0,0.0,0.0,0.0,0.0,0.0,0.0,0.0,0.0,0.0,0.0,0.0,0.0,0.0,0.0,0.0,0.0,0.0,0.0,0.0,0.0,0.0,0.0,0.0,0.0,0.0,0.0,0.0,0.0,0.0,0.0,0.0,0.0,0.0,0.0,0.0,0.0,0.0,0.0,0.0,0.0,0.0,0.0,0.0,0.0,0.0,0.0,0.0,0.0,0.0,0.0,0.0,0.0,0.0,0.0,0.0,0.0,0.0,0.0,0.0,0.0,0.0,0.0,0.0,0.0,0.0,0.0,0.0,0.0,0.0,0.0,0.0,0.0,0.0,0.0,0.0,0.0,0.0,0.0,0.0,0.0,0.0,0.0,0.0,0.0,0.0,0.0,0.0,0.0,0.0,0.0,0.0,0.0,0.0,0.0,0.0,0.0,0.0,0.0,0.0,0.0,0.0,0.0,0.0,0.0,0.0,0.0,0.0,0.0
hsa.mir.483,0.790693453,0.585256568,0.615165992,1.676681998,2.14876427,-2.445186825,-1.515759515,-2.345998058,0.206211237,0.532054101,-0.18421684,0.371842809,0.245901774,-0.658754343,0.349564855,-3.303819597,0.667090226,2.20876279,-0.446036764,0.818720038,-0.586578414,-0.395320737,0.286772354,0.575987989,-1.33100437,-1.820952656,1.455408137,-0.411762621,-0.306819864,-0.637538971,-0.68120244,0.572136292,-0.564759324,0.933958214,1.838536093,0.541801429,1.047514723,-0.036513793,1.710534954,1.127285733,-0.327908985,-0.87848614,0.803783793,0.521032087,0.934314218,-0.26354178,1.806234454,2.399439382,-3.152515901,-0.964490543,0.946511819,0.552894732,-0.32678627,-0.276749666,-2.85548694,-0.691700447,-1.243989671,0.944181146,0.168254443,0.135089076,2.075033495,1.589856672,0.24605428,0.156370107,-0.39822733,-0.198659319,1.045327162,1.944166736,-0.609537904,-0.001508134,-1.72442926,0.463050455,1.430624705,-0.060758906,-0.544544086,0.374439327,0.626121708,0.231144679,-0.364631776,0.598479308,0.370767446,0.148474654,-0.889812692,0.195249145,1.956641208,-0.620952686,0.045822122,-3.426312899,0.423487733,-1.164389971,0.00691855,-0.488752549,-0.15394902,1.014162692,0.184055887,-0.649913566,0.077387514,-1.080945203,-0.334614198,1.113606664,0.50040249,-0.73771273,0.929606998,0.292537721,0.42861223,-0.679164278,-2.055008126,0.502634358,-0.384370672,-0.202361801,-0.122432516,-0.367325991,-0.19299226,0.151445621,-0.303900426,0.620986523,0.274374525,-0.447366524,1.452706336,0.948881062,-0.9986583,1.71258366,-2.033173932,0.238292325,-0.201539751,0.684406757,0.442331238,-2.358905433,0.656894925,-1.136933984,-0.573910436,-0.228663101,-0.31731045,-0.331261535,-0.950297209,-0.153939548,0.078434754,-0.518281093,-1.087356772,-0.039242076,0.295487202,0.852314336,-1.295214823,0.408107279,-0.99163623,0.603385013,-0.134815871,-0.133970131,-0.020023191,0.263490001,-0.534499886,1.389364595,0.095021679,-0.178521878,-0.348750174,0.2864102,-1.083550383,0.552151772,-1.518502258,-0.878198731,-0.800724882,0.836673714,0.115233136,-0.259944463,-0.336847569,-0.731615808,-0.408306227,0.294277697,0.001682194,-0.501670492,1.675939454,-0.773469673,-1.962004589,-1.435234018,-0.421963594,-0.739716475,-0.887376187,0.457189084,0.069548395,-0.176906387,0.406533271,0.179028023,1.046313846,0.412225994,-0.700060555,1.644520916,0.555963741,0.917624159,0.151445603,-1.082947897,-0.249064516,0.179831883,-2.942794877,0.62389057,-0.656859678,-0.770234054,-0.038454948,0.053928339,-0.32884753,0.219130999,-0.876623044,0.794449678,0.369896091,-1.087601791,0.999467245,-0.046923196,-1.051449723,-0.684184282,1.391540272,0.820486517,0.408025253,0.201629012,-0.886155361,-0.465714185,-1.123640221,1.22723351,-0.592857624,-0.415388636,0.535912961,-0.338550308,-1.43020491,-1.035677137,-0.112743503,0.037688864,-0.39199586,-2.531184936,1.185468754,-0.032148688,-0.482615492,-0.682584735,1.557170715,0.215913546,-0.281129568,0.11942869,0.192273581,-0.832975362,-0.835929388,0.529118346,1.070060553,-1.114888897,-1.612370951,-0.742436131,-0.65289871,-1.061335271,0.087948695,-0.494015822,-0.868715324,-0.65123317,-0.132351432,-1.26312116,1.064907088,0.327567735,0.418798555,-1.102042231,0.272466475,0.122393435,0.548427571,-1.81926798,0.969940799,-0.894684295,-0.248957627,-0.143138088,0.32020201,1.472988506,-0.714305069,0.759784223,0.202512139,0.227949193,0.305742192,0.025923066,-1.632526145,-3.244731268,-0.013816414,0.115672398,-0.561489074,-1.190407191,-0.756057343,1.414485319,0.370218248,0.878747678,-2.146330928,-0.849554459,-0.986655737,1.176291487
hsa.mir.160a,0.0,0.0,0.0,0.0,0.0,0.0,0.0,0.0,0.0,0.0,0.0,0.0,0.0,0.0,0.0,0.0,0.0,0.0,0.0,0.0,0.0,0.0,0.0,0.0,0.0,0.0,0.0,0.0,0.0,0.0,0.0,0.0,0.0,0.0,0.0,0.0,0.0,0.0,0.0,0.0,0.0,0.0,0.0,0.0,0.0,0.0,0.0,0.0,0.0,0.0,0.0,0.0,0.0,0.0,0.0,0.0,0.0,0.0,0.0,0.0,0.0,0.0,0.0,0.0,0.0,0.0,0.0,0.0,0.0,0.0,0.0,0.0,0.0,0.0,0.0,0.0,0.0,0.0,0.0,0.0,0.0,0.0,0.0,0.0,0.0,0.0,0.0,0.0,0.0,0.0,0.0,0.0,0.0,0.0,0.0,0.0,0.0,0.0,0.0,0.0,0.0,0.0,0.0,0.0,0.0,0.0,0.0,0.0,0.0,0.0,0.0,0.0,0.0,0.0,0.0,0.0,0.0,0.0,0.0,0.0,0.0,0.0,0.0,0.0,0.0,0.0,0.0,0.0,0.0,0.0,0.0,0.0,0.0,0.0,0.0,0.0,0.0,0.0,0.0,0.0,0.0,0.0,0.0,0.0,0.0,0.0,0.0,0.0,0.0,0.0,0.0,0.0,0.0,0.0,0.0,0.0,0.0,0.0,0.0,0.0,0.0,0.0,0.0,0.0,0.0,0.0,0.0,0.0,0.0,0.0,0.0,0.0,0.0,0.0,0.0,0.0,0.0,0.0,0.0,0.0,0.0,0.0,0.0,0.0,0.0,0.0,0.0,0.0,0.0,0.0,0.0,0.0,0.0,0.0,0.0,0.0,0.0,0.0,0.0,0.0,0.0,0.0,0.0,0.0,0.0,0.0,0.0,0.0,0.0,0.0,0.0,0.0,0.0,0.0,0.0,0.0,0.0,0.0,0.0,0.0,0.0,0.0,0.0,0.0,0.0,0.0,0.0,0.0,0.0,0.0,0.0,0.0,0.0,0.0,0.0,0.0,0.0,0.0,0.0,0.0,0.0,0.0,0.0,0.0,0.0,0.0,0.0,0.0,0.0,0.0,0.0,0.0,0.0,0.0,0.0,0.0,0.0,0.0,0.0,0.0,0.0,0.0,0.0,0.0,0.0,0.0,0.0,0.0,0.0,0.0,0.0,0.0,0.0,0.0,0.0,0.0,0.0,0.0,0.0,0.0,0.0,0.0,0.0,0.0
hsa.mir.3682,0.536048441,-0.312319982,0.415484078,2.664495553,-0.043883057,2.844145946,0.448061925,0.579254853,-0.302592521,0.175681314,-0.150635912,-0.031606158,-1.790721261,-0.011311446,-0.728426295,-0.287324773,1.325351563,-1.281394458,0.32482411,1.410289607,-1.627128971,1.364739959,0.271103844,-0.492463056,-0.322185984,1.07888157,-0.473968054,-0.468964568,1.229800843,-1.103725345,-1.393008705,0.963139606,1.43358906,0.934184261,0.222982839,-0.702340797,0.681439918,1.070348265,-0.580592002,0.324525664,-0.351761741,0.650722385,0.966077568,0.341594727,-0.327581077,-1.667581512,-0.927725353,-1.540635915,0.064335067,-2.017815842,-1.536072613,0.977721023,-0.624650305,1.221289981,0.356199864,0.696236666,-0.826643395,-0.078718223,-0.300407337,0.702527727,0.499939522,1.54817262,-2.438960162,-0.887834605,0.641496468,-1.179276118,-1.011479289,1.157256736,-0.724434836,-0.03854975,-1.07951604,1.393712102,-1.244568869,-1.085667556,0.047960931,0.890729136,-0.928912302,-1.110057857,-0.914863164,0.804959999,-0.415680589,-1.605205098,0.707135266,-1.167696343,-1.945008905,0.015927641,0.352729806,-0.980521282,-0.846327839,0.395038303,-1.285971288,1.748486548,0.062103817,-1.566479753,0.563978206,0.317224774,0.607462405,0.342003518,0.349758389,-0.379493662,0.409099898,1.177546745,0.883694267,0.27288581,-2.007902663,0.489383726,-1.944928253,3.412667671,-1.784526684,1.237695653,0.629024036,-0.797119006,0.213524042,-0.762904719,0.390165962,-0.013148226,1.162432686,-0.593064951,3.362469652,0.285515507,1.443157371,0.180070354,1.316926694,-0.841846866,0.611275706,-0.677658419,-1.078989257,-0.224417286,-0.49472774,-0.674438913,-0.752001926,0.892680596,-0.892225659,0.197741895,0.979319962,-1.372683024,1.637714947,1.166893348,1.135071074,0.408923504,0.614822809,0.720233829,0.965279229,-0.796968347,-1.194116105,-1.807222027,0.481368277,0.910722375,1.038579589,-1.392011825,-0.389752015,-2.151310784,-0.668617252,0.908691534,1.537599177,0.369926992,1.11042466,1.104968709,0.010071915,-1.673147144,2.6163605,-1.381742531,0.523605248,0.27566343,0.40516187,-0.079840086,-0.298635465,0.1290857,0.3583854,1.266356433,0.6057434,-0.486226296,1.212066377,-0.48806639,1.595768321,1.02780751,1.075959774,-0.877332803,-0.302460777,0.83709838,0.462245434,-0.125086852,-0.067883373,-0.916678221,-0.827998541,0.758683395,-0.545863122,0.77473043,3.236389528,-0.558861224,-0.494632905,0.957351608,-1.225064574,-0.746759479,1.165341515,1.017666929,-0.452529086,-0.166237319,0.289821958,-0.734111785,0.612054458,-1.511200988,0.208088307,0.90030318,-0.674888474,0.64191869,0.743954314,-0.826802115,-0.042930154,-0.552031544,-2.126819582,-1.366137607,0.636472923,0.331037817,-0.640039866,1.086512334,0.672101921,-0.645440809,0.91151263,0.632443665,0.484669615,-0.736830489,-0.124202056,-1.271015831,1.597983815,-0.358499288,0.951339684,1.458909484,-1.288849285,1.066614077,0.344320176,0.934090536,0.821157513,0.136088464,-0.501660175,-0.09853822,-1.493874441,-1.618600755,-0.29368972,0.009486694,0.989330106,1.634768758,1.284600173,2.364918501,-0.377536336,0.2215878,0.725141979,0.589996874,0.455469192,1.149308878,1.379186955,-0.092311161,0.497440397,-1.268761889,-0.503898633,2.360068512,-0.232724596,-0.993622091,0.671500674,-0.595122764,0.908689888,-0.050798926,-0.389872266,0.601097855,-0.795511886,1.154611225,0.689807982,0.828935888,-0.678859148,0.347649471,0.431074479,-0.308696394,-0.580177163,-1.285569513,-0.378896095,0.19773793,-0.048579691,1.277808872,-0.670873485,0.712673971,-1.677076816,-1.312715344,0.446505227,-0.891471355
hsa.mir.131a,0.0,0.0,0.0,0.0,0.0,0.0,0.0,0.0,0.0,0.0,0.0,0.0,0.0,0.0,0.0,0.0,0.0,0.0,0.0,0.0,0.0,0.0,0.0,0.0,0.0,0.0,0.0,0.0,0.0,0.0,0.0,0.0,0.0,0.0,0.0,0.0,0.0,0.0,0.0,0.0,0.0,0.0,0.0,0.0,0.0,0.0,0.0,0.0,0.0,0.0,0.0,0.0,0.0,0.0,0.0,0.0,0.0,0.0,0.0,0.0,0.0,0.0,0.0,0.0,0.0,0.0,0.0,0.0,0.0,0.0,0.0,0.0,0.0,0.0,0.0,0.0,0.0,0.0,0.0,0.0,0.0,0.0,0.0,0.0,0.0,0.0,0.0,0.0,0.0,0.0,0.0,0.0,0.0,0.0,0.0,0.0,0.0,0.0,0.0,0.0,0.0,0.0,0.0,0.0,0.0,0.0,0.0,0.0,0.0,0.0,0.0,0.0,0.0,0.0,0.0,0.0,0.0,0.0,0.0,0.0,0.0,0.0,0.0,0.0,0.0,0.0,0.0,0.0,0.0,0.0,0.0,0.0,0.0,0.0,0.0,0.0,0.0,0.0,0.0,0.0,0.0,0.0,0.0,0.0,0.0,0.0,0.0,0.0,0.0,0.0,0.0,0.0,0.0,0.0,0.0,0.0,0.0,0.0,0.0,0.0,0.0,0.0,0.0,0.0,0.0,0.0,0.0,0.0,0.0,0.0,0.0,0.0,0.0,0.0,0.0,0.0,0.0,0.0,0.0,0.0,0.0,0.0,0.0,0.0,0.0,0.0,0.0,0.0,0.0,0.0,0.0,0.0,0.0,0.0,0.0,0.0,0.0,0.0,0.0,0.0,0.0,0.0,0.0,0.0,0.0,0.0,0.0,0.0,0.0,0.0,0.0,0.0,0.0,0.0,0.0,0.0,0.0,0.0,0.0,0.0,0.0,0.0,0.0,0.0,0.0,0.0,0.0,0.0,0.0,0.0,0.0,0.0,0.0,0.0,0.0,0.0,0.0,0.0,0.0,0.0,0.0,0.0,0.0,0.0,0.0,0.0,0.0,0.0,0.0,0.0,0.0,0.0,0.0,0.0,0.0,0.0,0.0,0.0,0.0,0.0,0.0,0.0,0.0,0.0,0.0,0.0,0.0,0.0,0.0,0.0,0.0,0.0,0.0,0.0,0.0,0.0,0.0,0.0,0.0,0.0,0.0,0.0,0.0,0.0
hsa.mir.131b,0.0,0.0,0.0,0.0,0.0,0.0,0.0,0.0,0.0,0.0,0.0,0.0,0.0,0.0,0.0,0.0,0.0,0.0,0.0,0.0,0.0,0.0,0.0,0.0,0.0,0.0,0.0,0.0,0.0,0.0,0.0,0.0,0.0,0.0,0.0,0.0,0.0,0.0,0.0,0.0,0.0,0.0,0.0,0.0,0.0,0.0,0.0,0.0,0.0,0.0,0.0,0.0,0.0,0.0,0.0,0.0,0.0,0.0,0.0,0.0,0.0,0.0,0.0,0.0,0.0,0.0,0.0,0.0,0.0,0.0,0.0,0.0,0.0,0.0,0.0,0.0,0.0,0.0,0.0,0.0,0.0,0.0,0.0,0.0,0.0,0.0,0.0,0.0,0.0,0.0,0.0,0.0,0.0,0.0,0.0,0.0,0.0,0.0,0.0,0.0,0.0,0.0,0.0,0.0,0.0,0.0,0.0,0.0,0.0,0.0,0.0,0.0,0.0,0.0,0.0,0.0,0.0,0.0,0.0,0.0,0.0,0.0,0.0,0.0,0.0,0.0,0.0,0.0,0.0,0.0,0.0,0.0,0.0,0.0,0.0,0.0,0.0,0.0,0.0,0.0,0.0,0.0,0.0,0.0,0.0,0.0,0.0,0.0,0.0,0.0,0.0,0.0,0.0,0.0,0.0,0.0,0.0,0.0,0.0,0.0,0.0,0.0,0.0,0.0,0.0,0.0,0.0,0.0,0.0,0.0,0.0,0.0,0.0,0.0,0.0,0.0,0.0,0.0,0.0,0.0,0.0,0.0,0.0,0.0,0.0,0.0,0.0,0.0,0.0,0.0,0.0,0.0,0.0,0.0,0.0,0.0,0.0,0.0,0.0,0.0,0.0,0.0,0.0,0.0,0.0,0.0,0.0,0.0,0.0,0.0,0.0,0.0,0.0,0.0,0.0,0.0,0.0,0.0,0.0,0.0,0.0,0.0,0.0,0.0,0.0,0.0,0.0,0.0,0.0,0.0,0.0,0.0,0.0,0.0,0.0,0.0,0.0,0.0,0.0,0.0,0.0,0.0,0.0,0.0,0.0,0.0,0.0,0.0,0.0,0.0,0.0,0.0,0.0,0.0,0.0,0.0,0.0,0.0,0.0,0.0,0.0,0.0,0.0,0.0,0.0,0.0,0.0,0.0,0.0,0.0,0.0,0.0,0.0,0.0,0.0,0.0,0.0,0.0,0.0,0.0,0.0,0.0,0.0,0.0
hsa.mir.105a,0.0,0.0,0.0,0.0,0.0,0.0,0.0,0.0,0.0,0.0,0.0,0.0,0.0,0.0,0.0,0.0,0.0,0.0,0.0,0.0,0.0,0.0,0.0,0.0,0.0,0.0,0.0,0.0,0.0,0.0,0.0,0.0,0.0,0.0,0.0,0.0,0.0,0.0,0.0,0.0,0.0,0.0,0.0,0.0,0.0,0.0,0.0,0.0,0.0,0.0,0.0,0.0,0.0,0.0,0.0,0.0,0.0,0.0,0.0,0.0,0.0,0.0,0.0,0.0,0.0,0.0,0.0,0.0,0.0,0.0,0.0,0.0,0.0,0.0,0.0,0.0,0.0,0.0,0.0,0.0,0.0,0.0,0.0,0.0,0.0,0.0,0.0,0.0,0.0,0.0,0.0,0.0,0.0,0.0,0.0,0.0,0.0,0.0,0.0,0.0,0.0,0.0,0.0,0.0,0.0,0.0,0.0,0.0,0.0,0.0,0.0,0.0,0.0,0.0,0.0,0.0,0.0,0.0,0.0,0.0,0.0,0.0,0.0,0.0,0.0,0.0,0.0,0.0,0.0,0.0,0.0,0.0,0.0,0.0,0.0,0.0,0.0,0.0,0.0,0.0,0.0,0.0,0.0,0.0,0.0,0.0,0.0,0.0,0.0,0.0,0.0,0.0,0.0,0.0,0.0,0.0,0.0,0.0,0.0,0.0,0.0,0.0,0.0,0.0,0.0,0.0,0.0,0.0,0.0,0.0,0.0,0.0,0.0,0.0,0.0,0.0,0.0,0.0,0.0,0.0,0.0,0.0,0.0,0.0,0.0,0.0,0.0,0.0,0.0,0.0,0.0,0.0,0.0,0.0,0.0,0.0,0.0,0.0,0.0,0.0,0.0,0.0,0.0,0.0,0.0,0.0,0.0,0.0,0.0,0.0,0.0,0.0,0.0,0.0,0.0,0.0,0.0,0.0,0.0,0.0,0.0,0.0,0.0,0.0,0.0,0.0,0.0,0.0,0.0,0.0,0.0,0.0,0.0,0.0,0.0,0.0,0.0,0.0,0.0,0.0,0.0,0.0,0.0,0.0,0.0,0.0,0.0,0.0,0.0,0.0,0.0,0.0,0.0,0.0,0.0,0.0,0.0,0.0,0.0,0.0,0.0,0.0,0.0,0.0,0.0,0.0,0.0,0.0,0.0,0.0,0.0,0.0,0.0,0.0,0.0,0.0,0.0,0.0,0.0,0.0,0.0,0.0,0.0,0.0
hsa.mir.429,0.181653804,1.185808751,1.588064254,1.351361838,-0.600308422,1.114710784,0.510696271,1.19124183,0.206611015,-1.163941953,0.094121427,-0.566782016,-0.380899834,1.588384066,0.8207508,-1.436645444,-0.450549226,1.28140026,1.723660076,0.614200251,0.763219892,-0.251140357,1.509450979,1.11310318,0.041441128,1.593472197,-0.474969073,-0.472022096,-0.225117853,1.311860778,-1.016269934,1.679274019,-0.166828353,-0.233557766,-1.210737645,-1.328726201,-1.299277741,-0.939937596,-0.537768945,-0.082586092,-0.402991427,0.093023474,-1.21567005,-1.355195671,-1.258366088,-0.949703907,0.127391532,-1.103220098,0.182679476,1.311881777,-0.381283302,-0.395130263,-0.144410993,-0.949379702,1.707344927,-0.560920236,1.239910358,0.034472289,0.675021904,-0.051506767,0.040903544,1.738719292,1.770475522,-0.340077307,-0.629220811,0.123477666,-0.791554954,1.550281761,1.485382668,1.922679338,-0.452974736,-1.304396121,1.272473684,0.413018817,1.162385365,-0.881396299,-1.233888142,-0.84961622,-0.355996715,-0.591316747,-0.440638649,-0.650286479,-0.532959869,1.80538681,-0.622140512,-1.258034419,0.405370842,-0.773321162,-0.113640756,-0.315494966,0.96415654,-1.351447892,-1.230837359,-0.399192641,0.60380305,0.343388701,-0.444961128,0.648803853,0.20654376,1.542318057,-0.501754189,-1.309069865,-0.268298202,1.293141808,-1.378433053,0.392371829,1.53278492,-0.382333022,0.191630139,1.928527786,-1.108661696,1.4586254,-0.239638618,-0.795515961,-0.497626051,-1.018934447,-0.275697074,1.749327652,-0.840589622,1.832038599,-1.551001235,-0.808999554,2.21584239,-0.91992926,0.074544226,1.818816152,1.473379626,2.198330108,-1.356812911,-0.316398069,0.43287964,-0.583824328,-0.949601596,-0.326058663,0.147839263,-0.891987363,-0.788340423,1.743974145,-0.633603809,0.045040527,0.516467928,-1.306232736,1.094231654,-0.068606554,1.236639152,-0.113973265,-1.228144437,-0.959299235,1.422361607,0.232586737,1.425230531,-0.196750548,-1.30886355,1.115697288,-1.047298366,0.543345608,-0.307306892,1.573111174,1.622931389,0.710932071,0.058117112,0.855876721,-0.79768518,1.373962567,0.322449558,-0.332512385,1.251558391,0.563458447,0.73452344,-0.974859408,-0.067320774,-0.834546311,-0.428220396,1.356395463,-0.796285832,0.697594925,-0.721890597,-0.333891907,0.117009964,-0.290739862,-0.588567246,0.609848793,-0.83239616,1.508445296,-0.683487605,-0.917567612,-0.090301279,-1.353204447,-0.83612512,-0.330428562,-0.487140353,-0.292499458,-1.408317293,0.898991232,1.346933556,1.313852572,-0.350030793,-1.012969467,0.401904428,1.169119205,1.511854282,0.274697202,-0.237582539,-0.811806342,-0.391318419,-0.17629317,-0.525240606,-0.000796636,-0.29574992,-0.947960159,-0.957509418,0.299448338,-0.892542756,-0.341429209,0.194826321,-0.448119146,-1.388817201,-0.688274954,-0.805204148,-0.301128497,0.994339066,-0.28919476,1.527277564,1.015744149,-0.456239739,-0.077330768,-1.409786597,0.946577881,-1.44588551,1.319300336,-0.648307934,-0.060356399,-0.243778632,1.875884619,-0.69326901,1.723057805,1.491697285,-1.149140195,-0.795800783,1.894992364,1.704910837,-0.419642164,1.382434535,1.781811069,0.024431546,-1.627867615,1.233037311,1.808412672,-1.516410559,1.702962615,0.48185039,-0.40054663,-0.037912063,0.038837294,0.19826756,1.687523041,-0.988178463,-0.50439207,0.957959103,0.849321779,0.762891013,-0.671966064,0.209771616,0.440340211,-1.043006285,-0.018485773,0.275594999,1.769190655,-0.823931991,0.197923495,1.321036974,-0.061523842,0.855870307,1.066150793,2.050740566,1.867123866,1.987477089,-0.739828893,-1.460560056,0.315939065,0.453644149,1.169282641,-0.235321395,-0.5705045
hsa.mir.350,0.0,0.0,0.0,0.0,0.0,0.0,0.0,0.0,0.0,0.0,0.0,0.0,0.0,0.0,0.0,0.0,0.0,0.0,0.0,0.0,0.0,0.0,0.0,0.0,0.0,0.0,0.0,0.0,0.0,0.0,0.0,0.0,0.0,0.0,0.0,0.0,0.0,0.0,0.0,0.0,0.0,0.0,0.0,0.0,0.0,0.0,0.0,0.0,0.0,0.0,0.0,0.0,0.0,0.0,0.0,0.0,0.0,0.0,0.0,0.0,0.0,0.0,0.0,0.0,0.0,0.0,0.0,0.0,0.0,0.0,0.0,0.0,0.0,0.0,0.0,0.0,0.0,0.0,0.0,0.0,0.0,0.0,0.0,0.0,0.0,0.0,0.0,0.0,0.0,0.0,0.0,0.0,0.0,0.0,0.0,0.0,0.0,0.0,0.0,0.0,0.0,0.0,0.0,0.0,0.0,0.0,0.0,0.0,0.0,0.0,0.0,0.0,0.0,0.0,0.0,0.0,0.0,0.0,0.0,0.0,0.0,0.0,0.0,0.0,0.0,0.0,0.0,0.0,0.0,0.0,0.0,0.0,0.0,0.0,0.0,0.0,0.0,0.0,0.0,0.0,0.0,0.0,0.0,0.0,0.0,0.0,0.0,0.0,0.0,0.0,0.0,0.0,0.0,0.0,0.0,0.0,0.0,0.0,0.0,0.0,0.0,0.0,0.0,0.0,0.0,0.0,0.0,0.0,0.0,0.0,0.0,0.0,0.0,0.0,0.0,0.0,0.0,0.0,0.0,0.0,0.0,0.0,0.0,0.0,0.0,0.0,0.0,0.0,0.0,0.0,0.0,0.0,0.0,0.0,0.0,0.0,0.0,0.0,0.0,0.0,0.0,0.0,0.0,0.0,0.0,0.0,0.0,0.0,0.0,0.0,0.0,0.0,0.0,0.0,0.0,0.0,0.0,0.0,0.0,0.0,0.0,0.0,0.0,0.0,0.0,0.0,0.0,0.0,0.0,0.0,0.0,0.0,0.0,0.0,0.0,0.0,0.0,0.0,0.0,0.0,0.0,0.0,0.0,0.0,0.0,0.0,0.0,0.0,0.0,0.0,0.0,0.0,0.0,0.0,0.0,0.0,0.0,0.0,0.0,0.0,0.0,0.0,0.0,0.0,0.0,0.0,0.0,0.0,0.0,0.0,0.0,0.0,0.0,0.0,0.0,0.0,0.0,0.0,0.0,0.0,0.0,0.0,0.0,0.0
hsa.mir.161b,0.0,0.0,0.0,0.0,0.0,0.0,0.0,0.0,0.0,0.0,0.0,0.0,0.0,0.0,0.0,0.0,0.0,0.0,0.0,0.0,0.0,0.0,0.0,0.0,0.0,0.0,0.0,0.0,0.0,0.0,0.0,0.0,0.0,0.0,0.0,0.0,0.0,0.0,0.0,0.0,0.0,0.0,0.0,0.0,0.0,0.0,0.0,0.0,0.0,0.0,0.0,0.0,0.0,0.0,0.0,0.0,0.0,0.0,0.0,0.0,0.0,0.0,0.0,0.0,0.0,0.0,0.0,0.0,0.0,0.0,0.0,0.0,0.0,0.0,0.0,0.0,0.0,0.0,0.0,0.0,0.0,0.0,0.0,0.0,0.0,0.0,0.0,0.0,0.0,0.0,0.0,0.0,0.0,0.0,0.0,0.0,0.0,0.0,0.0,0.0,0.0,0.0,0.0,0.0,0.0,0.0,0.0,0.0,0.0,0.0,0.0,0.0,0.0,0.0,0.0,0.0,0.0,0.0,0.0,0.0,0.0,0.0,0.0,0.0,0.0,0.0,0.0,0.0,0.0,0.0,0.0,0.0,0.0,0.0,0.0,0.0,0.0,0.0,0.0,0.0,0.0,0.0,0.0,0.0,0.0,0.0,0.0,0.0,0.0,0.0,0.0,0.0,0.0,0.0,0.0,0.0,0.0,0.0,0.0,0.0,0.0,0.0,0.0,0.0,0.0,0.0,0.0,0.0,0.0,0.0,0.0,0.0,0.0,0.0,0.0,0.0,0.0,0.0,0.0,0.0,0.0,0.0,0.0,0.0,0.0,0.0,0.0,0.0,0.0,0.0,0.0,0.0,0.0,0.0,0.0,0.0,0.0,0.0,0.0,0.0,0.0,0.0,0.0,0.0,0.0,0.0,0.0,0.0,0.0,0.0,0.0,0.0,0.0,0.0,0.0,0.0,0.0,0.0,0.0,0.0,0.0,0.0,0.0,0.0,0.0,0.0,0.0,0.0,0.0,0.0,0.0,0.0,0.0,0.0,0.0,0.0,0.0,0.0,0.0,0.0,0.0,0.0,0.0,0.0,0.0,0.0,0.0,0.0,0.0,0.0,0.0,0.0,0.0,0.0,0.0,0.0,0.0,0.0,0.0,0.0,0.0,0.0,0.0,0.0,0.0,0.0,0.0,0.0,0.0,0.0,0.0,0.0,0.0,0.0,0.0,0.0,0.0,0.0,0.0,0.0,0.0,0.0,0.0,0.0
hsa.mir.125b,0.0,0.0,0.0,0.0,0.0,0.0,0.0,0.0,0.0,0.0,0.0,0.0,0.0,0.0,0.0,0.0,0.0,0.0,0.0,0.0,0.0,0.0,0.0,0.0,0.0,0.0,0.0,0.0,0.0,0.0,0.0,0.0,0.0,0.0,0.0,0.0,0.0,0.0,0.0,0.0,0.0,0.0,0.0,0.0,0.0,0.0,0.0,0.0,0.0,0.0,0.0,0.0,0.0,0.0,0.0,0.0,0.0,0.0,0.0,0.0,0.0,0.0,0.0,0.0,0.0,0.0,0.0,0.0,0.0,0.0,0.0,0.0,0.0,0.0,0.0,0.0,0.0,0.0,0.0,0.0,0.0,0.0,0.0,0.0,0.0,0.0,0.0,0.0,0.0,0.0,0.0,0.0,0.0,0.0,0.0,0.0,0.0,0.0,0.0,0.0,0.0,0.0,0.0,0.0,0.0,0.0,0.0,0.0,0.0,0.0,0.0,0.0,0.0,0.0,0.0,0.0,0.0,0.0,0.0,0.0,0.0,0.0,0.0,0.0,0.0,0.0,0.0,0.0,0.0,0.0,0.0,0.0,0.0,0.0,0.0,0.0,0.0,0.0,0.0,0.0,0.0,0.0,0.0,0.0,0.0,0.0,0.0,0.0,0.0,0.0,0.0,0.0,0.0,0.0,0.0,0.0,0.0,0.0,0.0,0.0,0.0,0.0,0.0,0.0,0.0,0.0,0.0,0.0,0.0,0.0,0.0,0.0,0.0,0.0,0.0,0.0,0.0,0.0,0.0,0.0,0.0,0.0,0.0,0.0,0.0,0.0,0.0,0.0,0.0,0.0,0.0,0.0,0.0,0.0,0.0,0.0,0.0,0.0,0.0,0.0,0.0,0.0,0.0,0.0,0.0,0.0,0.0,0.0,0.0,0.0,0.0,0.0,0.0,0.0,0.0,0.0,0.0,0.0,0.0,0.0,0.0,0.0,0.0,0.0,0.0,0.0,0.0,0.0,0.0,0.0,0.0,0.0,0.0,0.0,0.0,0.0,0.0,0.0,0.0,0.0,0.0,0.0,0.0,0.0,0.0,0.0,0.0,0.0,0.0,0.0,0.0,0.0,0.0,0.0,0.0,0.0,0.0,0.0,0.0,0.0,0.0,0.0,0.0,0.0,0.0,0.0,0.0,0.0,0.0,0.0,0.0,0.0,0.0,0.0,0.0,0.0,0.0,0.0,0.0,0.0,0.0,0.0,0.0,0.0
hsa.mir.99b,0.0,0.0,0.0,0.0,0.0,0.0,0.0,0.0,0.0,0.0,0.0,0.0,0.0,0.0,0.0,0.0,0.0,0.0,0.0,0.0,0.0,0.0,0.0,0.0,0.0,0.0,0.0,0.0,0.0,0.0,0.0,0.0,0.0,0.0,0.0,0.0,0.0,0.0,0.0,0.0,0.0,0.0,0.0,0.0,0.0,0.0,0.0,0.0,0.0,0.0,0.0,0.0,0.0,0.0,0.0,0.0,0.0,0.0,0.0,0.0,0.0,0.0,0.0,0.0,0.0,0.0,0.0,0.0,0.0,0.0,0.0,0.0,0.0,0.0,0.0,0.0,0.0,0.0,0.0,0.0,0.0,0.0,0.0,0.0,0.0,0.0,0.0,0.0,0.0,0.0,0.0,0.0,0.0,0.0,0.0,0.0,0.0,0.0,0.0,0.0,0.0,0.0,0.0,0.0,0.0,0.0,0.0,0.0,0.0,0.0,0.0,0.0,0.0,0.0,0.0,0.0,0.0,0.0,0.0,0.0,0.0,0.0,0.0,0.0,0.0,0.0,0.0,0.0,0.0,0.0,0.0,0.0,0.0,0.0,0.0,0.0,0.0,0.0,0.0,0.0,0.0,0.0,0.0,0.0,0.0,0.0,0.0,0.0,0.0,0.0,0.0,0.0,0.0,0.0,0.0,0.0,0.0,0.0,0.0,0.0,0.0,0.0,0.0,0.0,0.0,0.0,0.0,0.0,0.0,0.0,0.0,0.0,0.0,0.0,0.0,0.0,0.0,0.0,0.0,0.0,0.0,0.0,0.0,0.0,0.0,0.0,0.0,0.0,0.0,0.0,0.0,0.0,0.0,0.0,0.0,0.0,0.0,0.0,0.0,0.0,0.0,0.0,0.0,0.0,0.0,0.0,0.0,0.0,0.0,0.0,0.0,0.0,0.0,0.0,0.0,0.0,0.0,0.0,0.0,0.0,0.0,0.0,0.0,0.0,0.0,0.0,0.0,0.0,0.0,0.0,0.0,0.0,0.0,0.0,0.0,0.0,0.0,0.0,0.0,0.0,0.0,0.0,0.0,0.0,0.0,0.0,0.0,0.0,0.0,0.0,0.0,0.0,0.0,0.0,0.0,0.0,0.0,0.0,0.0,0.0,0.0,0.0,0.0,0.0,0.0,0.0,0.0,0.0,0.0,0.0,0.0,0.0,0.0,0.0,0.0,0.0,0.0,0.0,0.0,0.0,0.0,0.0,0.0,0.0
hsa.mir.101.1,-0.484032924,-2.274635955,-0.046596077,2.133570059,-0.556595951,0.776223804,1.926249677,0.810821723,-0.189310735,0.285372178,-0.591571464,0.036051347,1.042069242,1.422321339,0.313810597,0.366400019,0.486964127,1.966017248,-0.218683151,-0.816723343,0.592051563,-0.202041521,0.37004582,0.427857325,-0.07064911,0.191298063,0.583053013,1.077149987,-0.445106608,0.523238254,1.466349614,0.602817462,1.789878148,0.625355366,0.27870448,-0.405879997,0.124381388,0.220133533,1.161738937,0.967757812,0.079310429,0.864793717,-0.668487474,-0.491184891,-0.018934654,0.07991028,-1.375912513,-0.065490292,0.564793462,0.184314714,-0.94839121,1.576064416,0.359662919,0.816664764,-0.025054753,0.09995354,0.275571174,-0.093108042,0.737710604,-0.274147024,1.6365756,1.005765523,-0.948933467,-0.022267168,-0.518752932,1.062192304,-2.755200043,-1.572184776,1.344302837,1.05505657,1.251552836,0.868427977,-0.239217488,1.533821837,1.104108565,-0.726766582,-0.727200111,0.751815507,1.046506733,-0.043018335,-1.262326942,0.358501865,0.609922175,0.56658905,2.403494913,1.997552703,0.789586776,1.384060132,-2.441716263,0.976911417,1.470554554,-0.865470231,1.600602889,0.432008744,-0.005327919,1.471800863,0.473662537,0.843195914,1.158219908,0.206935334,-0.05871427,-1.620458584,-0.016215518,0.728250562,-0.566073521,-0.968639598,-0.142203006,-1.798325954,0.897974394,0.343451612,0.513195723,0.816212729,0.275116743,-0.05013907,-0.369818601,-0.26083918,0.552179105,-0.667734771,1.722714805,-0.018132443,-0.256963909,-1.591110691,0.646857611,-0.366349714,0.325047647,0.271250534,-0.771472728,-0.179014093,-1.412371036,0.117783134,0.055300398,0.17888988,0.570208575,-0.013209042,-0.301887481,0.982676056,0.708695654,0.20905755,-0.210107984,0.487505668,-1.415258728,0.435816191,0.052386601,-0.971861729,0.35166218,-0.024958474,-0.997702733,-0.028359923,0.517466768,-0.674940867,1.254683118,-1.224648552,-0.728230887,-1.852961759,0.805430931,-0.920222821,0.2015838,-1.010804315,-0.125434398,0.838550852,0.899067836,1.391683265,1.247923482,-1.253806649,0.538499511,-2.122365287,-0.356587934,-1.635746744,0.39157629,0.789950188,0.799146005,0.333400519,0.884463468,0.120936215,0.516723602,-0.147294583,0.271882433,1.522311178,1.393200727,0.041215558,0.372805895,-0.526131123,-0.355090738,-0.257281463,1.767279565,0.604850941,-1.871386328,0.070677494,-0.786967234,-0.149019456,-0.553834,-0.760497715,-0.358048369,-0.381445013,0.008976215,-3.144245172,-2.914532655,0.611729872,-0.680376746,-1.093147324,0.512621279,-0.085437529,0.612384467,-0.01789492,1.837782299,-0.772355666,0.501073378,-1.558101585,-0.370184613,-0.300833586,0.899213323,-0.930162521,-0.026979346,-0.412987585,0.267822239,0.443199631,-0.044094057,0.873190811,-0.140761435,-0.744770173,0.335839195,-0.186741461,0.995854549,1.225648127,-0.092296388,1.394899104,2.009034334,-0.239835508,-0.47912192,-1.001922745,0.204687045,0.721359762,1.328125563,-2.3394594,-1.160521162,-0.681836628,0.475863428,0.172883565,1.615948633,-1.46820926,-0.222665086,-0.214948359,0.02086344,2.089515255,-1.165511698,-0.102017927,0.856672904,-1.913224782,-1.191007163,-0.40359943,0.334476447,-2.230781604,0.229059309,-0.440992839,-0.13744282,0.352206366,-0.025379556,-0.247480053,-0.183009943,-1.964888981,-0.729843665,0.310130115,0.258080669,-0.636080228,-0.027288442,-0.152937361,-0.152846499,-1.024324531,-0.201116878,-0.335548183,-1.35866703,-0.574654326,-0.354258457,-0.777231434,-0.689199918,0.376907397,0.498945154,0.44195148,1.520716838,0.143760253,0.578404139,-0.668567343,0.058750277,0.872781979
hsa.mir.130a,1.319693862,-0.057190926,0.965864275,1.683039678,1.57573086,0.166141603,0.974931761,-0.637061059,0.318087235,0.966768459,-0.472262699,0.982569722,1.793956444,0.550734677,-1.390797433,1.348559311,0.183650778,-1.087454864,-1.314034762,-0.621553998,-1.60833058,-2.152240213,-1.670335159,-0.038945196,0.483586732,0.595825922,1.15859497,-0.761193474,0.190513605,-0.296613881,1.612252238,0.109871484,1.01020011,0.643861245,1.596713897,0.666223285,-0.312326237,1.182692909,0.723601166,0.449939691,0.906470868,1.697168532,0.610108016,0.182987465,-0.646610674,-1.933152759,-0.038272754,2.312370796,1.747254415,-1.162245936,0.253075428,0.485963843,0.861168134,0.5227075,-1.182080445,-0.14145352,-1.144677395,1.142671727,1.847161253,0.189850105,0.460135876,1.13781589,-1.192203785,-1.566327728,0.361520223,-0.681909043,0.378626739,1.105040223,1.528615168,0.676900429,1.229806616,1.283259773,-1.149821227,0.984840976,0.174024749,0.328813329,0.100644694,0.302778842,1.07657787,2.025753372,1.062203957,1.550365422,0.720899479,0.65646906,2.715148151,0.890385802,1.656399463,2.282013087,1.955110191,1.346940906,1.741538848,0.389842322,1.211458378,1.360076659,1.478748411,0.183942339,-1.57264475,0.788212464,0.67369009,0.074468166,-0.011509652,1.113286357,0.364334407,0.722635534,1.172840422,0.745032487,1.058049936,1.216590294,0.018343491,-1.236077513,-0.317821294,0.51682162,-0.001199234,-0.719024245,-0.610027419,-0.553824723,-0.911552881,-2.624228205,-0.082937774,-0.166616866,-0.865175826,-0.184926493,-1.313657397,-0.98159934,-0.070757032,-0.734464576,-0.899277896,-0.26015203,-0.14349942,-1.561919014,-0.775322353,-1.903454401,-0.524399002,-1.662633999,-2.008402527,-2.172171502,-1.04646814,-1.988156679,0.391738804,1.553879984,-0.342424722,1.195346279,0.671334454,-0.34075897,-0.477923371,0.373025697,1.666386956,0.771137957,0.67276174,0.469171549,0.061198352,-5.7e-06,1.369124055,0.846599137,0.802568749,-1.280306987,0.344392655,0.290799723,0.108090202,1.311792449,0.69028686,2.396534227,2.003177144,-0.322714134,0.059176308,-1.079014374,0.351520266,0.063231238,0.010255464,-0.078498589,1.918421791,0.861116639,-0.965435674,-1.438992598,0.207163261,0.231904122,-0.525660101,1.676497617,1.347455708,-0.929519472,-1.25911883,-0.992256066,0.04981495,0.062676195,-1.603182312,-0.552275594,0.240443045,0.205537068,0.70487614,-1.856033494,-0.031083496,0.182979094,-0.092653462,-0.823851079,-1.281736011,-0.575703849,0.417545704,-0.492444087,-0.281029156,-1.398151967,-0.999874289,-0.888092315,-0.46051876,0.316303612,1.572618691,0.525499577,-0.06309187,0.689117224,-0.332938628,-0.303650883,-0.788430604,-0.413935079,-0.773950216,-0.350560954,-1.050795478,-0.867899353,-1.045408149,-0.585120103,-1.756246932,-2.006531657,0.610642374,-0.823276169,0.892677284,0.370616509,1.355816613,1.083585723,1.045072561,1.361938557,0.054578295,-0.763456954,1.462266486,0.398609303,1.389766938,1.152651145,-0.389904126,-0.745642627,-1.435957588,-1.433335966,0.498370733,1.026196714,0.236906345,0.625041049,0.007739739,-1.041226974,-1.557929104,-2.845664842,-1.194750296,-0.575568601,-0.630555533,-1.720274587,-0.827898849,-0.107471587,-0.288980741,-0.840344876,-0.959904151,-0.705335042,0.235758992,-1.316053567,0.006011706,-1.45931866,-2.656112773,-1.033824529,-1.381334286,-1.161343297,-0.138878278,-1.256483299,-1.132220758,0.170653985,-0.381684806,-0.518406839,-1.086392549,-1.21621792,-0.450990936,-1.708355106,-1.159736996,-1.341481116,-1.513587384,-1.141967206,0.179724811,-0.82896285,-2.116562594,-1.645238454,-2.236810535,-0.352296192
hsa.mir.130a.1,0.0,0.0,0.0,0.0,0.0,0.0,0.0,0.0,0.0,0.0,0.0,0.0,0.0,0.0,0.0,0.0,0.0,0.0,0.0,0.0,0.0,0.0,0.0,0.0,0.0,0.0,0.0,0.0,0.0,0.0,0.0,0.0,0.0,0.0,0.0,0.0,0.0,0.0,0.0,0.0,0.0,0.0,0.0,0.0,0.0,0.0,0.0,0.0,0.0,0.0,0.0,0.0,0.0,0.0,0.0,0.0,0.0,0.0,0.0,0.0,0.0,0.0,0.0,0.0,0.0,0.0,0.0,0.0,0.0,0.0,0.0,0.0,0.0,0.0,0.0,0.0,0.0,0.0,0.0,0.0,0.0,0.0,0.0,0.0,0.0,0.0,0.0,0.0,0.0,0.0,0.0,0.0,0.0,0.0,0.0,0.0,0.0,0.0,0.0,0.0,0.0,0.0,0.0,0.0,0.0,0.0,0.0,0.0,0.0,0.0,0.0,0.0,0.0,0.0,0.0,0.0,0.0,0.0,0.0,0.0,0.0,0.0,0.0,0.0,0.0,0.0,0.0,0.0,0.0,0.0,0.0,0.0,0.0,0.0,0.0,0.0,0.0,0.0,0.0,0.0,0.0,0.0,0.0,0.0,0.0,0.0,0.0,0.0,0.0,0.0,0.0,0.0,0.0,0.0,0.0,0.0,0.0,0.0,0.0,0.0,0.0,0.0,0.0,0.0,0.0,0.0,0.0,0.0,0.0,0.0,0.0,0.0,0.0,0.0,0.0,0.0,0.0,0.0,0.0,0.0,0.0,0.0,0.0,0.0,0.0,0.0,0.0,0.0,0.0,0.0,0.0,0.0,0.0,0.0,0.0,0.0,0.0,0.0,0.0,0.0,0.0,0.0,0.0,0.0,0.0,0.0,0.0,0.0,0.0,0.0,0.0,0.0,0.0,0.0,0.0,0.0,0.0,0.0,0.0,0.0,0.0,0.0,0.0,0.0,0.0,0.0,0.0,0.0,0.0,0.0,0.0,0.0,0.0,0.0,0.0,0.0,0.0,0.0,0.0,0.0,0.0,0.0,0.0,0.0,0.0,0.0,0.0,0.0,0.0,0.0,0.0,0.0,0.0,0.0,0.0,0.0,0.0,0.0,0.0,0.0,0.0,0.0,0.0,0.0,0.0,0.0,0.0,0.0,0.0,0.0,0.0,0.0,0.0,0.0,0.0,0.0,0.0,0.0,0.0,0.0,0.0,0.0,0.0,0.0
hsa.mir.651,0.0,0.0,0.0,0.0,0.0,0.0,0.0,0.0,0.0,0.0,0.0,0.0,0.0,0.0,0.0,0.0,0.0,0.0,0.0,0.0,0.0,0.0,0.0,0.0,0.0,0.0,0.0,0.0,0.0,0.0,0.0,0.0,0.0,0.0,0.0,0.0,0.0,0.0,0.0,0.0,0.0,0.0,0.0,0.0,0.0,0.0,0.0,0.0,0.0,0.0,0.0,0.0,0.0,0.0,0.0,0.0,0.0,0.0,0.0,0.0,0.0,0.0,0.0,0.0,0.0,0.0,0.0,0.0,0.0,0.0,0.0,0.0,0.0,0.0,0.0,0.0,0.0,0.0,0.0,0.0,0.0,0.0,0.0,0.0,0.0,0.0,0.0,0.0,0.0,0.0,0.0,0.0,0.0,0.0,0.0,0.0,0.0,0.0,0.0,0.0,0.0,0.0,0.0,0.0,0.0,0.0,0.0,0.0,0.0,0.0,0.0,0.0,0.0,0.0,0.0,0.0,0.0,0.0,0.0,0.0,0.0,0.0,0.0,0.0,0.0,0.0,0.0,0.0,0.0,0.0,0.0,0.0,0.0,0.0,0.0,0.0,0.0,0.0,0.0,0.0,0.0,0.0,0.0,0.0,0.0,0.0,0.0,0.0,0.0,0.0,0.0,0.0,0.0,0.0,0.0,0.0,0.0,0.0,0.0,0.0,0.0,0.0,0.0,0.0,0.0,0.0,0.0,0.0,0.0,0.0,0.0,0.0,0.0,0.0,0.0,0.0,0.0,0.0,0.0,0.0,0.0,0.0,0.0,0.0,0.0,0.0,0.0,0.0,0.0,0.0,0.0,0.0,0.0,0.0,0.0,0.0,0.0,0.0,0.0,0.0,0.0,0.0,0.0,0.0,0.0,0.0,0.0,0.0,0.0,0.0,0.0,0.0,0.0,0.0,0.0,0.0,0.0,0.0,0.0,0.0,0.0,0.0,0.0,0.0,0.0,0.0,0.0,0.0,0.0,0.0,0.0,0.0,0.0,0.0,0.0,0.0,0.0,0.0,0.0,0.0,0.0,0.0,0.0,0.0,0.0,0.0,0.0,0.0,0.0,0.0,0.0,0.0,0.0,0.0,0.0,0.0,0.0,0.0,0.0,0.0,0.0,0.0,0.0,0.0,0.0,0.0,0.0,0.0,0.0,0.0,0.0,0.0,0.0,0.0,0.0,0.0,0.0,0.0,0.0,0.0,0.0,0.0,0.0,0.0
hsa.mir.1296,-0.778181856,-1.017617793,-1.138114565,0.923415842,1.371450658,-1.348923593,-1.160645883,1.513019168,1.42105236,-1.22820611,0.50936381,-1.284328193,0.023793864,0.95454125,0.042496013,0.356309809,1.25916761,-0.098638991,-1.026326973,1.238368764,-1.715626069,-1.14050256,-0.803584953,-1.260633998,-0.698997802,1.414053502,-0.911601015,-0.873538481,0.947879526,0.290151912,-0.637967893,0.937865263,-0.640010882,0.397088079,0.562148303,0.866625638,0.904285137,0.709969899,0.631540118,1.593244254,0.65128278,-0.084841679,1.002033386,-1.074590737,-1.502763595,-0.195451503,-1.133025902,-1.26642615,0.829389759,0.932362512,-1.063474669,-0.608777319,-1.214041769,-0.681071492,-0.909531285,0.71925361,0.88451716,1.278642977,0.517526121,-1.065572311,-0.86867892,-1.245257606,1.243942718,-0.842566427,-1.816658243,-0.843249265,0.391234462,-0.758024771,0.346088256,-0.230962136,-0.375354525,0.895116538,-0.534651707,-0.873382622,0.884537192,-0.616121167,0.489372134,-0.442338154,1.073832735,1.18025435,-1.360839007,-1.285713753,0.694551132,-0.496462933,1.082778264,1.021511123,1.520680784,-0.895958086,-0.970544844,-0.286247438,1.084146754,0.062419788,-1.178573403,0.701342865,-1.010945645,-0.269457884,-1.606752602,0.552124869,-0.736617303,1.332342827,0.784662859,-1.187294626,0.582388176,-1.115882812,-1.177297275,0.544451415,-1.738087234,-0.594195939,-0.418472363,0.838521193,-1.703659863,-1.437647915,-0.272359581,0.586842391,0.511493182,0.306705698,-1.012330241,-0.478565685,0.165668955,-1.541068815,0.632032804,1.447364225,-1.298466314,0.895278581,0.678027704,1.144997811,-1.538438491,-1.847663183,-1.164839329,-0.932643752,-1.386741049,-1.488514953,0.709098873,0.656978039,-0.78577733,-0.690798406,-0.934057224,1.174281073,0.57020327,1.551927221,1.47015843,-1.005246906,-0.175545078,-0.919260984,0.763430437,0.625245557,1.089219565,0.37989217,1.207056368,-1.282858619,-0.055672629,0.414112431,0.235465863,-1.35181089,-1.367822184,0.577820776,0.816995956,-1.042089159,-0.062065863,1.454964803,1.345486427,1.272316413,-1.434839667,1.359519905,-0.918672353,-0.881767377,0.138613361,1.060343896,1.104667439,0.841141467,-1.020639758,0.712365555,0.886640107,-0.316335348,-1.299184782,0.21697391,-0.238314084,-1.285784243,-1.258535997,0.538109867,0.931612503,0.596931688,1.14158569,-0.633737076,-0.083405782,0.902635148,0.456939735,0.873681467,-0.685330233,1.084570904,-0.053347881,-0.134798775,-1.48572007,0.835463835,0.636796965,-1.056387007,-1.298496332,-0.827152781,0.614009941,0.415937285,1.021342589,0.550770457,1.110434031,0.888806719,1.418893889,-0.72314053,-0.046615681,0.313129738,0.875811646,-1.19284263,-1.331467479,0.521236112,1.041725493,-0.736337677,0.423110858,-0.263304457,-0.01652185,-1.411686521,-1.065780042,-0.542743714,-0.730999144,1.082023949,-1.485091248,0.902205987,-1.030666936,1.367599892,1.088364706,0.851471132,0.065625525,0.657966665,1.065553547,-0.884543357,0.933508269,-1.157944078,0.723609329,-0.315619922,0.840311738,0.423226849,-1.173015314,-0.101488181,-0.538430322,-1.400682499,-0.932130013,-1.645617301,-1.579337714,-1.407091558,0.230017471,-1.013496135,1.223817452,-1.175563732,-1.269415583,1.193915317,-0.348323578,1.319938255,-1.049593878,-1.193352439,-0.388225353,1.354344938,-0.904647155,1.020347982,-0.158112462,1.161994677,-1.229155319,-0.685609675,0.738811509,-1.52405324,0.947407145,-1.002385569,-1.220286459,0.400572702,0.135253588,0.888740059,-0.333134573,-1.40871887,-1.598678505,-1.572299077,-1.745375679,1.541842354,1.574656002,1.710982381,-1.380096595,-0.224453836,-0.066921274,-0.573527656
hsa.mir.135a,0.0,0.0,0.0,0.0,0.0,0.0,0.0,0.0,0.0,0.0,0.0,0.0,0.0,0.0,0.0,0.0,0.0,0.0,0.0,0.0,0.0,0.0,0.0,0.0,0.0,0.0,0.0,0.0,0.0,0.0,0.0,0.0,0.0,0.0,0.0,0.0,0.0,0.0,0.0,0.0,0.0,0.0,0.0,0.0,0.0,0.0,0.0,0.0,0.0,0.0,0.0,0.0,0.0,0.0,0.0,0.0,0.0,0.0,0.0,0.0,0.0,0.0,0.0,0.0,0.0,0.0,0.0,0.0,0.0,0.0,0.0,0.0,0.0,0.0,0.0,0.0,0.0,0.0,0.0,0.0,0.0,0.0,0.0,0.0,0.0,0.0,0.0,0.0,0.0,0.0,0.0,0.0,0.0,0.0,0.0,0.0,0.0,0.0,0.0,0.0,0.0,0.0,0.0,0.0,0.0,0.0,0.0,0.0,0.0,0.0,0.0,0.0,0.0,0.0,0.0,0.0,0.0,0.0,0.0,0.0,0.0,0.0,0.0,0.0,0.0,0.0,0.0,0.0,0.0,0.0,0.0,0.0,0.0,0.0,0.0,0.0,0.0,0.0,0.0,0.0,0.0,0.0,0.0,0.0,0.0,0.0,0.0,0.0,0.0,0.0,0.0,0.0,0.0,0.0,0.0,0.0,0.0,0.0,0.0,0.0,0.0,0.0,0.0,0.0,0.0,0.0,0.0,0.0,0.0,0.0,0.0,0.0,0.0,0.0,0.0,0.0,0.0,0.0,0.0,0.0,0.0,0.0,0.0,0.0,0.0,0.0,0.0,0.0,0.0,0.0,0.0,0.0,0.0,0.0,0.0,0.0,0.0,0.0,0.0,0.0,0.0,0.0,0.0,0.0,0.0,0.0,0.0,0.0,0.0,0.0,0.0,0.0,0.0,0.0,0.0,0.0,0.0,0.0,0.0,0.0,0.0,0.0,0.0,0.0,0.0,0.0,0.0,0.0,0.0,0.0,0.0,0.0,0.0,0.0,0.0,0.0,0.0,0.0,0.0,0.0,0.0,0.0,0.0,0.0,0.0,0.0,0.0,0.0,0.0,0.0,0.0,0.0,0.0,0.0,0.0,0.0,0.0,0.0,0.0,0.0,0.0,0.0,0.0,0.0,0.0,0.0,0.0,0.0,0.0,0.0,0.0,0.0,0.0,0.0,0.0,0.0,0.0,0.0,0.0,0.0,0.0,0.0,0.0,0.0
hsa.mir.110a,0.0,0.0,0.0,0.0,0.0,0.0,0.0,0.0,0.0,0.0,0.0,0.0,0.0,0.0,0.0,0.0,0.0,0.0,0.0,0.0,0.0,0.0,0.0,0.0,0.0,0.0,0.0,0.0,0.0,0.0,0.0,0.0,0.0,0.0,0.0,0.0,0.0,0.0,0.0,0.0,0.0,0.0,0.0,0.0,0.0,0.0,0.0,0.0,0.0,0.0,0.0,0.0,0.0,0.0,0.0,0.0,0.0,0.0,0.0,0.0,0.0,0.0,0.0,0.0,0.0,0.0,0.0,0.0,0.0,0.0,0.0,0.0,0.0,0.0,0.0,0.0,0.0,0.0,0.0,0.0,0.0,0.0,0.0,0.0,0.0,0.0,0.0,0.0,0.0,0.0,0.0,0.0,0.0,0.0,0.0,0.0,0.0,0.0,0.0,0.0,0.0,0.0,0.0,0.0,0.0,0.0,0.0,0.0,0.0,0.0,0.0,0.0,0.0,0.0,0.0,0.0,0.0,0.0,0.0,0.0,0.0,0.0,0.0,0.0,0.0,0.0,0.0,0.0,0.0,0.0,0.0,0.0,0.0,0.0,0.0,0.0,0.0,0.0,0.0,0.0,0.0,0.0,0.0,0.0,0.0,0.0,0.0,0.0,0.0,0.0,0.0,0.0,0.0,0.0,0.0,0.0,0.0,0.0,0.0,0.0,0.0,0.0,0.0,0.0,0.0,0.0,0.0,0.0,0.0,0.0,0.0,0.0,0.0,0.0,0.0,0.0,0.0,0.0,0.0,0.0,0.0,0.0,0.0,0.0,0.0,0.0,0.0,0.0,0.0,0.0,0.0,0.0,0.0,0.0,0.0,0.0,0.0,0.0,0.0,0.0,0.0,0.0,0.0,0.0,0.0,0.0,0.0,0.0,0.0,0.0,0.0,0.0,0.0,0.0,0.0,0.0,0.0,0.0,0.0,0.0,0.0,0.0,0.0,0.0,0.0,0.0,0.0,0.0,0.0,0.0,0.0,0.0,0.0,0.0,0.0,0.0,0.0,0.0,0.0,0.0,0.0,0.0,0.0,0.0,0.0,0.0,0.0,0.0,0.0,0.0,0.0,0.0,0.0,0.0,0.0,0.0,0.0,0.0,0.0,0.0,0.0,0.0,0.0,0.0,0.0,0.0,0.0,0.0,0.0,0.0,0.0,0.0,0.0,0.0,0.0,0.0,0.0,0.0,0.0,0.0,0.0,0.0,0.0,0.0
hsa.mir.194,0.0,0.0,0.0,0.0,0.0,0.0,0.0,0.0,0.0,0.0,0.0,0.0,0.0,0.0,0.0,0.0,0.0,0.0,0.0,0.0,0.0,0.0,0.0,0.0,0.0,0.0,0.0,0.0,0.0,0.0,0.0,0.0,0.0,0.0,0.0,0.0,0.0,0.0,0.0,0.0,0.0,0.0,0.0,0.0,0.0,0.0,0.0,0.0,0.0,0.0,0.0,0.0,0.0,0.0,0.0,0.0,0.0,0.0,0.0,0.0,0.0,0.0,0.0,0.0,0.0,0.0,0.0,0.0,0.0,0.0,0.0,0.0,0.0,0.0,0.0,0.0,0.0,0.0,0.0,0.0,0.0,0.0,0.0,0.0,0.0,0.0,0.0,0.0,0.0,0.0,0.0,0.0,0.0,0.0,0.0,0.0,0.0,0.0,0.0,0.0,0.0,0.0,0.0,0.0,0.0,0.0,0.0,0.0,0.0,0.0,0.0,0.0,0.0,0.0,0.0,0.0,0.0,0.0,0.0,0.0,0.0,0.0,0.0,0.0,0.0,0.0,0.0,0.0,0.0,0.0,0.0,0.0,0.0,0.0,0.0,0.0,0.0,0.0,0.0,0.0,0.0,0.0,0.0,0.0,0.0,0.0,0.0,0.0,0.0,0.0,0.0,0.0,0.0,0.0,0.0,0.0,0.0,0.0,0.0,0.0,0.0,0.0,0.0,0.0,0.0,0.0,0.0,0.0,0.0,0.0,0.0,0.0,0.0,0.0,0.0,0.0,0.0,0.0,0.0,0.0,0.0,0.0,0.0,0.0,0.0,0.0,0.0,0.0,0.0,0.0,0.0,0.0,0.0,0.0,0.0,0.0,0.0,0.0,0.0,0.0,0.0,0.0,0.0,0.0,0.0,0.0,0.0,0.0,0.0,0.0,0.0,0.0,0.0,0.0,0.0,0.0,0.0,0.0,0.0,0.0,0.0,0.0,0.0,0.0,0.0,0.0,0.0,0.0,0.0,0.0,0.0,0.0,0.0,0.0,0.0,0.0,0.0,0.0,0.0,0.0,0.0,0.0,0.0,0.0,0.0,0.0,0.0,0.0,0.0,0.0,0.0,0.0,0.0,0.0,0.0,0.0,0.0,0.0,0.0,0.0,0.0,0.0,0.0,0.0,0.0,0.0,0.0,0.0,0.0,0.0,0.0,0.0,0.0,0.0,0.0,0.0,0.0,0.0,0.0,0.0,0.0,0.0,0.0,0.0
hsa.mir.6842,0.0,0.0,0.0,0.0,0.0,0.0,0.0,0.0,0.0,0.0,0.0,0.0,0.0,0.0,0.0,0.0,0.0,0.0,0.0,0.0,0.0,0.0,0.0,0.0,0.0,0.0,0.0,0.0,0.0,0.0,0.0,0.0,0.0,0.0,0.0,0.0,0.0,0.0,0.0,0.0,0.0,0.0,0.0,0.0,0.0,0.0,0.0,0.0,0.0,0.0,0.0,0.0,0.0,0.0,0.0,0.0,0.0,0.0,0.0,0.0,0.0,0.0,0.0,0.0,0.0,0.0,0.0,0.0,0.0,0.0,0.0,0.0,0.0,0.0,0.0,0.0,0.0,0.0,0.0,0.0,0.0,0.0,0.0,0.0,0.0,0.0,0.0,0.0,0.0,0.0,0.0,0.0,0.0,0.0,0.0,0.0,0.0,0.0,0.0,0.0,0.0,0.0,0.0,0.0,0.0,0.0,0.0,0.0,0.0,0.0,0.0,0.0,0.0,0.0,0.0,0.0,0.0,0.0,0.0,0.0,0.0,0.0,0.0,0.0,0.0,0.0,0.0,0.0,0.0,0.0,0.0,0.0,0.0,0.0,0.0,0.0,0.0,0.0,0.0,0.0,0.0,0.0,0.0,0.0,0.0,0.0,0.0,0.0,0.0,0.0,0.0,0.0,0.0,0.0,0.0,0.0,0.0,0.0,0.0,0.0,0.0,0.0,0.0,0.0,0.0,0.0,0.0,0.0,0.0,0.0,0.0,0.0,0.0,0.0,0.0,0.0,0.0,0.0,0.0,0.0,0.0,0.0,0.0,0.0,0.0,0.0,0.0,0.0,0.0,0.0,0.0,0.0,0.0,0.0,0.0,0.0,0.0,0.0,0.0,0.0,0.0,0.0,0.0,0.0,0.0,0.0,0.0,0.0,0.0,0.0,0.0,0.0,0.0,0.0,0.0,0.0,0.0,0.0,0.0,0.0,0.0,0.0,0.0,0.0,0.0,0.0,0.0,0.0,0.0,0.0,0.0,0.0,0.0,0.0,0.0,0.0,0.0,0.0,0.0,0.0,0.0,0.0,0.0,0.0,0.0,0.0,0.0,0.0,0.0,0.0,0.0,0.0,0.0,0.0,0.0,0.0,0.0,0.0,0.0,0.0,0.0,0.0,0.0,0.0,0.0,0.0,0.0,0.0,0.0,0.0,0.0,0.0,0.0,0.0,0.0,0.0,0.0,0.0,0.0,0.0,0.0,0.0,0.0,0.0
hsa.mir.96,0.0,0.0,0.0,0.0,0.0,0.0,0.0,0.0,0.0,0.0,0.0,0.0,0.0,0.0,0.0,0.0,0.0,0.0,0.0,0.0,0.0,0.0,0.0,0.0,0.0,0.0,0.0,0.0,0.0,0.0,0.0,0.0,0.0,0.0,0.0,0.0,0.0,0.0,0.0,0.0,0.0,0.0,0.0,0.0,0.0,0.0,0.0,0.0,0.0,0.0,0.0,0.0,0.0,0.0,0.0,0.0,0.0,0.0,0.0,0.0,0.0,0.0,0.0,0.0,0.0,0.0,0.0,0.0,0.0,0.0,0.0,0.0,0.0,0.0,0.0,0.0,0.0,0.0,0.0,0.0,0.0,0.0,0.0,0.0,0.0,0.0,0.0,0.0,0.0,0.0,0.0,0.0,0.0,0.0,0.0,0.0,0.0,0.0,0.0,0.0,0.0,0.0,0.0,0.0,0.0,0.0,0.0,0.0,0.0,0.0,0.0,0.0,0.0,0.0,0.0,0.0,0.0,0.0,0.0,0.0,0.0,0.0,0.0,0.0,0.0,0.0,0.0,0.0,0.0,0.0,0.0,0.0,0.0,0.0,0.0,0.0,0.0,0.0,0.0,0.0,0.0,0.0,0.0,0.0,0.0,0.0,0.0,0.0,0.0,0.0,0.0,0.0,0.0,0.0,0.0,0.0,0.0,0.0,0.0,0.0,0.0,0.0,0.0,0.0,0.0,0.0,0.0,0.0,0.0,0.0,0.0,0.0,0.0,0.0,0.0,0.0,0.0,0.0,0.0,0.0,0.0,0.0,0.0,0.0,0.0,0.0,0.0,0.0,0.0,0.0,0.0,0.0,0.0,0.0,0.0,0.0,0.0,0.0,0.0,0.0,0.0,0.0,0.0,0.0,0.0,0.0,0.0,0.0,0.0,0.0,0.0,0.0,0.0,0.0,0.0,0.0,0.0,0.0,0.0,0.0,0.0,0.0,0.0,0.0,0.0,0.0,0.0,0.0,0.0,0.0,0.0,0.0,0.0,0.0,0.0,0.0,0.0,0.0,0.0,0.0,0.0,0.0,0.0,0.0,0.0,0.0,0.0,0.0,0.0,0.0,0.0,0.0,0.0,0.0,0.0,0.0,0.0,0.0,0.0,0.0,0.0,0.0,0.0,0.0,0.0,0.0,0.0,0.0,0.0,0.0,0.0,0.0,0.0,0.0,0.0,0.0,0.0,0.0,0.0,0.0,0.0,0.0,0.0,0.0
hsa.mir.292,0.0,0.0,0.0,0.0,0.0,0.0,0.0,0.0,0.0,0.0,0.0,0.0,0.0,0.0,0.0,0.0,0.0,0.0,0.0,0.0,0.0,0.0,0.0,0.0,0.0,0.0,0.0,0.0,0.0,0.0,0.0,0.0,0.0,0.0,0.0,0.0,0.0,0.0,0.0,0.0,0.0,0.0,0.0,0.0,0.0,0.0,0.0,0.0,0.0,0.0,0.0,0.0,0.0,0.0,0.0,0.0,0.0,0.0,0.0,0.0,0.0,0.0,0.0,0.0,0.0,0.0,0.0,0.0,0.0,0.0,0.0,0.0,0.0,0.0,0.0,0.0,0.0,0.0,0.0,0.0,0.0,0.0,0.0,0.0,0.0,0.0,0.0,0.0,0.0,0.0,0.0,0.0,0.0,0.0,0.0,0.0,0.0,0.0,0.0,0.0,0.0,0.0,0.0,0.0,0.0,0.0,0.0,0.0,0.0,0.0,0.0,0.0,0.0,0.0,0.0,0.0,0.0,0.0,0.0,0.0,0.0,0.0,0.0,0.0,0.0,0.0,0.0,0.0,0.0,0.0,0.0,0.0,0.0,0.0,0.0,0.0,0.0,0.0,0.0,0.0,0.0,0.0,0.0,0.0,0.0,0.0,0.0,0.0,0.0,0.0,0.0,0.0,0.0,0.0,0.0,0.0,0.0,0.0,0.0,0.0,0.0,0.0,0.0,0.0,0.0,0.0,0.0,0.0,0.0,0.0,0.0,0.0,0.0,0.0,0.0,0.0,0.0,0.0,0.0,0.0,0.0,0.0,0.0,0.0,0.0,0.0,0.0,0.0,0.0,0.0,0.0,0.0,0.0,0.0,0.0,0.0,0.0,0.0,0.0,0.0,0.0,0.0,0.0,0.0,0.0,0.0,0.0,0.0,0.0,0.0,0.0,0.0,0.0,0.0,0.0,0.0,0.0,0.0,0.0,0.0,0.0,0.0,0.0,0.0,0.0,0.0,0.0,0.0,0.0,0.0,0.0,0.0,0.0,0.0,0.0,0.0,0.0,0.0,0.0,0.0,0.0,0.0,0.0,0.0,0.0,0.0,0.0,0.0,0.0,0.0,0.0,0.0,0.0,0.0,0.0,0.0,0.0,0.0,0.0,0.0,0.0,0.0,0.0,0.0,0.0,0.0,0.0,0.0,0.0,0.0,0.0,0.0,0.0,0.0,0.0,0.0,0.0,0.0,0.0,0.0,0.0,0.0,0.0,0.0
hsa.mir.655,0.0,0.0,0.0,0.0,0.0,0.0,0.0,0.0,0.0,0.0,0.0,0.0,0.0,0.0,0.0,0.0,0.0,0.0,0.0,0.0,0.0,0.0,0.0,0.0,0.0,0.0,0.0,0.0,0.0,0.0,0.0,0.0,0.0,0.0,0.0,0.0,0.0,0.0,0.0,0.0,0.0,0.0,0.0,0.0,0.0,0.0,0.0,0.0,0.0,0.0,0.0,0.0,0.0,0.0,0.0,0.0,0.0,0.0,0.0,0.0,0.0,0.0,0.0,0.0,0.0,0.0,0.0,0.0,0.0,0.0,0.0,0.0,0.0,0.0,0.0,0.0,0.0,0.0,0.0,0.0,0.0,0.0,0.0,0.0,0.0,0.0,0.0,0.0,0.0,0.0,0.0,0.0,0.0,0.0,0.0,0.0,0.0,0.0,0.0,0.0,0.0,0.0,0.0,0.0,0.0,0.0,0.0,0.0,0.0,0.0,0.0,0.0,0.0,0.0,0.0,0.0,0.0,0.0,0.0,0.0,0.0,0.0,0.0,0.0,0.0,0.0,0.0,0.0,0.0,0.0,0.0,0.0,0.0,0.0,0.0,0.0,0.0,0.0,0.0,0.0,0.0,0.0,0.0,0.0,0.0,0.0,0.0,0.0,0.0,0.0,0.0,0.0,0.0,0.0,0.0,0.0,0.0,0.0,0.0,0.0,0.0,0.0,0.0,0.0,0.0,0.0,0.0,0.0,0.0,0.0,0.0,0.0,0.0,0.0,0.0,0.0,0.0,0.0,0.0,0.0,0.0,0.0,0.0,0.0,0.0,0.0,0.0,0.0,0.0,0.0,0.0,0.0,0.0,0.0,0.0,0.0,0.0,0.0,0.0,0.0,0.0,0.0,0.0,0.0,0.0,0.0,0.0,0.0,0.0,0.0,0.0,0.0,0.0,0.0,0.0,0.0,0.0,0.0,0.0,0.0,0.0,0.0,0.0,0.0,0.0,0.0,0.0,0.0,0.0,0.0,0.0,0.0,0.0,0.0,0.0,0.0,0.0,0.0,0.0,0.0,0.0,0.0,0.0,0.0,0.0,0.0,0.0,0.0,0.0,0.0,0.0,0.0,0.0,0.0,0.0,0.0,0.0,0.0,0.0,0.0,0.0,0.0,0.0,0.0,0.0,0.0,0.0,0.0,0.0,0.0,0.0,0.0,0.0,0.0,0.0,0.0,0.0,0.0,0.0,0.0,0.0,0.0,0.0,0.0
hsa.mir.378c,0.728766012,-0.069202697,0.820760458,0.486813639,0.403188637,-1.049448559,-1.124290489,-2.508443115,1.347216695,-1.27412672,0.599043012,0.092993625,0.426083979,-0.498132424,-0.378304898,-0.892846748,-0.689368202,1.469392672,0.604510919,-0.163298695,2.00865794,0.295956156,0.433369326,-1.149849197,0.128993761,-1.969979008,-0.575367336,-0.570219249,0.782344612,-0.365657638,0.43649797,-2.03785527,1.544393859,-0.527047021,0.680118347,-0.869287381,-0.516763995,-0.22134241,-0.13688013,0.337206898,-0.44962929,-0.806894497,-0.435803894,0.4908838,0.198123662,1.567109256,0.673095534,0.351085536,-1.035834203,0.393235676,0.093102903,0.320896962,1.383721739,0.619829958,-0.04732611,0.08334253,0.455473536,-2.702158696,-0.631584105,0.139516126,-2.459634526,-0.709786561,-0.14317626,-0.192336224,0.193100298,-1.170642518,-0.42740569,-0.918147564,-0.475071357,-1.757226824,1.468577811,0.030881757,-0.117477578,-0.395886499,-0.564204224,-0.087844934,0.390037667,0.328833667,-0.786871843,-0.011127575,0.134400832,0.315881763,1.518286653,-0.86246738,0.515001695,0.301234707,-2.950943542,-2.110886649,-0.382658021,-0.695573723,-0.213325468,-1.248824973,0.708125849,-2.713779178,-0.652167612,0.344708591,1.800237356,0.129832339,-1.851812411,-0.634822653,1.064257825,-0.533869896,0.416923575,-1.063388758,-0.162218232,-0.18624901,-0.891326132,0.561081532,-0.639457146,-0.196661987,2.331636522,1.952219306,0.704242208,-0.035532827,0.79890929,1.516696301,1.912923915,1.025983045,-1.108053563,0.993423077,0.069099598,1.387375609,-0.048122731,0.627591145,0.265550227,0.293754087,0.257930241,0.121111048,0.710749687,2.026863996,1.084377504,0.526251742,0.629992248,1.377358599,0.528021477,2.034529251,1.254006782,0.166026659,0.16183981,-1.427237815,0.925832311,1.265544007,-1.648008553,-0.801684442,-0.559533941,-0.448560478,-2.905419301,-0.845615483,-0.407828314,0.952184845,-1.405331681,1.340147274,0.259062819,-0.353838346,-0.290828087,0.598168215,-0.595797574,0.387730144,0.276509887,-0.446725411,-0.295142997,-0.225032628,0.457182728,-0.471240291,-1.260987794,0.531157661,1.155957203,2.270834673,1.149550735,1.086677227,-0.989287913,0.080829353,0.746935468,0.064511985,0.642235739,1.652883228,0.943780026,1.648126215,-0.156771174,0.952280436,-0.626424322,0.443505261,-1.356418184,-2.045198539,-1.174422568,0.76558146,-0.190465693,0.08539802,0.352401325,-0.22123697,1.22655573,-0.117009699,1.447444402,0.400416818,0.56342667,0.199860654,0.468357048,-0.657535619,-0.160411875,1.896886718,-1.229079405,1.931739567,0.853650998,0.063751981,-0.343765296,1.49160411,0.507632331,1.059631826,0.422785328,1.32802305,1.90546969,0.666741352,-0.277703352,0.193955626,1.58585749,1.13346978,0.730800767,0.121485371,0.652395395,0.315863464,0.68229487,-0.096762468,-0.160685984,-0.586591295,1.268008035,-1.627548365,0.534054896,-1.153676816,1.845070502,0.609311659,0.255573525,0.157226459,-0.989629974,-0.726021919,0.097147073,0.186657056,0.466329599,2.001394567,-0.676955112,0.406323868,0.125321832,1.04818079,1.18347586,0.634306388,-1.04506149,1.4539584,1.32317047,0.095469251,0.178334708,0.506268349,-0.7589171,0.467115559,1.457834787,-0.446145598,-0.494446651,-0.424782795,1.029584667,-0.913842602,-0.136791656,-1.361493562,-0.038959995,0.316411545,-0.509386648,-0.994067712,1.515624884,1.578571394,0.269184904,-0.458565464,0.12629429,1.651796537,0.002974066,-0.985957197,0.838536129,1.2929927,0.919156339,0.28866349,0.180671608,-0.579177587,0.227091666,0.649613351,1.145827028,-0.304606989,0.985547716,1.109189625
hsa.mir.104,0.0,0.0,0.0,0.0,0.0,0.0,0.0,0.0,0.0,0.0,0.0,0.0,0.0,0.0,0.0,0.0,0.0,0.0,0.0,0.0,0.0,0.0,0.0,0.0,0.0,0.0,0.0,0.0,0.0,0.0,0.0,0.0,0.0,0.0,0.0,0.0,0.0,0.0,0.0,0.0,0.0,0.0,0.0,0.0,0.0,0.0,0.0,0.0,0.0,0.0,0.0,0.0,0.0,0.0,0.0,0.0,0.0,0.0,0.0,0.0,0.0,0.0,0.0,0.0,0.0,0.0,0.0,0.0,0.0,0.0,0.0,0.0,0.0,0.0,0.0,0.0,0.0,0.0,0.0,0.0,0.0,0.0,0.0,0.0,0.0,0.0,0.0,0.0,0.0,0.0,0.0,0.0,0.0,0.0,0.0,0.0,0.0,0.0,0.0,0.0,0.0,0.0,0.0,0.0,0.0,0.0,0.0,0.0,0.0,0.0,0.0,0.0,0.0,0.0,0.0,0.0,0.0,0.0,0.0,0.0,0.0,0.0,0.0,0.0,0.0,0.0,0.0,0.0,0.0,0.0,0.0,0.0,0.0,0.0,0.0,0.0,0.0,0.0,0.0,0.0,0.0,0.0,0.0,0.0,0.0,0.0,0.0,0.0,0.0,0.0,0.0,0.0,0.0,0.0,0.0,0.0,0.0,0.0,0.0,0.0,0.0,0.0,0.0,0.0,0.0,0.0,0.0,0.0,0.0,0.0,0.0,0.0,0.0,0.0,0.0,0.0,0.0,0.0,0.0,0.0,0.0,0.0,0.0,0.0,0.0,0.0,0.0,0.0,0.0,0.0,0.0,0.0,0.0,0.0,0.0,0.0,0.0,0.0,0.0,0.0,0.0,0.0,0.0,0.0,0.0,0.0,0.0,0.0,0.0,0.0,0.0,0.0,0.0,0.0,0.0,0.0,0.0,0.0,0.0,0.0,0.0,0.0,0.0,0.0,0.0,0.0,0.0,0.0,0.0,0.0,0.0,0.0,0.0,0.0,0.0,0.0,0.0,0.0,0.0,0.0,0.0,0.0,0.0,0.0,0.0,0.0,0.0,0.0,0.0,0.0,0.0,0.0,0.0,0.0,0.0,0.0,0.0,0.0,0.0,0.0,0.0,0.0,0.0,0.0,0.0,0.0,0.0,0.0,0.0,0.0,0.0,0.0,0.0,0.0,0.0,0.0,0.0,0.0,0.0,0.0,0.0,0.0,0.0,0.0
hsa.mir.485,0.684177403,0.796672178,2.420232974,0.68242986,-0.096606002,0.574427071,-0.067304631,-0.849422712,1.735454379,0.486014107,-1.051489328,0.708800168,0.335246974,0.380135204,-0.725448789,-0.080987494,3.195816568,-1.531628724,-1.410882068,-0.268360495,-0.187267729,1.400149831,-0.863499444,-0.35118101,-1.356086082,-0.697636112,1.218140499,0.434577856,-0.723002009,0.169752041,-0.60633778,1.217184992,0.231010926,0.726338992,0.602910808,-0.313563716,-0.418750625,0.26211185,0.153757895,-1.050486768,0.048566838,2.14432289,-0.374792939,1.121611566,-1.348275765,-0.046227175,2.204596471,1.250507719,2.016644426,2.452661872,0.282760213,0.878866215,-0.025084254,0.250990604,-0.682686774,-0.105312866,2.293274016,1.254407389,0.883370995,0.189436856,-0.06145656,0.663475583,-0.771723659,0.017824257,-1.375527444,-0.06029684,0.406692876,0.092638672,-0.365378497,-0.321360075,0.007118054,0.096174074,1.281231965,0.516108739,0.067537864,1.026252367,-0.19560875,-0.511113842,-0.639439481,0.868911228,0.802955724,-0.120132835,-1.133961091,-1.348696294,0.869169624,-1.809869316,-0.169626929,1.093692794,0.093315113,0.789419465,-0.351016667,2.143933775,-0.472184965,-1.38654605,-0.375156034,0.017428589,0.348370097,-0.440923968,0.139479536,-0.52642341,-0.356432996,0.310299412,0.099225136,0.146374613,0.284696682,0.48362681,0.400233348,-2.047420125,1.290767356,-1.037152888,1.258865915,-0.98188349,-0.025042279,0.713112508,-1.453689114,0.936233008,-0.734821456,0.75320668,0.855785914,-1.27930581,-0.047469453,-0.805706184,1.42095009,-0.475101873,0.206472756,-1.693034858,-1.84238606,-0.11545558,-1.367883774,0.051165146,-0.290665936,-1.16327746,0.270187182,-0.052130377,-0.928406105,-2.724809513,-0.52947264,-0.628925095,-0.495101101,1.684519111,0.703082818,-0.19806239,-1.101199375,-2.979342178,-0.734554581,0.757563614,1.02415287,-0.811168746,0.46745035,0.682375075,1.288949704,-1.17007238,1.061471444,0.696491476,0.061413605,-0.489789525,-0.381859875,-0.209086497,0.939333328,0.289561561,0.298176063,0.022484701,-0.704943686,-0.326878559,-0.177360381,0.272826813,-0.32531652,-1.723429344,-1.08840884,0.13249157,-1.468052881,0.007176637,-0.395513457,2.01449726,-0.189854465,-0.291244649,0.014955668,0.39753239,1.278080094,0.042328523,-1.084069449,0.006826799,0.625322582,-1.528580445,0.31933995,1.164630069,-1.098973078,2.159885404,-2.599886463,-0.935262803,-1.681398093,-1.334213522,-1.934764955,0.56951426,0.97468317,-1.534181131,-0.546607818,-0.245537365,-1.547899498,0.664705721,-0.193097008,0.369010472,-1.991815809,0.644355141,-1.734309862,-0.856227334,1.164791066,-0.958498564,0.553235926,-0.849746949,0.789944304,0.267134519,-0.50581982,0.056018299,0.236399103,-0.417343427,-0.157637295,-0.394963737,-0.334883379,1.123557732,1.804324789,-0.814367902,-0.00914556,0.604015103,-0.104560958,-0.993932616,0.146026126,1.394135085,-2.118798722,1.122298792,0.400413537,-0.427708725,0.274391341,0.619713898,-0.349414342,0.567742949,-0.258187657,-0.923867694,0.418768178,0.880140743,0.12480495,-0.276701828,0.292359394,-1.899615029,0.163128704,-1.296577929,-0.808473928,-0.206246366,-2.655764918,-1.000132183,0.464765257,-0.573321737,-1.13557442,-1.030109139,-2.276075234,-1.093185287,0.854452264,-1.478788687,0.358247117,0.827924057,-0.117059555,0.581726407,-0.173065158,0.30978651,-0.019903237,-0.098899087,0.443064078,-0.076151931,-0.238699634,-0.490576319,1.040040445,-0.000990514,1.617183095,-1.562754261,0.038443591,0.261821296,-1.676361596,0.599279391,0.435722321,-0.620320495,0.295710183,0.681214524,-2.743477008,-0.088760226
hsa.mir.128.2,1.174097865,-0.590165255,-1.108454204,0.275873064,-1.616297632,-0.665774723,-0.886329755,0.445493114,0.096785733,1.059586759,-0.400096223,0.483811258,0.891506906,-0.709518002,-0.699128715,1.294055295,-0.377803049,0.936603542,-1.076078429,-1.959158207,-0.779552716,1.037235573,-1.396306818,-1.637635874,1.410003323,-1.312711576,0.706342248,2.039351429,0.894182559,0.79468919,2.731280304,-0.599210143,2.690229698,-0.342875974,0.387637363,1.121555307,0.426939224,-0.232883907,0.472193287,-0.086571865,0.729902988,-1.218125999,0.749485247,-0.629281694,-0.471695179,1.08785822,0.407867059,-1.833464648,1.078528219,-0.714379062,-0.376755319,1.907924395,-0.003299875,1.945852506,-0.852117217,1.628439964,-0.77396693,-1.411116593,-1.338729818,-0.996563378,-0.455795594,1.010505511,-0.838047462,-1.321444446,-0.573455526,-0.345384626,0.082366886,0.353123542,1.752430397,0.95934186,2.978456285,0.470443513,1.114034153,-0.55204161,0.878891765,0.142704945,-0.023176116,-0.066162034,1.567013868,-0.970977388,-0.46495234,-0.108985726,1.171084268,-0.149120536,-0.614793511,1.415879578,-1.182505376,1.621796511,-1.202204007,-0.011628153,-0.069471637,-0.733669184,0.706530355,1.802778657,-1.03853305,-0.47975034,0.647372546,-0.156553666,0.705211934,-0.810562158,0.274457725,0.501478258,0.504315144,-0.842632859,0.520222329,-0.074485926,-0.316077963,-0.405957538,1.111257327,0.507332945,-0.625458073,0.807121709,1.906866539,-1.361763037,-0.276958275,1.114136261,1.159008249,-0.542533702,0.726067413,-0.005441704,1.050904556,0.608189507,0.006729195,-1.234494618,1.512649237,-0.37142542,-0.966031147,-0.77012506,-0.216624857,2.582471329,1.589018821,1.007686384,-0.350428236,0.718477305,-0.100790887,1.433322891,1.186476778,0.40521444,-0.230559428,-0.315805974,-0.829851447,0.684221896,-0.167250141,-0.185438358,-0.921546598,-0.876637748,1.320475238,-0.504131409,1.019226919,-0.11762069,-0.058434765,-1.141199949,0.250661191,-0.379115631,0.331906453,-0.411850291,0.269629035,0.307090171,-0.997974185,-0.119056165,0.11100054,-0.202823443,0.333771146,-1.724119456,-1.526405674,-0.396969198,-1.039731737,0.238695198,0.13994197,1.227111614,0.697745437,-1.154726277,0.857736928,-0.38622074,1.089360748,1.120729871,-0.323039189,0.934222892,-0.122113962,-0.015554608,-0.196955781,-0.230181996,0.11734783,-0.743734946,-0.513939708,1.001521837,0.410339775,-0.259494622,-0.755428435,-0.997036635,1.530787493,-0.10009871,1.144977378,-1.002620478,-0.79257546,-0.668408485,0.247147563,-2.675836197,0.228724385,-0.400160215,-1.654383551,-0.344905782,0.848604029,-1.227848179,-0.92644282,0.272734759,-0.383530318,-0.677155614,-0.185056499,-0.256569801,-0.283049924,-1.565729982,-0.428354553,-1.604860254,-0.524079875,-0.202969612,-1.056578906,1.384261373,0.38676998,-0.520269202,-0.787693745,-1.093750779,0.526827967,0.65744632,1.220196957,0.203497128,0.769883448,-0.184944931,0.946712516,-0.726765845,0.102288937,-0.355403219,1.085361304,-0.347045564,-0.528538862,-1.772067688,-0.336259304,0.982965606,0.545462916,-0.744977454,-0.701068233,0.476532084,-0.777979853,-0.816153137,1.343094369,1.140218362,1.884830704,-0.889595643,-0.564531554,0.894539812,-0.152298379,0.010733468,0.558847234,-0.847941446,-0.802145473,-0.189008346,2.378837962,1.05033449,0.586238764,-0.656966615,1.078367392,-0.187065912,-0.158994967,-0.28561125,0.00738426,-0.813367429,0.11814633,-2.029084401,-0.777721594,-1.006807196,-1.387789644,0.150621415,1.44311621,0.502395194,-0.954608417,0.349506337,0.141698851,0.074763584,1.495833762,-0.160387705,-0.503416104,-1.507519751,1.514341688,0.198196059
hsa.mir.268,0.0,0.0,0.0,0.0,0.0,0.0,0.0,0.0,0.0,0.0,0.0,0.0,0.0,0.0,0.0,0.0,0.0,0.0,0.0,0.0,0.0,0.0,0.0,0.0,0.0,0.0,0.0,0.0,0.0,0.0,0.0,0.0,0.0,0.0,0.0,0.0,0.0,0.0,0.0,0.0,0.0,0.0,0.0,0.0,0.0,0.0,0.0,0.0,0.0,0.0,0.0,0.0,0.0,0.0,0.0,0.0,0.0,0.0,0.0,0.0,0.0,0.0,0.0,0.0,0.0,0.0,0.0,0.0,0.0,0.0,0.0,0.0,0.0,0.0,0.0,0.0,0.0,0.0,0.0,0.0,0.0,0.0,0.0,0.0,0.0,0.0,0.0,0.0,0.0,0.0,0.0,0.0,0.0,0.0,0.0,0.0,0.0,0.0,0.0,0.0,0.0,0.0,0.0,0.0,0.0,0.0,0.0,0.0,0.0,0.0,0.0,0.0,0.0,0.0,0.0,0.0,0.0,0.0,0.0,0.0,0.0,0.0,0.0,0.0,0.0,0.0,0.0,0.0,0.0,0.0,0.0,0.0,0.0,0.0,0.0,0.0,0.0,0.0,0.0,0.0,0.0,0.0,0.0,0.0,0.0,0.0,0.0,0.0,0.0,0.0,0.0,0.0,0.0,0.0,0.0,0.0,0.0,0.0,0.0,0.0,0.0,0.0,0.0,0.0,0.0,0.0,0.0,0.0,0.0,0.0,0.0,0.0,0.0,0.0,0.0,0.0,0.0,0.0,0.0,0.0,0.0,0.0,0.0,0.0,0.0,0.0,0.0,0.0,0.0,0.0,0.0,0.0,0.0,0.0,0.0,0.0,0.0,0.0,0.0,0.0,0.0,0.0,0.0,0.0,0.0,0.0,0.0,0.0,0.0,0.0,0.0,0.0,0.0,0.0,0.0,0.0,0.0,0.0,0.0,0.0,0.0,0.0,0.0,0.0,0.0,0.0,0.0,0.0,0.0,0.0,0.0,0.0,0.0,0.0,0.0,0.0,0.0,0.0,0.0,0.0,0.0,0.0,0.0,0.0,0.0,0.0,0.0,0.0,0.0,0.0,0.0,0.0,0.0,0.0,0.0,0.0,0.0,0.0,0.0,0.0,0.0,0.0,0.0,0.0,0.0,0.0,0.0,0.0,0.0,0.0,0.0,0.0,0.0,0.0,0.0,0.0,0.0,0.0,0.0,0.0,0.0,0.0,0.0,0.0
hsa.mir.450a.1,1.213161465,0.350344044,0.791310795,-0.058003248,-2.209065415,-1.003727599,0.226939139,-1.98781588,0.968374396,0.016953569,-0.877108245,1.139570485,1.565848695,0.609953012,-1.067162196,-0.650671106,-1.567472723,0.390843396,-2.51125141,-3.333677656,-0.343561691,-0.152279069,0.374095281,0.318481862,0.564010329,-0.031230689,0.904031579,1.067809221,1.063652598,-1.608319026,-0.264602349,0.34130068,1.814975577,0.873180833,-0.372566898,-1.588429732,-0.589328161,0.849278956,0.347968589,0.535327161,0.171782495,-0.648608398,0.449195491,-0.231719539,-0.214212824,1.070754617,0.664932855,-0.109345599,0.909785905,-0.79740803,0.391739642,0.916721048,-0.100015977,-1.861688124,-0.942649809,0.016333649,0.092708351,0.36417986,0.044518571,-1.21864336,0.209556194,0.370499865,-1.40467076,-0.370011897,-0.583379273,0.18052391,0.928620482,-0.851586427,0.934785512,0.63505302,1.791715228,0.600104518,-1.168324014,-1.023399739,0.227764463,0.708673539,0.248031553,0.143394378,0.683479295,0.060311492,0.68529,-2.331420226,0.203179087,-0.498597701,-0.015150343,0.81313575,0.491794612,3.030461685,0.523675918,1.029070978,1.228639758,1.96183373,1.872653537,0.530664085,-0.248999337,-0.393239095,0.726324678,0.935679256,0.325127525,0.29860682,0.804264443,0.063973868,0.330404126,-2.58614306,1.038528143,-0.337695912,0.784611109,-0.748417727,1.299824243,0.582224249,-0.830125647,0.492784027,1.763715192,0.817075432,-0.078443287,0.630583546,0.581830836,-1.091528567,-0.7327206,0.930478038,-0.528315405,1.105461752,-0.712578395,-2.991551761,0.928976862,-0.857020455,-1.013770067,-0.340413973,0.471779273,0.312177319,0.251953342,0.360390565,1.193745423,0.26831212,-0.76984422,0.29828945,-0.265473144,-0.878394356,-0.271106868,0.98801207,-0.457421076,-0.606355175,0.1162399,-0.79786979,-0.53669328,-0.493745441,0.786781651,0.596135269,0.169283333,0.889059223,-0.019934774,0.889339107,1.791130837,0.302542854,1.788404819,-0.300916153,0.308175032,0.649467486,0.875530774,-2.42938824,0.429409228,-0.248357258,0.829411555,-0.33477416,-2.863065045,0.050826512,-0.188804901,-1.458752344,1.024638139,0.479859901,-1.46310184,-0.119966183,0.921435093,-0.466970677,1.175665345,-0.092172692,0.034145132,0.322405837,3.304089146,0.884336024,-1.905364384,-0.874460763,-0.529892046,0.422235241,-0.376901143,0.113975541,0.956926505,1.100292076,-1.025540454,-0.639890826,-0.510498699,1.19816204,0.536443298,-0.166590738,0.106142401,-0.166562433,-0.669336358,-2.017366718,0.56346808,-0.029959896,-0.414420854,-0.176401077,0.576731676,-0.966003936,-1.916970857,0.555648145,0.937521228,0.714213238,-0.26149089,-0.013167277,-3.083554401,-1.427819318,-1.722541581,0.460516174,0.756753892,0.172471209,0.162239484,-0.020495803,0.811003837,-0.374188438,-1.446926825,-2.006287214,0.062716734,-0.647577685,1.042071252,-0.057481237,1.993436398,0.325989315,0.748219608,0.84748163,0.077350282,0.436481711,0.360248947,-0.516407012,-0.740180194,0.703726302,-0.968925311,-1.791854765,0.510491557,0.979275077,0.448531538,0.05941816,0.839270842,-1.058084976,0.583165508,0.302696365,0.454920073,-1.39458164,-0.626401091,-0.33199728,-1.164037535,0.1250311,-0.326078716,-1.846290993,-1.145726095,-0.719049451,1.593807928,-1.174600663,1.222124374,-0.197672352,-0.073683946,-0.505257384,0.391786224,-0.542793696,-1.163895257,0.226543509,-1.56302503,-0.719329418,0.673929217,1.020071175,0.209787154,-1.545508623,-0.485270997,0.533400198,1.601978728,-0.594324442,-0.764142411,-0.146708643,1.310253178,-0.255528523,-0.415583236,-1.350787889,-0.649153626,0.036638538
hsa.mir.24.2,0.007185208,0.993721805,2.250263243,-1.760716889,0.191622619,-1.416849469,1.104977963,-2.18135827,-1.015104299,0.616314268,0.006061899,-0.859292902,0.826579111,-0.068775345,1.215989821,-2.124869927,-0.660742796,0.086536705,0.571449157,-0.624741947,-0.327242152,-0.568637594,0.822752244,0.948855793,-1.822401082,-2.133361525,0.361626967,-1.974871939,0.763709431,-0.722020554,-0.603317496,-0.140217933,0.100501698,0.341996265,0.060609157,-0.41125212,0.135943216,-0.344845775,-1.269196523,1.273254406,0.161115743,-0.529395291,1.05704972,-0.642601337,-0.005883557,-0.268273237,-2.146589637,-2.908804884,-2.688913866,0.251768175,1.609200711,-1.266728556,0.835368827,0.322955246,0.466767055,-1.860961861,-0.00346609,0.281575972,0.985019783,-0.027144793,0.648586415,-0.357454202,-1.066351238,0.516864624,1.533928001,1.130638263,-0.011556211,1.056337541,1.230642892,1.206869277,-0.86525271,-0.434270986,-0.639322834,1.575405154,-0.733402737,-0.861022158,0.660013091,-0.012542608,0.567510889,-0.561448874,-0.050072385,1.130569736,1.062021149,0.576802862,-0.150585885,-0.767584715,-1.357390251,-0.620647607,0.017861123,-0.327816385,1.055080112,-1.212856084,-0.198975305,0.943132126,0.38052553,-0.862720887,0.527706131,-0.917989035,-0.075470863,-1.819633182,0.17330907,0.789155387,-0.525525235,-1.571960297,-0.674402999,0.860558034,-0.700594861,-1.21423712,-0.631969035,1.67828951,1.796281399,1.599522369,0.327645515,-0.568805085,0.013572389,-0.392093603,1.298994062,0.08552623,-1.575127672,0.922016903,0.867950882,0.071566754,0.519935653,-1.650766413,-0.169879577,-0.085959326,0.27171955,0.285196362,1.094448337,0.39562179,0.67242798,0.802499666,1.057650989,0.954599895,0.849242839,0.255593383,0.663681285,0.804299477,1.317429939,-0.947817205,0.106763776,0.223877817,-0.290099053,0.618232261,-1.486787641,1.35913569,-1.611298491,-0.4536607,-0.37129951,-0.647191935,-0.622750997,-0.218946669,0.063432478,0.78120831,-0.441435501,1.273732676,-0.218604013,0.461959343,0.495018094,0.630719745,-0.969979503,0.436963848,0.187679081,0.071970397,-2.503163686,0.359460819,0.100442681,-0.121352784,0.013447148,-0.522708367,1.037765206,-0.829706565,1.775722563,-0.585408593,0.48067806,1.493235809,2.444759127,0.005463927,0.935481204,0.719574308,0.954236551,1.170922173,-0.916425613,0.790559673,-2.014123612,-0.909504962,0.835756118,-0.405338456,-1.377776228,0.37698702,0.956085242,1.367700165,0.576637893,-1.769515427,-1.080035509,1.020070864,0.285730393,0.637986883,-0.929299698,-0.999817774,-1.288607191,-0.571265053,1.915657216,-0.200139343,0.753244532,-0.484150805,0.32965452,0.153802164,0.614677104,1.898344097,1.076028934,-0.144202351,0.715533711,-0.230786491,0.659325383,0.601993374,1.783681503,0.81301098,-0.027419,-0.777409109,1.067989078,0.366594731,0.806517719,-1.255370401,0.361703399,-1.688365157,-0.169452915,-1.048311891,2.056151115,-0.829717735,-0.509637081,-0.189818878,-1.149095619,0.122413882,0.413598436,0.985847531,-0.182568092,-0.23269655,-0.350721731,-0.774736774,-0.258941477,1.131489362,0.839118529,0.264487653,0.11935672,0.18363897,0.414120556,0.399110917,-0.577329908,1.331004317,0.423709337,-1.31610149,0.687607413,-1.07419382,-1.132353053,-0.081440239,0.076114115,1.351790466,-1.076897066,0.89043393,-0.00909903,-0.162781144,-0.453897416,0.15916884,-0.337768394,0.556577857,-0.607931066,0.33143171,0.169047201,0.261123086,0.238569329,-0.101600856,-2.56439683,1.088065226,0.80043155,0.034007657,-0.506818296,0.15539371,-0.824235253,0.274390054,1.290266566,-0.791857958,-0.954166834,1.906189822
hsa.mir.194.1,0.547133718,0.39530837,0.405887111,1.280592013,2.19491705,-2.289605542,-1.018603191,-1.85751326,0.247445498,0.663278978,0.281428859,0.364940772,0.340810996,0.063336294,-0.254781658,-0.738320489,0.367009622,2.408501478,0.337540599,-1.142372967,0.885707815,0.273949942,-0.534824692,0.390985075,-1.950082703,-1.20626382,0.205508937,-1.334155395,1.886664556,-0.387416856,-0.631875627,-0.161400861,-0.475460163,1.458624101,1.810338544,1.035183299,0.688530054,-0.823665261,-0.490541015,-0.914039003,-0.464931423,0.136488518,-0.626753367,0.573072398,0.327892853,0.474300382,0.516363679,0.259027349,-1.574578216,0.464771456,-0.197895265,-0.416067247,1.595602047,-0.333765388,-0.930121743,-1.845406795,0.316341576,1.086964133,0.557193065,1.052161104,2.073985171,1.797869479,1.220112747,-0.161685078,-0.007720574,0.961563948,-0.457418127,1.851332823,-1.409354159,-0.936074972,-1.772844195,0.106996634,-0.552088891,0.81121482,-0.76465623,-0.17995142,-0.227677403,-2.108910182,0.148024833,-0.227856133,0.717738683,1.114309525,0.592272315,0.108330617,1.70031325,-0.391064747,-0.868227802,-1.50670653,0.740334941,-0.557922312,-0.725573236,0.458022039,-0.123167092,0.566567387,-0.87719946,-0.841846195,0.537449687,-0.782823533,0.564702917,-1.08742741,0.02301286,0.038628031,0.912035539,-0.318774732,-1.584741711,-0.142486744,-1.126861188,-0.099337965,-0.010898093,-1.239800409,0.361831338,0.968267557,-0.354400399,0.034208365,0.561716033,1.758782886,0.987617498,-0.423769493,0.236666122,1.767606776,0.133067029,0.940011263,-0.112416534,-0.208064511,1.004359013,0.240036015,-1.262053227,-1.500998188,1.532872317,0.414002971,0.531070254,0.375780004,1.17609765,1.505265136,0.721286714,1.470931432,1.591611393,0.283252365,-0.245673756,0.591769474,1.858806959,0.589444928,1.64895438,-1.287465683,-1.443015024,0.50521835,-0.304953472,0.015136235,-0.348749042,1.642317719,0.205516477,1.607889115,0.395236592,0.272326883,0.06262177,-0.57504437,-0.502732661,0.054661602,-1.207384707,-1.636623491,-1.841956286,0.076025027,0.18229619,-0.65660441,-2.062428171,0.346370597,0.435201124,1.182492717,-0.409277086,0.799811259,0.440785898,-0.2956702,0.148644148,0.10745105,1.015804067,-0.32203577,0.086951373,1.389009527,-0.224295555,0.329799385,-0.368357435,-0.767212642,0.525650143,-0.636363883,-0.1085955,0.860314671,0.488382885,-0.05815598,-0.436990572,-0.529842462,0.764498235,0.813811668,1.283183863,-0.900072914,-0.520038611,-0.655759375,-0.081487734,-0.888645102,-0.167269961,0.668334913,-1.365582222,1.013098513,-0.298402754,-0.582915265,1.112170496,0.273092783,0.308483343,0.116437624,-0.231043633,1.862965788,0.248056059,1.468023426,-0.988526883,-1.169610227,-0.1878982,0.774034403,0.097429866,1.215518629,0.51075365,-0.128023871,0.163361881,-0.475232193,0.465703501,-0.076011545,-0.746946346,-1.881166331,0.81295618,-0.319766577,2.169654373,-0.68310832,0.688242605,0.881631953,-0.897119004,-1.183321031,1.332588867,-0.390242776,0.833880026,1.61401233,1.088579948,-0.066620284,-0.853814297,-0.211762257,-0.574442407,-0.124960257,-2.399400106,1.491817985,-1.110632661,0.153487465,-1.456711277,0.193552116,0.606164336,-0.544839038,-0.307692006,-0.342819981,1.450875325,-0.105101214,-0.07972476,-0.82303929,0.326473327,-0.882008724,1.018533845,0.050253688,0.41857658,-1.21910925,0.186991536,0.375512326,0.130254059,-0.424450206,0.101014586,0.623941145,-0.509549705,0.703647435,0.333824115,1.605433325,0.310009995,-0.283224157,-0.721315012,1.441173183,0.352042376,2.312046891,1.440429479,-0.825095095,0.561321601,1.479615728
hsa.mir.345,-0.213120599,-0.226392225,-0.144002398,1.6617696,-0.453206063,1.002152424,-1.181156515,-0.486624807,0.530246157,-0.73499672,-0.720077233,-0.920981413,0.100767245,-0.509862778,-0.405369662,0.755091369,1.248788586,0.391435741,1.19218028,0.406956098,-0.41239888,-0.835063392,0.292504575,0.760040454,1.591554955,1.172901493,1.062461819,0.089977744,-0.281810891,1.900794784,1.827741154,0.945519107,-0.311711364,0.183372133,-0.287435158,-2.310753051,-2.265892693,-0.2226701,-0.876784304,0.267332498,-0.261780585,-0.441283202,-0.294948945,-0.27843277,-0.199061844,-0.985458231,-0.419056382,0.560888601,0.797533324,0.93387153,0.109508954,-0.140647588,-0.506624594,-0.100441639,0.816925871,0.354706599,0.736704794,-0.484461245,-1.43127814,-0.413746454,-0.224325401,0.403994034,-0.929652266,-0.496991851,0.706134791,-0.462127358,0.253707617,-0.237742014,3.111530503,3.631859216,1.206837688,-0.344901686,1.341825406,0.395958709,-1.351732191,0.11684766,-0.533848024,0.347888,-0.310096187,0.858782117,0.137785767,-0.392728107,-2.194190377,2.964444155,0.988881143,0.040667205,-0.124587543,0.378903937,-0.996514791,-1.115004265,0.007424956,0.517094255,1.599970505,1.034041476,0.179444548,0.654712645,0.242596353,1.095605209,-0.558979541,1.318316374,-0.303073316,0.011569937,-0.597928528,0.236740857,0.174066616,-0.534246079,-0.697538167,-0.072505231,0.194289658,2.177278428,-0.650785452,1.066328283,-0.060068274,-0.459581479,-0.736993981,-0.596719054,1.160745426,-0.100007519,-0.916658657,-1.585346182,-0.720567978,-0.132363106,2.139253327,-0.689762192,-1.321141397,2.893252082,2.533165715,0.498398543,1.632462658,-1.19004939,0.106997908,-0.080336364,-0.734963593,0.340408652,0.564228071,-0.413164906,-0.24544328,1.997636475,-0.044772775,-0.63945133,-0.562727962,-0.95175561,0.822604495,-1.299986565,0.245233621,-0.460257233,0.433958784,-0.86346318,1.949228979,0.442668858,-0.397855465,-0.094743021,-0.35170715,0.169830467,-0.135879517,0.034859269,0.033195577,0.70029727,-0.826224013,1.406198868,0.497414171,-1.076753336,-0.005969655,-0.236547346,-0.164634046,-0.360202262,-0.019748116,-0.878095772,-1.26161705,1.782211651,-1.137099693,-1.021179243,0.244667581,0.161520624,-0.666540302,-0.518083629,0.338554896,-0.276422793,0.688169702,0.314730475,1.122432634,0.259571862,-0.904177133,1.632896138,1.130404118,-0.427816549,-0.165848453,-0.34353401,-0.464679178,0.877903749,-0.595755023,-0.234643571,0.128542412,0.06979436,-0.8161119,1.61788285,-0.683243736,-1.081833923,-1.420554123,-2.339258959,1.288964001,0.744722047,-0.819646844,-0.079874502,-0.586396636,-1.20568312,-0.567914139,0.071647027,0.279863661,-0.050485691,0.547120103,-0.030456757,-0.321560321,-0.806752608,-0.411274901,0.579444852,-1.077560787,0.016846095,-0.93642352,0.205757484,-0.590270852,0.758478987,2.487337319,1.1571682,-0.01400192,-0.158668039,-1.109504549,-0.038339399,-1.741317266,-1.035779881,-1.274236802,-0.378579895,-1.234817825,0.229486727,-0.476121848,2.102562456,0.933111766,-1.289269817,0.445700581,-0.713022417,-0.347755434,1.344459361,0.876783292,-0.438757604,-1.921908658,1.805231792,0.669753731,0.303937736,0.742738733,2.674309162,0.47667695,0.345303011,0.701444717,0.643155787,-2.783195402,-0.173672617,0.641267347,-1.168729015,0.952310044,0.177477646,1.137393022,-0.630500419,1.760778466,-0.308148952,-0.618903752,-1.181402692,-1.010270517,0.073616442,-0.657251274,0.014871192,-0.573984694,-0.989915698,-0.357564244,-0.242553342,0.433340313,-0.54411762,1.363013512,-0.876891314,0.048958316,1.012703032,-0.833049531,-0.266909416,-0.333430598,-0.984625591
hsa.mir.425,-0.775544846,0.270693912,-1.393375557,-0.129273906,-0.078968666,0.4041117,0.252664281,-2.072932248,0.184021589,0.497270431,2.477736711,1.334635704,0.636674795,-0.111956131,-0.170143565,0.679416078,1.184682367,-1.031383535,-0.892515961,0.008011184,0.764219818,-2.823270696,0.679518592,-0.527066287,1.976482658,-0.823324174,0.948789251,-0.585709157,-0.691476825,1.80947098,1.75862166,0.181586381,0.335610918,-0.589867606,0.142704789,-1.521508473,-0.306512862,-1.753813229,0.077417661,-0.48049802,-0.270320504,-1.034163917,-0.190754679,0.264328031,-1.767847277,0.566532219,2.559618303,2.18713389,1.326849648,-1.109698904,-0.201833767,-0.133372311,-0.395116883,0.895115492,0.374940231,0.110918233,-1.180219013,-0.304837632,-0.821454024,1.266569291,-0.799081399,-1.299929523,1.18762137,-0.524872336,1.203446409,0.391371114,-0.209062975,-0.063258375,-1.016622441,-0.358933638,1.54544307,-0.782794137,2.310108964,-0.058966159,-0.490545747,0.483397596,-0.635125123,2.263963353,2.019637864,-0.247402642,1.532839655,-0.51183668,-0.242056211,0.288778157,1.971761614,-0.572052096,0.417853862,1.120676881,-0.067149676,-0.891327903,0.479054943,0.40323531,-0.237564213,-1.051783413,-0.543483852,1.227739969,-0.646064959,1.271760304,0.455308948,-2.534029138,-0.042652064,-0.445155043,-0.546961278,0.912392171,0.137699506,0.600873403,1.446654389,1.477757909,-0.825079527,-0.648010748,-1.53390442,1.270650377,-0.057659395,-0.158767566,2.348149771,-0.682297483,-0.774156608,-0.124693594,-0.764609926,0.244226532,-0.479118615,1.351396289,-1.715738139,0.259474044,-0.232117677,-0.333615075,-0.337422862,0.220954693,0.288084815,1.436409535,-0.6007745,-1.077188126,0.219223931,0.048811756,0.308738136,0.220172441,-0.505156582,-0.170995918,-2.669978521,-1.466780889,1.282280104,0.831571976,-0.857765626,1.098179577,-1.745984544,-1.267402269,-1.428086326,-0.453227463,-1.046010806,-0.763409777,-1.359275092,1.532038788,-0.384452446,-0.022577678,-0.313618407,-0.744265283,-0.661499166,0.18525231,-1.728446049,-1.27335382,0.000255265,-1.217183348,-0.076261751,0.203779597,-0.711363936,-0.386907009,-0.72892825,-0.738577407,1.628440312,-0.83561979,0.595091423,-2.026729676,-0.862927208,0.665215329,-1.503966961,-1.315454803,-0.828497143,0.132614893,-0.104585013,0.563939989,-0.164030834,-0.575164175,0.189630155,1.031839079,-0.286394444,-0.405219526,-1.602008552,1.229223463,1.427717759,0.852891472,-0.18326839,-0.80833738,1.525626207,0.773741139,-0.657773544,0.421271695,0.79452195,-0.918419251,-0.584303184,-0.211119444,-1.984414172,-0.615564132,0.203854523,-0.591737272,0.562886031,-0.725043378,-0.495543159,0.275827759,-0.575573355,0.06258211,1.322917854,-1.145913985,-0.80125508,0.49975078,0.68457818,-0.789958513,-0.858014247,-0.840161361,0.55647852,0.740406954,1.249374855,0.475447687,-1.026020978,-2.731272569,0.132430949,-0.742878859,-0.970429197,0.361775144,2.899729133,-0.68159801,1.45837775,0.423913983,0.776686825,-0.105845559,-0.348774361,-1.629930623,0.028553483,0.658677045,-1.230747503,-0.375464966,-0.275117624,-1.132620224,-0.782294398,-0.778550828,0.48505284,1.186010658,-0.328757719,-0.998221494,-0.018627025,-1.304202768,-0.208095687,2.649484071,0.233104088,-0.783294209,0.835907508,-0.093345417,1.233384281,0.203903424,-0.900040982,-0.398207342,1.323751674,-0.038997414,-0.824738445,0.258601445,-0.255620552,-0.788444277,0.309576859,1.037540765,-2.123609765,0.653130569,-0.624418667,-1.969146254,-0.35393843,-0.434463811,-0.647677405,-0.365570685,-1.329295228,-0.026420762,-0.2472309,1.861409653,-0.966417983,-0.474331106,0.348992838,-1.134818311
hsa.mir.206,0.0,0.0,0.0,0.0,0.0,0.0,0.0,0.0,0.0,0.0,0.0,0.0,0.0,0.0,0.0,0.0,0.0,0.0,0.0,0.0,0.0,0.0,0.0,0.0,0.0,0.0,0.0,0.0,0.0,0.0,0.0,0.0,0.0,0.0,0.0,0.0,0.0,0.0,0.0,0.0,0.0,0.0,0.0,0.0,0.0,0.0,0.0,0.0,0.0,0.0,0.0,0.0,0.0,0.0,0.0,0.0,0.0,0.0,0.0,0.0,0.0,0.0,0.0,0.0,0.0,0.0,0.0,0.0,0.0,0.0,0.0,0.0,0.0,0.0,0.0,0.0,0.0,0.0,0.0,0.0,0.0,0.0,0.0,0.0,0.0,0.0,0.0,0.0,0.0,0.0,0.0,0.0,0.0,0.0,0.0,0.0,0.0,0.0,0.0,0.0,0.0,0.0,0.0,0.0,0.0,0.0,0.0,0.0,0.0,0.0,0.0,0.0,0.0,0.0,0.0,0.0,0.0,0.0,0.0,0.0,0.0,0.0,0.0,0.0,0.0,0.0,0.0,0.0,0.0,0.0,0.0,0.0,0.0,0.0,0.0,0.0,0.0,0.0,0.0,0.0,0.0,0.0,0.0,0.0,0.0,0.0,0.0,0.0,0.0,0.0,0.0,0.0,0.0,0.0,0.0,0.0,0.0,0.0,0.0,0.0,0.0,0.0,0.0,0.0,0.0,0.0,0.0,0.0,0.0,0.0,0.0,0.0,0.0,0.0,0.0,0.0,0.0,0.0,0.0,0.0,0.0,0.0,0.0,0.0,0.0,0.0,0.0,0.0,0.0,0.0,0.0,0.0,0.0,0.0,0.0,0.0,0.0,0.0,0.0,0.0,0.0,0.0,0.0,0.0,0.0,0.0,0.0,0.0,0.0,0.0,0.0,0.0,0.0,0.0,0.0,0.0,0.0,0.0,0.0,0.0,0.0,0.0,0.0,0.0,0.0,0.0,0.0,0.0,0.0,0.0,0.0,0.0,0.0,0.0,0.0,0.0,0.0,0.0,0.0,0.0,0.0,0.0,0.0,0.0,0.0,0.0,0.0,0.0,0.0,0.0,0.0,0.0,0.0,0.0,0.0,0.0,0.0,0.0,0.0,0.0,0.0,0.0,0.0,0.0,0.0,0.0,0.0,0.0,0.0,0.0,0.0,0.0,0.0,0.0,0.0,0.0,0.0,0.0,0.0,0.0,0.0,0.0,0.0,0.0
hsa.mir.147b,-0.298834662,0.194808011,-0.060108957,2.500112236,-1.283865741,2.165060077,-0.61956652,1.599602472,-0.572099371,0.617549676,-1.585604931,-0.951212618,-0.023487921,1.286549068,-1.110555596,-3.131482141,0.04951864,-1.943879218,-0.270685831,0.22678679,-0.551242025,0.353488331,0.262240143,-0.194182191,-1.459611574,0.142264437,-0.904105905,0.6129087,0.726004235,0.68839866,-1.790590985,0.813004867,0.680350522,0.316691182,0.983057054,0.214416692,0.709700351,0.630691714,-0.827291663,-0.615700513,0.904179296,-1.380104383,0.36154057,0.174669267,-0.570413462,-0.259668686,0.515339212,-0.662482779,-1.25685082,-0.126700911,-0.363253851,0.593961033,0.66289769,0.903227825,0.069510148,0.407299648,-0.196570472,0.174214363,0.36061779,0.104054793,-1.078283833,1.961763174,-0.11173629,0.148591527,-0.302482439,0.432444517,0.963021755,0.500609705,0.157661878,0.84899532,0.544492804,0.77009124,0.514849166,-0.310981287,0.629961045,1.427550461,1.2027026,-0.735667712,-0.806288696,1.309303313,0.426133869,0.209059482,0.176398436,0.714596622,-2.339167711,-2.462431366,-1.366842728,1.828888755,0.363737874,-0.814060945,0.449008716,3.024946618,-0.331590436,-0.766357988,-1.276282636,-2.238599532,0.433398277,-0.41135905,-0.681306913,0.988562842,-0.086649683,0.956109908,0.946222447,1.043661568,-1.15262898,-0.359226962,-0.244352633,1.384287551,0.4010211,0.820393586,0.380069078,0.753940908,1.253032121,0.962822175,-1.396945186,0.914112774,0.407460971,1.011118743,4.220472299,0.273067267,0.096500791,-0.847715401,1.324454251,0.24391559,0.090761321,0.369630593,0.158193372,0.863810629,0.195262099,-0.677996524,-0.551672574,0.191887769,-0.177415037,-0.495382036,0.926612873,-1.40558294,1.677377939,0.406467298,0.511515401,-0.386921168,0.331122099,-0.699653211,0.07788934,1.66504612,0.865975166,-0.158078264,-0.888813946,0.360685416,0.452043837,-0.174031802,1.315137241,-0.053431891,0.88227024,1.235754792,0.921344535,0.078284006,0.903835304,0.862525207,1.055287288,-0.197751167,1.544450254,0.163603028,0.940064775,-0.428978288,-0.854633484,1.707458511,-0.713803336,-1.539841964,-0.164684378,-0.211472726,-1.275821084,0.894852928,0.222325606,-0.461268677,0.648832909,0.723120092,-0.183784135,0.259930553,0.329199938,0.041446694,-0.487160143,0.074706003,0.497242329,0.582697399,-2.530810211,1.091896954,-0.474082655,0.584794532,1.243491736,-0.578612283,0.665364671,0.361229736,-1.075455173,0.021089459,0.509896862,0.868423897,0.52811923,-1.104413561,-0.198030857,-0.202577815,0.522982784,-0.908471799,-0.674926858,0.457998124,-0.890277274,-0.327759621,-1.18709419,0.29861592,0.472870397,0.52917405,-0.394665648,0.508861395,0.194308582,0.036871842,0.594605806,0.820204148,0.291865853,-0.391010906,0.354736358,1.038112837,-0.296645622,-0.518687665,0.26624323,0.039703084,0.804856474,0.68681121,0.926949098,0.999452385,-2.718787651,0.673445849,-0.080874,0.394689754,-0.205312829,0.865455897,0.878569424,0.895245932,-0.546042097,-0.284213641,-0.890824668,1.55843648,0.8841116,1.432663378,0.636142281,2.110639627,1.607767897,-0.938155008,0.378615705,-0.041771455,0.267001234,0.691146837,1.040108073,-1.269770399,-0.648582007,-0.995714924,-1.424543261,2.285712816,-3.959953004,-2.79419408,0.42991317,-0.205955921,-0.723082754,0.869654297,-0.647641635,-0.058067991,-1.452288983,0.882805466,0.874873646,0.173838064,0.744712456,-0.30986066,-0.209424555,-1.97357778,-0.957772136,-0.145897843,1.186599282,1.348570374,1.129471985,0.077015664,-1.128412624,-0.290372576,-1.041818176,0.107125864,-1.193404973,0.151880487
hsa.mir.147b.1,0.0,0.0,0.0,0.0,0.0,0.0,0.0,0.0,0.0,0.0,0.0,0.0,0.0,0.0,0.0,0.0,0.0,0.0,0.0,0.0,0.0,0.0,0.0,0.0,0.0,0.0,0.0,0.0,0.0,0.0,0.0,0.0,0.0,0.0,0.0,0.0,0.0,0.0,0.0,0.0,0.0,0.0,0.0,0.0,0.0,0.0,0.0,0.0,0.0,0.0,0.0,0.0,0.0,0.0,0.0,0.0,0.0,0.0,0.0,0.0,0.0,0.0,0.0,0.0,0.0,0.0,0.0,0.0,0.0,0.0,0.0,0.0,0.0,0.0,0.0,0.0,0.0,0.0,0.0,0.0,0.0,0.0,0.0,0.0,0.0,0.0,0.0,0.0,0.0,0.0,0.0,0.0,0.0,0.0,0.0,0.0,0.0,0.0,0.0,0.0,0.0,0.0,0.0,0.0,0.0,0.0,0.0,0.0,0.0,0.0,0.0,0.0,0.0,0.0,0.0,0.0,0.0,0.0,0.0,0.0,0.0,0.0,0.0,0.0,0.0,0.0,0.0,0.0,0.0,0.0,0.0,0.0,0.0,0.0,0.0,0.0,0.0,0.0,0.0,0.0,0.0,0.0,0.0,0.0,0.0,0.0,0.0,0.0,0.0,0.0,0.0,0.0,0.0,0.0,0.0,0.0,0.0,0.0,0.0,0.0,0.0,0.0,0.0,0.0,0.0,0.0,0.0,0.0,0.0,0.0,0.0,0.0,0.0,0.0,0.0,0.0,0.0,0.0,0.0,0.0,0.0,0.0,0.0,0.0,0.0,0.0,0.0,0.0,0.0,0.0,0.0,0.0,0.0,0.0,0.0,0.0,0.0,0.0,0.0,0.0,0.0,0.0,0.0,0.0,0.0,0.0,0.0,0.0,0.0,0.0,0.0,0.0,0.0,0.0,0.0,0.0,0.0,0.0,0.0,0.0,0.0,0.0,0.0,0.0,0.0,0.0,0.0,0.0,0.0,0.0,0.0,0.0,0.0,0.0,0.0,0.0,0.0,0.0,0.0,0.0,0.0,0.0,0.0,0.0,0.0,0.0,0.0,0.0,0.0,0.0,0.0,0.0,0.0,0.0,0.0,0.0,0.0,0.0,0.0,0.0,0.0,0.0,0.0,0.0,0.0,0.0,0.0,0.0,0.0,0.0,0.0,0.0,0.0,0.0,0.0,0.0,0.0,0.0,0.0,0.0,0.0,0.0,0.0,0.0
hsa.mir.421,0.030919896,0.095228094,1.085998809,-0.71891896,0.906196749,-1.15160804,-0.395600836,-1.928799276,-0.185542739,0.521659574,-0.152086104,-1.293775629,-0.358103915,0.079428479,-0.260876102,-2.311328073,-1.520797977,0.728264074,1.12805166,-0.318018228,-0.49942093,-0.45085968,0.231306644,-0.868380333,-0.634326819,0.114340151,0.743283649,-0.05858504,2.564260338,0.828949029,0.072021541,1.132023001,-0.813071839,-0.106961927,1.063661199,0.36022894,-1.043095856,-0.100454568,-0.411650625,-1.204259801,-0.776477608,-0.09926316,0.654357102,1.782949019,-0.660014068,1.3912031,0.45071471,-1.050242289,-2.017879422,1.555381394,0.376169666,1.630503143,0.368543584,0.035140255,-0.146139353,-0.623522011,1.545497987,1.035952827,1.321666389,0.141053622,2.191111652,0.007559779,0.98144072,-0.933533227,-0.495994485,-0.007205728,0.187362062,1.099240537,0.197750962,0.297908269,1.074021585,-0.891624485,0.348400965,1.199214248,-0.561647544,-1.118932159,-0.824398528,0.320583249,0.010746222,-1.375832719,1.16577975,-0.70462154,-1.236020306,0.239360646,0.729369493,-0.097686722,-1.86289049,-0.757471865,1.263944758,-0.15835558,-0.075770649,-0.063648085,0.210622311,-1.689900997,0.349144305,-0.820507957,0.551076161,2.109374377,1.328435624,-3.206150403,0.051935467,-0.492293308,0.949874859,-0.775883536,0.957489187,0.178652568,-1.229077171,-1.450486082,0.789030857,2.174784648,0.339977006,0.207620823,-0.908411464,2.319065351,0.05842437,1.512575486,-0.249468023,1.076699328,-0.549482387,0.465846823,-0.670457503,-0.876799236,0.135586652,-1.711380187,-0.159902549,1.435304258,-0.312561762,0.244277666,0.520997486,0.372586406,-0.167884228,0.15333511,0.505334429,-1.119940656,-0.494517953,0.496519099,-0.448105341,0.935636651,-0.96764264,-0.425987,1.395283958,-1.206583356,0.827820141,-0.972326356,-0.889204285,1.187137948,1.272404834,0.647020121,-0.345251482,1.031583878,0.614298752,0.584074046,-0.522107427,0.92845704,-1.934393743,0.129218274,-1.551036637,0.388115851,0.367754949,-0.648406267,-0.845825473,-0.264428084,-0.549935187,1.182241913,-0.332878322,-0.312559856,-1.032558826,0.90755806,-1.190191029,-0.098296068,0.162800485,-1.72574727,-0.572756614,0.658745949,-0.474678982,-0.476189504,-1.127130949,1.239325554,-0.742302828,-0.059424705,-0.264183699,-0.067558198,-0.931324712,-0.800298912,0.045887635,-0.275325144,-0.219898893,-0.867790029,-2.609563756,-0.124109367,-0.856408296,-0.651029046,-0.060722889,2.683713271,-0.257167456,-0.691088819,-1.19769366,-0.680446151,-0.05856433,-0.092050809,0.034757981,1.67999204,-1.017908883,-1.244829203,-0.8358619,0.413186273,2.253354107,-1.478767946,-0.412212697,0.886451703,-0.288471892,-1.330012793,-1.566399186,-0.748002049,0.074975745,0.286049547,-0.188630778,0.054081621,-0.251448258,-0.145638076,-0.628198619,-0.36537735,0.570727893,-0.566203792,-0.518542452,-1.937714427,-0.712995375,-0.305926834,-0.421308475,-0.376358268,0.625221318,-0.64404869,-0.951328165,1.147638331,0.764428338,-0.482092267,-0.026476858,1.242864972,1.003479144,-1.651898269,0.378060252,-1.002739088,0.872434742,0.02140725,0.448616888,-0.053408881,-0.27220575,-0.556688112,-1.861310176,-0.249343705,1.310177814,0.047293214,0.25128894,-1.407189204,0.30493774,-1.220312447,-0.175874329,-0.945508534,0.681469754,-0.7059096,0.124056893,0.108627157,0.833880863,0.38554327,0.085278434,-0.568377859,0.62183221,-0.046287636,-0.163234989,0.646014497,0.7795551,-2.162492594,0.770554637,1.468159049,0.150216066,0.234234303,-1.223580186,-0.877851758,-0.309733934,0.42336464,-0.042700631,1.123415156,0.686505912,1.498913228
hsa.mir.114,0.0,0.0,0.0,0.0,0.0,0.0,0.0,0.0,0.0,0.0,0.0,0.0,0.0,0.0,0.0,0.0,0.0,0.0,0.0,0.0,0.0,0.0,0.0,0.0,0.0,0.0,0.0,0.0,0.0,0.0,0.0,0.0,0.0,0.0,0.0,0.0,0.0,0.0,0.0,0.0,0.0,0.0,0.0,0.0,0.0,0.0,0.0,0.0,0.0,0.0,0.0,0.0,0.0,0.0,0.0,0.0,0.0,0.0,0.0,0.0,0.0,0.0,0.0,0.0,0.0,0.0,0.0,0.0,0.0,0.0,0.0,0.0,0.0,0.0,0.0,0.0,0.0,0.0,0.0,0.0,0.0,0.0,0.0,0.0,0.0,0.0,0.0,0.0,0.0,0.0,0.0,0.0,0.0,0.0,0.0,0.0,0.0,0.0,0.0,0.0,0.0,0.0,0.0,0.0,0.0,0.0,0.0,0.0,0.0,0.0,0.0,0.0,0.0,0.0,0.0,0.0,0.0,0.0,0.0,0.0,0.0,0.0,0.0,0.0,0.0,0.0,0.0,0.0,0.0,0.0,0.0,0.0,0.0,0.0,0.0,0.0,0.0,0.0,0.0,0.0,0.0,0.0,0.0,0.0,0.0,0.0,0.0,0.0,0.0,0.0,0.0,0.0,0.0,0.0,0.0,0.0,0.0,0.0,0.0,0.0,0.0,0.0,0.0,0.0,0.0,0.0,0.0,0.0,0.0,0.0,0.0,0.0,0.0,0.0,0.0,0.0,0.0,0.0,0.0,0.0,0.0,0.0,0.0,0.0,0.0,0.0,0.0,0.0,0.0,0.0,0.0,0.0,0.0,0.0,0.0,0.0,0.0,0.0,0.0,0.0,0.0,0.0,0.0,0.0,0.0,0.0,0.0,0.0,0.0,0.0,0.0,0.0,0.0,0.0,0.0,0.0,0.0,0.0,0.0,0.0,0.0,0.0,0.0,0.0,0.0,0.0,0.0,0.0,0.0,0.0,0.0,0.0,0.0,0.0,0.0,0.0,0.0,0.0,0.0,0.0,0.0,0.0,0.0,0.0,0.0,0.0,0.0,0.0,0.0,0.0,0.0,0.0,0.0,0.0,0.0,0.0,0.0,0.0,0.0,0.0,0.0,0.0,0.0,0.0,0.0,0.0,0.0,0.0,0.0,0.0,0.0,0.0,0.0,0.0,0.0,0.0,0.0,0.0,0.0,0.0,0.0,0.0,0.0,0.0
hsa.mir.486.2,0.259301913,0.606326051,1.774874302,0.64755117,0.124306659,-1.143410104,0.991481116,1.110104757,0.92423728,1.802057106,0.769394988,0.451328636,-0.762041915,1.055247502,-0.062465662,-0.771362509,-0.772901775,2.513289439,0.14945455,-0.837333818,-1.45207407,-0.670600875,-0.123473467,0.769510827,0.114722177,-0.768326202,0.823150099,-0.988535207,-0.713856188,-0.979619124,2.800707118,0.218355163,0.577962015,0.976515147,-0.339306891,-1.801307334,0.49423633,-1.139347244,0.089746868,-0.995337302,-0.742844107,1.66565998,-1.623575977,0.74426049,-1.379564169,-0.406290638,0.211026503,-0.820834593,-0.677005312,1.035487306,-0.504216888,-1.617405889,-0.414576688,0.196422604,1.196120981,1.149461742,0.87240827,-0.719343785,2.116508657,0.488239248,-0.515787674,-0.542900511,-0.684526205,0.158781397,0.526308373,1.419566603,-1.450147056,1.546317976,-0.077777755,0.29890408,-1.848079174,0.617970551,0.290876637,-2.549229402,-0.834376737,-0.374394586,0.278233761,0.357807931,1.978051542,-0.48013482,0.526185582,-1.385694249,-0.950619679,0.780543544,0.30186075,-1.563427315,-2.698250896,-1.298697214,-0.740250235,0.661901469,-1.011426146,-1.931377376,0.672741714,0.229798781,0.201328923,1.112519863,0.489014506,-0.986393023,-0.306145694,0.01143732,0.564614048,-0.286997431,-1.333362402,-2.225073059,1.184807692,-1.999359459,-1.44600947,0.438851665,1.773715286,1.34869233,1.138312928,0.833762961,-0.168272385,0.089478256,0.688206049,0.366825004,0.466557055,-1.893996804,0.419043079,0.392603447,0.498152522,1.253511728,-0.617102335,0.992868648,-0.945735351,1.670823782,0.096330329,-0.95846473,0.320314739,-0.429448689,0.833909277,0.773206287,0.296736599,-1.361017793,-0.531921282,0.801155146,-0.217563201,0.240530022,-2.493514493,0.309785143,-0.968322987,-1.508885546,0.245575747,-1.99262405,-0.589749211,-1.652845383,-1.778991935,-0.717725841,0.999671384,0.49392342,-0.006325819,1.016558158,-1.908180358,-1.856039974,-0.812448437,-0.829848167,-0.822342975,-0.547346122,0.213198515,-0.328950024,-1.175827482,0.04388675,-1.805072513,1.136889925,0.42365172,-0.222855075,1.38288425,-1.86131534,-0.118631633,0.136826186,-1.49459756,-0.207030065,0.699219741,-0.774471513,0.310240117,-0.415264894,-0.140406635,1.503013698,-0.570397619,1.563184493,0.927840531,-0.805403149,-1.275603521,0.021717863,0.277592294,-0.045694839,-0.27108126,0.613680082,0.248071755,0.232321721,-0.754233245,-0.317509604,-0.608727051,0.067635479,0.067684832,0.172964195,0.343271768,1.71845301,0.904108332,1.774342443,-0.995339879,1.488799038,1.141768585,0.92797921,1.681731899,0.13434505,1.227438728,0.399659033,0.451214854,-1.281650802,1.418936699,-0.308747486,-1.100402836,-1.511419169,-0.383593339,-0.275173124,-0.720536664,1.849262421,1.117293691,-1.449635717,-1.251221068,0.15122031,2.085977417,-0.638446891,-0.537304041,-2.001472489,-0.650699776,-0.986880506,1.667787177,0.135368311,0.112740775,1.175909349,1.000456539,-0.259043018,-0.165734584,0.415150653,1.400363329,-0.785591304,0.893277698,0.319162595,0.040030845,-0.276435024,-0.67863308,-0.704117279,-0.035489323,-2.229655212,-0.057231846,-0.123074661,-1.164482945,0.558683114,0.496273706,-0.594230311,0.95012442,1.016789039,-0.872192147,0.011533836,0.191154383,0.776805918,0.598980104,0.236561036,0.683177403,0.973044544,0.598266552,0.004967318,-0.534789207,1.0313279,-0.651394995,0.335128678,-0.640585729,1.036055464,0.463609024,-1.639361821,-1.256398728,1.543085378,-0.486607341,-0.890129368,-0.945045878,0.56764633,-1.656248613,0.860569787,-0.203067016,-0.062592902,-1.165419011,-0.118860455
hsa.mir.286,0.0,0.0,0.0,0.0,0.0,0.0,0.0,0.0,0.0,0.0,0.0,0.0,0.0,0.0,0.0,0.0,0.0,0.0,0.0,0.0,0.0,0.0,0.0,0.0,0.0,0.0,0.0,0.0,0.0,0.0,0.0,0.0,0.0,0.0,0.0,0.0,0.0,0.0,0.0,0.0,0.0,0.0,0.0,0.0,0.0,0.0,0.0,0.0,0.0,0.0,0.0,0.0,0.0,0.0,0.0,0.0,0.0,0.0,0.0,0.0,0.0,0.0,0.0,0.0,0.0,0.0,0.0,0.0,0.0,0.0,0.0,0.0,0.0,0.0,0.0,0.0,0.0,0.0,0.0,0.0,0.0,0.0,0.0,0.0,0.0,0.0,0.0,0.0,0.0,0.0,0.0,0.0,0.0,0.0,0.0,0.0,0.0,0.0,0.0,0.0,0.0,0.0,0.0,0.0,0.0,0.0,0.0,0.0,0.0,0.0,0.0,0.0,0.0,0.0,0.0,0.0,0.0,0.0,0.0,0.0,0.0,0.0,0.0,0.0,0.0,0.0,0.0,0.0,0.0,0.0,0.0,0.0,0.0,0.0,0.0,0.0,0.0,0.0,0.0,0.0,0.0,0.0,0.0,0.0,0.0,0.0,0.0,0.0,0.0,0.0,0.0,0.0,0.0,0.0,0.0,0.0,0.0,0.0,0.0,0.0,0.0,0.0,0.0,0.0,0.0,0.0,0.0,0.0,0.0,0.0,0.0,0.0,0.0,0.0,0.0,0.0,0.0,0.0,0.0,0.0,0.0,0.0,0.0,0.0,0.0,0.0,0.0,0.0,0.0,0.0,0.0,0.0,0.0,0.0,0.0,0.0,0.0,0.0,0.0,0.0,0.0,0.0,0.0,0.0,0.0,0.0,0.0,0.0,0.0,0.0,0.0,0.0,0.0,0.0,0.0,0.0,0.0,0.0,0.0,0.0,0.0,0.0,0.0,0.0,0.0,0.0,0.0,0.0,0.0,0.0,0.0,0.0,0.0,0.0,0.0,0.0,0.0,0.0,0.0,0.0,0.0,0.0,0.0,0.0,0.0,0.0,0.0,0.0,0.0,0.0,0.0,0.0,0.0,0.0,0.0,0.0,0.0,0.0,0.0,0.0,0.0,0.0,0.0,0.0,0.0,0.0,0.0,0.0,0.0,0.0,0.0,0.0,0.0,0.0,0.0,0.0,0.0,0.0,0.0,0.0,0.0,0.0,0.0,0.0
hsa.mir.139a,0.0,0.0,0.0,0.0,0.0,0.0,0.0,0.0,0.0,0.0,0.0,0.0,0.0,0.0,0.0,0.0,0.0,0.0,0.0,0.0,0.0,0.0,0.0,0.0,0.0,0.0,0.0,0.0,0.0,0.0,0.0,0.0,0.0,0.0,0.0,0.0,0.0,0.0,0.0,0.0,0.0,0.0,0.0,0.0,0.0,0.0,0.0,0.0,0.0,0.0,0.0,0.0,0.0,0.0,0.0,0.0,0.0,0.0,0.0,0.0,0.0,0.0,0.0,0.0,0.0,0.0,0.0,0.0,0.0,0.0,0.0,0.0,0.0,0.0,0.0,0.0,0.0,0.0,0.0,0.0,0.0,0.0,0.0,0.0,0.0,0.0,0.0,0.0,0.0,0.0,0.0,0.0,0.0,0.0,0.0,0.0,0.0,0.0,0.0,0.0,0.0,0.0,0.0,0.0,0.0,0.0,0.0,0.0,0.0,0.0,0.0,0.0,0.0,0.0,0.0,0.0,0.0,0.0,0.0,0.0,0.0,0.0,0.0,0.0,0.0,0.0,0.0,0.0,0.0,0.0,0.0,0.0,0.0,0.0,0.0,0.0,0.0,0.0,0.0,0.0,0.0,0.0,0.0,0.0,0.0,0.0,0.0,0.0,0.0,0.0,0.0,0.0,0.0,0.0,0.0,0.0,0.0,0.0,0.0,0.0,0.0,0.0,0.0,0.0,0.0,0.0,0.0,0.0,0.0,0.0,0.0,0.0,0.0,0.0,0.0,0.0,0.0,0.0,0.0,0.0,0.0,0.0,0.0,0.0,0.0,0.0,0.0,0.0,0.0,0.0,0.0,0.0,0.0,0.0,0.0,0.0,0.0,0.0,0.0,0.0,0.0,0.0,0.0,0.0,0.0,0.0,0.0,0.0,0.0,0.0,0.0,0.0,0.0,0.0,0.0,0.0,0.0,0.0,0.0,0.0,0.0,0.0,0.0,0.0,0.0,0.0,0.0,0.0,0.0,0.0,0.0,0.0,0.0,0.0,0.0,0.0,0.0,0.0,0.0,0.0,0.0,0.0,0.0,0.0,0.0,0.0,0.0,0.0,0.0,0.0,0.0,0.0,0.0,0.0,0.0,0.0,0.0,0.0,0.0,0.0,0.0,0.0,0.0,0.0,0.0,0.0,0.0,0.0,0.0,0.0,0.0,0.0,0.0,0.0,0.0,0.0,0.0,0.0,0.0,0.0,0.0,0.0,0.0,0.0
hsa.mir.320b.1,-0.228873849,1.036383872,0.444198522,-0.190087691,-0.878843753,-0.204278273,1.653775603,-0.694670237,-0.417710182,1.39797098,-0.770633719,0.851159487,0.47768697,-1.5338549,0.185694713,1.272915857,-0.57364694,-1.363687392,0.80060549,-1.349772147,0.176291131,-0.217877569,0.270898653,-0.339175415,0.428988576,-0.066504584,0.14825047,-1.617950509,-0.808343421,0.086458513,0.853765129,-1.611458147,-1.461217288,0.151032311,-0.350641181,0.874677878,0.163028364,-0.387678543,0.714376456,1.53147387,0.649633773,1.081254341,0.05094524,0.584389605,-0.447703994,-1.590882757,-1.168058307,-0.437966073,0.251594309,0.296254329,1.568598554,-1.461251334,-1.339594095,0.990081871,-0.153435629,0.781186385,-0.137335214,-0.920656469,0.940155175,0.174488366,1.162938698,-0.662546861,-0.300395413,0.459582917,-0.028370575,-1.004768867,-0.268044671,0.160005493,-0.38873097,0.488126247,1.155664004,-0.541509383,0.411316973,0.573359612,0.214169419,0.014092422,-0.16893936,-1.386912357,2.485888423,0.254014516,0.140656908,0.202606397,1.129167482,1.159240537,0.292495218,0.116752019,-0.745659532,1.104557413,-1.070356717,0.008019166,-1.598061582,-2.409603661,0.963639747,0.066330862,0.622436305,-0.674285952,-0.791139472,0.68478682,0.230136696,-0.510014769,-0.371561675,0.143072828,-0.537133963,-0.421069363,-0.280752255,1.450592955,1.866695556,-0.663508589,-2.19647857,-0.686720169,-0.233768282,-0.156777132,0.100488531,-0.406443689,-0.44070499,-1.19665151,-0.911419675,-0.483896131,0.021314571,-0.05741713,0.690183789,-0.838912662,-0.222036802,-0.529660854,-1.504637343,-0.045630104,-2.350164302,-0.919429415,0.435064291,-0.6351575,0.330361544,-0.347494561,-1.125447957,-0.070006516,0.694403149,-0.894044592,-0.955600637,-3.107691083,-0.481470688,1.436867496,-1.139350853,1.538686133,-1.103079678,2.823667459,1.536037426,1.112810583,-0.692551508,0.320559005,-1.115422773,0.129715532,-0.652654703,0.044870681,1.144036926,0.818321737,0.39407276,0.17422895,0.307174443,0.625943422,-0.912635297,1.869294035,1.234635878,0.753297601,0.054361924,-0.188854768,-0.958022716,-0.561978265,1.002893695,-1.254808472,0.505989684,-1.176921281,1.35690738,1.399034527,0.05476119,0.915829997,0.11160202,-0.721318839,1.760122521,0.227871096,0.582991594,0.249787259,0.054478017,-0.76842989,-0.351275661,0.846288873,-1.354792756,-0.524848012,0.008366636,-0.077196602,-2.359962259,0.635258429,-0.64821662,0.094059502,1.156645764,-1.951388268,-1.135453152,0.486486124,-0.033899228,1.135788696,0.942673722,0.178870408,0.295032179,-0.532962089,1.541418756,0.269901319,2.780293732,0.504878788,-0.031754861,0.614759254,0.489516163,0.596515782,-0.835126711,-0.013228108,0.380664697,-0.122388786,0.336584343,-0.568694638,-0.713552539,-0.829231633,-0.52474121,-2.124197664,-1.244964621,0.670943097,-0.08959743,1.30151364,-0.35636312,1.013484438,-0.756286427,0.480793058,0.253541724,-0.657658667,-0.204999745,-1.358226619,0.076614986,0.817121484,-1.068289718,-1.638553362,0.336236796,-0.81401608,-0.27669732,0.109020937,-0.667682433,-0.51066091,0.101746433,-0.747282656,0.985704672,0.493933112,0.044218457,-0.73616491,-0.064182987,0.866431244,-0.445700568,-1.937515741,-0.847260625,0.002355175,-0.313724163,0.094648567,1.262249178,1.363259294,-0.929561532,-0.074727875,0.387350658,-0.795995468,0.386922001,-1.264005155,0.220062024,-0.044373437,0.048223869,-0.63929477,-0.869343729,0.261479538,0.516499758,0.57550697,-1.216121856,-0.414278048,0.956472437,-0.817706237,-1.677141844,-1.628401197,-0.16565161,0.029253082,-0.066419002,0.224895249,-0.135030478,-1.124542564
hsa.mir.340,0.790267476,-0.567310121,0.003364801,-0.163272459,1.554145681,0.57526582,0.08571928,0.236494022,1.032184585,2.209237455,-1.2265801,0.459521673,1.233541883,1.402834624,-1.460737063,-2.28455567,0.151477645,1.388311435,-0.339445884,-1.161258677,-0.112715539,0.407324823,-1.721683534,0.468813493,-0.23175131,-0.280147975,2.467234639,0.345161133,0.536487033,0.32243805,2.497818807,0.732837322,3.460935446,0.141987456,-0.906709766,-0.794017458,0.3260466,-0.192439076,1.8155529,-0.993240285,-0.781162238,-1.087745851,-0.898233573,-0.619252067,-0.749030179,-0.084035123,-0.208223723,1.175522448,0.682807318,-1.152848548,-0.535439054,1.24940475,-1.036365763,0.97239812,0.642321549,-0.137660888,-1.195143331,1.578760969,-0.757851262,0.519547971,0.380293246,0.706053208,-0.475625117,-0.026713309,0.148509672,-0.769133269,-0.359355362,2.064814933,-0.700111405,-0.255839812,1.42454477,0.22409409,0.219455744,-0.20853466,-0.254242086,-0.452581596,-0.025704761,1.515220933,1.673919684,0.436080989,-0.7682908,0.364610517,-0.948466423,-0.396081948,1.406591617,0.370568896,0.323838583,1.953991353,0.799052872,0.534133967,-2.272333374,-0.175400725,0.087998679,-0.545999278,-0.156037912,0.77676525,-0.288644988,1.174359707,1.164483809,1.287921902,0.133571338,0.097892629,0.913374578,0.639284683,1.357088725,-0.673762558,-0.361176473,-0.374038006,-0.978654886,-0.395065252,-0.217624084,0.710172035,-0.373184715,0.487062168,-1.336004013,-0.460496963,0.543092021,0.534865832,0.257053453,0.382106647,0.221238416,-1.062659312,-1.184669703,0.30688207,-0.463883661,-1.246815196,-1.559514533,-0.995719898,-0.767437691,-0.270843423,-0.747515697,-1.18816915,1.05202173,-0.464195876,-0.631101788,-0.359255174,-0.712832188,0.354592187,-1.796736416,2.52334414,1.450267386,-0.547939869,1.046628501,-0.795464542,-0.736804667,0.372867786,0.574812259,-1.395512428,0.223491615,-0.001329323,-0.55471184,1.194973043,-0.020618322,-0.935207397,-0.211455494,-0.397298676,-0.792793542,0.187343104,-1.700327072,-0.530826413,-0.388741936,0.48313561,-0.810630819,0.072037724,0.291396626,-1.444511922,-0.635306806,0.184601747,-0.418664185,-1.15141139,-0.298277159,-1.273259477,-0.700561962,0.128627674,0.031759018,-2.051270185,-1.018616921,1.520343804,0.098292097,0.388830547,0.682747502,0.013874479,0.126922649,-0.543206438,-0.108589397,-0.62750351,-0.84907031,0.536907676,-0.570655126,-0.486546024,0.118099871,-1.530256134,-1.976219444,0.008117175,-0.033234132,-1.045035773,0.160008203,0.036152073,-0.984477924,0.226536708,-1.474819526,0.156347234,-2.27213796,-1.216758483,-0.797306863,-0.755304402,0.445153425,-0.688884515,-1.116207589,1.480025272,0.914283452,-0.920267017,-1.620901581,-1.154661976,-0.382867915,-1.333002825,0.155777695,-0.124717507,-0.023647899,-0.867348891,0.118422474,-0.404111619,1.933246252,0.548008602,-1.541447386,0.049734368,0.461633759,0.349889527,0.914106038,0.313093495,2.814547628,0.532276395,1.149294138,0.110767777,-0.617962743,-1.214306606,-0.368045252,1.233753185,0.857681993,-0.17433681,-0.515568558,-1.359678667,-1.428305243,0.193338323,-2.604852632,-1.95342485,-0.989668409,-2.436063381,-1.256008331,-0.874685902,0.250224103,0.582114289,-0.183878363,-1.320561168,-0.883440427,-0.111475661,0.42370211,-0.444162878,1.448656289,-1.142932828,-1.729654355,-0.022083554,-0.128343051,0.487533752,-1.023328161,-0.804298599,-0.563213634,-0.725026521,-1.159652501,1.421947137,-0.489214183,-1.223878706,-0.625523087,-0.356518028,-1.222003784,-0.623227929,-0.93536854,0.10059147,0.303589899,-2.383647041,-0.443433557,-1.878405681,0.332115677,0.265101592
hsa.mir.340.1,0.0,0.0,0.0,0.0,0.0,0.0,0.0,0.0,0.0,0.0,0.0,0.0,0.0,0.0,0.0,0.0,0.0,0.0,0.0,0.0,0.0,0.0,0.0,0.0,0.0,0.0,0.0,0.0,0.0,0.0,0.0,0.0,0.0,0.0,0.0,0.0,0.0,0.0,0.0,0.0,0.0,0.0,0.0,0.0,0.0,0.0,0.0,0.0,0.0,0.0,0.0,0.0,0.0,0.0,0.0,0.0,0.0,0.0,0.0,0.0,0.0,0.0,0.0,0.0,0.0,0.0,0.0,0.0,0.0,0.0,0.0,0.0,0.0,0.0,0.0,0.0,0.0,0.0,0.0,0.0,0.0,0.0,0.0,0.0,0.0,0.0,0.0,0.0,0.0,0.0,0.0,0.0,0.0,0.0,0.0,0.0,0.0,0.0,0.0,0.0,0.0,0.0,0.0,0.0,0.0,0.0,0.0,0.0,0.0,0.0,0.0,0.0,0.0,0.0,0.0,0.0,0.0,0.0,0.0,0.0,0.0,0.0,0.0,0.0,0.0,0.0,0.0,0.0,0.0,0.0,0.0,0.0,0.0,0.0,0.0,0.0,0.0,0.0,0.0,0.0,0.0,0.0,0.0,0.0,0.0,0.0,0.0,0.0,0.0,0.0,0.0,0.0,0.0,0.0,0.0,0.0,0.0,0.0,0.0,0.0,0.0,0.0,0.0,0.0,0.0,0.0,0.0,0.0,0.0,0.0,0.0,0.0,0.0,0.0,0.0,0.0,0.0,0.0,0.0,0.0,0.0,0.0,0.0,0.0,0.0,0.0,0.0,0.0,0.0,0.0,0.0,0.0,0.0,0.0,0.0,0.0,0.0,0.0,0.0,0.0,0.0,0.0,0.0,0.0,0.0,0.0,0.0,0.0,0.0,0.0,0.0,0.0,0.0,0.0,0.0,0.0,0.0,0.0,0.0,0.0,0.0,0.0,0.0,0.0,0.0,0.0,0.0,0.0,0.0,0.0,0.0,0.0,0.0,0.0,0.0,0.0,0.0,0.0,0.0,0.0,0.0,0.0,0.0,0.0,0.0,0.0,0.0,0.0,0.0,0.0,0.0,0.0,0.0,0.0,0.0,0.0,0.0,0.0,0.0,0.0,0.0,0.0,0.0,0.0,0.0,0.0,0.0,0.0,0.0,0.0,0.0,0.0,0.0,0.0,0.0,0.0,0.0,0.0,0.0,0.0,0.0,0.0,0.0,0.0
hsa.mir.218.2,-1.240997945,1.119099158,0.362442319,-0.96998683,0.39051483,-1.139694175,1.090381847,0.345155479,0.627638574,1.280573481,0.446726703,0.763295679,0.295044402,-0.162878629,0.903678579,-0.845212575,0.787218703,-0.564376502,0.146706525,0.907476856,0.739830579,-2.920215647,1.710913537,0.421466187,-1.731162486,0.92999297,0.487504755,0.438410513,0.45069601,-1.293989896,-1.50996238,-2.1216351,0.52415829,-0.917190704,-0.353454201,-1.214903511,-0.71323117,0.350757804,0.665534884,-0.932081388,1.663989641,-0.126194485,-0.366945453,-0.536647916,0.987914186,-0.242613255,1.198645453,-1.80110654,-0.402996198,-0.060699205,0.105804427,1.09151879,0.162152309,0.129807339,0.533761887,-1.332264554,-0.074478856,0.757022426,-0.447205941,-1.020178309,-1.314334758,-2.167595072,-0.120117196,0.631360834,1.697687602,0.418901608,0.086521707,0.82877632,-0.181897856,0.253400567,0.427989044,-1.173977845,0.692452459,0.603588994,-0.173464874,-0.844662502,1.060476094,0.225237152,-0.875195231,-1.130918026,-0.139068864,-0.95249614,1.060922959,-0.738423104,0.045532979,-0.042200643,0.398221361,-0.185538915,-0.354575529,-1.407735727,0.802756136,1.589164601,0.882338304,-0.978120625,0.235708302,0.805827712,0.310633355,0.628809136,0.593531588,-1.496963397,1.133336427,1.654010733,0.017567805,-0.002164223,0.378198712,-1.069771348,0.631882477,0.212794955,-0.957422824,-0.355330769,1.562926449,0.88715258,0.16292281,0.526952859,0.465769364,-0.989073197,-0.830764182,0.420828254,-0.142089426,1.022780951,1.12048285,-2.334565549,0.613827935,-0.363368424,-0.280098965,1.86864638,-1.926305511,0.567667217,0.76548538,0.870286182,-0.577432557,-0.467950986,0.501222298,-0.922769109,0.418459906,-0.960857571,0.176453186,-0.258468344,0.707932752,-0.92191278,1.06827225,0.089186011,0.30850352,1.081158121,0.405131467,1.254075135,0.547034763,-0.509036642,-0.355796647,-0.223579647,-0.376424084,0.226795386,-1.303941254,1.040780734,-0.09447151,1.213493051,-0.240080599,-1.490440962,0.293679586,0.719030383,1.008228414,-0.395376623,1.633934404,-0.589571487,-0.181515412,0.779115774,-0.033812912,0.901215124,0.831153917,-0.99175116,0.141990303,-0.687146088,0.781393786,0.711173077,-1.016336547,0.284336633,-0.71165078,-0.316752791,2.000554687,-0.021094978,1.334157655,1.215105302,0.165349287,1.903468932,0.262272091,-1.583898262,0.211958134,0.105161653,0.166788756,0.131031729,0.683487519,-1.964776633,-0.043994658,-0.044639285,-0.1592303,-2.388108167,-1.029052072,1.143396631,0.218956587,0.972052103,-0.458125354,-0.07104742,-0.742755916,-0.496372706,-1.414338695,0.266758736,0.382420167,-1.477983562,-0.701618916,0.417104263,0.914399339,-0.485808581,-1.612349294,0.74694509,1.541843469,0.133405231,-1.130643824,0.955642246,1.348692272,1.214796081,2.270283765,0.04137428,0.927649194,0.012468831,0.644126143,-0.262601896,0.184092068,-0.741802071,-1.942677024,-0.13237688,1.430098547,0.495289587,1.109788475,1.72240632,-0.189803379,0.954996234,-0.36804749,0.557121682,-1.812548852,0.016598078,0.541423489,-0.409794426,0.850198347,0.420449766,-2.476173205,-1.616813983,1.425850284,-1.56011612,-2.747034086,0.753086552,0.871785716,0.770281897,1.398155646,-0.665637626,0.764152376,0.177360637,1.226489469,0.613066061,1.058314733,-0.897379949,-0.615465129,0.198237416,0.964925277,-0.07915727,1.758683043,0.176626219,-3.151072236,0.340715158,-0.375098776,-0.404974643,2.011291458,0.211002078,-1.787200058,-0.88910249,0.019344402,1.184069109,0.653557798,-1.91823783,-1.598119923,-0.821471727,-0.208399027,-2.008274453,0.040613811,-0.756666203
hsa.mir.323a,0.057075215,-0.244951596,0.357158368,2.775448912,-2.911904021,2.772625173,-0.372082359,2.177098932,-0.059899542,0.280994182,-1.31020204,-1.02279129,0.066850518,1.366527101,-0.801354276,-2.622848429,0.873993858,-1.312159414,0.296102499,1.798502314,-1.023846872,1.1196247,0.395747147,0.417641323,-0.811237791,1.272649037,-1.235059629,0.546631883,0.407324792,0.729815927,-2.762994454,1.163955566,0.419765981,0.394106648,1.203182037,-0.228813234,0.292973379,0.312832112,-0.628481415,0.036874744,0.122941008,-0.373118372,0.044953362,-0.511620544,0.05126603,0.000144829,-0.146813023,-0.80805968,0.138919389,-0.289788185,-0.228994672,0.107950217,0.188304485,0.747322814,0.777152231,0.153976637,-0.374168858,0.251197267,0.570245602,0.555620333,-1.039269624,2.314067298,0.035513267,-0.291026536,0.085685723,-0.110307467,1.060667793,1.094270511,0.347588419,1.424830491,0.869178256,0.794250488,0.62396353,-0.522366285,0.854235619,1.180836551,1.088934341,-0.482602811,-1.051059158,1.366925889,-0.051754821,-0.497322959,0.52534172,0.671751536,-1.980490589,-0.840238545,-0.379397372,1.721677595,-0.174205065,-1.073137451,0.286448276,3.262063719,-0.406985984,-0.109854409,-0.622775367,-0.119002624,-0.055540632,0.505476135,-0.375559402,-0.149825365,-1.741475795,0.910812032,0.575530976,1.323306727,-0.869538597,0.178902888,0.533411132,3.165016851,-0.233144077,0.6884556,-0.584011318,0.828395074,0.801212946,0.952724267,-1.332249795,0.593313474,0.061351999,1.108581493,4.388426187,0.317997304,0.694850706,-0.401962554,1.380679218,0.395324605,-0.068499453,0.580335145,0.118017609,1.252607558,0.317661201,-0.546932282,-0.66802079,-0.444730477,-0.617710656,-0.329090958,0.57796556,-0.91020036,0.781040279,0.21703238,0.412553125,-0.655870523,0.493292194,-0.726192214,0.247152313,1.334860663,0.516436675,-0.391370997,-0.401639461,-0.247130233,0.080429875,-0.399411155,1.530253136,-0.495198165,0.109161647,0.864718855,1.252484881,-0.110129264,0.104266756,0.540985215,0.456039182,-0.043727442,2.223450611,0.627693381,0.314075548,-0.743416002,0.205149713,1.153564672,-0.298770139,-0.82612002,-0.442817584,-0.36061913,-0.42571541,0.090480393,-0.217840778,-0.147763734,0.471069887,0.177360891,0.150238984,0.069098668,0.319510082,-0.199548465,-1.126562353,-0.140015983,-0.095256442,0.406505598,-3.828824476,0.24033134,-0.924577907,0.62703143,3.037888477,-0.8128093,0.14478984,0.128862888,-0.685372858,0.120274931,0.611850338,0.820994895,-0.342909821,-1.328445845,-1.038642053,-0.373644334,0.448086079,-0.581045924,-0.119655254,0.39885959,-1.52221681,-0.515100827,-0.658649426,-1.253099298,0.48176252,0.123227067,-0.243576735,0.256107201,0.030590414,0.187474068,-0.155960448,0.296420725,0.0529122,-0.385258319,-0.271851379,1.156932667,-0.2217374,-0.619891065,0.300558402,0.303936725,-0.082729198,1.928946213,-0.055715513,1.559075758,-2.641193642,0.566449584,-0.225191909,0.109633431,-1.0063094,0.914629174,0.692765763,0.573268857,-0.432087048,-0.797717205,-0.82899478,0.425528043,1.006651666,0.805914427,0.109462884,1.898361638,0.679001269,-1.052982943,0.337917782,0.886087709,-0.601441431,0.670916367,0.403488731,-0.692747845,-1.206806381,-0.891168584,-1.386589194,2.828312691,-3.681980521,-3.04774072,0.319057369,-0.033810757,-0.615879315,0.559370946,-0.802685719,0.63353745,-1.178341704,0.540608019,-0.139925989,0.423795894,0.231366842,-1.613480891,0.230146088,-1.793572699,-2.26573137,0.091665172,0.942804038,0.904427017,0.840690847,-0.024293726,0.209013671,-0.467526021,-0.692420245,0.210240254,-0.964435086,-0.449976674
hsa.mir.150a,0.0,0.0,0.0,0.0,0.0,0.0,0.0,0.0,0.0,0.0,0.0,0.0,0.0,0.0,0.0,0.0,0.0,0.0,0.0,0.0,0.0,0.0,0.0,0.0,0.0,0.0,0.0,0.0,0.0,0.0,0.0,0.0,0.0,0.0,0.0,0.0,0.0,0.0,0.0,0.0,0.0,0.0,0.0,0.0,0.0,0.0,0.0,0.0,0.0,0.0,0.0,0.0,0.0,0.0,0.0,0.0,0.0,0.0,0.0,0.0,0.0,0.0,0.0,0.0,0.0,0.0,0.0,0.0,0.0,0.0,0.0,0.0,0.0,0.0,0.0,0.0,0.0,0.0,0.0,0.0,0.0,0.0,0.0,0.0,0.0,0.0,0.0,0.0,0.0,0.0,0.0,0.0,0.0,0.0,0.0,0.0,0.0,0.0,0.0,0.0,0.0,0.0,0.0,0.0,0.0,0.0,0.0,0.0,0.0,0.0,0.0,0.0,0.0,0.0,0.0,0.0,0.0,0.0,0.0,0.0,0.0,0.0,0.0,0.0,0.0,0.0,0.0,0.0,0.0,0.0,0.0,0.0,0.0,0.0,0.0,0.0,0.0,0.0,0.0,0.0,0.0,0.0,0.0,0.0,0.0,0.0,0.0,0.0,0.0,0.0,0.0,0.0,0.0,0.0,0.0,0.0,0.0,0.0,0.0,0.0,0.0,0.0,0.0,0.0,0.0,0.0,0.0,0.0,0.0,0.0,0.0,0.0,0.0,0.0,0.0,0.0,0.0,0.0,0.0,0.0,0.0,0.0,0.0,0.0,0.0,0.0,0.0,0.0,0.0,0.0,0.0,0.0,0.0,0.0,0.0,0.0,0.0,0.0,0.0,0.0,0.0,0.0,0.0,0.0,0.0,0.0,0.0,0.0,0.0,0.0,0.0,0.0,0.0,0.0,0.0,0.0,0.0,0.0,0.0,0.0,0.0,0.0,0.0,0.0,0.0,0.0,0.0,0.0,0.0,0.0,0.0,0.0,0.0,0.0,0.0,0.0,0.0,0.0,0.0,0.0,0.0,0.0,0.0,0.0,0.0,0.0,0.0,0.0,0.0,0.0,0.0,0.0,0.0,0.0,0.0,0.0,0.0,0.0,0.0,0.0,0.0,0.0,0.0,0.0,0.0,0.0,0.0,0.0,0.0,0.0,0.0,0.0,0.0,0.0,0.0,0.0,0.0,0.0,0.0,0.0,0.0,0.0,0.0,0.0
hsa.mir.258,0.0,0.0,0.0,0.0,0.0,0.0,0.0,0.0,0.0,0.0,0.0,0.0,0.0,0.0,0.0,0.0,0.0,0.0,0.0,0.0,0.0,0.0,0.0,0.0,0.0,0.0,0.0,0.0,0.0,0.0,0.0,0.0,0.0,0.0,0.0,0.0,0.0,0.0,0.0,0.0,0.0,0.0,0.0,0.0,0.0,0.0,0.0,0.0,0.0,0.0,0.0,0.0,0.0,0.0,0.0,0.0,0.0,0.0,0.0,0.0,0.0,0.0,0.0,0.0,0.0,0.0,0.0,0.0,0.0,0.0,0.0,0.0,0.0,0.0,0.0,0.0,0.0,0.0,0.0,0.0,0.0,0.0,0.0,0.0,0.0,0.0,0.0,0.0,0.0,0.0,0.0,0.0,0.0,0.0,0.0,0.0,0.0,0.0,0.0,0.0,0.0,0.0,0.0,0.0,0.0,0.0,0.0,0.0,0.0,0.0,0.0,0.0,0.0,0.0,0.0,0.0,0.0,0.0,0.0,0.0,0.0,0.0,0.0,0.0,0.0,0.0,0.0,0.0,0.0,0.0,0.0,0.0,0.0,0.0,0.0,0.0,0.0,0.0,0.0,0.0,0.0,0.0,0.0,0.0,0.0,0.0,0.0,0.0,0.0,0.0,0.0,0.0,0.0,0.0,0.0,0.0,0.0,0.0,0.0,0.0,0.0,0.0,0.0,0.0,0.0,0.0,0.0,0.0,0.0,0.0,0.0,0.0,0.0,0.0,0.0,0.0,0.0,0.0,0.0,0.0,0.0,0.0,0.0,0.0,0.0,0.0,0.0,0.0,0.0,0.0,0.0,0.0,0.0,0.0,0.0,0.0,0.0,0.0,0.0,0.0,0.0,0.0,0.0,0.0,0.0,0.0,0.0,0.0,0.0,0.0,0.0,0.0,0.0,0.0,0.0,0.0,0.0,0.0,0.0,0.0,0.0,0.0,0.0,0.0,0.0,0.0,0.0,0.0,0.0,0.0,0.0,0.0,0.0,0.0,0.0,0.0,0.0,0.0,0.0,0.0,0.0,0.0,0.0,0.0,0.0,0.0,0.0,0.0,0.0,0.0,0.0,0.0,0.0,0.0,0.0,0.0,0.0,0.0,0.0,0.0,0.0,0.0,0.0,0.0,0.0,0.0,0.0,0.0,0.0,0.0,0.0,0.0,0.0,0.0,0.0,0.0,0.0,0.0,0.0,0.0,0.0,0.0,0.0,0.0
hsa.mir.133b,0.0,0.0,0.0,0.0,0.0,0.0,0.0,0.0,0.0,0.0,0.0,0.0,0.0,0.0,0.0,0.0,0.0,0.0,0.0,0.0,0.0,0.0,0.0,0.0,0.0,0.0,0.0,0.0,0.0,0.0,0.0,0.0,0.0,0.0,0.0,0.0,0.0,0.0,0.0,0.0,0.0,0.0,0.0,0.0,0.0,0.0,0.0,0.0,0.0,0.0,0.0,0.0,0.0,0.0,0.0,0.0,0.0,0.0,0.0,0.0,0.0,0.0,0.0,0.0,0.0,0.0,0.0,0.0,0.0,0.0,0.0,0.0,0.0,0.0,0.0,0.0,0.0,0.0,0.0,0.0,0.0,0.0,0.0,0.0,0.0,0.0,0.0,0.0,0.0,0.0,0.0,0.0,0.0,0.0,0.0,0.0,0.0,0.0,0.0,0.0,0.0,0.0,0.0,0.0,0.0,0.0,0.0,0.0,0.0,0.0,0.0,0.0,0.0,0.0,0.0,0.0,0.0,0.0,0.0,0.0,0.0,0.0,0.0,0.0,0.0,0.0,0.0,0.0,0.0,0.0,0.0,0.0,0.0,0.0,0.0,0.0,0.0,0.0,0.0,0.0,0.0,0.0,0.0,0.0,0.0,0.0,0.0,0.0,0.0,0.0,0.0,0.0,0.0,0.0,0.0,0.0,0.0,0.0,0.0,0.0,0.0,0.0,0.0,0.0,0.0,0.0,0.0,0.0,0.0,0.0,0.0,0.0,0.0,0.0,0.0,0.0,0.0,0.0,0.0,0.0,0.0,0.0,0.0,0.0,0.0,0.0,0.0,0.0,0.0,0.0,0.0,0.0,0.0,0.0,0.0,0.0,0.0,0.0,0.0,0.0,0.0,0.0,0.0,0.0,0.0,0.0,0.0,0.0,0.0,0.0,0.0,0.0,0.0,0.0,0.0,0.0,0.0,0.0,0.0,0.0,0.0,0.0,0.0,0.0,0.0,0.0,0.0,0.0,0.0,0.0,0.0,0.0,0.0,0.0,0.0,0.0,0.0,0.0,0.0,0.0,0.0,0.0,0.0,0.0,0.0,0.0,0.0,0.0,0.0,0.0,0.0,0.0,0.0,0.0,0.0,0.0,0.0,0.0,0.0,0.0,0.0,0.0,0.0,0.0,0.0,0.0,0.0,0.0,0.0,0.0,0.0,0.0,0.0,0.0,0.0,0.0,0.0,0.0,0.0,0.0,0.0,0.0,0.0,0.0
hsa.mir.155a,0.0,0.0,0.0,0.0,0.0,0.0,0.0,0.0,0.0,0.0,0.0,0.0,0.0,0.0,0.0,0.0,0.0,0.0,0.0,0.0,0.0,0.0,0.0,0.0,0.0,0.0,0.0,0.0,0.0,0.0,0.0,0.0,0.0,0.0,0.0,0.0,0.0,0.0,0.0,0.0,0.0,0.0,0.0,0.0,0.0,0.0,0.0,0.0,0.0,0.0,0.0,0.0,0.0,0.0,0.0,0.0,0.0,0.0,0.0,0.0,0.0,0.0,0.0,0.0,0.0,0.0,0.0,0.0,0.0,0.0,0.0,0.0,0.0,0.0,0.0,0.0,0.0,0.0,0.0,0.0,0.0,0.0,0.0,0.0,0.0,0.0,0.0,0.0,0.0,0.0,0.0,0.0,0.0,0.0,0.0,0.0,0.0,0.0,0.0,0.0,0.0,0.0,0.0,0.0,0.0,0.0,0.0,0.0,0.0,0.0,0.0,0.0,0.0,0.0,0.0,0.0,0.0,0.0,0.0,0.0,0.0,0.0,0.0,0.0,0.0,0.0,0.0,0.0,0.0,0.0,0.0,0.0,0.0,0.0,0.0,0.0,0.0,0.0,0.0,0.0,0.0,0.0,0.0,0.0,0.0,0.0,0.0,0.0,0.0,0.0,0.0,0.0,0.0,0.0,0.0,0.0,0.0,0.0,0.0,0.0,0.0,0.0,0.0,0.0,0.0,0.0,0.0,0.0,0.0,0.0,0.0,0.0,0.0,0.0,0.0,0.0,0.0,0.0,0.0,0.0,0.0,0.0,0.0,0.0,0.0,0.0,0.0,0.0,0.0,0.0,0.0,0.0,0.0,0.0,0.0,0.0,0.0,0.0,0.0,0.0,0.0,0.0,0.0,0.0,0.0,0.0,0.0,0.0,0.0,0.0,0.0,0.0,0.0,0.0,0.0,0.0,0.0,0.0,0.0,0.0,0.0,0.0,0.0,0.0,0.0,0.0,0.0,0.0,0.0,0.0,0.0,0.0,0.0,0.0,0.0,0.0,0.0,0.0,0.0,0.0,0.0,0.0,0.0,0.0,0.0,0.0,0.0,0.0,0.0,0.0,0.0,0.0,0.0,0.0,0.0,0.0,0.0,0.0,0.0,0.0,0.0,0.0,0.0,0.0,0.0,0.0,0.0,0.0,0.0,0.0,0.0,0.0,0.0,0.0,0.0,0.0,0.0,0.0,0.0,0.0,0.0,0.0,0.0,0.0
hsa.mir.877,0.0,0.0,0.0,0.0,0.0,0.0,0.0,0.0,0.0,0.0,0.0,0.0,0.0,0.0,0.0,0.0,0.0,0.0,0.0,0.0,0.0,0.0,0.0,0.0,0.0,0.0,0.0,0.0,0.0,0.0,0.0,0.0,0.0,0.0,0.0,0.0,0.0,0.0,0.0,0.0,0.0,0.0,0.0,0.0,0.0,0.0,0.0,0.0,0.0,0.0,0.0,0.0,0.0,0.0,0.0,0.0,0.0,0.0,0.0,0.0,0.0,0.0,0.0,0.0,0.0,0.0,0.0,0.0,0.0,0.0,0.0,0.0,0.0,0.0,0.0,0.0,0.0,0.0,0.0,0.0,0.0,0.0,0.0,0.0,0.0,0.0,0.0,0.0,0.0,0.0,0.0,0.0,0.0,0.0,0.0,0.0,0.0,0.0,0.0,0.0,0.0,0.0,0.0,0.0,0.0,0.0,0.0,0.0,0.0,0.0,0.0,0.0,0.0,0.0,0.0,0.0,0.0,0.0,0.0,0.0,0.0,0.0,0.0,0.0,0.0,0.0,0.0,0.0,0.0,0.0,0.0,0.0,0.0,0.0,0.0,0.0,0.0,0.0,0.0,0.0,0.0,0.0,0.0,0.0,0.0,0.0,0.0,0.0,0.0,0.0,0.0,0.0,0.0,0.0,0.0,0.0,0.0,0.0,0.0,0.0,0.0,0.0,0.0,0.0,0.0,0.0,0.0,0.0,0.0,0.0,0.0,0.0,0.0,0.0,0.0,0.0,0.0,0.0,0.0,0.0,0.0,0.0,0.0,0.0,0.0,0.0,0.0,0.0,0.0,0.0,0.0,0.0,0.0,0.0,0.0,0.0,0.0,0.0,0.0,0.0,0.0,0.0,0.0,0.0,0.0,0.0,0.0,0.0,0.0,0.0,0.0,0.0,0.0,0.0,0.0,0.0,0.0,0.0,0.0,0.0,0.0,0.0,0.0,0.0,0.0,0.0,0.0,0.0,0.0,0.0,0.0,0.0,0.0,0.0,0.0,0.0,0.0,0.0,0.0,0.0,0.0,0.0,0.0,0.0,0.0,0.0,0.0,0.0,0.0,0.0,0.0,0.0,0.0,0.0,0.0,0.0,0.0,0.0,0.0,0.0,0.0,0.0,0.0,0.0,0.0,0.0,0.0,0.0,0.0,0.0,0.0,0.0,0.0,0.0,0.0,0.0,0.0,0.0,0.0,0.0,0.0,0.0,0.0,0.0
hsa.mir.134a,0.0,0.0,0.0,0.0,0.0,0.0,0.0,0.0,0.0,0.0,0.0,0.0,0.0,0.0,0.0,0.0,0.0,0.0,0.0,0.0,0.0,0.0,0.0,0.0,0.0,0.0,0.0,0.0,0.0,0.0,0.0,0.0,0.0,0.0,0.0,0.0,0.0,0.0,0.0,0.0,0.0,0.0,0.0,0.0,0.0,0.0,0.0,0.0,0.0,0.0,0.0,0.0,0.0,0.0,0.0,0.0,0.0,0.0,0.0,0.0,0.0,0.0,0.0,0.0,0.0,0.0,0.0,0.0,0.0,0.0,0.0,0.0,0.0,0.0,0.0,0.0,0.0,0.0,0.0,0.0,0.0,0.0,0.0,0.0,0.0,0.0,0.0,0.0,0.0,0.0,0.0,0.0,0.0,0.0,0.0,0.0,0.0,0.0,0.0,0.0,0.0,0.0,0.0,0.0,0.0,0.0,0.0,0.0,0.0,0.0,0.0,0.0,0.0,0.0,0.0,0.0,0.0,0.0,0.0,0.0,0.0,0.0,0.0,0.0,0.0,0.0,0.0,0.0,0.0,0.0,0.0,0.0,0.0,0.0,0.0,0.0,0.0,0.0,0.0,0.0,0.0,0.0,0.0,0.0,0.0,0.0,0.0,0.0,0.0,0.0,0.0,0.0,0.0,0.0,0.0,0.0,0.0,0.0,0.0,0.0,0.0,0.0,0.0,0.0,0.0,0.0,0.0,0.0,0.0,0.0,0.0,0.0,0.0,0.0,0.0,0.0,0.0,0.0,0.0,0.0,0.0,0.0,0.0,0.0,0.0,0.0,0.0,0.0,0.0,0.0,0.0,0.0,0.0,0.0,0.0,0.0,0.0,0.0,0.0,0.0,0.0,0.0,0.0,0.0,0.0,0.0,0.0,0.0,0.0,0.0,0.0,0.0,0.0,0.0,0.0,0.0,0.0,0.0,0.0,0.0,0.0,0.0,0.0,0.0,0.0,0.0,0.0,0.0,0.0,0.0,0.0,0.0,0.0,0.0,0.0,0.0,0.0,0.0,0.0,0.0,0.0,0.0,0.0,0.0,0.0,0.0,0.0,0.0,0.0,0.0,0.0,0.0,0.0,0.0,0.0,0.0,0.0,0.0,0.0,0.0,0.0,0.0,0.0,0.0,0.0,0.0,0.0,0.0,0.0,0.0,0.0,0.0,0.0,0.0,0.0,0.0,0.0,0.0,0.0,0.0,0.0,0.0,0.0,0.0
hsa.mir.6806,0.0,0.0,0.0,0.0,0.0,0.0,0.0,0.0,0.0,0.0,0.0,0.0,0.0,0.0,0.0,0.0,0.0,0.0,0.0,0.0,0.0,0.0,0.0,0.0,0.0,0.0,0.0,0.0,0.0,0.0,0.0,0.0,0.0,0.0,0.0,0.0,0.0,0.0,0.0,0.0,0.0,0.0,0.0,0.0,0.0,0.0,0.0,0.0,0.0,0.0,0.0,0.0,0.0,0.0,0.0,0.0,0.0,0.0,0.0,0.0,0.0,0.0,0.0,0.0,0.0,0.0,0.0,0.0,0.0,0.0,0.0,0.0,0.0,0.0,0.0,0.0,0.0,0.0,0.0,0.0,0.0,0.0,0.0,0.0,0.0,0.0,0.0,0.0,0.0,0.0,0.0,0.0,0.0,0.0,0.0,0.0,0.0,0.0,0.0,0.0,0.0,0.0,0.0,0.0,0.0,0.0,0.0,0.0,0.0,0.0,0.0,0.0,0.0,0.0,0.0,0.0,0.0,0.0,0.0,0.0,0.0,0.0,0.0,0.0,0.0,0.0,0.0,0.0,0.0,0.0,0.0,0.0,0.0,0.0,0.0,0.0,0.0,0.0,0.0,0.0,0.0,0.0,0.0,0.0,0.0,0.0,0.0,0.0,0.0,0.0,0.0,0.0,0.0,0.0,0.0,0.0,0.0,0.0,0.0,0.0,0.0,0.0,0.0,0.0,0.0,0.0,0.0,0.0,0.0,0.0,0.0,0.0,0.0,0.0,0.0,0.0,0.0,0.0,0.0,0.0,0.0,0.0,0.0,0.0,0.0,0.0,0.0,0.0,0.0,0.0,0.0,0.0,0.0,0.0,0.0,0.0,0.0,0.0,0.0,0.0,0.0,0.0,0.0,0.0,0.0,0.0,0.0,0.0,0.0,0.0,0.0,0.0,0.0,0.0,0.0,0.0,0.0,0.0,0.0,0.0,0.0,0.0,0.0,0.0,0.0,0.0,0.0,0.0,0.0,0.0,0.0,0.0,0.0,0.0,0.0,0.0,0.0,0.0,0.0,0.0,0.0,0.0,0.0,0.0,0.0,0.0,0.0,0.0,0.0,0.0,0.0,0.0,0.0,0.0,0.0,0.0,0.0,0.0,0.0,0.0,0.0,0.0,0.0,0.0,0.0,0.0,0.0,0.0,0.0,0.0,0.0,0.0,0.0,0.0,0.0,0.0,0.0,0.0,0.0,0.0,0.0,0.0,0.0,0.0
hsa.mir.29b.1,0.727881958,-0.280708946,-0.272704975,-1.120187657,0.072325702,0.219261017,1.689546684,-1.060779179,1.462907228,0.698557684,0.663853813,0.072619045,0.114593826,-0.223251687,0.794988163,1.737900715,-1.691329793,-0.383617217,-0.553042159,-2.313686533,-0.09337252,-2.309561927,-0.431038257,0.415841581,-0.774513382,-1.358555937,-0.350649348,-0.412349724,-0.599611957,-0.131548663,-0.212666764,-0.686639521,0.824271634,-0.126747528,0.231396644,-0.386974392,-0.05526168,-0.842318383,-0.311078632,1.084007837,0.868855319,-0.620662554,0.404278917,-0.213446383,-0.267079945,1.099680131,-1.675210596,-0.003164958,2.439028714,0.272538441,1.138125468,0.841827297,0.197202277,1.358820657,-0.566967123,-0.465729413,0.161203397,-0.235203788,-1.01194342,-0.843946026,1.461544249,-0.110142416,-1.067207306,-1.766403337,-0.395531631,-1.653513126,-0.230528179,0.350622871,0.835536524,0.454293804,2.892772061,-0.32831794,1.460362218,-0.143658221,-0.345345151,-1.189876628,-0.549113742,0.546193647,1.651585059,-0.256895232,-0.730067241,-0.115922127,0.727008486,0.46174032,-0.250380231,0.770056658,1.129064651,2.251690247,-0.023724199,0.30764306,1.182945378,-0.707811525,1.215246351,1.141794524,-0.26657687,0.335014901,-0.6320763,0.438516653,1.828802076,0.625668298,0.744397922,0.303810862,0.543147647,-0.794244488,0.723887472,1.159739222,0.834343154,0.036354417,-0.063892209,0.280221096,0.241546163,0.049473818,-0.437167583,-2.069977305,0.617140576,0.111270241,-0.206406344,-1.420626412,-0.525489245,1.0272218,0.077413249,1.947348939,-1.912175262,-1.324671727,0.994908935,-0.810080728,0.510908224,-0.942734617,-1.01862552,0.734875821,-0.030332067,0.136924694,-0.349713709,0.236617066,-0.573889506,0.843363278,-0.420009624,-0.663259017,0.054690347,-0.165232504,-0.4143519,-0.235217264,-0.640528501,-0.389631869,-0.263373622,-0.542511372,0.21573109,0.22484854,0.574918266,0.642960638,-0.748609659,-0.99139444,-0.188097366,-1.347111889,-0.453693618,-0.304479261,-0.99261365,0.702964497,-1.256908033,1.428603432,-0.462748075,1.393791061,0.07466235,-0.147576521,-0.430574141,-1.725520212,1.251758743,1.847143565,2.152472442,1.052980338,2.537348732,0.140300583,1.344734708,0.056311626,0.06246758,-0.295358109,-0.477198422,-0.265789776,0.71659722,-0.106005894,-0.455239011,-0.359325928,-0.393158303,0.389698335,-0.442151577,-1.024620455,-1.807098748,-0.924424921,-0.500764579,0.482447932,0.887716121,-0.126220474,-0.848223635,-1.705631826,-1.235450272,-0.128597789,-0.437323391,-0.598528132,0.294694316,-0.391925128,0.082325558,-0.98440031,0.204192948,0.386775639,1.59437998,0.643611795,0.285504238,0.687408761,-0.502462976,0.129079198,-1.256113277,-1.172760662,-0.430283769,-1.490919884,-0.34594079,-1.452594918,-1.682040697,0.943405256,0.346566048,-0.464334941,1.498059444,0.310250692,-0.441326963,0.948620159,-0.061740988,0.897824487,-0.090050998,-1.106915453,1.907493782,-1.075064047,0.179628983,-0.040519564,1.525021534,0.025037355,-0.189694687,-0.823106943,-0.3573826,-0.606869162,-0.468897266,-1.348425009,-0.509998519,0.08241889,0.06296821,-0.235839029,0.682878168,2.398161546,0.641249965,0.435082871,1.288503501,-0.559801144,-1.80200632,-0.318587129,-0.46454086,-0.719146707,-1.053788604,-1.257007099,0.89038602,2.544118364,-1.785423021,0.520783895,0.547282032,-0.533133007,-0.076170728,-1.192544705,0.829075975,-1.780905066,-0.550921976,-1.933097053,-1.329929858,0.391387929,-1.317731172,4.869307506,-0.259113375,0.333682891,-0.468651482,-0.040967092,-0.759022898,-0.120371015,1.277758781,-0.607977636,-0.204215011,-0.316337243,0.33860098,-0.070968643
hsa.mir.144,1.155045539,0.528883036,1.207443138,0.527726591,2.101809629,-0.354017365,-1.811246563,0.273555721,0.253367498,-0.316528472,-0.615643816,0.540712306,0.162064939,-0.738177053,-0.07564043,-0.711143543,1.607613889,1.443470572,-0.999398448,0.151884036,0.039726557,0.084716061,-0.418189986,1.36940384,-1.272185704,-0.177571557,0.297738382,0.895961907,-0.37718593,0.291533425,-0.174712384,0.521560498,0.92144302,0.75419257,-1.023303227,0.423716834,1.34102714,0.179995972,-0.655225809,-0.621563021,-0.419365813,0.673507331,0.645320425,0.086072786,0.244049789,1.537000223,0.487808488,0.354248879,-1.782929763,0.70131286,-1.365287235,0.21717375,0.092113935,-0.685558427,0.284302638,-0.814156762,0.499415552,0.571301601,-0.278614219,1.295874793,0.780151334,-0.739740971,-0.251909469,0.761846017,-0.091129197,-0.240769888,1.060807562,0.028994724,-2.295652369,-0.710073189,-2.537917021,-0.171907646,1.310382123,1.729716688,0.161409379,-0.132747598,0.503004253,1.063277238,-0.744972951,-0.598948801,-0.360475304,0.390077186,0.491622818,-0.196575673,0.77383675,-0.411884978,-0.099162393,-3.502141345,-0.993587268,0.695129097,0.216757886,0.661618322,-0.356867821,0.788734627,-1.801550198,-0.012624583,-0.439638606,-0.22523688,1.433227489,0.98855183,0.479215125,-0.837768273,1.829092652,0.282040546,0.881649518,-1.13389177,0.332121176,-0.015315606,1.066179107,0.255235807,1.35887479,-0.543050743,-1.506642499,-0.139240465,-0.62057407,0.406270868,1.370010026,-0.359004742,-1.050828188,1.471469762,-1.62363951,0.727794383,0.700894087,0.571500148,-0.232333273,-1.051647838,-2.470456927,-2.527104864,0.025533987,-0.384570254,-1.634342502,-0.843317678,0.522287571,0.118819372,-0.234150038,-0.622028458,0.01043895,0.285961476,-1.90779578,0.743907032,0.561925331,1.633050554,0.509011718,-0.901059302,-0.209048047,1.398550144,0.48957586,-1.018443196,1.905127094,0.985465371,1.143498287,0.39332507,1.259176966,-1.765146165,-0.05189577,0.082311222,-0.606210028,-0.492402826,-1.301553229,0.549360269,0.478288447,-0.946613342,-0.477155745,0.407378521,1.095766057,-0.566317088,-1.258510794,0.489957148,-0.302889931,-1.956337294,0.088983316,-1.714193733,-0.853832516,-1.264296195,-0.788777708,-1.195908935,-2.347346826,-0.494868604,-0.762086083,-0.40904535,0.101439315,-0.019992285,0.980008626,-0.366151126,1.668965427,1.208257643,0.270169482,1.253160546,-0.145184808,0.094527086,0.89606234,0.625573323,-0.208083543,0.086049942,-0.100577018,0.180556378,-0.514432789,-0.107212435,-0.570602967,0.472247836,0.200175599,1.513733798,1.739750081,-1.282461217,0.674523164,-2.242771006,0.538062208,0.927102055,0.577756569,-0.829496241,0.38187822,1.559575113,-0.320069458,0.078948547,1.862472467,0.680438081,0.717568001,-0.601846024,-0.594479663,-0.640612453,0.118719181,0.0146265,0.454080487,1.426253152,-2.159813905,-1.132122832,1.18388373,-1.012043763,-0.328095144,-0.032250105,0.026147254,1.965970209,-0.359282075,0.211453437,-0.44323066,0.763238396,0.527283039,-0.287210417,0.584630497,-0.005821541,-0.902150663,0.435208556,-0.809808747,-0.047118492,-5.146347393,-1.74633983,-0.492574511,-1.691626467,0.326691361,-0.380005591,-0.660291526,0.566293473,-0.243672309,0.165652961,-0.121442937,-1.719134768,0.772584756,-0.752279825,1.066788437,-0.054709548,-0.245674269,1.182407765,0.520777965,0.957828215,-0.576679056,0.871329891,0.95318329,-0.070887661,1.181746118,0.627969685,0.095940059,-1.857572568,-0.179108956,-0.751979206,-0.853502747,-0.81354624,0.704461975,1.016376337,0.220525538,0.085627608,0.747101316,-0.629670811,0.644391739,-0.179814215
hsa.mir.144.1,0.0,0.0,0.0,0.0,0.0,0.0,0.0,0.0,0.0,0.0,0.0,0.0,0.0,0.0,0.0,0.0,0.0,0.0,0.0,0.0,0.0,0.0,0.0,0.0,0.0,0.0,0.0,0.0,0.0,0.0,0.0,0.0,0.0,0.0,0.0,0.0,0.0,0.0,0.0,0.0,0.0,0.0,0.0,0.0,0.0,0.0,0.0,0.0,0.0,0.0,0.0,0.0,0.0,0.0,0.0,0.0,0.0,0.0,0.0,0.0,0.0,0.0,0.0,0.0,0.0,0.0,0.0,0.0,0.0,0.0,0.0,0.0,0.0,0.0,0.0,0.0,0.0,0.0,0.0,0.0,0.0,0.0,0.0,0.0,0.0,0.0,0.0,0.0,0.0,0.0,0.0,0.0,0.0,0.0,0.0,0.0,0.0,0.0,0.0,0.0,0.0,0.0,0.0,0.0,0.0,0.0,0.0,0.0,0.0,0.0,0.0,0.0,0.0,0.0,0.0,0.0,0.0,0.0,0.0,0.0,0.0,0.0,0.0,0.0,0.0,0.0,0.0,0.0,0.0,0.0,0.0,0.0,0.0,0.0,0.0,0.0,0.0,0.0,0.0,0.0,0.0,0.0,0.0,0.0,0.0,0.0,0.0,0.0,0.0,0.0,0.0,0.0,0.0,0.0,0.0,0.0,0.0,0.0,0.0,0.0,0.0,0.0,0.0,0.0,0.0,0.0,0.0,0.0,0.0,0.0,0.0,0.0,0.0,0.0,0.0,0.0,0.0,0.0,0.0,0.0,0.0,0.0,0.0,0.0,0.0,0.0,0.0,0.0,0.0,0.0,0.0,0.0,0.0,0.0,0.0,0.0,0.0,0.0,0.0,0.0,0.0,0.0,0.0,0.0,0.0,0.0,0.0,0.0,0.0,0.0,0.0,0.0,0.0,0.0,0.0,0.0,0.0,0.0,0.0,0.0,0.0,0.0,0.0,0.0,0.0,0.0,0.0,0.0,0.0,0.0,0.0,0.0,0.0,0.0,0.0,0.0,0.0,0.0,0.0,0.0,0.0,0.0,0.0,0.0,0.0,0.0,0.0,0.0,0.0,0.0,0.0,0.0,0.0,0.0,0.0,0.0,0.0,0.0,0.0,0.0,0.0,0.0,0.0,0.0,0.0,0.0,0.0,0.0,0.0,0.0,0.0,0.0,0.0,0.0,0.0,0.0,0.0,0.0,0.0,0.0,0.0,0.0,0.0,0.0
hsa.mir.29a,-0.021260554,0.819004925,-0.246677751,-1.571173295,-1.34187589,-0.861848739,0.719164657,-2.942646332,-0.331781498,0.355252499,0.79840524,-0.601199381,-0.129933344,-0.24338993,1.333417183,1.822387766,-1.197128193,-0.285430406,1.03695332,-1.22360178,0.576397327,-0.110754927,0.87955179,-0.855877419,-1.173055304,-1.042475569,-0.836430171,-1.276377538,-0.52516158,-1.382697441,-0.531639874,-1.136622168,-1.245605237,-0.806360673,-1.266019959,-0.104813639,-0.860517377,-0.639043355,-0.080068435,1.073422553,0.588790522,-1.226691737,-0.256614031,-0.160333365,-1.284508057,1.012692827,-1.817365872,-1.117465664,0.739088362,0.665541014,1.097730906,-2.513592782,-0.08906204,-0.484305263,0.531185696,-0.727414925,0.593873271,-0.949061087,-1.539330112,-1.215195779,0.260812949,-1.12621743,-0.251397455,-1.002570072,0.919223959,0.336776209,-1.926628421,-0.806999415,1.908597969,-0.044920441,1.146785877,-0.568234355,0.952006075,-0.119899891,-0.473312657,-3.006060633,-0.359743184,-1.160486585,-0.188966015,-0.693325482,-1.058125415,-0.325849695,-0.228426286,0.148159574,-0.364733997,0.947303426,-0.209078132,1.035574358,-0.814946487,0.041757559,-0.380844733,-1.445864957,0.848778176,0.282292869,-0.057169983,-0.175941408,0.761696558,-0.583274166,-0.284476386,-0.077166673,0.622591064,0.015673594,-0.568468256,-1.739092643,-0.399919907,0.335891439,-0.548562387,1.671718988,0.076601336,0.744087385,0.753796384,-0.114151809,-0.511803239,-0.0674346,0.762931184,-0.189923487,1.227185563,-0.089074671,0.182660913,-0.905989135,1.57354909,1.426337263,0.038303465,-0.344335022,0.163853588,-0.203377463,2.627548145,0.201365632,0.317926808,0.521019529,1.500472543,1.780406611,0.790639793,1.390229581,0.054550842,1.932881372,0.360987888,-0.203237492,0.633548971,0.124725487,-1.052277197,-0.419243497,-1.081035258,-0.070004782,-0.047084946,-0.432290179,-0.802818735,0.058332044,0.555420813,0.082591244,-0.806934511,-0.412827748,-0.5126457,-0.490742098,-0.777890071,0.813445268,-0.672667535,-0.121732053,0.26277951,0.370078995,-0.724921968,1.007653646,0.144872479,0.198179203,-0.650034088,-0.781820936,0.776988936,1.654907646,0.542239326,1.171919582,0.290333333,1.418608864,1.753868517,1.860669486,0.115629861,1.070031527,0.929209069,-0.6486775,0.912199031,0.022844854,1.635085445,0.731423108,-0.057112497,-0.028159204,-0.500069188,-1.274872577,0.04136716,-1.416897186,1.503287858,0.79560852,0.323230566,0.535714826,0.687200198,-0.744281174,-0.494817051,-0.149171834,-0.958264474,0.04047572,1.272038881,0.376919819,0.294409105,0.151068693,1.040371175,1.179218437,2.59950509,0.40820717,0.988048368,0.057719634,-0.935844124,0.569001088,0.290793912,-0.866648221,0.509405573,0.690534752,0.091158199,0.15685778,-0.12091537,1.11569955,0.622714231,-0.054011852,-0.022953374,0.734371116,0.173185089,0.471520137,-0.423666312,0.92486274,-0.544436449,-1.711843068,1.278749334,-0.278192963,-0.274975875,-0.912131069,0.615592056,-0.527605833,-0.650720531,0.731262598,1.140731479,0.653758043,0.875273623,0.064862217,1.352549909,0.145331271,0.784783178,-0.247309457,1.815479038,1.968896637,0.714902094,0.773318317,0.930313112,0.574847782,-1.006334313,-0.442104556,0.108757303,0.655479997,0.041137192,-0.409008307,2.044446728,1.80619714,-0.388905787,0.207220744,1.200478216,-0.136047819,1.316452576,-0.267207532,1.782509938,0.541191181,-0.104943949,-0.79646598,-0.034713887,0.822948512,1.045474711,3.218794683,-0.856618987,1.667204309,1.15786074,1.40088287,0.392009379,0.257129682,0.695774632,0.160932097,0.876502602,0.885627728,1.223676119,0.09110758
hsa.mir.108a,0.0,0.0,0.0,0.0,0.0,0.0,0.0,0.0,0.0,0.0,0.0,0.0,0.0,0.0,0.0,0.0,0.0,0.0,0.0,0.0,0.0,0.0,0.0,0.0,0.0,0.0,0.0,0.0,0.0,0.0,0.0,0.0,0.0,0.0,0.0,0.0,0.0,0.0,0.0,0.0,0.0,0.0,0.0,0.0,0.0,0.0,0.0,0.0,0.0,0.0,0.0,0.0,0.0,0.0,0.0,0.0,0.0,0.0,0.0,0.0,0.0,0.0,0.0,0.0,0.0,0.0,0.0,0.0,0.0,0.0,0.0,0.0,0.0,0.0,0.0,0.0,0.0,0.0,0.0,0.0,0.0,0.0,0.0,0.0,0.0,0.0,0.0,0.0,0.0,0.0,0.0,0.0,0.0,0.0,0.0,0.0,0.0,0.0,0.0,0.0,0.0,0.0,0.0,0.0,0.0,0.0,0.0,0.0,0.0,0.0,0.0,0.0,0.0,0.0,0.0,0.0,0.0,0.0,0.0,0.0,0.0,0.0,0.0,0.0,0.0,0.0,0.0,0.0,0.0,0.0,0.0,0.0,0.0,0.0,0.0,0.0,0.0,0.0,0.0,0.0,0.0,0.0,0.0,0.0,0.0,0.0,0.0,0.0,0.0,0.0,0.0,0.0,0.0,0.0,0.0,0.0,0.0,0.0,0.0,0.0,0.0,0.0,0.0,0.0,0.0,0.0,0.0,0.0,0.0,0.0,0.0,0.0,0.0,0.0,0.0,0.0,0.0,0.0,0.0,0.0,0.0,0.0,0.0,0.0,0.0,0.0,0.0,0.0,0.0,0.0,0.0,0.0,0.0,0.0,0.0,0.0,0.0,0.0,0.0,0.0,0.0,0.0,0.0,0.0,0.0,0.0,0.0,0.0,0.0,0.0,0.0,0.0,0.0,0.0,0.0,0.0,0.0,0.0,0.0,0.0,0.0,0.0,0.0,0.0,0.0,0.0,0.0,0.0,0.0,0.0,0.0,0.0,0.0,0.0,0.0,0.0,0.0,0.0,0.0,0.0,0.0,0.0,0.0,0.0,0.0,0.0,0.0,0.0,0.0,0.0,0.0,0.0,0.0,0.0,0.0,0.0,0.0,0.0,0.0,0.0,0.0,0.0,0.0,0.0,0.0,0.0,0.0,0.0,0.0,0.0,0.0,0.0,0.0,0.0,0.0,0.0,0.0,0.0,0.0,0.0,0.0,0.0,0.0,0.0
hsa.mir.164a,0.0,0.0,0.0,0.0,0.0,0.0,0.0,0.0,0.0,0.0,0.0,0.0,0.0,0.0,0.0,0.0,0.0,0.0,0.0,0.0,0.0,0.0,0.0,0.0,0.0,0.0,0.0,0.0,0.0,0.0,0.0,0.0,0.0,0.0,0.0,0.0,0.0,0.0,0.0,0.0,0.0,0.0,0.0,0.0,0.0,0.0,0.0,0.0,0.0,0.0,0.0,0.0,0.0,0.0,0.0,0.0,0.0,0.0,0.0,0.0,0.0,0.0,0.0,0.0,0.0,0.0,0.0,0.0,0.0,0.0,0.0,0.0,0.0,0.0,0.0,0.0,0.0,0.0,0.0,0.0,0.0,0.0,0.0,0.0,0.0,0.0,0.0,0.0,0.0,0.0,0.0,0.0,0.0,0.0,0.0,0.0,0.0,0.0,0.0,0.0,0.0,0.0,0.0,0.0,0.0,0.0,0.0,0.0,0.0,0.0,0.0,0.0,0.0,0.0,0.0,0.0,0.0,0.0,0.0,0.0,0.0,0.0,0.0,0.0,0.0,0.0,0.0,0.0,0.0,0.0,0.0,0.0,0.0,0.0,0.0,0.0,0.0,0.0,0.0,0.0,0.0,0.0,0.0,0.0,0.0,0.0,0.0,0.0,0.0,0.0,0.0,0.0,0.0,0.0,0.0,0.0,0.0,0.0,0.0,0.0,0.0,0.0,0.0,0.0,0.0,0.0,0.0,0.0,0.0,0.0,0.0,0.0,0.0,0.0,0.0,0.0,0.0,0.0,0.0,0.0,0.0,0.0,0.0,0.0,0.0,0.0,0.0,0.0,0.0,0.0,0.0,0.0,0.0,0.0,0.0,0.0,0.0,0.0,0.0,0.0,0.0,0.0,0.0,0.0,0.0,0.0,0.0,0.0,0.0,0.0,0.0,0.0,0.0,0.0,0.0,0.0,0.0,0.0,0.0,0.0,0.0,0.0,0.0,0.0,0.0,0.0,0.0,0.0,0.0,0.0,0.0,0.0,0.0,0.0,0.0,0.0,0.0,0.0,0.0,0.0,0.0,0.0,0.0,0.0,0.0,0.0,0.0,0.0,0.0,0.0,0.0,0.0,0.0,0.0,0.0,0.0,0.0,0.0,0.0,0.0,0.0,0.0,0.0,0.0,0.0,0.0,0.0,0.0,0.0,0.0,0.0,0.0,0.0,0.0,0.0,0.0,0.0,0.0,0.0,0.0,0.0,0.0,0.0,0.0
hsa.mir.107b,0.0,0.0,0.0,0.0,0.0,0.0,0.0,0.0,0.0,0.0,0.0,0.0,0.0,0.0,0.0,0.0,0.0,0.0,0.0,0.0,0.0,0.0,0.0,0.0,0.0,0.0,0.0,0.0,0.0,0.0,0.0,0.0,0.0,0.0,0.0,0.0,0.0,0.0,0.0,0.0,0.0,0.0,0.0,0.0,0.0,0.0,0.0,0.0,0.0,0.0,0.0,0.0,0.0,0.0,0.0,0.0,0.0,0.0,0.0,0.0,0.0,0.0,0.0,0.0,0.0,0.0,0.0,0.0,0.0,0.0,0.0,0.0,0.0,0.0,0.0,0.0,0.0,0.0,0.0,0.0,0.0,0.0,0.0,0.0,0.0,0.0,0.0,0.0,0.0,0.0,0.0,0.0,0.0,0.0,0.0,0.0,0.0,0.0,0.0,0.0,0.0,0.0,0.0,0.0,0.0,0.0,0.0,0.0,0.0,0.0,0.0,0.0,0.0,0.0,0.0,0.0,0.0,0.0,0.0,0.0,0.0,0.0,0.0,0.0,0.0,0.0,0.0,0.0,0.0,0.0,0.0,0.0,0.0,0.0,0.0,0.0,0.0,0.0,0.0,0.0,0.0,0.0,0.0,0.0,0.0,0.0,0.0,0.0,0.0,0.0,0.0,0.0,0.0,0.0,0.0,0.0,0.0,0.0,0.0,0.0,0.0,0.0,0.0,0.0,0.0,0.0,0.0,0.0,0.0,0.0,0.0,0.0,0.0,0.0,0.0,0.0,0.0,0.0,0.0,0.0,0.0,0.0,0.0,0.0,0.0,0.0,0.0,0.0,0.0,0.0,0.0,0.0,0.0,0.0,0.0,0.0,0.0,0.0,0.0,0.0,0.0,0.0,0.0,0.0,0.0,0.0,0.0,0.0,0.0,0.0,0.0,0.0,0.0,0.0,0.0,0.0,0.0,0.0,0.0,0.0,0.0,0.0,0.0,0.0,0.0,0.0,0.0,0.0,0.0,0.0,0.0,0.0,0.0,0.0,0.0,0.0,0.0,0.0,0.0,0.0,0.0,0.0,0.0,0.0,0.0,0.0,0.0,0.0,0.0,0.0,0.0,0.0,0.0,0.0,0.0,0.0,0.0,0.0,0.0,0.0,0.0,0.0,0.0,0.0,0.0,0.0,0.0,0.0,0.0,0.0,0.0,0.0,0.0,0.0,0.0,0.0,0.0,0.0,0.0,0.0,0.0,0.0,0.0,0.0
hsa.mir.3651,1.903726359,0.356719572,0.89652627,-0.905488581,0.711796445,-0.833117163,-0.383457337,-1.986625997,-1.220395947,1.092324131,0.315703514,-0.431571696,-0.206328587,0.029549955,0.79737232,-1.921375602,-1.144022063,1.722889407,0.217171638,0.449718405,-0.879030424,-1.707272478,0.381322795,0.68987777,-0.20919247,-2.380347131,-0.448635449,-2.470468833,-0.640459793,-1.116731269,-0.723393493,-1.263473237,-0.322690807,0.821522618,0.139529131,-1.252278701,-0.607745955,-0.106140828,0.406071971,-1.092917472,-1.634994476,1.288621006,0.204761465,0.77690004,-2.132701367,-0.422017002,-0.494438174,0.210266472,-1.430285765,0.875173873,0.320327824,-1.856254296,-0.275041394,-0.257517894,0.064188136,-0.101829557,0.852182897,-1.093446041,1.219308511,0.430996302,-0.68251738,0.325334665,-1.190375014,1.168853803,0.435227499,1.356219734,0.092347629,-0.025025105,-0.679469378,0.811541964,0.057242143,-0.356079707,-0.165709932,0.647308414,-1.651444477,0.446677479,0.633220768,-0.00131887,0.225640214,0.078920895,0.225233525,-0.156627438,0.265995315,0.354686312,-0.313345355,-0.460763297,-1.154787955,0.340999387,-0.021159044,-0.674814461,-0.669841286,-2.450080321,3.156962148,0.930754383,0.863643465,1.289428509,0.265963882,0.547445259,0.084704478,-0.308848848,0.831573696,0.638792237,-1.142484772,-2.905655144,1.028409444,-1.162889363,-0.59087672,-0.481685018,0.638195007,0.536059428,1.507282488,-0.166828629,0.657802506,0.063196703,0.284292215,-0.024013768,1.090941341,-0.308590161,-1.130042502,0.534295937,0.495892213,0.763844175,-0.545682215,1.248493335,0.402836991,1.933014709,0.141059224,-1.009754763,2.240240691,0.779477822,1.244290357,-0.352203217,0.921826365,1.319326781,0.662806722,1.435427712,0.083854608,1.018166851,1.698703329,0.540504121,-0.625691126,-0.97442084,-1.490624276,-4.604570385,-0.600590196,-0.204092573,-1.050145691,-0.748181199,0.386171392,-0.831575136,-0.703890457,0.288383527,-1.068732307,-0.131219899,-0.811504327,0.2207203,-1.013881942,-0.51548095,0.10107789,0.883002641,-2.102197802,-0.764137352,-1.793837533,0.613575601,-0.405475872,1.179974265,0.644118762,-0.021078415,-0.377231233,-0.289721142,1.647725017,-0.707687644,0.066909678,-0.500637816,-0.015527667,-0.716262831,0.125817747,0.868068938,-0.664698657,-0.316339475,0.090029772,0.397661942,-1.000293394,-0.929513161,0.395329608,0.266014261,0.227540701,-0.239228118,-0.749776331,-0.097430723,1.309946884,-0.635538986,-1.697669503,0.578821548,-0.88245172,0.566799542,0.509203071,1.001861027,-0.074599566,0.274407568,-1.26480739,1.152040724,1.107537018,-0.101830723,0.467744633,0.872264328,-0.099102426,-0.274110444,0.567652871,0.481912903,1.42423945,0.593779666,0.224076559,0.608615209,0.928783032,1.506060913,0.789610588,0.394368734,0.924641229,-0.886107934,0.238174913,-0.225480967,1.877447097,-0.483656449,0.599411235,-1.108230572,-0.509850885,-3.153347248,1.371904395,-0.82305737,-0.645494487,1.444876689,0.588097908,-1.516374262,0.361359919,0.973565221,0.08658167,-0.522269689,1.097169372,-0.599837266,-2.256133141,-0.456091066,-0.478641025,-0.82930918,-1.487413937,-0.731935012,0.406706613,1.436924313,-0.876621469,1.535012745,0.175207988,-0.967594155,0.032426055,-0.075842535,-0.821379239,-0.585966766,0.099535835,2.729841296,0.434289554,1.673888329,0.879592014,1.368492293,1.707154358,-0.121250474,1.364009361,0.89817632,-0.337585346,1.202413197,0.580568784,0.307975876,0.765025864,-1.175246097,0.005854221,1.216541878,-0.043467639,0.174786451,-0.198398666,0.888690934,-2.379685133,-0.671541385,1.610596087,1.212310876,-1.70320572,-0.288978324
hsa.mir.218,0.0,0.0,0.0,0.0,0.0,0.0,0.0,0.0,0.0,0.0,0.0,0.0,0.0,0.0,0.0,0.0,0.0,0.0,0.0,0.0,0.0,0.0,0.0,0.0,0.0,0.0,0.0,0.0,0.0,0.0,0.0,0.0,0.0,0.0,0.0,0.0,0.0,0.0,0.0,0.0,0.0,0.0,0.0,0.0,0.0,0.0,0.0,0.0,0.0,0.0,0.0,0.0,0.0,0.0,0.0,0.0,0.0,0.0,0.0,0.0,0.0,0.0,0.0,0.0,0.0,0.0,0.0,0.0,0.0,0.0,0.0,0.0,0.0,0.0,0.0,0.0,0.0,0.0,0.0,0.0,0.0,0.0,0.0,0.0,0.0,0.0,0.0,0.0,0.0,0.0,0.0,0.0,0.0,0.0,0.0,0.0,0.0,0.0,0.0,0.0,0.0,0.0,0.0,0.0,0.0,0.0,0.0,0.0,0.0,0.0,0.0,0.0,0.0,0.0,0.0,0.0,0.0,0.0,0.0,0.0,0.0,0.0,0.0,0.0,0.0,0.0,0.0,0.0,0.0,0.0,0.0,0.0,0.0,0.0,0.0,0.0,0.0,0.0,0.0,0.0,0.0,0.0,0.0,0.0,0.0,0.0,0.0,0.0,0.0,0.0,0.0,0.0,0.0,0.0,0.0,0.0,0.0,0.0,0.0,0.0,0.0,0.0,0.0,0.0,0.0,0.0,0.0,0.0,0.0,0.0,0.0,0.0,0.0,0.0,0.0,0.0,0.0,0.0,0.0,0.0,0.0,0.0,0.0,0.0,0.0,0.0,0.0,0.0,0.0,0.0,0.0,0.0,0.0,0.0,0.0,0.0,0.0,0.0,0.0,0.0,0.0,0.0,0.0,0.0,0.0,0.0,0.0,0.0,0.0,0.0,0.0,0.0,0.0,0.0,0.0,0.0,0.0,0.0,0.0,0.0,0.0,0.0,0.0,0.0,0.0,0.0,0.0,0.0,0.0,0.0,0.0,0.0,0.0,0.0,0.0,0.0,0.0,0.0,0.0,0.0,0.0,0.0,0.0,0.0,0.0,0.0,0.0,0.0,0.0,0.0,0.0,0.0,0.0,0.0,0.0,0.0,0.0,0.0,0.0,0.0,0.0,0.0,0.0,0.0,0.0,0.0,0.0,0.0,0.0,0.0,0.0,0.0,0.0,0.0,0.0,0.0,0.0,0.0,0.0,0.0,0.0,0.0,0.0,0.0
hsa.mir.126a,0.0,0.0,0.0,0.0,0.0,0.0,0.0,0.0,0.0,0.0,0.0,0.0,0.0,0.0,0.0,0.0,0.0,0.0,0.0,0.0,0.0,0.0,0.0,0.0,0.0,0.0,0.0,0.0,0.0,0.0,0.0,0.0,0.0,0.0,0.0,0.0,0.0,0.0,0.0,0.0,0.0,0.0,0.0,0.0,0.0,0.0,0.0,0.0,0.0,0.0,0.0,0.0,0.0,0.0,0.0,0.0,0.0,0.0,0.0,0.0,0.0,0.0,0.0,0.0,0.0,0.0,0.0,0.0,0.0,0.0,0.0,0.0,0.0,0.0,0.0,0.0,0.0,0.0,0.0,0.0,0.0,0.0,0.0,0.0,0.0,0.0,0.0,0.0,0.0,0.0,0.0,0.0,0.0,0.0,0.0,0.0,0.0,0.0,0.0,0.0,0.0,0.0,0.0,0.0,0.0,0.0,0.0,0.0,0.0,0.0,0.0,0.0,0.0,0.0,0.0,0.0,0.0,0.0,0.0,0.0,0.0,0.0,0.0,0.0,0.0,0.0,0.0,0.0,0.0,0.0,0.0,0.0,0.0,0.0,0.0,0.0,0.0,0.0,0.0,0.0,0.0,0.0,0.0,0.0,0.0,0.0,0.0,0.0,0.0,0.0,0.0,0.0,0.0,0.0,0.0,0.0,0.0,0.0,0.0,0.0,0.0,0.0,0.0,0.0,0.0,0.0,0.0,0.0,0.0,0.0,0.0,0.0,0.0,0.0,0.0,0.0,0.0,0.0,0.0,0.0,0.0,0.0,0.0,0.0,0.0,0.0,0.0,0.0,0.0,0.0,0.0,0.0,0.0,0.0,0.0,0.0,0.0,0.0,0.0,0.0,0.0,0.0,0.0,0.0,0.0,0.0,0.0,0.0,0.0,0.0,0.0,0.0,0.0,0.0,0.0,0.0,0.0,0.0,0.0,0.0,0.0,0.0,0.0,0.0,0.0,0.0,0.0,0.0,0.0,0.0,0.0,0.0,0.0,0.0,0.0,0.0,0.0,0.0,0.0,0.0,0.0,0.0,0.0,0.0,0.0,0.0,0.0,0.0,0.0,0.0,0.0,0.0,0.0,0.0,0.0,0.0,0.0,0.0,0.0,0.0,0.0,0.0,0.0,0.0,0.0,0.0,0.0,0.0,0.0,0.0,0.0,0.0,0.0,0.0,0.0,0.0,0.0,0.0,0.0,0.0,0.0,0.0,0.0,0.0
hsa.mir.113b,0.0,0.0,0.0,0.0,0.0,0.0,0.0,0.0,0.0,0.0,0.0,0.0,0.0,0.0,0.0,0.0,0.0,0.0,0.0,0.0,0.0,0.0,0.0,0.0,0.0,0.0,0.0,0.0,0.0,0.0,0.0,0.0,0.0,0.0,0.0,0.0,0.0,0.0,0.0,0.0,0.0,0.0,0.0,0.0,0.0,0.0,0.0,0.0,0.0,0.0,0.0,0.0,0.0,0.0,0.0,0.0,0.0,0.0,0.0,0.0,0.0,0.0,0.0,0.0,0.0,0.0,0.0,0.0,0.0,0.0,0.0,0.0,0.0,0.0,0.0,0.0,0.0,0.0,0.0,0.0,0.0,0.0,0.0,0.0,0.0,0.0,0.0,0.0,0.0,0.0,0.0,0.0,0.0,0.0,0.0,0.0,0.0,0.0,0.0,0.0,0.0,0.0,0.0,0.0,0.0,0.0,0.0,0.0,0.0,0.0,0.0,0.0,0.0,0.0,0.0,0.0,0.0,0.0,0.0,0.0,0.0,0.0,0.0,0.0,0.0,0.0,0.0,0.0,0.0,0.0,0.0,0.0,0.0,0.0,0.0,0.0,0.0,0.0,0.0,0.0,0.0,0.0,0.0,0.0,0.0,0.0,0.0,0.0,0.0,0.0,0.0,0.0,0.0,0.0,0.0,0.0,0.0,0.0,0.0,0.0,0.0,0.0,0.0,0.0,0.0,0.0,0.0,0.0,0.0,0.0,0.0,0.0,0.0,0.0,0.0,0.0,0.0,0.0,0.0,0.0,0.0,0.0,0.0,0.0,0.0,0.0,0.0,0.0,0.0,0.0,0.0,0.0,0.0,0.0,0.0,0.0,0.0,0.0,0.0,0.0,0.0,0.0,0.0,0.0,0.0,0.0,0.0,0.0,0.0,0.0,0.0,0.0,0.0,0.0,0.0,0.0,0.0,0.0,0.0,0.0,0.0,0.0,0.0,0.0,0.0,0.0,0.0,0.0,0.0,0.0,0.0,0.0,0.0,0.0,0.0,0.0,0.0,0.0,0.0,0.0,0.0,0.0,0.0,0.0,0.0,0.0,0.0,0.0,0.0,0.0,0.0,0.0,0.0,0.0,0.0,0.0,0.0,0.0,0.0,0.0,0.0,0.0,0.0,0.0,0.0,0.0,0.0,0.0,0.0,0.0,0.0,0.0,0.0,0.0,0.0,0.0,0.0,0.0,0.0,0.0,0.0,0.0,0.0,0.0
hsa.mir.144.2,1.155045539,0.528883036,1.207443138,0.527726591,2.101809629,-0.354017365,-1.811246563,0.273555721,0.253367498,-0.316528472,-0.615643816,0.540712306,0.162064939,-0.738177053,-0.07564043,-0.711143543,1.607613889,1.443470572,-0.999398448,0.151884036,0.039726557,0.084716061,-0.418189986,1.36940384,-1.272185704,-0.177571557,0.297738382,0.895961907,-0.37718593,0.291533425,-0.174712384,0.521560498,0.92144302,0.75419257,-1.023303227,0.423716834,1.34102714,0.179995972,-0.655225809,-0.621563021,-0.419365813,0.673507331,0.645320425,0.086072786,0.244049789,1.537000223,0.487808488,0.354248879,-1.782929763,0.70131286,-1.365287235,0.21717375,0.092113935,-0.685558427,0.284302638,-0.814156762,0.499415552,0.571301601,-0.278614219,1.295874793,0.780151334,-0.739740971,-0.251909469,0.761846017,-0.091129197,-0.240769888,1.060807562,0.028994724,-2.295652369,-0.710073189,-2.537917021,-0.171907646,1.310382123,1.729716688,0.161409379,-0.132747598,0.503004253,1.063277238,-0.744972951,-0.598948801,-0.360475304,0.390077186,0.491622818,-0.196575673,0.77383675,-0.411884978,-0.099162393,-3.502141345,-0.993587268,0.695129097,0.216757886,0.661618322,-0.356867821,0.788734627,-1.801550198,-0.012624583,-0.439638606,-0.22523688,1.433227489,0.98855183,0.479215125,-0.837768273,1.829092652,0.282040546,0.881649518,-1.13389177,0.332121176,-0.015315606,1.066179107,0.255235807,1.35887479,-0.543050743,-1.506642499,-0.139240465,-0.62057407,0.406270868,1.370010026,-0.359004742,-1.050828188,1.471469762,-1.62363951,0.727794383,0.700894087,0.571500148,-0.232333273,-1.051647838,-2.470456927,-2.527104864,0.025533987,-0.384570254,-1.634342502,-0.843317678,0.522287571,0.118819372,-0.234150038,-0.622028458,0.01043895,0.285961476,-1.90779578,0.743907032,0.561925331,1.633050554,0.509011718,-0.901059302,-0.209048047,1.398550144,0.48957586,-1.018443196,1.905127094,0.985465371,1.143498287,0.39332507,1.259176966,-1.765146165,-0.05189577,0.082311222,-0.606210028,-0.492402826,-1.301553229,0.549360269,0.478288447,-0.946613342,-0.477155745,0.407378521,1.095766057,-0.566317088,-1.258510794,0.489957148,-0.302889931,-1.956337294,0.088983316,-1.714193733,-0.853832516,-1.264296195,-0.788777708,-1.195908935,-2.347346826,-0.494868604,-0.762086083,-0.40904535,0.101439315,-0.019992285,0.980008626,-0.366151126,1.668965427,1.208257643,0.270169482,1.253160546,-0.145184808,0.094527086,0.89606234,0.625573323,-0.208083543,0.086049942,-0.100577018,0.180556378,-0.514432789,-0.107212435,-0.570602967,0.472247836,0.200175599,1.513733798,1.739750081,-1.282461217,0.674523164,-2.242771006,0.538062208,0.927102055,0.577756569,-0.829496241,0.38187822,1.559575113,-0.320069458,0.078948547,1.862472467,0.680438081,0.717568001,-0.601846024,-0.594479663,-0.640612453,0.118719181,0.0146265,0.454080487,1.426253152,-2.159813905,-1.132122832,1.18388373,-1.012043763,-0.328095144,-0.032250105,0.026147254,1.965970209,-0.359282075,0.211453437,-0.44323066,0.763238396,0.527283039,-0.287210417,0.584630497,-0.005821541,-0.902150663,0.435208556,-0.809808747,-0.047118492,-5.146347393,-1.74633983,-0.492574511,-1.691626467,0.326691361,-0.380005591,-0.660291526,0.566293473,-0.243672309,0.165652961,-0.121442937,-1.719134768,0.772584756,-0.752279825,1.066788437,-0.054709548,-0.245674269,1.182407765,0.520777965,0.957828215,-0.576679056,0.871329891,0.95318329,-0.070887661,1.181746118,0.627969685,0.095940059,-1.857572568,-0.179108956,-0.751979206,-0.853502747,-0.81354624,0.704461975,1.016376337,0.220525538,0.085627608,0.747101316,-0.629670811,0.644391739,-0.179814215
hsa.mir.144.3,0.0,0.0,0.0,0.0,0.0,0.0,0.0,0.0,0.0,0.0,0.0,0.0,0.0,0.0,0.0,0.0,0.0,0.0,0.0,0.0,0.0,0.0,0.0,0.0,0.0,0.0,0.0,0.0,0.0,0.0,0.0,0.0,0.0,0.0,0.0,0.0,0.0,0.0,0.0,0.0,0.0,0.0,0.0,0.0,0.0,0.0,0.0,0.0,0.0,0.0,0.0,0.0,0.0,0.0,0.0,0.0,0.0,0.0,0.0,0.0,0.0,0.0,0.0,0.0,0.0,0.0,0.0,0.0,0.0,0.0,0.0,0.0,0.0,0.0,0.0,0.0,0.0,0.0,0.0,0.0,0.0,0.0,0.0,0.0,0.0,0.0,0.0,0.0,0.0,0.0,0.0,0.0,0.0,0.0,0.0,0.0,0.0,0.0,0.0,0.0,0.0,0.0,0.0,0.0,0.0,0.0,0.0,0.0,0.0,0.0,0.0,0.0,0.0,0.0,0.0,0.0,0.0,0.0,0.0,0.0,0.0,0.0,0.0,0.0,0.0,0.0,0.0,0.0,0.0,0.0,0.0,0.0,0.0,0.0,0.0,0.0,0.0,0.0,0.0,0.0,0.0,0.0,0.0,0.0,0.0,0.0,0.0,0.0,0.0,0.0,0.0,0.0,0.0,0.0,0.0,0.0,0.0,0.0,0.0,0.0,0.0,0.0,0.0,0.0,0.0,0.0,0.0,0.0,0.0,0.0,0.0,0.0,0.0,0.0,0.0,0.0,0.0,0.0,0.0,0.0,0.0,0.0,0.0,0.0,0.0,0.0,0.0,0.0,0.0,0.0,0.0,0.0,0.0,0.0,0.0,0.0,0.0,0.0,0.0,0.0,0.0,0.0,0.0,0.0,0.0,0.0,0.0,0.0,0.0,0.0,0.0,0.0,0.0,0.0,0.0,0.0,0.0,0.0,0.0,0.0,0.0,0.0,0.0,0.0,0.0,0.0,0.0,0.0,0.0,0.0,0.0,0.0,0.0,0.0,0.0,0.0,0.0,0.0,0.0,0.0,0.0,0.0,0.0,0.0,0.0,0.0,0.0,0.0,0.0,0.0,0.0,0.0,0.0,0.0,0.0,0.0,0.0,0.0,0.0,0.0,0.0,0.0,0.0,0.0,0.0,0.0,0.0,0.0,0.0,0.0,0.0,0.0,0.0,0.0,0.0,0.0,0.0,0.0,0.0,0.0,0.0,0.0,0.0,0.0
hsa.mir.364,0.0,0.0,0.0,0.0,0.0,0.0,0.0,0.0,0.0,0.0,0.0,0.0,0.0,0.0,0.0,0.0,0.0,0.0,0.0,0.0,0.0,0.0,0.0,0.0,0.0,0.0,0.0,0.0,0.0,0.0,0.0,0.0,0.0,0.0,0.0,0.0,0.0,0.0,0.0,0.0,0.0,0.0,0.0,0.0,0.0,0.0,0.0,0.0,0.0,0.0,0.0,0.0,0.0,0.0,0.0,0.0,0.0,0.0,0.0,0.0,0.0,0.0,0.0,0.0,0.0,0.0,0.0,0.0,0.0,0.0,0.0,0.0,0.0,0.0,0.0,0.0,0.0,0.0,0.0,0.0,0.0,0.0,0.0,0.0,0.0,0.0,0.0,0.0,0.0,0.0,0.0,0.0,0.0,0.0,0.0,0.0,0.0,0.0,0.0,0.0,0.0,0.0,0.0,0.0,0.0,0.0,0.0,0.0,0.0,0.0,0.0,0.0,0.0,0.0,0.0,0.0,0.0,0.0,0.0,0.0,0.0,0.0,0.0,0.0,0.0,0.0,0.0,0.0,0.0,0.0,0.0,0.0,0.0,0.0,0.0,0.0,0.0,0.0,0.0,0.0,0.0,0.0,0.0,0.0,0.0,0.0,0.0,0.0,0.0,0.0,0.0,0.0,0.0,0.0,0.0,0.0,0.0,0.0,0.0,0.0,0.0,0.0,0.0,0.0,0.0,0.0,0.0,0.0,0.0,0.0,0.0,0.0,0.0,0.0,0.0,0.0,0.0,0.0,0.0,0.0,0.0,0.0,0.0,0.0,0.0,0.0,0.0,0.0,0.0,0.0,0.0,0.0,0.0,0.0,0.0,0.0,0.0,0.0,0.0,0.0,0.0,0.0,0.0,0.0,0.0,0.0,0.0,0.0,0.0,0.0,0.0,0.0,0.0,0.0,0.0,0.0,0.0,0.0,0.0,0.0,0.0,0.0,0.0,0.0,0.0,0.0,0.0,0.0,0.0,0.0,0.0,0.0,0.0,0.0,0.0,0.0,0.0,0.0,0.0,0.0,0.0,0.0,0.0,0.0,0.0,0.0,0.0,0.0,0.0,0.0,0.0,0.0,0.0,0.0,0.0,0.0,0.0,0.0,0.0,0.0,0.0,0.0,0.0,0.0,0.0,0.0,0.0,0.0,0.0,0.0,0.0,0.0,0.0,0.0,0.0,0.0,0.0,0.0,0.0,0.0,0.0,0.0,0.0,0.0
hsa.mir.93,0.0,0.0,0.0,0.0,0.0,0.0,0.0,0.0,0.0,0.0,0.0,0.0,0.0,0.0,0.0,0.0,0.0,0.0,0.0,0.0,0.0,0.0,0.0,0.0,0.0,0.0,0.0,0.0,0.0,0.0,0.0,0.0,0.0,0.0,0.0,0.0,0.0,0.0,0.0,0.0,0.0,0.0,0.0,0.0,0.0,0.0,0.0,0.0,0.0,0.0,0.0,0.0,0.0,0.0,0.0,0.0,0.0,0.0,0.0,0.0,0.0,0.0,0.0,0.0,0.0,0.0,0.0,0.0,0.0,0.0,0.0,0.0,0.0,0.0,0.0,0.0,0.0,0.0,0.0,0.0,0.0,0.0,0.0,0.0,0.0,0.0,0.0,0.0,0.0,0.0,0.0,0.0,0.0,0.0,0.0,0.0,0.0,0.0,0.0,0.0,0.0,0.0,0.0,0.0,0.0,0.0,0.0,0.0,0.0,0.0,0.0,0.0,0.0,0.0,0.0,0.0,0.0,0.0,0.0,0.0,0.0,0.0,0.0,0.0,0.0,0.0,0.0,0.0,0.0,0.0,0.0,0.0,0.0,0.0,0.0,0.0,0.0,0.0,0.0,0.0,0.0,0.0,0.0,0.0,0.0,0.0,0.0,0.0,0.0,0.0,0.0,0.0,0.0,0.0,0.0,0.0,0.0,0.0,0.0,0.0,0.0,0.0,0.0,0.0,0.0,0.0,0.0,0.0,0.0,0.0,0.0,0.0,0.0,0.0,0.0,0.0,0.0,0.0,0.0,0.0,0.0,0.0,0.0,0.0,0.0,0.0,0.0,0.0,0.0,0.0,0.0,0.0,0.0,0.0,0.0,0.0,0.0,0.0,0.0,0.0,0.0,0.0,0.0,0.0,0.0,0.0,0.0,0.0,0.0,0.0,0.0,0.0,0.0,0.0,0.0,0.0,0.0,0.0,0.0,0.0,0.0,0.0,0.0,0.0,0.0,0.0,0.0,0.0,0.0,0.0,0.0,0.0,0.0,0.0,0.0,0.0,0.0,0.0,0.0,0.0,0.0,0.0,0.0,0.0,0.0,0.0,0.0,0.0,0.0,0.0,0.0,0.0,0.0,0.0,0.0,0.0,0.0,0.0,0.0,0.0,0.0,0.0,0.0,0.0,0.0,0.0,0.0,0.0,0.0,0.0,0.0,0.0,0.0,0.0,0.0,0.0,0.0,0.0,0.0,0.0,0.0,0.0,0.0,0.0
hsa.let.7a.1,0.088443817,-0.163027193,0.093266465,-0.691982324,-0.403405226,-2.504685071,0.546394184,-3.399046234,-1.76887911,0.953187519,0.585861484,-0.881710604,-0.738325246,-0.061640573,1.241951186,1.022201526,-1.833640419,-0.046017464,1.09003586,-1.262659237,1.087797103,-0.592995657,0.866255979,-0.564700633,-1.989811139,-1.085142753,-1.150838395,-1.751855089,0.53257305,-1.81811448,-1.922857325,-0.452221241,-1.854409299,0.054904506,0.761226315,0.151645293,-0.404323894,-0.010951841,0.595286285,0.295507152,0.293277717,-0.585904642,0.930005925,0.196364646,-0.164135991,-0.48515359,0.106105217,0.275330203,-2.651323039,0.482161776,1.56137307,-2.161918358,1.096610797,-1.054452389,0.10979177,-1.000440345,0.356290971,-1.662034789,-0.660934222,-0.215949169,-0.868657803,0.423917471,0.631328651,0.200328683,1.029359516,0.82596181,-0.521055605,0.001252486,0.148428418,0.440614553,-2.14548466,0.497484711,0.109645857,0.6052631,-0.606349788,-0.38276071,0.514913406,-1.35367473,1.152219519,0.421983698,0.001219872,-1.774016848,-0.285604638,0.767338046,-1.022423538,0.399161499,-0.548600878,-2.303166985,0.903264529,-1.335380873,0.085914689,-1.144572961,0.634298581,1.027913514,0.804702989,-0.878083466,-0.21541002,0.101187533,-0.181272457,0.4511122,0.510709321,0.533605122,-0.501482688,-1.658140124,0.265254195,0.043592243,-1.426778174,-1.006384698,-0.346421137,0.128429329,-0.071254814,0.769663225,-0.162256067,1.351228083,0.529581275,-0.550777611,-0.523082935,-0.125241882,-0.055134397,-0.886879679,1.146287019,0.56967453,0.172777803,-0.615755912,0.646961687,0.743928233,1.212158765,0.379546443,0.997888065,0.553687426,1.111157588,1.085428249,0.04127593,1.11595784,-0.160078783,0.825705659,0.498499733,0.430919017,1.148464621,-0.097440719,-0.056633033,0.743517388,-0.310895214,0.980893869,-0.12569247,0.579339639,-0.792710007,-0.107984088,0.159263091,-0.03239801,-0.280159112,0.576204245,0.451164504,0.99770728,0.17275267,1.202735088,-0.388520908,1.235907767,0.735206202,1.243578453,-1.178955263,0.186590266,0.274500458,-1.210542895,-2.092179965,0.725294354,0.923959357,-0.174858917,-0.055751613,0.808361825,0.151633402,1.454147463,0.636667249,-0.098415336,0.534309022,1.102783488,1.322500267,-0.004395588,1.209751702,0.704875549,0.097038241,1.190932027,0.357881225,0.252213902,0.74589907,-0.769710942,-0.876828298,-0.757833745,-1.335819964,0.631626645,1.610410561,0.336973539,0.439099373,-0.560883062,-0.338428305,-0.195142156,1.301019135,1.478418369,-0.666725663,0.59998385,-0.036729087,0.890780474,1.003540768,0.990863575,0.771817931,1.051659613,0.10134405,0.691029131,0.719317416,1.917973591,1.0460277,0.985781622,0.846806851,2.096030313,0.512499384,0.725088993,0.898945969,0.480985713,1.59655289,0.526303319,0.595919206,0.576511776,-0.438028095,0.552610771,0.275802405,0.696130954,0.467152181,-0.890340269,-0.139906163,-0.180557111,-0.384180717,-0.26362432,-0.351962814,1.348249504,1.360055147,0.620523124,0.790762809,0.747027505,0.642304642,0.006925761,0.609881779,0.214243411,0.734666411,-0.683424067,2.256362363,2.749529486,0.16486588,1.049663289,0.306328188,0.399851397,0.328861706,0.828081869,-0.334108882,0.31040287,0.131316201,0.078047332,-0.631316988,2.036786172,-0.351559247,1.160072448,0.265487397,0.660062626,0.787427046,0.3982573,1.760831393,0.577384011,0.48304501,1.046134194,-0.155535502,0.700073793,0.438028954,1.257715828,1.109910654,0.982428452,1.135980747,0.773356251,-0.087806588,0.479493559,-0.200017256,0.57338805,0.441733488,0.791363419,0.39323413,0.181291232
hsa.mir.22,-0.144640033,0.069575502,0.803096075,-0.442140284,-1.015024433,2.845074007,-1.82503286,0.7443027,1.137619509,0.080973541,0.891429866,1.072727266,1.408285449,1.202312213,0.95326952,0.063980769,1.147771841,0.562578018,0.678863952,-0.961467869,2.389261692,2.231686414,-0.782524451,1.499543542,1.546848515,-0.447749473,-1.634783933,1.063451552,-0.613997759,1.065359117,0.973131463,-0.513611747,0.165013994,-1.377586316,-1.217526662,0.351562905,-0.53538982,-0.371541775,-0.185198467,1.005914787,-0.293598533,0.564799382,-0.584044058,1.582360591,1.031694661,-0.32979699,0.761374822,0.362970144,0.491264321,0.431316009,-1.03072093,-1.499451489,-0.386973749,0.057712163,1.134178953,1.619745594,0.578683817,-1.882021428,1.392687497,-1.161491956,-0.535916585,-0.193272567,-0.712959295,2.369779739,0.063212171,0.396392413,-1.339200864,1.612982013,0.735765332,1.232752003,0.644270001,-0.734441039,-1.571910691,-1.413268262,-0.350399458,-1.491488314,-1.256768396,1.812481425,0.071249373,-1.386742512,0.087845735,-1.099740784,-0.068645278,1.001492341,0.103983744,0.366739119,-1.291205878,-1.308293294,0.43181931,1.577450711,0.329749649,0.018021456,-1.251597102,0.049698192,-0.235243469,0.432597433,1.374442471,0.330123675,-1.311789946,-0.708244877,0.668189103,-0.3999765,-1.17606069,1.053848452,0.104355523,-1.383757798,-0.124918936,-1.477759259,0.264204505,-0.301562049,1.704362088,1.365205413,0.149996898,2.306755814,0.914024233,-0.713337888,0.431941972,0.178639065,0.207680495,-0.800722712,0.869520706,0.447678131,0.40807684,-1.169844809,0.128898651,1.840900384,-0.574382261,0.628494538,-1.078174989,1.04868717,1.035759097,0.113024554,-0.774882545,0.509893619,0.210450572,1.319904421,-0.056274445,0.80065416,-0.505434116,-1.031888934,-0.507888368,-0.737554232,0.931834167,3.888774505,1.046464133,-0.659585204,-0.605189028,-0.14947735,-1.598762517,0.484295002,0.318924719,0.335922352,0.280580138,-1.119536331,-1.772704079,0.360276486,-0.02853435,-1.532481558,0.851751653,0.146419383,-1.176424033,-0.876642285,0.631287068,-0.676062721,0.393179128,0.549685557,0.237640923,-0.571335692,-1.914563283,0.119173623,-0.943791165,0.181845231,0.073241067,0.03722271,0.317217128,-0.723930061,0.408883759,-1.205272931,-0.631337495,1.775586228,-0.162903725,-0.09096731,-0.076820592,1.037288114,0.923699453,-0.442024531,0.599718677,0.357430837,-0.430520209,-0.887320211,-1.013571736,-0.771824556,-0.009463451,-0.687952735,0.292229665,-0.000851362,-0.781161311,-0.882295579,-0.813938925,0.857035689,-0.217702631,1.178928275,-0.121620205,-0.54130982,-1.645001808,-0.09307372,-0.545392297,1.009003026,-0.841163046,0.060118389,1.306720105,-1.306321763,-0.678163765,-1.218049193,0.33278533,0.588671842,1.215951176,0.010471507,0.813011787,1.002904057,0.58356526,-0.722612659,-0.066409591,1.019110563,-0.098669661,-1.284555349,-0.722710165,0.625643331,-0.631888719,0.201677846,-0.454543629,-0.771915613,-0.410681162,1.043292934,-0.095873984,0.169523471,0.37706899,-0.176244666,1.283679234,-1.3041285,-1.029762745,0.355789965,-1.210689803,2.027593957,-0.98484888,-0.155503001,1.195241841,-1.283308571,-0.624887201,0.002316765,0.913144838,-0.079143391,-0.061722733,0.842292079,1.101529961,0.678817443,0.046076965,2.373327329,0.392414001,0.153202564,-0.814000886,0.425075837,-0.24967323,-0.224612023,0.491160725,-0.802713002,-2.619114041,-0.173932259,-0.283305515,-1.380533357,0.368891371,0.723325762,-0.31133078,1.525654592,0.094265538,1.696913716,0.871765239,-0.240234187,-0.656763114,-0.080631245,0.080623535,-0.655715895,0.569901234,0.90878466
hsa.mir.188,-0.667683953,-1.872807905,-0.562306668,1.522086946,1.283353389,1.95385286,0.929338187,0.666401284,-0.585392381,0.623958165,-0.006118088,-0.279411641,0.347613975,0.016998262,-0.420605433,-0.188163088,0.171643451,-0.386150165,-0.258684576,1.202393189,-1.307409363,2.034745959,-1.408901395,1.037530511,-1.078319878,1.486776633,-1.133685641,-0.295162272,-0.637396214,-1.682931841,-1.632574507,1.079854096,-1.343953655,-0.450706107,-0.112679446,-1.096342969,0.326310732,1.692454558,1.196381399,0.921249902,1.375985746,0.328917046,-0.16602663,0.363041267,-0.87413311,-0.847792315,-0.785823422,-0.296813929,-1.021594099,0.481780838,0.661481839,0.49469375,-1.395883893,0.308348912,-0.15924598,-0.044098225,0.354910532,0.207222657,-1.377001609,0.280306155,1.191812193,0.421297778,0.041250882,0.442419035,0.651336253,-1.142032108,-0.360162302,-0.951242975,-0.500301236,0.283305522,-3.374546721,0.979564499,-0.054334914,-0.110246076,1.618972164,0.947857411,0.247742946,-1.695849848,3.014099962,-0.114445041,-0.275995763,-1.399175813,-0.013761389,-0.228898569,-0.550174376,1.711133695,1.273694513,-4.501076475,-0.354994387,0.044851643,0.012256833,-0.153476705,-0.456930918,1.209915112,0.9083847,0.600691307,0.015205747,-1.448538898,1.873400824,0.011967384,-0.75362725,0.003725605,-0.509149306,0.237469404,-0.557070916,-0.5961472,-0.594355436,0.762828127,0.924741658,2.091121665,1.486201502,-1.144072972,0.514012672,1.935664737,0.003422688,-0.351290357,-0.573224943,-1.204709489,-0.091486537,-1.266870194,0.907538999,-0.230648596,1.339921631,-0.343612848,-0.680538301,1.368808631,0.156926188,0.240621531,-1.651075099,0.144783259,-0.437365754,-1.162557502,-0.940709719,-2.118875176,-0.129153003,-1.251494349,-0.62218537,-1.09053315,-0.572743575,0.506601525,-0.716770041,-0.00822474,2.425438364,2.8721115,0.25697753,-1.265955775,1.787468067,0.066167309,0.738962719,-0.316410238,0.433608389,-1.558861552,-0.209662189,-0.771781786,0.959842129,-0.455217323,1.609506632,-0.804114377,-0.632318664,1.897275208,0.982813305,1.165414913,-0.404947357,-0.009520747,-0.109015431,-0.389925294,-1.436058461,-0.791775381,1.354901064,0.141263567,0.158336015,0.590324825,-0.24873264,-0.233770178,-0.145806501,-0.619623816,-0.398255661,-1.058847433,-0.762513046,0.56935243,0.572931136,-0.40182856,0.837869672,0.537370611,0.49188645,0.374934071,-0.34718026,0.275756653,0.493764123,-0.528799272,1.421981545,0.056040389,-0.398687186,-0.272796606,0.742212719,-0.414108564,0.673562183,0.802213726,0.539879447,-0.852691864,-0.388604675,-0.220993142,0.342298671,0.765455184,1.885286512,-0.590062616,0.460896083,0.676798887,1.836218573,0.048841507,-1.633407127,-0.587605396,-0.343391741,0.21750184,-2.102802711,-0.930017967,0.413212598,0.008657015,-0.890691185,-0.471799008,-1.051987262,-0.59898372,-0.102732955,-0.411174266,-0.65976582,1.918319204,0.750826654,0.817977118,-1.209881662,0.769561254,0.075229751,0.852630968,1.561269948,-0.569778837,-0.121588279,-1.095838964,0.390827426,-1.291866464,0.284031804,-0.844532129,-0.317850694,-0.745757486,-0.596678205,0.353666859,1.181527513,-1.628830874,0.304940358,-0.400869988,0.375574228,-1.088189144,0.929802966,1.284662781,-0.511277715,0.844579646,1.085903706,1.405142113,-1.344665465,0.342074343,0.10128441,0.452230195,-0.509577742,0.024508954,0.206630179,0.01832857,-1.217925082,2.079743125,-0.934790339,-0.880897609,-0.721711738,-1.519180923,-1.204256778,-0.10310951,-0.024097495,-1.220498075,0.917515672,-0.722059661,1.020116561,-0.227857053,2.144523775,0.2641424,-0.644609283,-0.638774613,0.59834142,-0.090222092
hsa.mir.188.1,0.0,0.0,0.0,0.0,0.0,0.0,0.0,0.0,0.0,0.0,0.0,0.0,0.0,0.0,0.0,0.0,0.0,0.0,0.0,0.0,0.0,0.0,0.0,0.0,0.0,0.0,0.0,0.0,0.0,0.0,0.0,0.0,0.0,0.0,0.0,0.0,0.0,0.0,0.0,0.0,0.0,0.0,0.0,0.0,0.0,0.0,0.0,0.0,0.0,0.0,0.0,0.0,0.0,0.0,0.0,0.0,0.0,0.0,0.0,0.0,0.0,0.0,0.0,0.0,0.0,0.0,0.0,0.0,0.0,0.0,0.0,0.0,0.0,0.0,0.0,0.0,0.0,0.0,0.0,0.0,0.0,0.0,0.0,0.0,0.0,0.0,0.0,0.0,0.0,0.0,0.0,0.0,0.0,0.0,0.0,0.0,0.0,0.0,0.0,0.0,0.0,0.0,0.0,0.0,0.0,0.0,0.0,0.0,0.0,0.0,0.0,0.0,0.0,0.0,0.0,0.0,0.0,0.0,0.0,0.0,0.0,0.0,0.0,0.0,0.0,0.0,0.0,0.0,0.0,0.0,0.0,0.0,0.0,0.0,0.0,0.0,0.0,0.0,0.0,0.0,0.0,0.0,0.0,0.0,0.0,0.0,0.0,0.0,0.0,0.0,0.0,0.0,0.0,0.0,0.0,0.0,0.0,0.0,0.0,0.0,0.0,0.0,0.0,0.0,0.0,0.0,0.0,0.0,0.0,0.0,0.0,0.0,0.0,0.0,0.0,0.0,0.0,0.0,0.0,0.0,0.0,0.0,0.0,0.0,0.0,0.0,0.0,0.0,0.0,0.0,0.0,0.0,0.0,0.0,0.0,0.0,0.0,0.0,0.0,0.0,0.0,0.0,0.0,0.0,0.0,0.0,0.0,0.0,0.0,0.0,0.0,0.0,0.0,0.0,0.0,0.0,0.0,0.0,0.0,0.0,0.0,0.0,0.0,0.0,0.0,0.0,0.0,0.0,0.0,0.0,0.0,0.0,0.0,0.0,0.0,0.0,0.0,0.0,0.0,0.0,0.0,0.0,0.0,0.0,0.0,0.0,0.0,0.0,0.0,0.0,0.0,0.0,0.0,0.0,0.0,0.0,0.0,0.0,0.0,0.0,0.0,0.0,0.0,0.0,0.0,0.0,0.0,0.0,0.0,0.0,0.0,0.0,0.0,0.0,0.0,0.0,0.0,0.0,0.0,0.0,0.0,0.0,0.0,0.0
hsa.mir.159b,0.0,0.0,0.0,0.0,0.0,0.0,0.0,0.0,0.0,0.0,0.0,0.0,0.0,0.0,0.0,0.0,0.0,0.0,0.0,0.0,0.0,0.0,0.0,0.0,0.0,0.0,0.0,0.0,0.0,0.0,0.0,0.0,0.0,0.0,0.0,0.0,0.0,0.0,0.0,0.0,0.0,0.0,0.0,0.0,0.0,0.0,0.0,0.0,0.0,0.0,0.0,0.0,0.0,0.0,0.0,0.0,0.0,0.0,0.0,0.0,0.0,0.0,0.0,0.0,0.0,0.0,0.0,0.0,0.0,0.0,0.0,0.0,0.0,0.0,0.0,0.0,0.0,0.0,0.0,0.0,0.0,0.0,0.0,0.0,0.0,0.0,0.0,0.0,0.0,0.0,0.0,0.0,0.0,0.0,0.0,0.0,0.0,0.0,0.0,0.0,0.0,0.0,0.0,0.0,0.0,0.0,0.0,0.0,0.0,0.0,0.0,0.0,0.0,0.0,0.0,0.0,0.0,0.0,0.0,0.0,0.0,0.0,0.0,0.0,0.0,0.0,0.0,0.0,0.0,0.0,0.0,0.0,0.0,0.0,0.0,0.0,0.0,0.0,0.0,0.0,0.0,0.0,0.0,0.0,0.0,0.0,0.0,0.0,0.0,0.0,0.0,0.0,0.0,0.0,0.0,0.0,0.0,0.0,0.0,0.0,0.0,0.0,0.0,0.0,0.0,0.0,0.0,0.0,0.0,0.0,0.0,0.0,0.0,0.0,0.0,0.0,0.0,0.0,0.0,0.0,0.0,0.0,0.0,0.0,0.0,0.0,0.0,0.0,0.0,0.0,0.0,0.0,0.0,0.0,0.0,0.0,0.0,0.0,0.0,0.0,0.0,0.0,0.0,0.0,0.0,0.0,0.0,0.0,0.0,0.0,0.0,0.0,0.0,0.0,0.0,0.0,0.0,0.0,0.0,0.0,0.0,0.0,0.0,0.0,0.0,0.0,0.0,0.0,0.0,0.0,0.0,0.0,0.0,0.0,0.0,0.0,0.0,0.0,0.0,0.0,0.0,0.0,0.0,0.0,0.0,0.0,0.0,0.0,0.0,0.0,0.0,0.0,0.0,0.0,0.0,0.0,0.0,0.0,0.0,0.0,0.0,0.0,0.0,0.0,0.0,0.0,0.0,0.0,0.0,0.0,0.0,0.0,0.0,0.0,0.0,0.0,0.0,0.0,0.0,0.0,0.0,0.0,0.0,0.0
hsa.mir.228,0.0,0.0,0.0,0.0,0.0,0.0,0.0,0.0,0.0,0.0,0.0,0.0,0.0,0.0,0.0,0.0,0.0,0.0,0.0,0.0,0.0,0.0,0.0,0.0,0.0,0.0,0.0,0.0,0.0,0.0,0.0,0.0,0.0,0.0,0.0,0.0,0.0,0.0,0.0,0.0,0.0,0.0,0.0,0.0,0.0,0.0,0.0,0.0,0.0,0.0,0.0,0.0,0.0,0.0,0.0,0.0,0.0,0.0,0.0,0.0,0.0,0.0,0.0,0.0,0.0,0.0,0.0,0.0,0.0,0.0,0.0,0.0,0.0,0.0,0.0,0.0,0.0,0.0,0.0,0.0,0.0,0.0,0.0,0.0,0.0,0.0,0.0,0.0,0.0,0.0,0.0,0.0,0.0,0.0,0.0,0.0,0.0,0.0,0.0,0.0,0.0,0.0,0.0,0.0,0.0,0.0,0.0,0.0,0.0,0.0,0.0,0.0,0.0,0.0,0.0,0.0,0.0,0.0,0.0,0.0,0.0,0.0,0.0,0.0,0.0,0.0,0.0,0.0,0.0,0.0,0.0,0.0,0.0,0.0,0.0,0.0,0.0,0.0,0.0,0.0,0.0,0.0,0.0,0.0,0.0,0.0,0.0,0.0,0.0,0.0,0.0,0.0,0.0,0.0,0.0,0.0,0.0,0.0,0.0,0.0,0.0,0.0,0.0,0.0,0.0,0.0,0.0,0.0,0.0,0.0,0.0,0.0,0.0,0.0,0.0,0.0,0.0,0.0,0.0,0.0,0.0,0.0,0.0,0.0,0.0,0.0,0.0,0.0,0.0,0.0,0.0,0.0,0.0,0.0,0.0,0.0,0.0,0.0,0.0,0.0,0.0,0.0,0.0,0.0,0.0,0.0,0.0,0.0,0.0,0.0,0.0,0.0,0.0,0.0,0.0,0.0,0.0,0.0,0.0,0.0,0.0,0.0,0.0,0.0,0.0,0.0,0.0,0.0,0.0,0.0,0.0,0.0,0.0,0.0,0.0,0.0,0.0,0.0,0.0,0.0,0.0,0.0,0.0,0.0,0.0,0.0,0.0,0.0,0.0,0.0,0.0,0.0,0.0,0.0,0.0,0.0,0.0,0.0,0.0,0.0,0.0,0.0,0.0,0.0,0.0,0.0,0.0,0.0,0.0,0.0,0.0,0.0,0.0,0.0,0.0,0.0,0.0,0.0,0.0,0.0,0.0,0.0,0.0,0.0
hsa.mir.616,-0.251356635,0.33182008,-1.096904378,-1.519996682,-1.781714336,-2.079658639,0.456640173,-0.529513005,-0.123609548,-0.29280848,1.39630879,-0.347177293,-1.709489706,0.532905613,0.871003406,1.483753767,-1.250977291,1.219373045,0.860507931,-0.734184008,0.593990481,0.761140718,-1.772743476,-0.157877702,1.523171855,-0.605223505,0.091085204,-0.90636855,0.857957565,-0.258136634,1.240478111,-0.361677239,0.132682277,-0.256658355,-1.123929602,-0.912928287,-1.461983539,-0.534804905,0.570421367,0.69799552,1.03818064,-1.07682646,-0.668900046,-0.15753321,0.218038102,0.838008443,-0.874093568,-1.916990848,-0.713242388,0.945932996,0.456155412,-3.117841073,0.624352357,-1.052850835,1.298460737,0.170625898,0.831933392,-0.310408402,0.333491858,-0.499831063,0.672881734,0.235783314,1.332009389,-0.288514863,0.102603563,0.562070478,-1.092379688,-0.705633137,0.632756169,1.071304289,0.374857653,-1.019018122,0.739222811,0.673977845,0.189290403,-1.036435768,-0.036791806,-0.610992026,1.529356481,-0.986031403,0.22905872,0.276160358,-1.581777284,-0.058802707,-1.192740277,2.261021624,0.588129321,-1.047013808,-0.339698788,0.0101091,-0.253689501,-1.553332536,1.626128529,1.189522878,0.719707705,0.703668913,0.783038809,0.345577624,1.105060337,0.022449187,0.601508342,-0.117504987,-1.788594036,-1.852087869,0.563337847,0.163824084,0.03440444,0.959391359,-0.465116377,0.788804515,-0.851627059,-0.925393641,0.193330702,-0.825997333,1.333034153,0.756645879,-0.139962244,1.071373874,-0.058391391,-0.115814195,1.430853609,0.836817325,-0.290353333,-0.319652702,0.533244782,1.685903736,0.363157113,1.007069006,0.822511222,0.500860768,1.684633282,1.107307018,-0.084341499,0.41960472,0.070409723,-0.575871385,-0.988809393,0.54017978,-0.128454887,0.643925987,-0.008216385,0.221524987,0.09734024,-0.162407598,0.972506475,0.161247758,0.55745593,0.439456421,0.180873578,1.133781739,0.057337701,-1.176029604,-1.017908456,0.572592721,-0.51570595,0.733103086,0.297960402,-0.223874613,-0.328454975,-0.968485465,-2.367548259,-0.144077019,-0.190874318,0.06870553,-0.746717888,0.48059589,0.809576254,-0.069408684,-0.604255089,0.000903358,0.867985492,0.875987083,0.016273051,0.723589363,0.500147856,1.725781327,-0.06426929,0.641641766,-0.979209049,-0.377413691,0.275548202,0.765210102,-1.332697972,-0.511965836,0.007368352,-0.534874278,0.702904334,-1.249399444,0.833211241,0.742710139,-1.850324734,-0.862058524,-3.243919486,-0.42641039,0.231569228,-0.212796523,-0.88962351,-0.449903262,2.272493445,-1.176210443,0.5388658,0.270233042,-0.622187399,0.678074968,2.207504939,0.473578783,-1.165613233,-0.448049572,-0.458438459,-0.575368306,0.704039501,0.689412428,-0.857371394,-0.012557749,-0.445243802,-0.981250848,0.37194201,1.7551304,-1.491127867,-0.481315167,-0.800038102,0.643037189,1.008877328,0.015530667,-1.162251503,-0.916148998,-0.073901394,-0.956012708,2.598839323,0.308542252,-1.00219999,-0.037117984,0.565232512,-0.632302665,0.788727864,-0.124365473,0.13632786,-1.16633031,-0.210397106,-0.190407473,0.217513731,0.20180392,1.174901726,0.055531425,2.266582069,0.368437976,0.729064678,0.843636836,0.791171635,0.705316519,0.990616423,0.705004281,-1.700883477,1.213737966,1.377779023,0.618729133,-1.364336655,1.375700827,0.275547986,0.0701268,1.100313508,0.122006511,1.613967048,0.251476297,-3.464388034,0.580270302,-0.051336155,-0.107243604,-0.355876557,1.549870023,0.866570646,1.607903858,1.167660849,-0.101372945,-1.028090043,0.16492137,-0.108914133,1.460273804,0.616470488,2.11036211,1.574139701,1.110220105,-0.407500682,-0.167537202
hsa.mir.30d,-0.090765321,0.030908781,-0.371153155,-0.313202018,0.690802908,-0.35805954,-0.804351803,-1.376724099,-0.867516003,0.131273423,0.190196297,0.879461675,1.022060101,1.35494381,0.184227166,1.540878131,-1.224542161,-0.358849783,-0.068850578,-3.19885902,0.225900863,-1.347132283,-0.844084978,-0.644369781,0.990037693,-1.377454852,0.378226479,-0.865919636,1.134386901,0.856443298,1.408731151,0.985235539,-0.151926423,0.47331318,-1.712580925,-1.288059654,-1.270837037,-0.40620312,-0.114891996,1.195952419,-0.463608934,-1.01549397,-1.937840266,0.003425567,0.498581534,-0.449723551,-0.967713597,0.735714591,0.542780947,0.212014667,1.045497939,0.300919431,0.254807598,0.365139619,1.227565317,0.861008307,0.063788582,-0.821611281,0.367062132,-0.12747538,-0.397209383,-0.855479361,0.600489,-0.628310348,0.640816568,-0.987016615,-0.488463167,-0.200930254,1.499222738,1.096447158,1.226643243,-0.382858545,0.086091826,0.769852561,-0.76551212,-0.277342985,0.379893602,2.637192892,0.487769622,-1.493763412,-0.182883118,0.555851917,0.205104178,1.056139563,-0.698004941,0.124413187,-1.338024749,-0.616970678,-0.551032178,-1.062040531,-0.432557417,-1.106949404,0.851779398,0.71650262,0.17384155,-0.004769397,0.571825286,-0.069591167,-0.51624591,-0.906278945,-0.203927412,0.5424895,-0.512597827,-0.786921661,0.434878664,0.794269206,-1.309592801,0.126744968,-0.423058769,1.004208085,2.23016633,0.197285094,-0.780803059,-1.246056652,0.040069553,-0.982007471,-0.245322747,-0.196874275,0.631984028,-0.369490178,-0.29264934,-0.222578272,-1.299771341,0.022522124,-0.418011508,0.865794701,-0.047193917,0.490376932,-0.022771573,1.911979149,0.804159895,1.214709787,1.512735516,0.667546135,0.494425195,0.586170758,-0.680455293,1.599302967,1.151874765,-0.101515435,-0.547652988,1.450517761,-1.512512518,-1.078769718,0.088285059,1.766802171,-2.578598467,0.009039628,-0.717859653,-0.839342296,-1.1341834,-0.025295055,-1.068147944,-0.526509639,-0.661556865,-0.184630906,-0.703091853,-1.061831419,-1.426875414,-0.133942801,-1.322653183,-1.109733667,-0.908437974,-0.489499038,-0.361759355,-1.5284341,-0.561271268,1.544455936,-0.258906297,0.046981159,2.850935876,-0.779026291,0.914711819,-1.628518952,-0.462169189,-0.226282689,0.61160144,0.454735034,0.26750961,-0.82462989,0.267992232,-0.042279846,-1.552117197,0.985934594,-0.495485659,-0.863733418,-1.351749195,-0.994094336,-0.085936749,0.557651968,0.052478835,-1.751272221,-0.326964813,-2.509423702,-1.458380953,-0.100427413,-0.941204055,-0.346445033,0.525533386,0.473049294,-0.624864223,-0.454280001,0.238209409,0.475274798,1.515357506,0.737476982,-0.32410107,-0.950079256,-0.174198168,1.618038579,-1.526083724,-1.416835807,-0.533757252,-1.271087135,-0.45837759,0.175352706,-0.31308027,-0.276099975,1.077331355,-2.29560299,0.581540004,0.393324764,1.283787672,-0.188618673,0.210047092,1.188478018,-1.260816773,-0.439909344,0.928566641,-1.036849652,0.209257433,0.497901407,0.636267522,0.96825732,0.064336408,-0.778845689,-0.19864691,-0.720375947,-0.241421607,-1.94057177,-1.37641453,0.046373698,-0.442935075,1.30651798,-1.058588663,1.588202047,1.96851932,0.378641922,-1.41395677,0.796311487,-0.780221254,-1.030939913,0.777974805,-0.112797175,0.108420879,-0.238604246,1.165915652,2.292989875,0.499382175,-1.679144898,0.012286005,-1.082164161,0.221167951,-0.654297314,1.872621033,-0.865199118,-1.678373565,-0.241746574,-1.507450967,-1.862863541,0.253142739,1.823629935,-1.439579838,0.073219651,0.048736912,0.502154614,-0.471051115,-0.734844156,-0.846013131,0.047409134,1.188634103,-1.28953646,0.37101549,0.117625558
hsa.mir.6511b.1,0.0,0.0,0.0,0.0,0.0,0.0,0.0,0.0,0.0,0.0,0.0,0.0,0.0,0.0,0.0,0.0,0.0,0.0,0.0,0.0,0.0,0.0,0.0,0.0,0.0,0.0,0.0,0.0,0.0,0.0,0.0,0.0,0.0,0.0,0.0,0.0,0.0,0.0,0.0,0.0,0.0,0.0,0.0,0.0,0.0,0.0,0.0,0.0,0.0,0.0,0.0,0.0,0.0,0.0,0.0,0.0,0.0,0.0,0.0,0.0,0.0,0.0,0.0,0.0,0.0,0.0,0.0,0.0,0.0,0.0,0.0,0.0,0.0,0.0,0.0,0.0,0.0,0.0,0.0,0.0,0.0,0.0,0.0,0.0,0.0,0.0,0.0,0.0,0.0,0.0,0.0,0.0,0.0,0.0,0.0,0.0,0.0,0.0,0.0,0.0,0.0,0.0,0.0,0.0,0.0,0.0,0.0,0.0,0.0,0.0,0.0,0.0,0.0,0.0,0.0,0.0,0.0,0.0,0.0,0.0,0.0,0.0,0.0,0.0,0.0,0.0,0.0,0.0,0.0,0.0,0.0,0.0,0.0,0.0,0.0,0.0,0.0,0.0,0.0,0.0,0.0,0.0,0.0,0.0,0.0,0.0,0.0,0.0,0.0,0.0,0.0,0.0,0.0,0.0,0.0,0.0,0.0,0.0,0.0,0.0,0.0,0.0,0.0,0.0,0.0,0.0,0.0,0.0,0.0,0.0,0.0,0.0,0.0,0.0,0.0,0.0,0.0,0.0,0.0,0.0,0.0,0.0,0.0,0.0,0.0,0.0,0.0,0.0,0.0,0.0,0.0,0.0,0.0,0.0,0.0,0.0,0.0,0.0,0.0,0.0,0.0,0.0,0.0,0.0,0.0,0.0,0.0,0.0,0.0,0.0,0.0,0.0,0.0,0.0,0.0,0.0,0.0,0.0,0.0,0.0,0.0,0.0,0.0,0.0,0.0,0.0,0.0,0.0,0.0,0.0,0.0,0.0,0.0,0.0,0.0,0.0,0.0,0.0,0.0,0.0,0.0,0.0,0.0,0.0,0.0,0.0,0.0,0.0,0.0,0.0,0.0,0.0,0.0,0.0,0.0,0.0,0.0,0.0,0.0,0.0,0.0,0.0,0.0,0.0,0.0,0.0,0.0,0.0,0.0,0.0,0.0,0.0,0.0,0.0,0.0,0.0,0.0,0.0,0.0,0.0,0.0,0.0,0.0,0.0
hsa.mir.337,0.192019316,-0.925331584,0.013464218,-0.982191243,-0.526352805,1.734526469,-0.497052994,-0.216123826,-0.356608177,0.287737393,-0.862564759,-0.803745853,0.288800157,-0.723242472,1.522891387,-0.200789962,0.020862238,1.667960393,0.546645263,1.475203952,0.43720783,1.295143777,0.267736359,2.063729693,0.666298388,0.177079783,1.072881509,-0.427410281,-0.534094926,-0.397202964,0.897350073,-0.311557113,-0.188784917,-0.846530287,-0.914774111,-0.642672319,-0.036619124,-0.169089858,-0.010282148,2.376705568,-1.127459256,0.052238569,-1.415020848,-0.865380806,0.625024493,-0.091446858,-0.429036836,-0.301925423,-1.540493182,0.826269715,-1.393784566,0.040596902,-1.247801583,-0.54530423,-0.855942355,-1.795479843,0.619226187,-0.277632597,-1.585856631,-1.044462511,0.046889319,1.382042075,1.091716936,-0.112862216,-0.882579994,-0.265062915,-0.702864433,0.525638889,-0.223526129,-0.061063736,-0.749017118,1.160569704,0.972099281,0.622908024,-0.215975279,-1.046767294,-0.469040383,-0.707619688,-0.826759799,-0.858609212,-1.203956979,-1.248607193,-0.510008474,-0.708076465,0.891050851,0.697604766,-1.078618581,-0.972036091,-1.246974906,-0.023724153,-0.405586702,-0.520755531,1.948205118,-0.70838651,-0.954880377,-1.422873161,-0.141610581,-0.209043608,1.656722516,-0.690927659,1.347048693,-1.860105825,1.025721516,1.509802772,-0.406862953,-0.598125532,0.334877803,0.516223155,1.214396957,0.699957696,-0.375140032,-1.091253738,1.726745447,-0.15438982,-0.691784918,1.187373935,0.872016477,-0.445350689,2.453069555,-0.157712003,1.402987125,-0.130109099,0.977537146,-1.241073202,0.234599472,2.235084121,0.391190478,-0.847452175,-1.120141657,0.349355625,0.770712598,0.2351165,-0.785588805,-0.423569127,-0.837060523,0.919466749,0.151048562,-0.243203003,-0.600806312,-0.80793627,-0.169278745,0.440581775,-0.022262778,0.856018499,1.044641983,-0.285558864,-0.380740106,-0.992865729,0.052589078,-0.967819166,1.722558066,-0.569440338,0.103805348,-1.295984642,-0.428020454,0.533338255,-0.407936847,2.579756677,-0.097320989,0.57598718,0.554970148,2.497525948,-0.553053784,-0.962932895,0.164253494,-0.13868666,1.787692458,0.082724047,0.430613241,0.382869375,3.474365668,-1.03878798,-0.278501579,-0.262163738,0.26171336,0.029609859,0.447960021,-0.362666896,-0.020189987,-0.756292121,-0.55889847,0.543371562,-0.90691074,-1.43964625,0.060626675,-0.447868088,-0.063321162,-1.371408273,0.588363173,-0.894664047,0.345328607,1.285837974,-1.235313224,-0.229134447,-0.320549942,-0.164896375,1.331709977,-0.145543027,0.817571698,0.204402321,1.019842038,-0.074809947,-0.607399471,-0.160760458,2.59934996,0.348933329,0.551454383,-0.926658222,0.706852972,0.054102847,0.338773587,-0.659490066,1.053267954,-0.982109708,-1.105813405,-0.331037342,-0.940563618,-0.177314615,2.216049822,0.083857925,1.731370928,-0.883855066,-0.170814462,-0.363176611,-0.344064885,1.556040324,0.369750614,0.180808239,-0.456412872,-0.082174032,-0.525546555,-0.716121887,-1.186319156,-1.017905873,-0.541882946,0.592757266,1.891201915,0.473346542,0.292483066,-0.907741157,1.687305102,-0.126758117,-0.318365738,-0.314787655,0.301379136,-0.520251179,-0.52543878,3.078674505,1.340743695,0.055421975,-0.123952509,0.545096071,0.376015503,1.561673181,-1.299161365,2.778828325,0.302088993,0.587415301,-0.245759367,-0.574068396,-0.477040946,-0.798700706,0.206738674,-0.4271437,0.057193764,-0.530589978,0.140647301,-0.683072125,0.759368791,0.786760019,-0.801449235,0.299650791,3.021467492,0.730384723,0.43813757,0.713585443,1.864666326,-0.485913213,0.49843537,-0.275363761,0.229389042,1.729071201,0.66982151,0.042582179
hsa.mir.3615,-0.630733919,-1.147297098,-0.735200777,0.597195418,-0.930829233,0.191930621,-0.893447586,-2.329544247,-1.941817872,1.309269928,1.370765112,0.251705042,-0.444729492,0.336192469,0.144028375,0.885231525,-0.183154973,1.535861914,0.981994138,-1.194660814,0.034594135,0.732804482,-4.248041691,-2.912153139,-0.029066441,-1.845590553,0.12358466,-0.169396231,0.939482547,1.090230758,1.335133271,0.048315185,0.701307346,-0.844226253,-0.574831763,0.347440224,0.089426913,0.477767979,-0.356968937,-0.534070385,0.372902365,-0.4675224,-2.942276399,0.368193879,-0.262691914,1.828869337,-0.190862987,-0.268089195,0.075444558,0.498229999,-0.561809749,0.209551788,-0.002010291,0.029001021,-0.031290466,-0.121630016,0.630276754,-0.048948215,-0.966440694,-1.433195985,-0.038269157,0.77266974,0.300962366,-0.571854316,-0.547027001,0.654558144,-1.732295723,-0.685031268,0.76756176,0.457579733,1.814682905,0.074824413,1.656665837,-0.054541805,-0.241198718,-0.908329989,-1.124716746,-1.897941819,1.678302187,-0.320507354,-0.41072957,-0.51839705,0.156592833,0.486181655,0.033045514,0.690929888,-0.348941766,1.212226736,-0.258518993,0.631140397,-1.542250153,-1.118080855,0.071695286,0.227613801,0.348057022,0.969224625,0.657217518,0.298434014,1.152461595,0.409937677,-0.604119118,-0.855369021,0.66051487,-0.673426717,-0.072637756,0.632555489,0.311447675,0.028519392,0.238949402,0.345010621,1.794933241,-0.003275041,-0.450404452,-0.66331737,1.400787308,0.794244866,0.957670797,0.318898744,0.369025857,0.087752591,1.062991441,1.325679398,-0.192170654,-0.795967486,0.245083974,1.293321128,-0.543161654,-0.055787291,0.536722792,1.297559164,1.644155137,1.213722823,1.042685482,1.011266124,0.900306161,2.115012625,0.828701121,0.988869176,0.425378166,-0.018797524,-0.269361837,-0.497376218,-0.369309708,-1.767281205,-1.228322482,-0.176916502,-0.925881012,-0.277565582,0.987159059,-0.211164182,-1.162728443,-0.139483369,-0.996589704,-0.933589137,0.13504251,0.63291353,0.253302107,0.153959274,-1.62942232,0.817177292,-0.532780454,0.702777256,0.84717734,-0.40318698,-2.269229049,-0.422668589,0.183062667,0.851881092,0.591161011,0.924676298,0.542533288,0.601508601,1.075422365,-0.392499984,0.236312707,0.451101991,-0.988568469,0.149662943,0.411776218,0.872452974,0.688019986,0.944858495,0.020721236,-1.893415363,0.627999641,-0.435257821,0.610376849,-0.533261351,-0.906776773,-0.031324649,0.472312934,-0.244751805,0.505769423,-2.03688493,-0.054109856,-0.345131979,-0.381539794,-2.363981049,-0.088372939,0.076511644,-1.640850673,0.510742503,0.554891131,0.690904076,2.167287219,0.550824091,1.195457222,0.696257132,-1.163466872,-0.092974513,1.533313946,-0.927547237,-1.369122148,-0.448107873,-1.377561645,-0.539500449,-0.233144163,1.205970062,0.626105296,0.403899811,0.352760173,0.088774807,1.399634533,0.66408576,0.25149052,-0.080046172,-0.10136365,-1.175678662,1.291536146,-0.225746179,0.40794738,0.194200616,0.619740793,-3.416245486,-0.320605988,-0.593676978,1.263766922,1.129203408,0.830184975,-0.592986926,0.105578491,0.463878974,-0.059860952,1.034614497,0.817971122,3.487307969,0.70731733,0.355797022,0.303693361,0.410915306,0.319677903,0.308780401,1.313992784,0.275224961,0.625876785,0.042821644,1.268001527,-0.113757787,-0.305004331,-0.310535778,0.923387929,0.421109205,-0.111513646,-0.645600671,-0.05233316,-0.018473142,-0.491784049,-0.040458709,-1.013799632,1.202797851,0.555930451,1.430728064,1.044425286,1.590688124,0.81208125,0.273586829,0.661481859,-0.579464596,0.463032254,0.340448294,1.083799442,0.430334082,0.824488884,-0.879353794
hsa.mir.143,-1.392175437,-0.009702908,0.092301455,1.227918007,1.200467301,-0.305457742,0.361484386,-0.125970343,1.437106065,-0.103817757,0.183561288,1.861148868,0.702431125,1.705728291,-1.633428181,0.177820651,2.185331504,0.923574952,0.44864375,0.990868061,-1.22593671,0.171557614,-0.824085167,2.233253246,0.418846936,-0.874507086,0.360097527,0.605418602,0.687677085,2.130017524,1.251660192,-0.430139963,-0.068535472,0.945472693,0.434756377,0.846943334,-0.490187643,0.298005759,0.511566081,-0.811505882,-0.78871338,-0.424233982,-0.562013151,0.489341963,0.826866902,-1.39748569,1.894506172,1.047669142,1.010586865,0.295381793,0.916467478,1.486041829,0.56713222,-0.257561243,-1.49505474,0.090643479,0.020743019,1.245189643,1.870847988,1.391714609,2.195307886,1.245201542,-0.090812293,1.31054552,-1.073629885,-0.679630377,0.33885211,0.662749179,-1.461889185,-0.749778658,0.730534605,-0.357670853,0.070404315,1.14656636,-0.160435016,2.048286264,-0.338882034,0.775665452,0.621035099,-0.201156056,1.581481447,1.017290062,1.744735459,0.755027879,2.084071252,-0.024787628,1.284131352,1.704838211,0.732669557,0.648727426,0.568008862,1.551574773,0.155483511,0.164890783,0.295608339,0.090236401,-0.951715245,-0.609164537,1.173238346,0.384849464,-0.539198575,0.058066274,-0.004342111,-0.035412685,0.332240461,0.292163479,-0.58774635,-1.144212133,-0.384126822,-0.861485607,-1.042941067,0.659667103,-0.727048362,-1.371214448,0.09827613,0.988452971,-1.646717906,0.626893177,0.021432165,-0.022433794,-1.122173131,-0.909193319,-1.341534746,-1.717104845,-0.191487687,0.127303256,-0.427575882,-1.810703337,-0.091298619,-1.198645593,-1.786140048,-1.825831919,-0.333164734,-1.07382024,-1.209179229,-0.305921096,0.546819335,0.12353148,-1.291345543,0.373016041,1.024301331,0.118573699,0.393172707,0.298867332,-1.747495881,0.284434077,0.264006405,-0.339828889,-0.36609256,1.34156175,-0.239248583,1.334669626,-0.55719349,0.610320173,0.126409762,-0.358853822,-0.267552597,0.325542553,-1.897574514,0.056366512,-0.901112338,-0.43659318,0.337616588,-0.442549022,-0.738414438,-0.602310252,-0.853492252,-0.557561879,-0.545608835,-1.112830284,-1.385850472,-1.069315574,-1.878880587,-1.444180479,0.313215954,-1.305412932,-1.188547138,0.835829469,0.552026686,0.529492645,-0.199281303,-0.489061876,-0.160644279,-1.973647069,0.311290889,0.315109279,-0.999588093,0.43651463,-1.151675106,-0.344254826,-0.161792276,-0.494353246,0.387882375,-0.360145538,-0.073937774,-0.642995661,0.140979232,-0.233507602,0.597720803,0.186749895,-0.21915167,-0.092221638,-1.107959862,0.085731455,0.178899676,-1.409179552,0.30748641,-0.166335096,0.112484434,-0.649928683,0.096284829,3.798191656,-1.348333589,-0.078206798,-1.137132041,-0.329195217,-0.950356779,-1.029988247,-0.198798716,-1.026468401,0.102824978,-0.516525528,0.879284208,0.803866539,-0.113035128,-0.075353606,0.895753029,-1.043974089,0.289917758,-0.059171012,0.695016171,1.117960951,-0.767882954,-0.456214898,0.605829693,-0.607117401,-1.432158372,-0.71262995,-0.688779489,0.116285635,-1.542840975,-1.691186135,-1.102192568,0.765883034,0.375233153,-0.093711903,-2.204587387,-0.733448053,-1.47959495,-1.286304609,0.473300227,-1.162450878,0.253600651,0.178874273,2.657831514,0.189130116,0.18483532,-2.291528905,0.223793583,-0.716614256,-1.218141603,-0.610457001,0.378979466,0.48708225,-1.142896707,-0.23422803,-0.097967158,1.315875069,-0.150372146,-0.307198689,-0.967135315,-3.000976698,-0.955067404,-0.470348126,-0.757460696,-1.277434927,-1.372791403,1.47150634,1.241390949,1.237842296,0.562619696,-0.134590491,-0.995988604,1.006165436
hsa.mir.182,0.811107816,0.095818961,-1.507970186,-1.064422886,-0.792514054,-0.452230558,-2.213557279,-0.656255345,-1.629332854,0.580116549,0.655182618,-0.559931132,0.282356309,-0.225718556,0.835461612,0.410229972,-1.223438351,1.436177463,0.063808838,-0.540163183,1.52517571,0.69367381,0.97080325,-1.628016763,0.550884592,-0.437133986,0.618782442,-0.811153836,-0.163651024,-2.614697893,0.435462448,-1.263516832,-0.128035265,-0.069196152,0.294632532,0.893474209,0.294698579,-0.569525796,0.1337734,0.809705847,-0.32488925,-0.14155969,0.654250093,-1.150240029,-0.2751375,1.596102934,-0.599171694,0.24253366,-1.521211888,0.192180695,0.108424263,-1.379356665,0.983248015,0.664148232,-0.162397768,0.290746434,-0.002482371,-0.848743928,-0.62430879,-0.721523945,0.259495607,0.338392928,0.152776356,0.192449113,0.32857601,1.396822429,-1.840159288,-0.948151915,-0.367405271,0.234311234,0.336225701,-0.142484767,0.180781571,0.1645549,-0.529426098,-2.086378236,-0.36134788,0.745045448,0.219840791,-0.746754454,-0.281120578,-0.282728933,0.758712519,0.444243596,-0.410193011,0.513150489,-1.937824721,-1.790187809,-1.573576805,0.00916197,-0.525604625,-1.063396562,0.336289006,1.353837276,-1.268275449,-1.377058324,1.080886886,-1.626580288,-0.386668828,-0.556567774,0.734808587,-0.947255457,-0.230859344,-1.44862894,-0.099617127,-2.292063867,-2.381234903,0.387147745,0.773349848,0.183016979,1.011781242,-0.130599649,0.282891452,0.701906537,0.356706415,0.567785344,1.62074984,1.132865425,-0.565371187,1.042914268,0.487692449,0.447731855,0.648727418,0.788606045,0.851308202,2.47627109,-0.450303,0.150188895,1.019884442,1.903155484,1.345955478,2.04585305,1.075637198,1.326846802,0.971543805,2.076270894,1.897453885,2.137197991,1.149698034,-0.931199065,-1.002144285,0.24780113,-1.020264308,-0.401420402,-0.543658797,-0.741354023,-0.883724561,0.21592582,0.07588018,-1.055610405,-1.261817245,0.181298029,-0.874624652,-0.879121593,-0.905995652,0.602173928,-0.81448383,-0.653827433,-1.575013257,-0.596999772,-1.236949359,-4.408999112,-0.023934882,0.402275421,-1.894852922,0.408057023,0.77028111,0.610637911,0.535363431,1.289219152,0.459710717,0.396968513,1.140207043,0.328764745,0.428022148,0.333823197,0.705712459,-0.077683352,-0.695683015,0.977652166,-0.140799337,0.503800469,0.705876369,-1.275037179,1.222471863,0.411300649,0.862841756,0.090586556,0.373391602,1.267333329,1.495885671,0.781837546,-0.00413492,0.222196771,0.159658505,-0.772205134,0.768673639,-1.10143303,0.67245898,0.617309286,-0.129038843,0.76417004,1.723158339,0.008385059,1.056057149,0.741185862,1.089991305,0.168002989,0.188026457,0.631880781,0.220830987,0.2415929,1.037013891,-0.245487778,1.210735804,1.141494757,1.541642719,1.568073945,1.337017817,0.459851292,-0.309561229,0.768128718,-1.089261387,0.147283157,-0.201298859,0.005823154,0.34761476,-0.978601025,-1.250146666,0.384942658,0.002255089,0.299985979,0.688770849,-1.074521825,0.026856138,1.558055019,1.31959167,1.529610163,1.195689824,-1.157816346,-0.224642742,0.055983961,-0.712079179,1.172098008,-1.162943896,1.225546704,0.099015107,0.083232477,0.314203937,1.205097492,0.765291609,0.609203668,0.436505488,1.417665935,0.361813072,0.930032757,-0.092817284,1.428347692,-0.075538328,0.390985832,1.172030993,0.900487555,1.351845763,-0.544141979,2.534639126,0.872387695,0.980540244,-0.581786241,-0.132983543,0.765802405,-0.413663962,2.213147742,1.919689459,1.891194461,1.224833374,1.043178809,0.603221374,1.126599957,0.722096283,0.511065163,1.337772228,0.776760197,0.884543333,1.207485478
hsa.mir.182.1,0.0,0.0,0.0,0.0,0.0,0.0,0.0,0.0,0.0,0.0,0.0,0.0,0.0,0.0,0.0,0.0,0.0,0.0,0.0,0.0,0.0,0.0,0.0,0.0,0.0,0.0,0.0,0.0,0.0,0.0,0.0,0.0,0.0,0.0,0.0,0.0,0.0,0.0,0.0,0.0,0.0,0.0,0.0,0.0,0.0,0.0,0.0,0.0,0.0,0.0,0.0,0.0,0.0,0.0,0.0,0.0,0.0,0.0,0.0,0.0,0.0,0.0,0.0,0.0,0.0,0.0,0.0,0.0,0.0,0.0,0.0,0.0,0.0,0.0,0.0,0.0,0.0,0.0,0.0,0.0,0.0,0.0,0.0,0.0,0.0,0.0,0.0,0.0,0.0,0.0,0.0,0.0,0.0,0.0,0.0,0.0,0.0,0.0,0.0,0.0,0.0,0.0,0.0,0.0,0.0,0.0,0.0,0.0,0.0,0.0,0.0,0.0,0.0,0.0,0.0,0.0,0.0,0.0,0.0,0.0,0.0,0.0,0.0,0.0,0.0,0.0,0.0,0.0,0.0,0.0,0.0,0.0,0.0,0.0,0.0,0.0,0.0,0.0,0.0,0.0,0.0,0.0,0.0,0.0,0.0,0.0,0.0,0.0,0.0,0.0,0.0,0.0,0.0,0.0,0.0,0.0,0.0,0.0,0.0,0.0,0.0,0.0,0.0,0.0,0.0,0.0,0.0,0.0,0.0,0.0,0.0,0.0,0.0,0.0,0.0,0.0,0.0,0.0,0.0,0.0,0.0,0.0,0.0,0.0,0.0,0.0,0.0,0.0,0.0,0.0,0.0,0.0,0.0,0.0,0.0,0.0,0.0,0.0,0.0,0.0,0.0,0.0,0.0,0.0,0.0,0.0,0.0,0.0,0.0,0.0,0.0,0.0,0.0,0.0,0.0,0.0,0.0,0.0,0.0,0.0,0.0,0.0,0.0,0.0,0.0,0.0,0.0,0.0,0.0,0.0,0.0,0.0,0.0,0.0,0.0,0.0,0.0,0.0,0.0,0.0,0.0,0.0,0.0,0.0,0.0,0.0,0.0,0.0,0.0,0.0,0.0,0.0,0.0,0.0,0.0,0.0,0.0,0.0,0.0,0.0,0.0,0.0,0.0,0.0,0.0,0.0,0.0,0.0,0.0,0.0,0.0,0.0,0.0,0.0,0.0,0.0,0.0,0.0,0.0,0.0,0.0,0.0,0.0,0.0
hsa.mir.3913.2,0.824524272,-0.501280881,0.84192131,0.97641642,1.230889459,1.015310624,-1.029962254,-0.023212688,-0.032135968,1.190722152,1.226512351,0.319321997,2.211457866,-0.257038121,0.354434498,0.2300548,0.486401405,-0.66856027,-0.436941267,1.329160876,-0.519235663,0.370298904,0.210184254,1.843992949,1.257012522,0.345866355,-0.86817705,0.609162754,-1.12591973,-0.960481373,-1.601311363,-1.381903021,0.886201534,1.109865061,1.206479518,0.053877282,-0.298510407,0.688338938,1.046447065,-0.565064374,-0.758119667,-0.055260496,1.039349259,-0.207198116,-0.475676034,-0.555631483,0.549468448,-1.133108753,-2.3579971,-0.507437429,0.084259426,-0.327007039,-1.659713712,-0.356919211,-1.102833863,-0.761210834,-0.640347414,0.532198258,0.044432475,-0.148524171,-1.51186352,1.09051392,-1.095667919,0.795019944,0.977700135,-0.247622447,2.787948812,0.394693126,0.290219223,0.235976896,-0.349672613,1.25241633,-1.017080861,0.824166863,0.412794968,2.042102767,0.469719834,-1.525138717,-0.136419628,0.647584594,0.487271943,0.244863636,1.230154106,0.454305925,0.324676353,0.027772436,0.401990437,0.581017355,2.217574597,-0.312501673,0.775081299,1.862047393,1.152116672,-0.094825896,0.096825522,-0.443136741,0.983747952,-0.825759409,-1.054673741,0.573989234,0.206795858,2.219428749,-1.489457252,0.763563154,0.988632265,0.801516178,-0.452888293,-0.127095584,-1.190029559,-0.598820061,-2.048910878,0.539558795,1.788937279,-0.155660874,1.250336613,-0.553697104,-0.642733191,-0.498939797,0.881802071,0.161648092,0.113349545,-0.113093676,-1.234785167,-0.781218087,3.216257675,-1.163658034,1.551302326,-0.525331845,0.739894864,0.905902731,-1.378161703,0.945303996,-0.821558702,-0.096503199,-0.21267374,-1.11852677,0.413722878,-0.227419467,0.453467361,-0.684393067,1.759106721,0.758583064,0.734548557,-0.41620503,0.815641114,-0.388768506,0.638235042,0.424367053,0.549948231,-0.381169534,0.290981092,-0.146706952,1.689474964,0.923891184,2.687184601,0.332689205,-0.740231312,-0.814373487,-0.571366602,0.781144551,-0.37668564,-1.520702207,-1.479646173,-0.119998081,-1.691849238,3.576597166,-0.281540702,-1.235053658,1.059444087,0.494608768,0.713949622,-0.846477912,-0.647387066,-1.21506103,0.846853694,-0.805346403,-1.070119183,-1.416945936,-0.747109985,-0.05466124,0.834855323,0.287634318,-1.931738057,0.350637833,0.308844976,0.529002084,-0.554608021,1.309276868,-0.244807905,0.099238757,-1.051222675,0.569907291,1.494814498,0.857243608,1.072040036,0.82555844,1.080245665,0.25434122,-1.136494898,0.102061852,-1.160281445,-1.107004521,-0.55472163,0.634452172,-0.892158033,-0.878771228,0.264045524,0.908706656,-0.015090319,0.454139573,-0.37268389,0.335915233,-0.939217167,-1.191149434,-0.498508634,1.663377412,0.862372124,0.119348031,1.131822832,-0.640201246,-0.718893259,0.164317054,0.361475189,-1.346131846,-0.06966092,-2.447844656,-0.74998264,0.246155761,-0.459268816,1.09538679,-1.072236275,-0.596406363,0.611514625,-0.579783323,2.040833228,-1.476534215,-0.968887177,0.968376836,0.409822981,-0.117898825,-1.317090615,0.402218292,-1.600821533,-0.320727367,1.180657687,-0.977540071,-0.534776584,2.39340441,-1.11078327,1.340294837,-0.047214908,1.382011847,-1.146925575,-0.322816857,-0.038058427,-0.349543595,0.446803735,-0.64045466,-0.10257755,0.176459095,-1.368205307,-0.40110457,-1.321181571,0.157685392,-0.581749129,-0.472300301,-0.082702227,-0.610354309,-0.143570171,-1.016905618,-0.008765538,-0.952802221,-0.579336767,-0.498540947,-1.173598131,-0.137463725,-0.125718374,0.271783585,0.846470396,0.545687524,-1.693945556,-1.811830847,-0.490602318,1.254818219
hsa.mir.187,-0.358168505,-0.319156747,-0.347778466,-0.882558707,1.442671487,0.228111334,-0.196436214,-0.432164928,-0.077982273,-0.839646031,0.614988623,-0.983290347,0.232003472,-1.174697091,-0.768326918,1.398018566,-0.47357589,-0.53151508,-0.05490166,0.550566968,0.021454736,0.337112442,-0.663559327,1.251135931,-0.603439156,0.725934118,-0.96219342,-0.422244067,-0.725551671,-0.464194484,-1.314538544,-0.249239423,-2.294614701,-0.9542501,-0.265696642,-0.681282848,0.938117262,0.965995955,0.723647072,1.111538431,1.321950994,-1.506349876,0.405750666,-0.206987376,0.102108847,0.120187136,-0.113291328,-1.205943197,-2.641136284,1.917454338,0.020263758,-1.165059617,-0.821318039,-0.663443188,0.023127573,-1.21064748,1.860118176,0.191841596,-0.911403847,0.640140761,1.261236997,-1.868900913,1.634881297,1.422938246,1.838104793,-0.375778994,0.493514685,-0.402036128,-0.088317137,-0.428371774,-4.318165478,-0.050546832,-0.70840284,-0.62972222,-0.178423148,0.762303352,-0.144278042,-1.50422528,1.3055668,-0.271593752,-0.787279495,-1.144389663,-0.975034317,-1.31997095,-1.826917015,0.33541425,0.462645428,-4.155984974,0.198205777,-1.343737835,-0.40034001,1.243006778,-1.554526851,-0.63683541,-0.150182839,-0.859978122,0.572151904,-1.953294471,-0.707718389,-0.205991271,0.229488647,-0.299318555,-0.089894359,-1.55499484,-0.289325989,-1.490816672,-2.044626794,-0.292662935,-0.104389456,0.799300323,0.401777828,-1.988287703,0.14731202,1.321547421,0.498595072,0.073617486,0.841749561,-0.761996307,-0.825493748,-2.050123917,0.776496046,0.829522186,1.377540875,0.272025899,1.153581777,1.842371299,1.84819751,0.200832622,0.391128281,0.473587568,0.445780652,0.063960462,-6.32e-05,-0.218508899,0.881500112,-0.960369286,0.967966443,0.603357889,0.654858749,-0.095815938,0.019056553,-0.007376,0.262739082,3.742355578,-0.056649647,-1.033336949,-0.115820392,0.054596437,0.915984017,-0.520971279,-0.662555839,-0.733496474,0.035011278,-1.410149835,0.816894023,0.953019294,0.466169075,-1.068618193,0.036224349,0.830636445,0.319980445,0.19385088,-0.7572698,0.525126367,-0.295313725,0.680308703,-1.834127422,-0.788802158,1.230326128,-0.024585691,-1.02961418,0.843989435,0.249013281,-0.149026138,0.208739651,-0.648194405,-0.082017204,0.930008774,1.54667388,0.663121845,0.047604997,0.930169756,1.352882028,1.481467956,0.09107937,-0.237117678,0.17649579,-0.249741153,-0.387082914,0.381681289,0.842184211,0.692026009,-0.422147146,-0.586845839,-0.113971313,1.122098865,0.802952972,1.902097162,0.344487248,-0.391843595,-0.379649181,-0.198530404,0.850120607,1.179300448,1.50227911,-0.424499183,0.61088996,0.721902541,0.790180351,1.054020456,0.439263328,0.616388885,1.155074723,1.996714143,-1.01701484,1.002981594,0.983092436,0.686731952,1.717355167,0.620954893,-1.373030976,0.343329675,-0.30521224,-1.617463054,-0.741350698,0.190886239,0.080738969,-0.265918902,-2.10882951,0.046170516,-0.171420196,-0.578635198,0.215633976,-2.057313362,0.838194794,-0.665128985,0.679215925,0.013699278,-0.104861372,-0.764981082,-0.164289475,0.430804521,-0.651884403,0.510161652,-0.226632947,-1.945689204,-0.385311572,0.21469805,0.476534866,-0.082045885,0.725410285,0.075560705,0.17185678,1.094092609,2.068915649,-0.248689677,-0.397804613,0.469363107,-0.054296098,0.967018856,-0.56627738,1.459315814,1.807101101,1.241589043,0.659329349,2.108187534,-0.144988746,-0.125414264,0.859885833,0.226495802,-0.44265053,-0.319275342,2.24847381,0.76277709,1.260234092,-0.137394553,1.382145819,0.692825597,1.108118312,0.921010268,-0.361401498,-0.158438391,0.317918684,1.575250239
hsa.mir.504,0.136377807,-0.996879169,0.520513336,-0.375029932,-0.191101636,-1.202582081,-0.248538533,0.8202837,1.309361607,1.707203603,-0.212856951,2.206006746,0.873581648,-0.294142832,1.001318157,0.505986331,-0.104049581,1.052937998,-0.518078043,-2.337360975,0.164087173,-0.616254466,0.116177961,0.648560575,-0.26515259,-0.519068324,-1.645718584,0.426009408,-0.827471134,-0.99115048,-2.020090754,0.709888902,0.322352667,1.190653213,-0.649430567,0.334849522,1.901803927,0.371251913,-1.661520298,0.817204594,-0.164555162,0.211022011,-0.823537834,-1.269524,-0.534555979,-0.797331606,-0.80670097,-2.566332654,0.95131519,0.901322587,-0.904627739,0.361881842,0.293734023,0.516974917,1.307340329,0.986760753,0.969842666,0.545634116,0.373840307,-0.580534459,0.528182542,-0.666818844,-0.713010714,0.053343218,0.401475456,-0.114770096,-0.718895871,-2.005361962,0.334079962,0.246475674,0.562091874,-0.21672939,-1.247421793,-0.321822998,-1.099199264,-0.682529617,-0.028062318,1.294978122,0.866254619,-0.470531138,-0.539580957,-1.395054169,1.285018372,0.845488808,0.443980995,-3.448125027,-0.156074842,0.581887372,0.251719097,1.248423823,-0.056709045,-0.468125757,-1.486849231,-1.471301558,-1.746911111,0.658453332,1.162173339,-0.979200709,-0.928495481,-0.219259516,0.233728523,0.706991704,0.801013268,-0.728975901,1.028775227,1.075026817,-0.611134298,-0.302428042,1.434230394,0.554568831,1.217352772,0.560422776,-1.215362882,0.005349575,0.153322854,-0.578428457,-0.258329719,-0.139264619,-0.804689718,1.01753364,1.672440652,-0.9603977,1.334692317,0.565261232,0.553991323,0.497928042,-0.284966787,0.604180915,-2.019968112,-0.343493761,0.850536839,0.182533819,2.557343807,-0.149115111,0.450272783,-1.248526157,-0.236644195,0.989813389,0.033414927,0.55017738,0.119283665,-1.557440175,-0.288804676,0.113692498,0.178700575,-0.986640129,0.297225383,-0.087549959,0.546925035,0.907054355,-0.03383224,-0.581558762,-0.573118149,-0.393543229,0.200771855,1.430649274,0.024363619,-0.57192484,-0.263416182,0.850641667,-1.47525939,-0.292137958,1.221854417,-0.715223532,-1.498193765,-1.39698604,-1.859969241,0.566942954,1.155643698,0.467940915,0.221296646,0.664833031,1.13602301,0.390725522,0.821917854,0.39520907,0.264878167,-1.538355966,0.095111706,-0.050861942,1.079453322,1.407205059,-0.039971127,-0.545645351,-0.030471439,0.550819556,-1.500028693,-0.091556342,-0.653170065,0.185944136,0.271973195,-0.499625681,0.364773941,-1.490086446,0.690288005,-0.013886703,-0.626276649,-0.01086951,1.523562907,-0.143965062,-0.104813537,-0.870909655,0.944949696,0.493304807,-1.046546081,-0.20643284,0.520247023,0.040328295,-0.388717704,1.048009081,-1.302227582,-0.289685506,-0.004255645,-0.42563762,1.137049284,1.418235705,0.719023116,-0.093916322,-0.340886332,-0.125503791,0.25487305,-0.072921531,-0.402937877,1.729967303,-0.140526611,-0.401535945,1.040756621,-1.707982622,0.079875193,0.884561731,-0.70821477,0.339964226,0.371880881,-0.537994668,0.133490695,0.22436838,1.091182265,-1.588725238,1.643949219,0.030228597,0.653564884,0.04908264,0.469651122,0.630942696,0.108383596,-0.988344839,0.311911523,-1.168451211,-0.878998619,-0.694877288,-0.858120803,-1.231261136,-1.458862118,0.440630504,1.237304459,-2.896409767,1.652992576,-0.467115823,1.577031022,0.647639726,-0.033530891,1.008945318,-1.199696328,0.773281525,1.26786436,0.726395161,-0.275916416,-0.460084661,0.395866228,0.711979788,0.224371223,1.629520393,-2.108739783,1.106821846,1.373494994,1.085201076,0.410490868,0.706279329,-0.960384647,0.091740708,1.279561327,-0.144407849,0.625715033,-0.477038391
hsa.mir.361,-0.831987635,0.419478334,-0.422515512,-0.959692216,0.385517616,-1.770844645,-0.21400193,-2.873111323,-0.120537387,0.997090924,0.864926872,-1.015965576,0.243456454,0.244216634,0.191941577,1.765037963,-1.405014232,1.92414059,-1.312322733,-3.294930068,1.144390175,-1.123072541,-0.289122531,0.766629372,0.735310693,-1.450692623,0.744227643,0.018680539,-0.64482533,-0.213790318,1.76950841,-2.067231739,-1.704396989,-0.877520739,-0.716643664,-0.65781966,0.00347275,-0.097530837,-1.717296787,0.519258305,-0.062979747,0.080754813,-0.871432666,0.241419583,-0.192973057,-0.750962564,1.373823583,-0.436381876,-0.639923277,-0.458068451,0.191776544,-0.546035663,0.452907539,1.900348859,0.609427384,-0.840243963,-0.319920284,-1.054599525,-0.552718425,0.765416115,-0.268411458,-1.656620895,-1.689804611,-0.640264091,1.090563276,0.50734468,0.180229793,1.655490328,1.30022009,0.22335377,-0.710374104,-0.9540212,0.401478214,1.119255615,-1.388166113,1.418445722,0.15859083,-0.870324017,1.230895407,0.939111073,-0.348075035,-0.524461335,-1.109658616,-1.037403791,-0.588795,0.515482658,-0.318290291,-1.677211883,1.378410325,0.289779363,-1.424244014,-1.482793155,-0.344778795,-0.139198083,-0.425210842,-0.145921632,0.820959207,0.855214972,3.976913453,2.50606561,-0.385860382,-0.547585267,0.151547625,-1.792144803,0.528766002,0.41828512,0.343245642,-0.273948324,0.036209664,0.472937171,0.290360562,0.8254038,0.13227727,-0.48537512,0.497435431,0.515367322,0.830751917,-1.37418622,0.005555054,-0.415782321,0.591164429,1.456703349,-3.084230563,-0.274346584,0.246748246,-0.077059841,0.558827485,-1.359997027,-0.577213253,-0.71663299,-0.083313845,-0.243647456,-0.597614355,0.589757854,0.054816701,0.130098667,-0.237806344,-0.455153757,1.53452731,-1.785191751,-1.690720665,0.305993691,-1.163918435,-1.175164111,-1.563431865,1.038723447,-0.302489328,1.006192207,1.426489735,-0.11641871,-1.598802903,-0.697297562,0.356408627,-0.672934458,0.158984145,-0.182855965,0.141577045,1.241348057,-0.777049537,-1.737782328,-0.522557342,-0.744404653,-0.042715915,-0.193615451,-0.193278971,-0.712827766,-0.091185121,-1.37116861,-1.211420802,0.875724518,1.941725014,0.803308239,0.945785462,0.353252892,-0.53082146,-0.200650255,0.516929778,-1.120418137,1.855922487,-0.61673369,0.205761501,0.08298117,-0.957634058,0.485583024,-0.122231905,0.677414606,-0.75504807,0.358732516,-0.923247062,-0.279134702,0.93770547,-0.038263969,0.437460684,-0.950442424,-0.460368434,-0.003511391,0.151656812,-0.138887118,0.945354577,1.574280789,-0.941994909,-0.490529756,0.427933633,1.064397357,0.470557732,0.243951848,-2.61175785,1.319663324,-0.592648168,0.028543605,-0.312922927,-0.952842518,-1.294853341,0.612529485,0.00678862,0.042045359,0.007074801,-0.600755753,0.018777555,0.359746979,0.055671079,-0.212577756,-1.897538131,0.795738776,0.334364607,-1.408850459,0.353170964,-1.252488653,1.789115296,-0.305141732,-0.438544958,1.05005552,1.888951946,-1.435359056,-0.209244029,-0.470768859,0.541076389,-0.724053365,1.499473817,1.016245685,-0.028798218,-0.297199471,-0.664447642,0.205507557,2.791804746,1.626173281,-0.224619305,-1.324998774,0.699912524,-0.827943697,-0.375434355,1.259994768,0.397824401,-0.80357853,-0.010885278,-1.211524514,1.58745622,-1.824363732,-0.400973236,0.546386489,0.993694435,-0.405107959,0.228528395,0.903339847,1.019687221,0.170232512,-1.257154192,-1.012239621,-0.217126842,-0.40635066,0.3484756,-0.903563207,0.594856502,-1.57641262,0.99695144,0.261781302,-0.716034618,-1.497514806,-2.475771611,-0.617117555,0.540538396,1.020582646,-0.491094235,0.203875829
hsa.mir.6511b.2,0.0,0.0,0.0,0.0,0.0,0.0,0.0,0.0,0.0,0.0,0.0,0.0,0.0,0.0,0.0,0.0,0.0,0.0,0.0,0.0,0.0,0.0,0.0,0.0,0.0,0.0,0.0,0.0,0.0,0.0,0.0,0.0,0.0,0.0,0.0,0.0,0.0,0.0,0.0,0.0,0.0,0.0,0.0,0.0,0.0,0.0,0.0,0.0,0.0,0.0,0.0,0.0,0.0,0.0,0.0,0.0,0.0,0.0,0.0,0.0,0.0,0.0,0.0,0.0,0.0,0.0,0.0,0.0,0.0,0.0,0.0,0.0,0.0,0.0,0.0,0.0,0.0,0.0,0.0,0.0,0.0,0.0,0.0,0.0,0.0,0.0,0.0,0.0,0.0,0.0,0.0,0.0,0.0,0.0,0.0,0.0,0.0,0.0,0.0,0.0,0.0,0.0,0.0,0.0,0.0,0.0,0.0,0.0,0.0,0.0,0.0,0.0,0.0,0.0,0.0,0.0,0.0,0.0,0.0,0.0,0.0,0.0,0.0,0.0,0.0,0.0,0.0,0.0,0.0,0.0,0.0,0.0,0.0,0.0,0.0,0.0,0.0,0.0,0.0,0.0,0.0,0.0,0.0,0.0,0.0,0.0,0.0,0.0,0.0,0.0,0.0,0.0,0.0,0.0,0.0,0.0,0.0,0.0,0.0,0.0,0.0,0.0,0.0,0.0,0.0,0.0,0.0,0.0,0.0,0.0,0.0,0.0,0.0,0.0,0.0,0.0,0.0,0.0,0.0,0.0,0.0,0.0,0.0,0.0,0.0,0.0,0.0,0.0,0.0,0.0,0.0,0.0,0.0,0.0,0.0,0.0,0.0,0.0,0.0,0.0,0.0,0.0,0.0,0.0,0.0,0.0,0.0,0.0,0.0,0.0,0.0,0.0,0.0,0.0,0.0,0.0,0.0,0.0,0.0,0.0,0.0,0.0,0.0,0.0,0.0,0.0,0.0,0.0,0.0,0.0,0.0,0.0,0.0,0.0,0.0,0.0,0.0,0.0,0.0,0.0,0.0,0.0,0.0,0.0,0.0,0.0,0.0,0.0,0.0,0.0,0.0,0.0,0.0,0.0,0.0,0.0,0.0,0.0,0.0,0.0,0.0,0.0,0.0,0.0,0.0,0.0,0.0,0.0,0.0,0.0,0.0,0.0,0.0,0.0,0.0,0.0,0.0,0.0,0.0,0.0,0.0,0.0,0.0,0.0
hsa.mir.276,0.0,0.0,0.0,0.0,0.0,0.0,0.0,0.0,0.0,0.0,0.0,0.0,0.0,0.0,0.0,0.0,0.0,0.0,0.0,0.0,0.0,0.0,0.0,0.0,0.0,0.0,0.0,0.0,0.0,0.0,0.0,0.0,0.0,0.0,0.0,0.0,0.0,0.0,0.0,0.0,0.0,0.0,0.0,0.0,0.0,0.0,0.0,0.0,0.0,0.0,0.0,0.0,0.0,0.0,0.0,0.0,0.0,0.0,0.0,0.0,0.0,0.0,0.0,0.0,0.0,0.0,0.0,0.0,0.0,0.0,0.0,0.0,0.0,0.0,0.0,0.0,0.0,0.0,0.0,0.0,0.0,0.0,0.0,0.0,0.0,0.0,0.0,0.0,0.0,0.0,0.0,0.0,0.0,0.0,0.0,0.0,0.0,0.0,0.0,0.0,0.0,0.0,0.0,0.0,0.0,0.0,0.0,0.0,0.0,0.0,0.0,0.0,0.0,0.0,0.0,0.0,0.0,0.0,0.0,0.0,0.0,0.0,0.0,0.0,0.0,0.0,0.0,0.0,0.0,0.0,0.0,0.0,0.0,0.0,0.0,0.0,0.0,0.0,0.0,0.0,0.0,0.0,0.0,0.0,0.0,0.0,0.0,0.0,0.0,0.0,0.0,0.0,0.0,0.0,0.0,0.0,0.0,0.0,0.0,0.0,0.0,0.0,0.0,0.0,0.0,0.0,0.0,0.0,0.0,0.0,0.0,0.0,0.0,0.0,0.0,0.0,0.0,0.0,0.0,0.0,0.0,0.0,0.0,0.0,0.0,0.0,0.0,0.0,0.0,0.0,0.0,0.0,0.0,0.0,0.0,0.0,0.0,0.0,0.0,0.0,0.0,0.0,0.0,0.0,0.0,0.0,0.0,0.0,0.0,0.0,0.0,0.0,0.0,0.0,0.0,0.0,0.0,0.0,0.0,0.0,0.0,0.0,0.0,0.0,0.0,0.0,0.0,0.0,0.0,0.0,0.0,0.0,0.0,0.0,0.0,0.0,0.0,0.0,0.0,0.0,0.0,0.0,0.0,0.0,0.0,0.0,0.0,0.0,0.0,0.0,0.0,0.0,0.0,0.0,0.0,0.0,0.0,0.0,0.0,0.0,0.0,0.0,0.0,0.0,0.0,0.0,0.0,0.0,0.0,0.0,0.0,0.0,0.0,0.0,0.0,0.0,0.0,0.0,0.0,0.0,0.0,0.0,0.0,0.0
hsa.mir.109b,0.0,0.0,0.0,0.0,0.0,0.0,0.0,0.0,0.0,0.0,0.0,0.0,0.0,0.0,0.0,0.0,0.0,0.0,0.0,0.0,0.0,0.0,0.0,0.0,0.0,0.0,0.0,0.0,0.0,0.0,0.0,0.0,0.0,0.0,0.0,0.0,0.0,0.0,0.0,0.0,0.0,0.0,0.0,0.0,0.0,0.0,0.0,0.0,0.0,0.0,0.0,0.0,0.0,0.0,0.0,0.0,0.0,0.0,0.0,0.0,0.0,0.0,0.0,0.0,0.0,0.0,0.0,0.0,0.0,0.0,0.0,0.0,0.0,0.0,0.0,0.0,0.0,0.0,0.0,0.0,0.0,0.0,0.0,0.0,0.0,0.0,0.0,0.0,0.0,0.0,0.0,0.0,0.0,0.0,0.0,0.0,0.0,0.0,0.0,0.0,0.0,0.0,0.0,0.0,0.0,0.0,0.0,0.0,0.0,0.0,0.0,0.0,0.0,0.0,0.0,0.0,0.0,0.0,0.0,0.0,0.0,0.0,0.0,0.0,0.0,0.0,0.0,0.0,0.0,0.0,0.0,0.0,0.0,0.0,0.0,0.0,0.0,0.0,0.0,0.0,0.0,0.0,0.0,0.0,0.0,0.0,0.0,0.0,0.0,0.0,0.0,0.0,0.0,0.0,0.0,0.0,0.0,0.0,0.0,0.0,0.0,0.0,0.0,0.0,0.0,0.0,0.0,0.0,0.0,0.0,0.0,0.0,0.0,0.0,0.0,0.0,0.0,0.0,0.0,0.0,0.0,0.0,0.0,0.0,0.0,0.0,0.0,0.0,0.0,0.0,0.0,0.0,0.0,0.0,0.0,0.0,0.0,0.0,0.0,0.0,0.0,0.0,0.0,0.0,0.0,0.0,0.0,0.0,0.0,0.0,0.0,0.0,0.0,0.0,0.0,0.0,0.0,0.0,0.0,0.0,0.0,0.0,0.0,0.0,0.0,0.0,0.0,0.0,0.0,0.0,0.0,0.0,0.0,0.0,0.0,0.0,0.0,0.0,0.0,0.0,0.0,0.0,0.0,0.0,0.0,0.0,0.0,0.0,0.0,0.0,0.0,0.0,0.0,0.0,0.0,0.0,0.0,0.0,0.0,0.0,0.0,0.0,0.0,0.0,0.0,0.0,0.0,0.0,0.0,0.0,0.0,0.0,0.0,0.0,0.0,0.0,0.0,0.0,0.0,0.0,0.0,0.0,0.0,0.0
hsa.mir.163b,0.0,0.0,0.0,0.0,0.0,0.0,0.0,0.0,0.0,0.0,0.0,0.0,0.0,0.0,0.0,0.0,0.0,0.0,0.0,0.0,0.0,0.0,0.0,0.0,0.0,0.0,0.0,0.0,0.0,0.0,0.0,0.0,0.0,0.0,0.0,0.0,0.0,0.0,0.0,0.0,0.0,0.0,0.0,0.0,0.0,0.0,0.0,0.0,0.0,0.0,0.0,0.0,0.0,0.0,0.0,0.0,0.0,0.0,0.0,0.0,0.0,0.0,0.0,0.0,0.0,0.0,0.0,0.0,0.0,0.0,0.0,0.0,0.0,0.0,0.0,0.0,0.0,0.0,0.0,0.0,0.0,0.0,0.0,0.0,0.0,0.0,0.0,0.0,0.0,0.0,0.0,0.0,0.0,0.0,0.0,0.0,0.0,0.0,0.0,0.0,0.0,0.0,0.0,0.0,0.0,0.0,0.0,0.0,0.0,0.0,0.0,0.0,0.0,0.0,0.0,0.0,0.0,0.0,0.0,0.0,0.0,0.0,0.0,0.0,0.0,0.0,0.0,0.0,0.0,0.0,0.0,0.0,0.0,0.0,0.0,0.0,0.0,0.0,0.0,0.0,0.0,0.0,0.0,0.0,0.0,0.0,0.0,0.0,0.0,0.0,0.0,0.0,0.0,0.0,0.0,0.0,0.0,0.0,0.0,0.0,0.0,0.0,0.0,0.0,0.0,0.0,0.0,0.0,0.0,0.0,0.0,0.0,0.0,0.0,0.0,0.0,0.0,0.0,0.0,0.0,0.0,0.0,0.0,0.0,0.0,0.0,0.0,0.0,0.0,0.0,0.0,0.0,0.0,0.0,0.0,0.0,0.0,0.0,0.0,0.0,0.0,0.0,0.0,0.0,0.0,0.0,0.0,0.0,0.0,0.0,0.0,0.0,0.0,0.0,0.0,0.0,0.0,0.0,0.0,0.0,0.0,0.0,0.0,0.0,0.0,0.0,0.0,0.0,0.0,0.0,0.0,0.0,0.0,0.0,0.0,0.0,0.0,0.0,0.0,0.0,0.0,0.0,0.0,0.0,0.0,0.0,0.0,0.0,0.0,0.0,0.0,0.0,0.0,0.0,0.0,0.0,0.0,0.0,0.0,0.0,0.0,0.0,0.0,0.0,0.0,0.0,0.0,0.0,0.0,0.0,0.0,0.0,0.0,0.0,0.0,0.0,0.0,0.0,0.0,0.0,0.0,0.0,0.0,0.0
hsa.mir.151b,0.231038355,0.604659691,-0.707821814,-0.290973394,-0.540793167,-0.253176242,-0.512243367,-2.103103968,-1.413704231,-0.035107733,0.179606132,-0.552125308,-0.611823262,-0.617618371,0.208928178,2.194102885,-0.413037664,0.149187057,1.031025749,0.337953445,1.086046142,3.686703954,1.254232093,-0.573269426,-1.74679237,-0.433731915,-1.704780311,-1.432406366,-0.427958763,-1.836456351,-1.418267762,0.03394284,-1.0471999,-0.606465602,0.429971837,-0.349196021,0.716331817,-0.192935691,-0.336789781,-0.382989912,0.495557447,-1.172876626,0.117913297,-0.018406691,-1.14770374,1.335849086,0.084881189,0.620030393,-1.898466371,0.39298161,-0.138903443,-2.208845603,0.126487766,-1.718953722,-0.01075107,-1.669751831,0.274570699,-0.281072834,-0.722344938,-0.108713222,-0.243501228,-0.065533979,1.075675721,0.428702911,0.272077693,1.165256507,0.676159121,-0.600141025,-0.504731481,-0.341016921,-2.406750857,-0.593907283,0.180070452,-0.747417687,-0.034546813,0.302837333,-0.092269959,-2.080405132,-0.901707562,-0.600965986,-0.878869436,-1.381520197,-0.606211591,0.22707669,-1.034659715,-0.295729363,-0.351885616,-2.124807958,-0.020504404,0.136757373,0.096532731,0.097626627,-0.091656245,-0.482904239,-0.723348311,-1.798368643,0.781162299,-1.678448382,-0.912386835,-1.022340025,0.590758303,-0.331839306,0.578032518,-1.247600539,-0.407852231,-0.382026336,-0.794292981,-0.423901837,1.321440097,0.515659545,-0.020221669,-0.24656246,1.093752127,1.290355145,0.306611007,0.538165791,0.691945805,0.495435193,0.642911848,-0.066739579,0.57083023,0.654612504,1.126522038,0.283700411,1.652191454,0.572122011,0.974836617,1.014675114,1.08193516,1.318474045,1.144390552,1.298897654,0.972378558,0.852113838,0.723082771,1.169689434,1.49719182,-0.078536498,0.114613668,-0.140330676,0.608762461,0.155629543,-0.441248574,-1.142307227,-0.079179425,-0.988285467,0.075357229,0.043954561,0.601635494,0.807794687,-0.183324195,-0.230757161,0.227386832,0.689142466,0.373902897,0.789484702,-0.04831321,0.292476342,0.865304416,-1.405064675,-0.169883385,-0.795069234,0.223101027,0.027325578,0.538885041,1.305942234,-0.738610963,0.313264898,0.769328972,1.003192801,0.100967178,0.36874147,0.193579668,-0.084096453,0.858772171,1.491298716,0.148271619,0.099589732,-0.155520563,0.279008475,0.156171359,0.886308701,0.864709924,-0.328590278,-0.607670164,0.760820066,0.549675669,0.640164195,-0.690280891,0.380071896,0.667162888,1.282413543,0.089719557,1.445783666,0.634977221,2.82e-05,0.534103907,0.395101315,0.56537578,0.289174651,0.474642667,0.920037321,0.450214743,0.577336048,0.719067089,0.956209527,0.078177477,-0.143314528,0.580730193,1.303460995,0.90992824,0.49883461,1.265740993,1.277296206,0.930162059,1.224721723,0.360334842,0.834494602,1.492684611,-0.330738904,-1.044142314,0.332029299,-1.049616715,-0.751155683,-0.123243784,-0.620137295,0.457596141,-0.954453683,-0.946026673,0.691414463,0.238241604,-0.843265871,-0.235735035,-1.045751411,1.020719687,0.784200097,0.588854817,0.975099088,0.343689102,1.34632831,0.344553046,1.014514486,0.436846549,0.206824211,3.176353606,0.157766861,0.23864682,0.573514724,-0.162823957,0.805821463,0.300915647,0.234776066,0.257517286,0.675676294,0.948082698,-0.209442627,0.491643863,-0.632507716,1.040662724,0.881178968,0.942067591,1.218824489,1.039023829,0.68751785,0.281047306,1.56435149,1.519012089,0.561729707,0.833740273,1.129373632,1.040313805,-0.43624812,1.182264276,1.582094805,1.244727865,1.300576018,0.090727166,0.556140052,1.657734639,0.861088451,0.018143156,0.847924792,1.885924159,0.900898013
hsa.mir.151b.1,0.0,0.0,0.0,0.0,0.0,0.0,0.0,0.0,0.0,0.0,0.0,0.0,0.0,0.0,0.0,0.0,0.0,0.0,0.0,0.0,0.0,0.0,0.0,0.0,0.0,0.0,0.0,0.0,0.0,0.0,0.0,0.0,0.0,0.0,0.0,0.0,0.0,0.0,0.0,0.0,0.0,0.0,0.0,0.0,0.0,0.0,0.0,0.0,0.0,0.0,0.0,0.0,0.0,0.0,0.0,0.0,0.0,0.0,0.0,0.0,0.0,0.0,0.0,0.0,0.0,0.0,0.0,0.0,0.0,0.0,0.0,0.0,0.0,0.0,0.0,0.0,0.0,0.0,0.0,0.0,0.0,0.0,0.0,0.0,0.0,0.0,0.0,0.0,0.0,0.0,0.0,0.0,0.0,0.0,0.0,0.0,0.0,0.0,0.0,0.0,0.0,0.0,0.0,0.0,0.0,0.0,0.0,0.0,0.0,0.0,0.0,0.0,0.0,0.0,0.0,0.0,0.0,0.0,0.0,0.0,0.0,0.0,0.0,0.0,0.0,0.0,0.0,0.0,0.0,0.0,0.0,0.0,0.0,0.0,0.0,0.0,0.0,0.0,0.0,0.0,0.0,0.0,0.0,0.0,0.0,0.0,0.0,0.0,0.0,0.0,0.0,0.0,0.0,0.0,0.0,0.0,0.0,0.0,0.0,0.0,0.0,0.0,0.0,0.0,0.0,0.0,0.0,0.0,0.0,0.0,0.0,0.0,0.0,0.0,0.0,0.0,0.0,0.0,0.0,0.0,0.0,0.0,0.0,0.0,0.0,0.0,0.0,0.0,0.0,0.0,0.0,0.0,0.0,0.0,0.0,0.0,0.0,0.0,0.0,0.0,0.0,0.0,0.0,0.0,0.0,0.0,0.0,0.0,0.0,0.0,0.0,0.0,0.0,0.0,0.0,0.0,0.0,0.0,0.0,0.0,0.0,0.0,0.0,0.0,0.0,0.0,0.0,0.0,0.0,0.0,0.0,0.0,0.0,0.0,0.0,0.0,0.0,0.0,0.0,0.0,0.0,0.0,0.0,0.0,0.0,0.0,0.0,0.0,0.0,0.0,0.0,0.0,0.0,0.0,0.0,0.0,0.0,0.0,0.0,0.0,0.0,0.0,0.0,0.0,0.0,0.0,0.0,0.0,0.0,0.0,0.0,0.0,0.0,0.0,0.0,0.0,0.0,0.0,0.0,0.0,0.0,0.0,0.0,0.0
hsa.mir.158b,0.0,0.0,0.0,0.0,0.0,0.0,0.0,0.0,0.0,0.0,0.0,0.0,0.0,0.0,0.0,0.0,0.0,0.0,0.0,0.0,0.0,0.0,0.0,0.0,0.0,0.0,0.0,0.0,0.0,0.0,0.0,0.0,0.0,0.0,0.0,0.0,0.0,0.0,0.0,0.0,0.0,0.0,0.0,0.0,0.0,0.0,0.0,0.0,0.0,0.0,0.0,0.0,0.0,0.0,0.0,0.0,0.0,0.0,0.0,0.0,0.0,0.0,0.0,0.0,0.0,0.0,0.0,0.0,0.0,0.0,0.0,0.0,0.0,0.0,0.0,0.0,0.0,0.0,0.0,0.0,0.0,0.0,0.0,0.0,0.0,0.0,0.0,0.0,0.0,0.0,0.0,0.0,0.0,0.0,0.0,0.0,0.0,0.0,0.0,0.0,0.0,0.0,0.0,0.0,0.0,0.0,0.0,0.0,0.0,0.0,0.0,0.0,0.0,0.0,0.0,0.0,0.0,0.0,0.0,0.0,0.0,0.0,0.0,0.0,0.0,0.0,0.0,0.0,0.0,0.0,0.0,0.0,0.0,0.0,0.0,0.0,0.0,0.0,0.0,0.0,0.0,0.0,0.0,0.0,0.0,0.0,0.0,0.0,0.0,0.0,0.0,0.0,0.0,0.0,0.0,0.0,0.0,0.0,0.0,0.0,0.0,0.0,0.0,0.0,0.0,0.0,0.0,0.0,0.0,0.0,0.0,0.0,0.0,0.0,0.0,0.0,0.0,0.0,0.0,0.0,0.0,0.0,0.0,0.0,0.0,0.0,0.0,0.0,0.0,0.0,0.0,0.0,0.0,0.0,0.0,0.0,0.0,0.0,0.0,0.0,0.0,0.0,0.0,0.0,0.0,0.0,0.0,0.0,0.0,0.0,0.0,0.0,0.0,0.0,0.0,0.0,0.0,0.0,0.0,0.0,0.0,0.0,0.0,0.0,0.0,0.0,0.0,0.0,0.0,0.0,0.0,0.0,0.0,0.0,0.0,0.0,0.0,0.0,0.0,0.0,0.0,0.0,0.0,0.0,0.0,0.0,0.0,0.0,0.0,0.0,0.0,0.0,0.0,0.0,0.0,0.0,0.0,0.0,0.0,0.0,0.0,0.0,0.0,0.0,0.0,0.0,0.0,0.0,0.0,0.0,0.0,0.0,0.0,0.0,0.0,0.0,0.0,0.0,0.0,0.0,0.0,0.0,0.0,0.0
hsa.mir.92b,0.0,0.0,0.0,0.0,0.0,0.0,0.0,0.0,0.0,0.0,0.0,0.0,0.0,0.0,0.0,0.0,0.0,0.0,0.0,0.0,0.0,0.0,0.0,0.0,0.0,0.0,0.0,0.0,0.0,0.0,0.0,0.0,0.0,0.0,0.0,0.0,0.0,0.0,0.0,0.0,0.0,0.0,0.0,0.0,0.0,0.0,0.0,0.0,0.0,0.0,0.0,0.0,0.0,0.0,0.0,0.0,0.0,0.0,0.0,0.0,0.0,0.0,0.0,0.0,0.0,0.0,0.0,0.0,0.0,0.0,0.0,0.0,0.0,0.0,0.0,0.0,0.0,0.0,0.0,0.0,0.0,0.0,0.0,0.0,0.0,0.0,0.0,0.0,0.0,0.0,0.0,0.0,0.0,0.0,0.0,0.0,0.0,0.0,0.0,0.0,0.0,0.0,0.0,0.0,0.0,0.0,0.0,0.0,0.0,0.0,0.0,0.0,0.0,0.0,0.0,0.0,0.0,0.0,0.0,0.0,0.0,0.0,0.0,0.0,0.0,0.0,0.0,0.0,0.0,0.0,0.0,0.0,0.0,0.0,0.0,0.0,0.0,0.0,0.0,0.0,0.0,0.0,0.0,0.0,0.0,0.0,0.0,0.0,0.0,0.0,0.0,0.0,0.0,0.0,0.0,0.0,0.0,0.0,0.0,0.0,0.0,0.0,0.0,0.0,0.0,0.0,0.0,0.0,0.0,0.0,0.0,0.0,0.0,0.0,0.0,0.0,0.0,0.0,0.0,0.0,0.0,0.0,0.0,0.0,0.0,0.0,0.0,0.0,0.0,0.0,0.0,0.0,0.0,0.0,0.0,0.0,0.0,0.0,0.0,0.0,0.0,0.0,0.0,0.0,0.0,0.0,0.0,0.0,0.0,0.0,0.0,0.0,0.0,0.0,0.0,0.0,0.0,0.0,0.0,0.0,0.0,0.0,0.0,0.0,0.0,0.0,0.0,0.0,0.0,0.0,0.0,0.0,0.0,0.0,0.0,0.0,0.0,0.0,0.0,0.0,0.0,0.0,0.0,0.0,0.0,0.0,0.0,0.0,0.0,0.0,0.0,0.0,0.0,0.0,0.0,0.0,0.0,0.0,0.0,0.0,0.0,0.0,0.0,0.0,0.0,0.0,0.0,0.0,0.0,0.0,0.0,0.0,0.0,0.0,0.0,0.0,0.0,0.0,0.0,0.0,0.0,0.0,0.0,0.0
hsa.mir.20a,-0.446862217,0.119293803,-1.136074838,-1.474225982,-1.415884145,-0.869145049,-0.837527157,-0.619064794,-0.751288031,0.386435952,-1.409639074,-0.928680655,-0.700036245,0.056028566,-0.646174686,-2.362871098,-1.074291521,-1.750084533,-0.533038818,0.808057812,0.339988937,-0.174271268,0.169016623,-1.69366629,-1.812418413,-0.415146992,-0.224623584,1.241815523,0.298674044,0.243305115,-1.517689058,-0.073877039,-0.397553826,-0.429844518,0.123227543,-0.50137431,0.57797032,0.391074038,-1.559535899,-0.157315697,1.158019062,-1.402566933,0.345689459,-0.218240514,-0.457893607,0.327909791,-0.628205844,-0.554265408,-0.682240177,0.378628362,0.113561209,-0.041910935,0.046627741,0.635605796,1.160627734,0.632420326,0.248495011,0.417502141,0.194151706,-0.986634748,-1.142496925,0.396462907,0.626908711,0.466343107,0.154441364,0.935139267,-0.024032925,-0.67266765,0.173678861,0.3796497,0.017442797,-0.887088732,-0.484617127,-0.460938284,-0.367505222,-0.023833526,0.16068139,-0.198287087,-1.064294835,0.325665863,-0.092664503,-1.356940004,0.287744796,-1.010031665,-1.695828193,-2.981407686,-2.356633507,1.007994043,1.342965823,0.379226687,0.636515351,2.033422571,-0.371220518,-0.743950589,-0.579967793,-0.718174921,0.586639163,-0.907858663,-0.547761224,-0.749061855,0.351031675,0.655510317,-0.557078329,-0.945722472,-1.286359893,0.105633659,-0.219236224,-0.859679107,1.09049032,0.087944107,0.392752353,0.533474578,0.329065553,1.13690009,-1.240648065,0.974681026,0.529108019,1.207602523,-1.770787324,0.229003448,1.176751208,-0.23046531,0.716724163,-0.221836579,0.917820578,-0.174084366,0.595926818,1.365536584,-0.85968055,1.135849032,0.741527265,1.339384437,1.130180849,0.111686258,0.988150991,-0.065078366,0.678809272,0.345282219,1.524305684,-0.406708956,0.562002836,-0.982021748,-0.680583986,2.960936549,0.112463625,0.573586119,-0.63220723,0.959600112,0.49486862,1.123987633,0.544995336,0.300752896,0.770130608,1.051051318,1.039980585,1.174528594,1.107361467,0.037484327,-0.055561883,-1.289832903,-0.377868261,-0.213747316,1.036145175,-1.293527993,-1.317812646,0.893464474,-0.421821971,0.520852993,0.925523737,0.862095238,-1.233454085,1.414944137,1.287933288,0.435715819,1.256599103,1.931645143,0.581408807,-0.389318469,1.007294534,-0.346009464,-0.753193788,1.307767004,0.970337488,-0.975835294,-2.718789911,0.428995169,-1.164941673,-0.830485591,-1.042028562,0.486114148,0.953216986,0.899844307,-1.21757529,-1.079694752,0.790262792,-0.631447142,0.581553321,0.161582081,-0.04194699,-0.807485902,0.493836176,-0.480032504,-0.28035191,1.278820576,-0.514306455,0.979512402,-0.129402799,-0.316752878,0.095740462,1.32145624,-1.142049414,1.247308935,0.969759191,1.423543808,1.3300264,1.220755055,-0.297806177,0.987621985,0.895410778,1.004320481,-0.002688805,0.508934895,-0.754974453,-0.138564741,0.624554228,-1.082296121,0.879575272,-0.203034658,-1.525703587,1.029884424,0.029638364,-0.511198635,-0.787125875,0.392957698,0.796803134,0.995295383,0.16115697,-0.319293973,-0.438942275,0.467172244,0.972935081,1.263485234,1.34959216,0.129820433,1.926153892,0.808654892,0.596761081,0.629254897,0.556158576,0.523479278,0.979837907,-1.638123069,-0.340475908,0.375742673,-0.575496053,-0.575013126,-3.005038335,-2.167756443,0.413689308,-0.037735207,0.968974215,1.423560068,-0.56892036,1.284398831,-0.692596485,1.495982924,1.460291767,0.697728104,1.337509013,0.525376569,0.626303455,0.352047516,-1.037850541,0.662566234,1.181750256,1.597468612,0.011009946,1.631134389,3.92932279,0.298630952,0.171587925,0.579214791,0.93597384,1.182018084
hsa.mir.192,0.235889673,-0.275392894,0.429723824,0.00987832,0.824029651,-0.644321673,0.675528425,1.807468097,2.272994441,0.692796854,-0.972606559,-0.235731899,-0.310937643,-0.516020526,-0.95054752,-0.334797165,0.190001656,-1.450332622,-0.321338462,-0.838040214,-1.362589442,-1.144705688,-0.630602813,0.101663742,1.357840393,-0.401350365,1.875482704,1.797081267,0.494890415,3.341775083,1.710702557,-0.332319556,2.092940359,0.065051914,0.786309797,0.272690132,0.171037892,0.158803504,0.063605196,-0.432595531,-0.163665788,0.883823512,0.67190215,0.299145503,0.060315796,-1.442728642,0.268683783,1.113608788,0.578970609,-1.032438054,0.454932158,2.304197775,0.025129569,1.90907176,-1.261312129,1.902314974,-1.138636093,0.302079593,1.177430749,-0.091122967,0.35965205,-0.0380069,-1.207253538,-0.226583623,-1.026348647,-0.687774371,1.086649179,0.283725725,0.391107101,-0.156759122,0.035357527,0.638313556,-0.299951578,0.680319955,0.018909179,1.130193977,0.252276339,1.64670312,-0.022272564,0.197501572,0.095697498,0.960612305,0.050388884,-0.254505538,1.533150161,0.106685492,0.15174388,1.694065831,1.461065086,0.027098092,0.643339397,0.01004781,-0.072845132,0.21816234,1.385208155,0.036515531,-0.039645872,1.783908746,-0.400138404,0.12869357,-0.819750212,-0.353928344,-0.44185456,0.805474093,-0.11126572,-0.226339563,-0.12377149,-1.159266313,-0.808638026,-1.269868905,-0.666654351,-0.354942954,-0.247256433,-0.944961648,-0.987178478,-0.803843706,-1.437542658,-1.362484913,-1.010781379,-0.82052222,-0.957841766,-0.331293033,-0.708161787,-0.964570395,-0.592211185,-1.480425172,-0.76058844,-1.127839036,-0.344413675,-0.920402812,-1.378542285,-1.289363898,-0.940804599,-0.827744054,-1.665028168,-1.798014834,-0.98696216,-1.362970003,0.276124981,0.662798376,-0.113385932,0.318244786,-0.068437969,0.148443899,-0.273681504,-0.063488048,1.351217547,-0.058335386,0.001443112,0.259150633,-0.139608601,-0.186487457,0.968136615,0.623083831,0.417301987,-0.703319659,-0.248751291,-0.012029419,-0.09655649,0.029440628,-0.33695393,1.047524716,0.785015885,0.061951133,-0.357274434,-0.213304464,0.037491712,-0.282041197,0.171493958,0.152387145,0.148033714,-0.295298596,-0.831766155,-0.746840725,-0.082586771,-0.462980424,0.060294997,1.732994208,1.105720663,-0.598061825,-1.135100813,-0.799834406,-0.592270395,-0.539942212,-1.230941338,-0.832128048,-0.864974925,-0.323542792,-1.278388059,-1.199467163,-0.46575825,-0.143516441,-0.790914904,-1.027580728,-1.354199895,-0.707669482,0.0284179,0.471297412,-1.289669767,-0.665929949,-0.266050713,-0.902391648,-0.672572671,0.832839742,-0.443920813,0.293351075,-0.30398601,-0.423829194,-0.47183353,-0.163091668,-0.627307948,-0.881904172,-0.999732408,-0.025199849,-0.357341673,-0.80205022,-0.812036128,-0.89493754,-0.644363111,-1.509149295,-0.055179822,-1.107754476,-0.343908045,-0.25261394,-0.286452118,-0.053397275,0.629948935,0.423511128,-0.407445414,-1.211657893,0.466591374,-0.20935535,0.384442113,0.321659171,0.019332908,-0.747744657,-1.588935946,-0.332022942,0.039276458,0.504903131,0.1150587,-0.147445788,-0.003431315,-0.966518732,-0.505357133,-1.437961034,-1.187465479,-0.288709922,-1.037497682,-1.182434454,-0.656395134,-0.31816082,-0.330601441,-0.910391835,-1.305478115,-0.948307842,-0.897481618,-1.435391692,-0.63160962,-0.860798085,-1.923064499,-0.897820045,-0.766349514,-0.250555198,-1.010220507,-1.007620686,-1.011539506,0.364096995,-0.475766076,-0.935717398,-1.031012063,-1.675006955,-0.604170671,-0.712125504,-1.142735772,-1.368288838,-1.085227788,-1.068213156,-0.560781767,-0.52633,-1.073894183,-0.930245272,-1.553291276,-0.999077308
hsa.mir.192.1,0.0,0.0,0.0,0.0,0.0,0.0,0.0,0.0,0.0,0.0,0.0,0.0,0.0,0.0,0.0,0.0,0.0,0.0,0.0,0.0,0.0,0.0,0.0,0.0,0.0,0.0,0.0,0.0,0.0,0.0,0.0,0.0,0.0,0.0,0.0,0.0,0.0,0.0,0.0,0.0,0.0,0.0,0.0,0.0,0.0,0.0,0.0,0.0,0.0,0.0,0.0,0.0,0.0,0.0,0.0,0.0,0.0,0.0,0.0,0.0,0.0,0.0,0.0,0.0,0.0,0.0,0.0,0.0,0.0,0.0,0.0,0.0,0.0,0.0,0.0,0.0,0.0,0.0,0.0,0.0,0.0,0.0,0.0,0.0,0.0,0.0,0.0,0.0,0.0,0.0,0.0,0.0,0.0,0.0,0.0,0.0,0.0,0.0,0.0,0.0,0.0,0.0,0.0,0.0,0.0,0.0,0.0,0.0,0.0,0.0,0.0,0.0,0.0,0.0,0.0,0.0,0.0,0.0,0.0,0.0,0.0,0.0,0.0,0.0,0.0,0.0,0.0,0.0,0.0,0.0,0.0,0.0,0.0,0.0,0.0,0.0,0.0,0.0,0.0,0.0,0.0,0.0,0.0,0.0,0.0,0.0,0.0,0.0,0.0,0.0,0.0,0.0,0.0,0.0,0.0,0.0,0.0,0.0,0.0,0.0,0.0,0.0,0.0,0.0,0.0,0.0,0.0,0.0,0.0,0.0,0.0,0.0,0.0,0.0,0.0,0.0,0.0,0.0,0.0,0.0,0.0,0.0,0.0,0.0,0.0,0.0,0.0,0.0,0.0,0.0,0.0,0.0,0.0,0.0,0.0,0.0,0.0,0.0,0.0,0.0,0.0,0.0,0.0,0.0,0.0,0.0,0.0,0.0,0.0,0.0,0.0,0.0,0.0,0.0,0.0,0.0,0.0,0.0,0.0,0.0,0.0,0.0,0.0,0.0,0.0,0.0,0.0,0.0,0.0,0.0,0.0,0.0,0.0,0.0,0.0,0.0,0.0,0.0,0.0,0.0,0.0,0.0,0.0,0.0,0.0,0.0,0.0,0.0,0.0,0.0,0.0,0.0,0.0,0.0,0.0,0.0,0.0,0.0,0.0,0.0,0.0,0.0,0.0,0.0,0.0,0.0,0.0,0.0,0.0,0.0,0.0,0.0,0.0,0.0,0.0,0.0,0.0,0.0,0.0,0.0,0.0,0.0,0.0,0.0
hsa.mir.1271,-2.328402786,0.911584034,-0.817247455,-0.447472535,-0.217456567,-0.66992273,0.955099551,-0.575351746,0.410035309,0.248536046,0.683219935,1.463507972,-0.658598319,0.300778708,0.952608968,0.454931185,-1.180786386,-0.515265934,0.737225789,-0.926863897,-0.191762002,0.15940434,0.698882281,-0.760254694,-0.933609032,-0.08139957,-0.283509004,0.043807531,-0.964537906,0.750218347,1.432772954,-0.576256242,-1.860320191,-1.729687598,-0.114386009,-0.094969188,-1.984282068,-0.764220302,-0.876806507,-0.515405688,0.955102004,-1.119998471,-0.09111747,0.507910389,0.111406995,-2.091482723,-0.698694325,0.275555853,0.350152889,1.072554668,1.254676168,-0.597208541,-1.858306296,0.72690572,-0.044328789,1.192073501,0.976664725,0.418138208,0.54010016,-0.112147298,-0.679249731,-1.281272377,-0.273067294,0.794181726,0.86552895,0.646620416,-0.180459664,-0.809612822,-0.509178115,-0.791369259,-0.031811224,-0.866238029,1.4312394,0.369279373,-1.451327149,-0.278214898,0.329467675,0.647730362,0.61979628,-0.905303273,-0.684753936,-0.736544422,-0.917394198,-1.713532329,-0.645289701,-1.049735117,1.253713162,1.598127635,0.18017726,-1.475038893,-0.513454067,-0.422614735,-0.567316217,-1.232356402,1.282498304,-1.19382833,-0.365329035,-0.567653431,-1.28663499,-0.579714601,1.047245648,0.666220418,-1.160628861,-1.406489337,-1.842780068,0.374968448,-0.97595662,0.315958564,-0.684758786,-0.625600291,-0.697683857,-1.534929971,0.364529003,-0.267534598,0.554995126,-0.52669605,-0.651948174,-1.484594147,-0.793337137,-2.070740592,-0.467073568,0.50306551,-0.169155489,0.574554442,0.114424447,0.555886174,1.667890149,-0.049947145,0.117411095,0.208716588,-0.583821022,0.532911277,-0.171326665,-0.221353821,-0.162621941,-1.261921959,-0.067778667,-0.938943183,-1.244440114,0.378931376,1.10108863,-1.167685901,-1.758321126,0.323910312,1.01337483,0.804422584,-1.273781505,-1.451786847,0.441013145,0.213542068,-0.205636452,2.957474243,-1.269725168,0.326191357,-1.10164596,0.162404127,0.619498614,-1.07953764,0.853873954,0.683920576,-0.451303008,0.838101512,-0.275485007,0.788259147,1.69736064,0.692075884,-0.910158985,-0.442108144,-1.014727498,-1.180721388,0.032926479,0.411131438,-1.652006906,-1.933733471,-1.491101223,-0.323081055,-0.651815907,-0.453559891,1.480305568,0.69710013,1.177670664,0.178856649,0.89494103,1.9715641,-1.985627592,-0.816258917,-2.553706352,0.623746485,0.263119086,0.711279146,-0.774531522,-0.377571113,0.221182892,0.504770833,0.462090504,0.471474788,1.235783448,3.030505927,0.385112446,1.250875711,1.026160347,0.212683758,2.108120636,1.218447,-0.037208503,-1.09633187,1.198594746,0.942363971,1.328887958,-1.700087759,1.692307751,0.247770779,1.396313199,0.563869845,0.15919689,-0.122914691,0.887453111,-0.900456426,0.235489933,-0.102307751,-0.665836672,0.631252699,-1.410298193,-0.099532813,-2.449115044,1.11112109,-0.946830703,-1.850134434,-1.520254232,0.48659946,-1.513011444,0.273141291,0.230919325,-0.856654318,0.16683474,0.213882682,-0.595401606,2.113278064,-0.423985765,-0.623795031,0.563205234,0.030654103,-0.025549466,0.070031846,3.298065873,-0.464420408,-0.255741617,0.297341892,0.287943955,-0.474232964,-1.273986349,0.45332341,0.451170969,0.879558389,0.97842717,-1.662731268,-0.225701359,0.607573541,0.203692059,0.979367774,1.053860072,0.514181579,-1.29567485,0.980795241,-0.116451206,-0.060017416,0.686478292,0.888240657,0.297345317,0.389613237,0.583245439,0.208234368,-4.012060978,-0.083000593,0.487589072,0.291756152,-0.08786341,0.683090895,0.59625425,0.320136451,0.258570944,1.077826881,0.163057978,0.921890026
hsa.mir.551b,0.076695153,-1.005111603,0.3671696,-0.266261765,-0.614017684,0.697236139,0.503614232,0.503608489,-0.773579543,0.60282677,0.648489341,-0.491790565,-0.128915492,0.267135932,0.957979231,-0.852610351,0.04181194,-1.774395629,1.246625128,1.173114301,0.501511235,1.697684665,2.080315491,1.010376449,1.150465414,0.355916374,0.685306302,-1.306241776,-0.905037555,-0.81610266,-0.389812359,0.580561413,-1.999863846,-1.322903585,-0.908081529,-0.485855779,-0.561747771,-0.169805399,1.017275571,0.362460931,-0.814959191,-0.416249287,0.502918012,-0.855820498,0.571389129,-0.876248718,0.128119732,0.126558197,-0.950889671,0.576152231,0.67755989,-2.042820906,-0.53337809,0.144922367,-0.143695544,0.975094751,0.320941353,0.070887112,-0.491660468,-0.036845004,-0.382139756,-1.614035999,0.49167046,1.442006582,0.615527326,0.601879675,-0.613227847,-1.02057816,-1.209476647,-0.208821983,-2.684807032,-1.307644541,0.233413306,-0.591309783,-1.215166639,-0.844168191,-0.227975947,0.246593466,0.763720818,-0.608750018,-0.668364261,-1.202367245,-1.288379664,0.255811359,-1.24817802,1.072368996,-0.578895984,-2.685831388,-1.437240036,-0.923891059,-0.345581593,-0.995147767,0.060115112,0.014138751,-0.348959263,-1.290019931,-0.400800128,0.37422472,-0.589463618,-1.966904535,0.587665507,-1.210793913,-2.271725453,-0.588358182,-1.242679749,-0.052510545,-1.452401622,0.190083565,-0.390181043,1.122638882,-0.114454327,-1.343396124,-0.788230079,0.466681049,0.516227626,-0.65323521,0.506012823,0.268783946,0.809341274,-0.929506615,-0.854698249,0.090413493,0.485308425,0.931760799,-1.332906773,1.475246605,1.599183252,1.297591035,0.142398669,-0.581721188,0.887753905,0.685098574,-0.368417312,-0.159445276,-0.297831241,-0.213125135,-0.038220851,1.278142625,-0.971512432,0.578439417,-0.51412221,2.038984267,-1.226675403,1.847655414,0.056366822,0.271718751,-1.449859104,-0.869503367,0.141045508,-1.361398835,-0.524602077,1.189314683,-1.737960239,-1.364010554,-1.772806894,0.651012178,-0.601428742,-0.960481755,-0.327429143,0.78852012,-0.876024792,-0.149938101,-0.2124596,0.815467048,0.483776073,-0.369259017,-0.92368889,-2.006418996,-0.246106516,0.046954543,-0.222555256,-0.485704272,-0.960265145,-1.446067883,-1.687506619,-1.715979698,0.024232808,-1.797215491,0.352201434,2.357632827,0.264180817,0.950340052,0.86116161,1.163920418,-0.384810387,-0.454529216,-0.032679895,-0.021947309,0.469484809,1.654310081,1.046900734,-0.321016568,0.084431838,1.635098751,0.417955443,0.754937188,0.597094919,1.465513649,0.270143204,0.512051101,1.605552729,0.974382126,1.217463133,0.172415291,0.934289749,-0.641926539,-0.448600531,0.905482774,0.9686046,-1.78295071,0.644369157,-0.727810958,1.913225095,1.363395892,0.535507529,0.505726982,1.464536337,-0.290506783,-0.296132813,-0.113086252,-0.886456303,1.404053448,-0.351848383,-1.00490967,-1.318030311,0.597547822,-1.490681155,0.91135735,-2.227106795,0.134456711,-1.409188435,-1.248581584,1.267208597,-0.516011856,0.112679578,0.625043996,0.400804538,-0.563395971,-1.274195622,-1.523300294,-1.56849739,-1.498304029,-0.054637966,-0.245725752,-0.538930772,-0.333448029,0.859334836,0.58336847,1.257942719,0.603067743,0.054977811,1.663972726,0.136057475,1.682753986,-0.396910081,0.478137079,-0.515213194,1.434549749,-1.373860159,1.358251751,0.681023137,0.002969233,0.057293822,1.586190793,1.173619022,-0.494018991,0.980650206,2.041589046,-0.794047372,-0.136379001,0.04493475,0.461823258,0.258512846,0.003831261,0.542145508,0.568510814,0.608462022,-0.00177214,1.620339193,0.704058891,-0.658547038,0.868239239,-0.606442951,-0.497820086
hsa.mir.150,-0.650127969,0.02381966,0.856079325,2.302125358,-0.584587601,2.645191764,-0.558890768,1.794529171,-1.103684489,0.235759671,-1.891024317,-0.518836525,0.388259744,0.831877941,-2.043272139,-2.224789048,-1.996352585,-0.875297601,-0.08405818,0.4402416,-1.223085774,0.100191321,0.199569841,0.330894542,1.800390133,-0.250546361,-1.301640496,-0.332995944,0.988672023,0.344363167,-0.437494998,1.043978758,0.95657534,0.406505236,0.88658886,0.469993694,0.418049539,-0.111918765,-0.461936877,0.430755367,0.76525015,0.540039456,-0.828553088,-0.654480208,0.607982036,-0.578778927,0.54766089,-0.608019298,0.950986994,-0.71150345,0.682404588,-0.182197769,0.571116504,0.436291936,0.033771916,-1.470205582,-0.525889633,1.577053162,1.107460369,-2.459517084,-0.176679126,1.143833383,0.646174534,0.703436396,0.233858331,-0.410873718,1.413781677,0.95056414,-1.07579658,0.95116623,-0.295640778,1.044249932,0.028864858,-2.008215048,0.680784248,1.53248416,1.061448126,-0.110658261,-0.848053746,1.086945255,-0.051186188,1.419002158,0.958066311,1.107916292,-2.037975863,-0.463930198,-1.866990612,0.038969533,0.848863211,0.936845832,0.428747632,2.384875864,-0.410592063,0.500868812,-0.424995786,0.782311945,-0.279924709,-0.733739091,-0.927941064,1.805779681,0.123852564,0.773473461,0.486857659,0.731095975,0.469992284,-1.011206841,0.913341678,1.520093851,-1.852602729,0.240878193,-0.296403419,0.426692965,0.825954766,0.631680119,-2.088678375,0.480299523,-0.073387591,0.796464028,3.880840321,-0.116382177,-0.201042685,-0.99386698,1.010350236,-0.248554284,0.333454471,0.003729231,-0.58992918,0.608050051,-0.142493611,-2.275808164,-0.880194001,-0.405846977,0.015540927,-0.046736425,0.333222571,-0.980745092,0.752117797,0.018564085,0.76068615,-0.604099588,0.002161587,-1.969027188,0.558622522,1.922419629,0.817740331,-0.173349487,0.932182212,0.416838019,0.525235497,0.011363238,1.1210383,-0.350545275,1.471812807,1.756759533,1.359931384,0.428828332,0.469050446,0.101874704,0.860916685,-0.018479489,1.64765161,-0.424481431,0.548591897,-0.588550456,0.030248776,1.225759523,0.745028412,-0.946394185,0.232937288,0.298604932,-1.912743486,0.800173516,0.212619679,0.15158864,0.684965455,1.515354255,0.5875405,0.158162623,1.717611208,-0.153345477,-0.856458016,-1.220935349,0.297741221,0.112714701,-2.453185005,0.498680944,-1.832393281,0.948528369,1.401007375,-0.832972356,-0.877803741,0.519125893,-0.067627281,0.088726575,0.131331456,0.588796166,0.990195245,0.016684527,-0.86709282,-0.639267693,0.066070929,-1.536884013,-0.388377736,0.785828151,-1.313462431,0.579578532,-0.041229923,0.216530658,-2.088901108,-0.096347731,-0.32225547,0.24843056,-2.120574659,-0.076880722,0.011944035,-0.977151736,-0.205259557,-0.214555991,0.631328219,0.263766393,0.025943986,-0.422146678,0.065239492,0.446022691,0.094092703,0.857741128,0.992629705,1.587854621,0.505154334,-0.099900523,-0.67872294,-2.008782816,-1.590839712,0.833991191,0.643672378,1.095860812,-0.679424031,-1.213234826,0.44258985,1.74925679,0.514035252,1.305720864,0.788133801,1.46774919,0.735477896,-2.599808775,-0.26301451,0.067876502,-0.279616858,0.534010821,0.648696767,-0.64052694,-0.259296946,-1.256842428,-0.247929362,1.919496552,-2.308132809,-2.644496891,-0.457520117,-0.258459978,-0.352006226,-0.057152491,-0.984239996,-1.918109558,0.067474809,0.900067563,0.140120393,0.608805431,0.965207289,-0.55976947,-1.394965534,-1.853338706,-0.909164435,-0.313391906,0.584364634,0.040975893,0.702027686,-0.343053077,-1.308824714,-1.121259773,-0.765622285,-1.307613097,-0.776854793,-0.82103385
hsa.mir.150.1,0.0,0.0,0.0,0.0,0.0,0.0,0.0,0.0,0.0,0.0,0.0,0.0,0.0,0.0,0.0,0.0,0.0,0.0,0.0,0.0,0.0,0.0,0.0,0.0,0.0,0.0,0.0,0.0,0.0,0.0,0.0,0.0,0.0,0.0,0.0,0.0,0.0,0.0,0.0,0.0,0.0,0.0,0.0,0.0,0.0,0.0,0.0,0.0,0.0,0.0,0.0,0.0,0.0,0.0,0.0,0.0,0.0,0.0,0.0,0.0,0.0,0.0,0.0,0.0,0.0,0.0,0.0,0.0,0.0,0.0,0.0,0.0,0.0,0.0,0.0,0.0,0.0,0.0,0.0,0.0,0.0,0.0,0.0,0.0,0.0,0.0,0.0,0.0,0.0,0.0,0.0,0.0,0.0,0.0,0.0,0.0,0.0,0.0,0.0,0.0,0.0,0.0,0.0,0.0,0.0,0.0,0.0,0.0,0.0,0.0,0.0,0.0,0.0,0.0,0.0,0.0,0.0,0.0,0.0,0.0,0.0,0.0,0.0,0.0,0.0,0.0,0.0,0.0,0.0,0.0,0.0,0.0,0.0,0.0,0.0,0.0,0.0,0.0,0.0,0.0,0.0,0.0,0.0,0.0,0.0,0.0,0.0,0.0,0.0,0.0,0.0,0.0,0.0,0.0,0.0,0.0,0.0,0.0,0.0,0.0,0.0,0.0,0.0,0.0,0.0,0.0,0.0,0.0,0.0,0.0,0.0,0.0,0.0,0.0,0.0,0.0,0.0,0.0,0.0,0.0,0.0,0.0,0.0,0.0,0.0,0.0,0.0,0.0,0.0,0.0,0.0,0.0,0.0,0.0,0.0,0.0,0.0,0.0,0.0,0.0,0.0,0.0,0.0,0.0,0.0,0.0,0.0,0.0,0.0,0.0,0.0,0.0,0.0,0.0,0.0,0.0,0.0,0.0,0.0,0.0,0.0,0.0,0.0,0.0,0.0,0.0,0.0,0.0,0.0,0.0,0.0,0.0,0.0,0.0,0.0,0.0,0.0,0.0,0.0,0.0,0.0,0.0,0.0,0.0,0.0,0.0,0.0,0.0,0.0,0.0,0.0,0.0,0.0,0.0,0.0,0.0,0.0,0.0,0.0,0.0,0.0,0.0,0.0,0.0,0.0,0.0,0.0,0.0,0.0,0.0,0.0,0.0,0.0,0.0,0.0,0.0,0.0,0.0,0.0,0.0,0.0,0.0,0.0,0.0
hsa.mir.128.1,-0.182295262,0.151504277,0.047105207,-0.824251123,0.254880256,-1.930320376,0.906444882,-0.291654326,-0.784982082,-0.228572536,1.066339101,-0.190051408,-1.59975128,0.638656551,0.117702291,0.920642367,-0.577514195,1.272562473,0.951367468,-0.435337349,0.652696996,0.539836919,-1.490685143,0.260597589,0.572748757,-0.134474825,-0.316587913,-2.327250706,1.474408431,-1.12771771,0.497945842,-0.218450736,-0.325860405,0.59285462,-0.181591979,-0.481106334,-1.274545104,0.202398907,1.108290344,0.994786441,0.314664891,-0.282815779,-0.100089868,0.251509015,0.526967059,0.884305238,-0.50963978,-2.125510612,-0.362652373,0.509281227,0.336136185,-3.428154093,1.097250601,-2.198914512,1.173851555,-0.724668975,0.353701778,0.016661838,1.16244835,0.411419863,1.202505845,-0.383373871,1.387195347,0.400772489,0.458866785,0.482387548,0.071790763,-0.088405215,0.778769261,1.161086108,0.469563561,-0.93534117,-0.125271402,0.986475394,0.66429479,-0.098061915,0.38932134,-1.035207894,1.211027509,-0.969491013,0.317255224,0.769871905,-1.477959225,0.41520487,-1.138635792,2.008095168,1.055144263,-0.054651982,-0.226834,0.04065747,0.643154842,-0.809294415,1.510915123,1.42988418,1.001731779,0.20024585,0.857121668,0.455242336,0.930644252,0.235342539,0.364432336,0.473532813,-1.892477593,-1.473276532,0.645514364,-0.524023052,-0.323088859,0.406800242,-0.947360429,0.289022735,-1.219223218,-1.359778463,0.729380628,-0.579992849,1.125715608,0.53363367,-0.172063511,0.908757507,0.010597721,-0.48542289,1.296084909,0.960652216,-0.38018887,-0.160986912,0.280699976,1.323740232,-0.083205133,0.047599074,0.600085812,-0.043444263,1.304957114,0.657392626,-0.17057753,0.188856658,0.083013363,-1.245721022,-1.332408373,0.502042812,0.270068389,1.513317565,0.070505049,0.442242026,0.484366829,0.457530412,1.078879646,0.40770651,0.82618904,0.961288734,-0.20594927,0.821722562,0.31412226,-0.890358101,-1.19635977,0.146581385,0.104969045,0.571508064,0.441279576,-0.08332786,-0.000929507,-0.857723393,-2.266881638,0.270439079,-0.560683334,0.581754336,0.024715388,0.810553847,0.774431467,-0.548491889,-0.981541593,-0.4064961,0.104577986,1.032378438,0.310140745,0.414059713,0.836903407,1.094756311,0.433358547,1.232748018,-0.499933015,-0.236533805,-0.111660972,0.434969526,-1.295940149,-0.081053907,-0.009670777,-0.195168293,1.341123108,-0.674784617,0.109268325,0.316696439,-2.011505849,-0.388630595,-3.559927529,-0.421909448,0.018944225,0.08374933,-0.3138927,0.405196226,1.663362445,-0.442363837,1.001656509,0.130356912,-0.657220799,0.41288216,2.049526024,0.006539106,-1.043826686,0.163116227,0.281021753,0.078433276,0.732319129,1.024469519,-1.081870794,0.085634363,-0.429082902,-0.498753635,0.952348626,1.280432916,-1.836994804,-0.66383371,-0.739993052,0.328136198,0.974414461,-0.366395411,-0.999793632,-1.003584009,0.467217307,-0.948369083,2.072823923,0.061650557,-0.772463224,0.516654283,0.583528623,-0.67827389,1.628185245,-0.190761826,-0.104918653,-1.082320752,0.289239158,0.016875273,-0.041590437,0.253792,0.837637632,-0.011923148,1.287024365,-1.587124613,-0.529775456,0.740374127,0.07549185,0.726852084,0.82703847,0.927083331,-1.378369799,1.112462184,1.487130873,0.41518404,-1.566402158,1.526023056,0.099173818,0.318689032,0.206371848,0.101281923,1.441809948,0.097996816,-3.324753637,0.694073318,-0.36509577,-0.219406737,-0.721377211,1.120721001,0.674141619,0.457367943,0.733556115,-0.514844857,-1.291839597,-0.673509142,-0.134161756,1.34025434,0.524660039,1.660821043,1.227621159,0.660751742,-1.330996414,0.144615888
hsa.mir.114b,0.0,0.0,0.0,0.0,0.0,0.0,0.0,0.0,0.0,0.0,0.0,0.0,0.0,0.0,0.0,0.0,0.0,0.0,0.0,0.0,0.0,0.0,0.0,0.0,0.0,0.0,0.0,0.0,0.0,0.0,0.0,0.0,0.0,0.0,0.0,0.0,0.0,0.0,0.0,0.0,0.0,0.0,0.0,0.0,0.0,0.0,0.0,0.0,0.0,0.0,0.0,0.0,0.0,0.0,0.0,0.0,0.0,0.0,0.0,0.0,0.0,0.0,0.0,0.0,0.0,0.0,0.0,0.0,0.0,0.0,0.0,0.0,0.0,0.0,0.0,0.0,0.0,0.0,0.0,0.0,0.0,0.0,0.0,0.0,0.0,0.0,0.0,0.0,0.0,0.0,0.0,0.0,0.0,0.0,0.0,0.0,0.0,0.0,0.0,0.0,0.0,0.0,0.0,0.0,0.0,0.0,0.0,0.0,0.0,0.0,0.0,0.0,0.0,0.0,0.0,0.0,0.0,0.0,0.0,0.0,0.0,0.0,0.0,0.0,0.0,0.0,0.0,0.0,0.0,0.0,0.0,0.0,0.0,0.0,0.0,0.0,0.0,0.0,0.0,0.0,0.0,0.0,0.0,0.0,0.0,0.0,0.0,0.0,0.0,0.0,0.0,0.0,0.0,0.0,0.0,0.0,0.0,0.0,0.0,0.0,0.0,0.0,0.0,0.0,0.0,0.0,0.0,0.0,0.0,0.0,0.0,0.0,0.0,0.0,0.0,0.0,0.0,0.0,0.0,0.0,0.0,0.0,0.0,0.0,0.0,0.0,0.0,0.0,0.0,0.0,0.0,0.0,0.0,0.0,0.0,0.0,0.0,0.0,0.0,0.0,0.0,0.0,0.0,0.0,0.0,0.0,0.0,0.0,0.0,0.0,0.0,0.0,0.0,0.0,0.0,0.0,0.0,0.0,0.0,0.0,0.0,0.0,0.0,0.0,0.0,0.0,0.0,0.0,0.0,0.0,0.0,0.0,0.0,0.0,0.0,0.0,0.0,0.0,0.0,0.0,0.0,0.0,0.0,0.0,0.0,0.0,0.0,0.0,0.0,0.0,0.0,0.0,0.0,0.0,0.0,0.0,0.0,0.0,0.0,0.0,0.0,0.0,0.0,0.0,0.0,0.0,0.0,0.0,0.0,0.0,0.0,0.0,0.0,0.0,0.0,0.0,0.0,0.0,0.0,0.0,0.0,0.0,0.0,0.0
hsa.let.7c,-0.353539401,0.504205104,-0.508085221,-1.41988625,-0.70278055,-2.328254771,0.829914917,-1.657410237,-0.490707949,-0.541321558,1.375987082,0.258633619,-1.530851265,0.761351464,0.806051998,1.778300103,-0.456381505,0.928066784,0.690755225,-0.084717662,0.573881768,0.561066068,-1.057852779,0.727696942,0.379038675,-0.483092402,-0.60360077,-1.58099562,0.993760119,-1.127144953,-0.253305284,-0.087250303,-0.953225339,-0.131086094,-0.636938159,-0.278431461,-1.495013802,-0.298165747,1.111601722,0.733748,1.039813136,-0.754569429,-0.043385957,0.141575165,0.484891318,0.690409727,-0.099564703,-1.256494947,-0.809690535,0.938196799,0.968945451,-3.780494629,0.491275919,-2.080235519,1.036913796,-0.675868435,0.84428415,-0.441981326,-0.174368443,0.430594058,0.784555503,-0.092943046,1.618349054,0.32613674,0.537146062,0.389023234,0.235464547,-0.75285228,0.097596236,0.723232732,0.181439424,-0.955619267,0.520391832,1.115024329,0.218845379,-0.229354944,0.500075638,-0.737075254,1.564837456,-0.716870549,0.276214077,0.340556645,-2.515450975,0.11042978,-1.404741707,2.198439077,1.160226301,-0.803186255,0.003354969,-0.803846239,0.264253595,-0.510357932,1.066175619,1.224704931,1.104125696,0.228396895,0.509174341,0.385239111,1.265669876,0.560655049,0.731407813,0.124099617,-1.932693472,-1.618909419,0.917900992,-0.401893868,-0.748129422,1.305432401,-0.689171651,0.770415828,-1.151601075,-1.077142613,-0.080464387,-0.199974695,1.318345903,0.542116158,-0.738047354,1.069249219,0.357126391,-0.192719178,1.035777734,0.711256164,-0.609338481,-0.2967478,0.557797575,1.046075173,0.018958919,0.755232204,0.917722355,0.127404979,1.229928507,0.351921192,-0.570945312,-0.172363721,-0.263225714,-1.569703099,-1.216457043,0.289996551,-0.371341112,0.728355179,0.022813165,0.572110128,0.489188254,0.365460327,0.645472788,0.457303432,0.512174454,0.013090126,-0.133888241,0.786527079,0.187256749,-0.640868436,-0.738761141,0.662473232,-0.3583117,0.778162755,0.433134969,0.04785662,0.782856286,-0.422164517,-2.173822504,-0.43338957,-0.45091175,-0.073935161,-0.285625983,1.03701175,0.784349373,-0.814588831,-0.844350751,-0.859410754,-0.356411572,1.143250387,-0.147341164,0.73140625,0.469497103,0.956839243,0.105656534,-0.112042912,-0.962629557,-0.10588294,0.277826604,0.774622979,-0.724131462,0.646643304,0.492093443,-0.196763709,0.426339151,-0.6033574,1.137256117,1.108878417,-1.427970258,-0.849477999,-2.780428337,0.150042727,0.377782088,0.25189005,-0.477726164,0.978066475,2.275943272,-0.292260397,1.131994593,0.5055519,-0.774851101,0.57567738,2.238273392,-0.186206784,-1.902489246,0.051779558,0.070899628,-0.066312202,1.094973412,1.532342014,-0.744169437,1.117047276,-0.13007609,-0.742268881,0.516153971,1.438843132,-0.88454688,-0.180661653,-0.941775839,1.035579128,0.755363131,-0.022081639,-1.354512983,-0.915046004,0.176949825,-0.418944314,1.627348772,0.470095829,-1.008005566,0.281786489,0.258157681,-0.100266131,1.326173783,-0.154190744,-0.00243486,-1.001925396,-0.389506563,0.065685871,-0.124526879,-0.145001898,0.920464868,-0.546171123,2.550504828,-0.096955159,0.195173855,0.890131212,0.831331819,0.003875795,1.187573943,0.974654687,-2.065134519,1.279009312,1.377726819,1.24206054,-1.779468562,1.157293719,0.21555029,0.639003222,0.465286047,0.467175725,1.463302459,0.464286,-2.799971882,0.683556618,-0.252254374,-0.011836455,-0.555275444,1.770815545,0.789708568,1.506367932,0.36040385,-0.675291496,-1.187896047,-0.203156253,-0.245273788,1.44168707,0.315830163,1.900863702,1.211783573,0.568901027,-1.022172426,0.090954613
hsa.mir.136a,0.0,0.0,0.0,0.0,0.0,0.0,0.0,0.0,0.0,0.0,0.0,0.0,0.0,0.0,0.0,0.0,0.0,0.0,0.0,0.0,0.0,0.0,0.0,0.0,0.0,0.0,0.0,0.0,0.0,0.0,0.0,0.0,0.0,0.0,0.0,0.0,0.0,0.0,0.0,0.0,0.0,0.0,0.0,0.0,0.0,0.0,0.0,0.0,0.0,0.0,0.0,0.0,0.0,0.0,0.0,0.0,0.0,0.0,0.0,0.0,0.0,0.0,0.0,0.0,0.0,0.0,0.0,0.0,0.0,0.0,0.0,0.0,0.0,0.0,0.0,0.0,0.0,0.0,0.0,0.0,0.0,0.0,0.0,0.0,0.0,0.0,0.0,0.0,0.0,0.0,0.0,0.0,0.0,0.0,0.0,0.0,0.0,0.0,0.0,0.0,0.0,0.0,0.0,0.0,0.0,0.0,0.0,0.0,0.0,0.0,0.0,0.0,0.0,0.0,0.0,0.0,0.0,0.0,0.0,0.0,0.0,0.0,0.0,0.0,0.0,0.0,0.0,0.0,0.0,0.0,0.0,0.0,0.0,0.0,0.0,0.0,0.0,0.0,0.0,0.0,0.0,0.0,0.0,0.0,0.0,0.0,0.0,0.0,0.0,0.0,0.0,0.0,0.0,0.0,0.0,0.0,0.0,0.0,0.0,0.0,0.0,0.0,0.0,0.0,0.0,0.0,0.0,0.0,0.0,0.0,0.0,0.0,0.0,0.0,0.0,0.0,0.0,0.0,0.0,0.0,0.0,0.0,0.0,0.0,0.0,0.0,0.0,0.0,0.0,0.0,0.0,0.0,0.0,0.0,0.0,0.0,0.0,0.0,0.0,0.0,0.0,0.0,0.0,0.0,0.0,0.0,0.0,0.0,0.0,0.0,0.0,0.0,0.0,0.0,0.0,0.0,0.0,0.0,0.0,0.0,0.0,0.0,0.0,0.0,0.0,0.0,0.0,0.0,0.0,0.0,0.0,0.0,0.0,0.0,0.0,0.0,0.0,0.0,0.0,0.0,0.0,0.0,0.0,0.0,0.0,0.0,0.0,0.0,0.0,0.0,0.0,0.0,0.0,0.0,0.0,0.0,0.0,0.0,0.0,0.0,0.0,0.0,0.0,0.0,0.0,0.0,0.0,0.0,0.0,0.0,0.0,0.0,0.0,0.0,0.0,0.0,0.0,0.0,0.0,0.0,0.0,0.0,0.0,0.0
hsa.mir.160b,0.0,0.0,0.0,0.0,0.0,0.0,0.0,0.0,0.0,0.0,0.0,0.0,0.0,0.0,0.0,0.0,0.0,0.0,0.0,0.0,0.0,0.0,0.0,0.0,0.0,0.0,0.0,0.0,0.0,0.0,0.0,0.0,0.0,0.0,0.0,0.0,0.0,0.0,0.0,0.0,0.0,0.0,0.0,0.0,0.0,0.0,0.0,0.0,0.0,0.0,0.0,0.0,0.0,0.0,0.0,0.0,0.0,0.0,0.0,0.0,0.0,0.0,0.0,0.0,0.0,0.0,0.0,0.0,0.0,0.0,0.0,0.0,0.0,0.0,0.0,0.0,0.0,0.0,0.0,0.0,0.0,0.0,0.0,0.0,0.0,0.0,0.0,0.0,0.0,0.0,0.0,0.0,0.0,0.0,0.0,0.0,0.0,0.0,0.0,0.0,0.0,0.0,0.0,0.0,0.0,0.0,0.0,0.0,0.0,0.0,0.0,0.0,0.0,0.0,0.0,0.0,0.0,0.0,0.0,0.0,0.0,0.0,0.0,0.0,0.0,0.0,0.0,0.0,0.0,0.0,0.0,0.0,0.0,0.0,0.0,0.0,0.0,0.0,0.0,0.0,0.0,0.0,0.0,0.0,0.0,0.0,0.0,0.0,0.0,0.0,0.0,0.0,0.0,0.0,0.0,0.0,0.0,0.0,0.0,0.0,0.0,0.0,0.0,0.0,0.0,0.0,0.0,0.0,0.0,0.0,0.0,0.0,0.0,0.0,0.0,0.0,0.0,0.0,0.0,0.0,0.0,0.0,0.0,0.0,0.0,0.0,0.0,0.0,0.0,0.0,0.0,0.0,0.0,0.0,0.0,0.0,0.0,0.0,0.0,0.0,0.0,0.0,0.0,0.0,0.0,0.0,0.0,0.0,0.0,0.0,0.0,0.0,0.0,0.0,0.0,0.0,0.0,0.0,0.0,0.0,0.0,0.0,0.0,0.0,0.0,0.0,0.0,0.0,0.0,0.0,0.0,0.0,0.0,0.0,0.0,0.0,0.0,0.0,0.0,0.0,0.0,0.0,0.0,0.0,0.0,0.0,0.0,0.0,0.0,0.0,0.0,0.0,0.0,0.0,0.0,0.0,0.0,0.0,0.0,0.0,0.0,0.0,0.0,0.0,0.0,0.0,0.0,0.0,0.0,0.0,0.0,0.0,0.0,0.0,0.0,0.0,0.0,0.0,0.0,0.0,0.0,0.0,0.0,0.0
hsa.mir.129b,0.0,0.0,0.0,0.0,0.0,0.0,0.0,0.0,0.0,0.0,0.0,0.0,0.0,0.0,0.0,0.0,0.0,0.0,0.0,0.0,0.0,0.0,0.0,0.0,0.0,0.0,0.0,0.0,0.0,0.0,0.0,0.0,0.0,0.0,0.0,0.0,0.0,0.0,0.0,0.0,0.0,0.0,0.0,0.0,0.0,0.0,0.0,0.0,0.0,0.0,0.0,0.0,0.0,0.0,0.0,0.0,0.0,0.0,0.0,0.0,0.0,0.0,0.0,0.0,0.0,0.0,0.0,0.0,0.0,0.0,0.0,0.0,0.0,0.0,0.0,0.0,0.0,0.0,0.0,0.0,0.0,0.0,0.0,0.0,0.0,0.0,0.0,0.0,0.0,0.0,0.0,0.0,0.0,0.0,0.0,0.0,0.0,0.0,0.0,0.0,0.0,0.0,0.0,0.0,0.0,0.0,0.0,0.0,0.0,0.0,0.0,0.0,0.0,0.0,0.0,0.0,0.0,0.0,0.0,0.0,0.0,0.0,0.0,0.0,0.0,0.0,0.0,0.0,0.0,0.0,0.0,0.0,0.0,0.0,0.0,0.0,0.0,0.0,0.0,0.0,0.0,0.0,0.0,0.0,0.0,0.0,0.0,0.0,0.0,0.0,0.0,0.0,0.0,0.0,0.0,0.0,0.0,0.0,0.0,0.0,0.0,0.0,0.0,0.0,0.0,0.0,0.0,0.0,0.0,0.0,0.0,0.0,0.0,0.0,0.0,0.0,0.0,0.0,0.0,0.0,0.0,0.0,0.0,0.0,0.0,0.0,0.0,0.0,0.0,0.0,0.0,0.0,0.0,0.0,0.0,0.0,0.0,0.0,0.0,0.0,0.0,0.0,0.0,0.0,0.0,0.0,0.0,0.0,0.0,0.0,0.0,0.0,0.0,0.0,0.0,0.0,0.0,0.0,0.0,0.0,0.0,0.0,0.0,0.0,0.0,0.0,0.0,0.0,0.0,0.0,0.0,0.0,0.0,0.0,0.0,0.0,0.0,0.0,0.0,0.0,0.0,0.0,0.0,0.0,0.0,0.0,0.0,0.0,0.0,0.0,0.0,0.0,0.0,0.0,0.0,0.0,0.0,0.0,0.0,0.0,0.0,0.0,0.0,0.0,0.0,0.0,0.0,0.0,0.0,0.0,0.0,0.0,0.0,0.0,0.0,0.0,0.0,0.0,0.0,0.0,0.0,0.0,0.0,0.0
hsa.mir.376c,-1.028420529,0.399792102,0.149663545,3.184777976,-0.476994368,2.37823557,-1.601733732,2.616472638,-0.835729778,0.541583401,-1.444991636,-1.722876919,0.061291869,1.083349008,-0.227812927,-3.872564074,0.212410247,-0.749883587,0.466011891,1.633613629,0.264314081,0.937254117,0.650132151,0.11211496,-0.505541944,1.565993423,-1.365244661,0.156465147,-0.096355647,-0.07780969,-2.986808013,0.894132023,-0.643504861,0.542434462,0.268104659,-0.977323779,0.531295456,0.574189334,-0.463077776,-0.260877446,-0.098906146,-1.484975444,-0.375955144,-0.036276947,-1.238980857,-0.271777921,-0.096035241,-1.337683332,-0.75260291,-0.136782392,0.00640395,-0.162529637,-0.262690375,-0.430624578,0.319999282,-0.803911128,-0.823840015,0.651471325,1.112965633,0.624304211,-0.26537126,0.89681405,0.718231254,0.307974019,0.110811217,0.404877179,1.326224832,0.352088341,-0.222859424,0.209610508,-0.232084939,0.031520311,-0.010390484,-0.098208398,0.395487374,1.168314487,0.180084793,-0.803324961,-1.912406757,0.619742665,-0.435494744,-0.477567327,-0.452944769,0.396280171,-2.156354011,-1.238282011,-1.230211917,-0.405920725,0.430585403,-0.610492303,0.546188753,3.944000675,-0.666332437,-1.133110157,0.374455154,-1.345374996,-0.355183261,-0.244427998,-0.823989524,0.380916937,-0.868202981,0.383220951,-0.284357774,0.489898,-0.718906418,0.061470921,-0.804930524,3.218228803,0.191975812,0.305865593,-0.055045328,0.118376995,0.734540228,0.230879988,-1.46839043,0.068238601,-0.576206883,1.14059517,4.690955344,-0.723812607,0.447929445,-0.413809066,1.543294833,-0.153634803,0.322549806,0.553920242,0.67610847,0.7550152,0.282623529,-0.15393994,-0.42073699,-0.432243937,-0.710065884,-0.855342186,0.15043721,-0.892603466,0.77439747,0.358229242,0.423692116,0.459621376,0.865931085,-0.19761619,-0.334985001,1.745312016,0.265572393,-0.20842933,0.063583046,-0.198919313,0.613763124,0.045429847,1.323773863,-0.757122339,0.644255515,0.993290649,0.934788981,0.359200511,-0.048581027,0.326349757,0.915370376,-0.042038974,2.512793117,0.928487275,0.246344822,0.213983553,0.30616318,1.359770352,-0.219374504,-1.097849969,-0.222975335,0.180374141,-2.502816364,-0.079366409,-0.258593617,0.025324403,0.249293331,0.070927101,0.278893828,-0.088902974,0.95752714,-0.943429481,-0.886946268,0.042409415,0.401000688,0.440776134,-2.048969927,-0.187899071,-1.193040985,-0.071321719,3.181699416,-0.544880107,0.264367306,-0.138463448,-1.145026918,1.048760535,0.802277895,0.922268113,0.187562493,0.420306862,0.160899017,-0.187777287,0.676519892,-0.718245895,-0.548223727,0.249064029,-0.896935573,-0.090497728,-0.832028193,0.405616334,0.174745878,0.093090221,-0.549651886,1.060421081,0.353820196,0.409859245,0.566777587,0.793942917,0.129526539,-0.141061277,0.196868574,1.583233725,-0.026561827,-0.340140262,0.128095063,-0.636344921,0.099434036,0.858380003,-0.042532472,1.219937536,-1.47679168,0.679672311,-0.473398416,-0.143666559,-0.776215212,0.229968307,0.703001904,0.688642789,-0.319785067,-0.21099155,-1.265184997,0.679134959,0.846921555,0.591908149,1.015540438,1.934751944,1.200367563,-0.691000287,0.461425081,0.361211859,-0.081355249,0.619855049,1.013817599,-1.372609129,-0.422440257,-0.325433144,-1.065084712,2.7644729,-3.962107551,-1.456669092,0.202879638,0.588584453,-0.360157646,0.630764618,0.385054757,1.193756393,-1.527642733,0.536047371,0.995663277,0.687314138,0.498387136,-0.251354402,1.084478387,-1.696554907,-0.943573374,-0.43823147,0.634403478,0.948980685,0.642747399,0.387869509,-0.426130408,0.085635571,-0.748406484,0.304997705,-0.509369366,0.160151836
hsa.mir.156,0.0,0.0,0.0,0.0,0.0,0.0,0.0,0.0,0.0,0.0,0.0,0.0,0.0,0.0,0.0,0.0,0.0,0.0,0.0,0.0,0.0,0.0,0.0,0.0,0.0,0.0,0.0,0.0,0.0,0.0,0.0,0.0,0.0,0.0,0.0,0.0,0.0,0.0,0.0,0.0,0.0,0.0,0.0,0.0,0.0,0.0,0.0,0.0,0.0,0.0,0.0,0.0,0.0,0.0,0.0,0.0,0.0,0.0,0.0,0.0,0.0,0.0,0.0,0.0,0.0,0.0,0.0,0.0,0.0,0.0,0.0,0.0,0.0,0.0,0.0,0.0,0.0,0.0,0.0,0.0,0.0,0.0,0.0,0.0,0.0,0.0,0.0,0.0,0.0,0.0,0.0,0.0,0.0,0.0,0.0,0.0,0.0,0.0,0.0,0.0,0.0,0.0,0.0,0.0,0.0,0.0,0.0,0.0,0.0,0.0,0.0,0.0,0.0,0.0,0.0,0.0,0.0,0.0,0.0,0.0,0.0,0.0,0.0,0.0,0.0,0.0,0.0,0.0,0.0,0.0,0.0,0.0,0.0,0.0,0.0,0.0,0.0,0.0,0.0,0.0,0.0,0.0,0.0,0.0,0.0,0.0,0.0,0.0,0.0,0.0,0.0,0.0,0.0,0.0,0.0,0.0,0.0,0.0,0.0,0.0,0.0,0.0,0.0,0.0,0.0,0.0,0.0,0.0,0.0,0.0,0.0,0.0,0.0,0.0,0.0,0.0,0.0,0.0,0.0,0.0,0.0,0.0,0.0,0.0,0.0,0.0,0.0,0.0,0.0,0.0,0.0,0.0,0.0,0.0,0.0,0.0,0.0,0.0,0.0,0.0,0.0,0.0,0.0,0.0,0.0,0.0,0.0,0.0,0.0,0.0,0.0,0.0,0.0,0.0,0.0,0.0,0.0,0.0,0.0,0.0,0.0,0.0,0.0,0.0,0.0,0.0,0.0,0.0,0.0,0.0,0.0,0.0,0.0,0.0,0.0,0.0,0.0,0.0,0.0,0.0,0.0,0.0,0.0,0.0,0.0,0.0,0.0,0.0,0.0,0.0,0.0,0.0,0.0,0.0,0.0,0.0,0.0,0.0,0.0,0.0,0.0,0.0,0.0,0.0,0.0,0.0,0.0,0.0,0.0,0.0,0.0,0.0,0.0,0.0,0.0,0.0,0.0,0.0,0.0,0.0,0.0,0.0,0.0,0.0
hsa.mir.199a.2,0.07758366,-0.38675609,0.228611677,-1.159978809,1.597084394,-1.059181468,0.635783158,-1.639499866,1.318410089,1.412018569,0.892763992,-1.092018816,0.387976849,0.2227326,-0.634971567,-0.39512643,-0.136729517,3.580210856,-2.597292312,-2.15787311,0.196004274,-1.705459687,0.852205622,0.804645095,1.566967712,-1.295873361,2.086328029,0.648293035,-1.412821704,-0.477953899,2.371383171,-1.573909051,-0.289638919,0.49937029,0.746623882,-0.934452982,0.077448403,-0.150037011,-0.10271236,0.308169671,-0.546913338,0.407454717,-0.228430197,-0.158725025,-2.423376468,-1.258721347,1.105951399,-0.692367119,-1.371660821,-0.377139978,-0.334603334,1.112492738,0.7828232,1.777242408,0.766192591,-0.350450807,-0.469516469,0.124097387,-0.030875566,0.311621604,-0.914709401,-0.952791032,-1.196618462,-0.628753722,2.062645522,0.649536215,0.909341254,1.707579603,0.240512758,0.608048189,-0.703881231,-0.627222511,-0.412151771,1.068104919,-0.616705106,1.936790674,0.496107646,-0.864907342,1.809048779,0.851072192,-0.551051061,-0.133189595,-0.380894581,-1.112525145,-0.302145077,0.282613719,-2.712596384,0.574455168,0.021947316,0.313668911,-1.209620225,0.423219464,0.890313289,-0.884478314,-0.074233545,-0.006514683,-0.594606451,-0.256993098,3.551874882,1.51983878,-0.648864,0.267774049,-0.773679826,-0.746503922,1.174896627,1.23230287,0.725535564,-0.919614964,-0.515543169,0.124100223,-0.68864169,0.456590256,-0.742738083,-0.261504969,0.926629678,0.237557787,-0.158232592,-0.799871745,0.11843106,-0.970946759,0.864215085,-0.635542628,-2.472125532,1.109861627,0.681919306,0.760670631,-1.349006065,-0.841232586,-0.211891095,-1.070555267,-0.169967535,-0.656840049,0.136152564,0.449397481,0.053321752,-0.903072885,-0.03157036,0.173413982,1.188159968,0.447142819,-1.274649522,-0.179472978,0.042714384,-0.240172545,-0.65929205,0.258614686,-0.259620203,0.117648822,1.418162674,-1.519384344,-0.91600334,-0.775914277,0.001206165,-0.191655266,0.637369089,0.348654447,-0.255412987,1.740574874,-0.239378833,-0.395913856,-0.153091419,-0.87342941,-0.99099497,-0.557454954,0.466067434,-0.120452353,0.045988398,-2.699335918,-1.796787598,0.609346334,0.632221306,-0.773923115,0.713539134,-0.828575921,-0.653671527,-0.820879646,0.036314336,-0.600694113,0.286391653,-0.890952441,-0.056323008,0.43208861,-1.818675244,0.578466747,-0.945823668,0.459331338,-1.738212698,-0.546140229,-1.268776769,0.369016189,1.308900734,0.19604224,-0.461041548,-0.557979539,-0.971673427,-0.230544782,0.193746529,2.532549462,-0.113087821,0.966004229,-1.383561724,-0.653472309,1.300413794,-0.311021758,-1.439437527,-0.685347313,-3.192235515,-0.594191427,0.158027381,0.917956254,0.660761473,0.148265525,0.079486918,1.724287986,-0.385231811,0.81269141,0.422125422,-0.487645191,0.407799531,0.009226728,0.075228781,0.187129657,-1.326127878,0.136357042,1.078591415,-0.300425808,-0.073453442,-0.258263097,0.566628098,-0.888609097,-0.583621052,0.413424794,0.695350754,0.172348495,0.087469738,-0.948650592,0.989370675,-0.880003328,1.18933177,0.404583462,0.237380168,-0.294093045,-1.441053051,-0.594477939,1.507989307,-1.19566713,-1.494630489,0.769126577,0.689951998,-0.335173561,0.151458259,0.333862127,-0.50012572,-0.968297892,0.383428292,-1.370477366,0.26986318,-2.646016142,-1.036038122,0.926323239,0.218889284,-0.456797095,0.90919978,0.700202891,-0.482264302,1.005662673,-0.28087964,-0.476260062,-0.800851415,0.160057288,0.084691709,-1.909292348,1.268579707,-1.66904476,-0.196054922,-0.108510513,-1.218874325,-0.758541948,-2.082921573,-0.334102254,0.030015217,1.316440131,-0.800729908,0.130574334
hsa.mir.125b.1,-0.859437205,0.833675683,-0.057446552,0.72871228,0.79894327,0.320702665,0.309133949,-0.042199325,-0.11795343,1.465768743,0.870523718,1.754122658,-0.031394895,-0.48865245,-1.365763614,-0.669809684,-0.851904478,-1.166396947,-1.031611981,-1.733036087,-0.695130625,0.79334132,0.446278161,-0.923143339,-1.573810603,-1.036982002,-0.833094582,0.341223478,-0.15652829,-0.998402596,-2.566530802,0.887148629,0.918419265,-0.537991506,1.597022452,0.203286506,0.635128945,1.101532778,0.30545797,-0.245626573,0.818190827,-0.013647244,-0.099477008,0.491285788,-2.38127788,-0.241760862,1.166456715,0.513454703,0.086128026,-0.398988522,1.670830182,1.691838424,0.670739839,-1.971059135,-1.811738261,0.627782073,-0.706747044,1.481181035,1.251629204,0.978227281,-1.014923098,-0.798412018,-0.222403367,0.709091955,-2.549592539,-0.080715174,1.797701972,-1.088613789,-0.076958773,0.625716785,0.811271338,0.404746929,0.110700062,0.850383871,0.221850246,1.398447993,0.47822535,-0.227451981,-0.707801012,0.182813479,-0.151908893,0.137711919,-0.116823969,-1.377755985,-0.296732389,1.078264183,0.062189879,-0.010614462,0.758409764,-0.149120233,0.816043966,2.089922677,1.481802912,-2.441127543,0.794267743,-0.149094445,-0.102370415,0.440793841,0.282760891,-0.117505048,-0.085646939,0.347331405,1.638144744,1.011358548,-0.041745689,0.555994431,0.140168052,-0.787924812,0.719244255,-1.331422295,-0.603338276,-0.368322678,1.973820765,1.170288853,0.816061913,-0.987123253,0.273753501,-1.512902094,-2.438692941,-2.002259832,-1.783175324,0.684173989,-0.708639513,-1.16511058,2.220858718,-0.987701821,-1.098022918,-1.010321956,-0.557768573,-0.52589962,-0.013199961,0.245343028,0.365229272,-0.043962929,-0.9099354,-1.828954531,0.949531614,-0.96240765,0.838636294,0.689495564,1.085715637,-0.324706946,-1.018057809,1.772487496,1.153558727,0.620766864,0.392253309,0.989125615,-0.19025225,1.819595335,0.698058005,0.801467187,1.09623619,2.246538709,1.26059585,0.652297734,0.641132119,0.128828117,0.356155006,-0.021803354,0.648815541,0.707648267,0.712750508,-0.919818283,0.341342621,1.13377725,-1.279666574,-0.603918161,0.178312362,0.541179275,-0.107536044,0.920182449,-1.193682333,-0.673089053,0.784001057,1.707514976,-0.347356776,2.155908062,2.45379149,-0.519922363,-1.39222125,0.669769114,0.215954626,-1.103866937,-1.787417952,0.221526047,-0.28545926,0.333139964,-1.068940003,0.355557793,-0.80460111,0.630099285,-1.014710439,-0.308486129,0.308458946,-1.066128899,-0.581050554,1.129680036,-0.241058613,-0.082365277,0.132915475,-0.733525858,-0.604499937,0.355923343,-0.16473448,0.906212396,-0.178024871,0.726374586,0.345240874,0.141884379,-0.970690182,-0.639267799,0.241250683,0.041075971,0.447319104,-0.479852726,-0.602407983,-0.519146424,0.538071659,0.500892435,0.514117538,0.234442821,-1.302859322,-2.090061079,0.08572225,-0.11763004,0.982868695,0.134980733,-0.952590325,0.342037918,2.33186155,-0.662003543,-0.952649744,0.019234152,0.865906005,0.262145877,-1.856305598,-0.666722382,-1.614393072,0.640928244,-1.393813139,0.99004953,0.31438518,-0.179905391,2.851206422,-0.799798594,-0.502161549,-0.772179569,0.264670275,-0.351718169,-0.793002808,-0.840145499,0.229690003,-0.051685943,-1.624998528,-0.24620938,-2.385312183,-3.385773739,0.548407841,-0.609166594,-0.28038067,0.046399586,-0.816527011,0.62650847,1.471587991,0.570599426,1.151641888,0.735966306,-0.004653855,0.318231439,0.004987619,-1.917491038,-0.521333044,-0.774782578,-0.85285889,-0.20503308,-0.312648346,0.108144104,-1.135128337,-0.305996551,-1.508154104,-0.352855052,0.147975147,-0.544002076
hsa.mir.937,0.0,0.0,0.0,0.0,0.0,0.0,0.0,0.0,0.0,0.0,0.0,0.0,0.0,0.0,0.0,0.0,0.0,0.0,0.0,0.0,0.0,0.0,0.0,0.0,0.0,0.0,0.0,0.0,0.0,0.0,0.0,0.0,0.0,0.0,0.0,0.0,0.0,0.0,0.0,0.0,0.0,0.0,0.0,0.0,0.0,0.0,0.0,0.0,0.0,0.0,0.0,0.0,0.0,0.0,0.0,0.0,0.0,0.0,0.0,0.0,0.0,0.0,0.0,0.0,0.0,0.0,0.0,0.0,0.0,0.0,0.0,0.0,0.0,0.0,0.0,0.0,0.0,0.0,0.0,0.0,0.0,0.0,0.0,0.0,0.0,0.0,0.0,0.0,0.0,0.0,0.0,0.0,0.0,0.0,0.0,0.0,0.0,0.0,0.0,0.0,0.0,0.0,0.0,0.0,0.0,0.0,0.0,0.0,0.0,0.0,0.0,0.0,0.0,0.0,0.0,0.0,0.0,0.0,0.0,0.0,0.0,0.0,0.0,0.0,0.0,0.0,0.0,0.0,0.0,0.0,0.0,0.0,0.0,0.0,0.0,0.0,0.0,0.0,0.0,0.0,0.0,0.0,0.0,0.0,0.0,0.0,0.0,0.0,0.0,0.0,0.0,0.0,0.0,0.0,0.0,0.0,0.0,0.0,0.0,0.0,0.0,0.0,0.0,0.0,0.0,0.0,0.0,0.0,0.0,0.0,0.0,0.0,0.0,0.0,0.0,0.0,0.0,0.0,0.0,0.0,0.0,0.0,0.0,0.0,0.0,0.0,0.0,0.0,0.0,0.0,0.0,0.0,0.0,0.0,0.0,0.0,0.0,0.0,0.0,0.0,0.0,0.0,0.0,0.0,0.0,0.0,0.0,0.0,0.0,0.0,0.0,0.0,0.0,0.0,0.0,0.0,0.0,0.0,0.0,0.0,0.0,0.0,0.0,0.0,0.0,0.0,0.0,0.0,0.0,0.0,0.0,0.0,0.0,0.0,0.0,0.0,0.0,0.0,0.0,0.0,0.0,0.0,0.0,0.0,0.0,0.0,0.0,0.0,0.0,0.0,0.0,0.0,0.0,0.0,0.0,0.0,0.0,0.0,0.0,0.0,0.0,0.0,0.0,0.0,0.0,0.0,0.0,0.0,0.0,0.0,0.0,0.0,0.0,0.0,0.0,0.0,0.0,0.0,0.0,0.0,0.0,0.0,0.0,0.0
hsa.mir.302,0.0,0.0,0.0,0.0,0.0,0.0,0.0,0.0,0.0,0.0,0.0,0.0,0.0,0.0,0.0,0.0,0.0,0.0,0.0,0.0,0.0,0.0,0.0,0.0,0.0,0.0,0.0,0.0,0.0,0.0,0.0,0.0,0.0,0.0,0.0,0.0,0.0,0.0,0.0,0.0,0.0,0.0,0.0,0.0,0.0,0.0,0.0,0.0,0.0,0.0,0.0,0.0,0.0,0.0,0.0,0.0,0.0,0.0,0.0,0.0,0.0,0.0,0.0,0.0,0.0,0.0,0.0,0.0,0.0,0.0,0.0,0.0,0.0,0.0,0.0,0.0,0.0,0.0,0.0,0.0,0.0,0.0,0.0,0.0,0.0,0.0,0.0,0.0,0.0,0.0,0.0,0.0,0.0,0.0,0.0,0.0,0.0,0.0,0.0,0.0,0.0,0.0,0.0,0.0,0.0,0.0,0.0,0.0,0.0,0.0,0.0,0.0,0.0,0.0,0.0,0.0,0.0,0.0,0.0,0.0,0.0,0.0,0.0,0.0,0.0,0.0,0.0,0.0,0.0,0.0,0.0,0.0,0.0,0.0,0.0,0.0,0.0,0.0,0.0,0.0,0.0,0.0,0.0,0.0,0.0,0.0,0.0,0.0,0.0,0.0,0.0,0.0,0.0,0.0,0.0,0.0,0.0,0.0,0.0,0.0,0.0,0.0,0.0,0.0,0.0,0.0,0.0,0.0,0.0,0.0,0.0,0.0,0.0,0.0,0.0,0.0,0.0,0.0,0.0,0.0,0.0,0.0,0.0,0.0,0.0,0.0,0.0,0.0,0.0,0.0,0.0,0.0,0.0,0.0,0.0,0.0,0.0,0.0,0.0,0.0,0.0,0.0,0.0,0.0,0.0,0.0,0.0,0.0,0.0,0.0,0.0,0.0,0.0,0.0,0.0,0.0,0.0,0.0,0.0,0.0,0.0,0.0,0.0,0.0,0.0,0.0,0.0,0.0,0.0,0.0,0.0,0.0,0.0,0.0,0.0,0.0,0.0,0.0,0.0,0.0,0.0,0.0,0.0,0.0,0.0,0.0,0.0,0.0,0.0,0.0,0.0,0.0,0.0,0.0,0.0,0.0,0.0,0.0,0.0,0.0,0.0,0.0,0.0,0.0,0.0,0.0,0.0,0.0,0.0,0.0,0.0,0.0,0.0,0.0,0.0,0.0,0.0,0.0,0.0,0.0,0.0,0.0,0.0,0.0
hsa.mir.330,-0.292387314,-0.916529708,1.390861088,1.052265152,1.754435801,0.884540939,0.131663912,-0.302908461,2.202697192,0.520232799,-1.135596194,1.065668888,0.98647002,0.280721293,-1.031900932,-0.353319463,0.768696852,-2.13775644,-0.963009221,-0.358450837,-0.186306574,-0.688038279,-1.926283265,-0.547156158,0.147730574,1.142688204,0.595731738,1.257150618,0.115868563,0.608418365,1.758988931,-0.408852191,0.450335411,0.809175823,0.336171513,-0.181413774,0.03251409,0.742341596,-0.096243293,-0.578040536,1.119864891,0.43061481,-1.046714665,0.246151139,-0.041809871,-0.818592066,-0.109894895,0.984824858,1.613453238,0.148907532,-1.059112421,0.864250263,-0.183902976,0.186700732,-0.439068506,0.488864254,-0.23417725,2.641348443,-0.021318043,-0.562271185,1.029704418,1.314004666,-1.652326498,-1.231266688,-1.279010671,-1.384724553,1.028344977,0.809255375,-0.041587747,-0.252681992,1.419651741,0.200148269,1.350626923,0.405433542,0.144330379,0.700727724,0.020583379,1.053239818,1.353002363,0.682383732,1.213224051,0.969048439,0.317509093,0.874200462,1.467935561,1.111628845,1.028143067,2.829800895,1.068271439,1.460092926,0.925473897,0.686641737,-0.001968832,1.978624235,0.182467589,0.129015386,-0.544387757,-0.019193994,1.089353718,1.563989085,-0.572262737,0.201441772,1.280523317,1.794987925,0.743732367,-0.379849129,-0.410639252,-0.579898161,-0.649497544,-1.591252247,-0.514932164,0.214073586,-0.70135151,-1.454112118,-1.223080436,0.051666769,-0.574186889,-0.268961691,1.220692705,-0.993454815,-0.661125845,0.15035647,-1.206050534,-1.628567997,-2.775687476,-2.332130634,-0.982997343,-1.982622062,-0.633445608,-0.252719862,-1.758152965,-1.383081153,-0.508594618,-1.533710194,-2.333903417,-1.906613954,-1.580274664,-1.913187227,-0.201195863,1.323616723,0.231044355,1.286624093,-0.52141392,-0.809436511,-0.485979739,1.200415828,1.326638416,0.485645648,0.185454418,-0.154343332,0.094328167,0.495606466,0.512374871,-0.275147183,0.728646109,-1.437669738,0.932163038,0.760503564,0.035267655,0.860060208,0.696583775,1.836116063,1.309148486,-0.118174805,-0.128169708,-1.054455296,-0.703904481,-0.181145635,-0.940194165,-1.522920071,-0.312217325,-0.96857905,-0.663872961,-0.918486556,-1.229696059,-1.495506324,-1.330472169,0.655350113,1.993496581,-1.607359818,-1.686940704,-1.439800915,0.614169396,-0.963857653,-0.120088655,0.575418178,0.293806427,-0.231736604,-1.171305531,-1.10773397,-0.167665461,-0.553201564,-0.40372538,-0.438320781,-0.54089271,-0.383741619,-0.810578756,-1.380118298,-0.232648876,-0.318223534,-0.52138014,0.377963588,-0.458738313,-0.320146695,-0.854810219,-2.088247188,0.739610574,-0.271789276,-0.242613783,-1.300996115,-0.17904345,-1.320509214,-1.138940916,-1.581155288,-2.425213387,-1.24617907,-0.165196852,-1.08278923,-1.589897555,-1.201545089,0.887058235,-1.251792972,0.541480603,1.304123151,0.199457574,0.951836465,1.663148174,-0.064328901,1.212203345,-0.728514801,1.957435282,0.815983293,0.246922454,0.065315462,-0.401398121,-1.254672682,-0.775515528,0.23600575,-1.16402797,-0.613622189,0.904394029,-0.455437845,0.091208194,-0.703305748,-1.87441716,-1.045973728,-1.031888033,-1.280908702,0.046774496,-1.641642986,0.4429553,0.045824327,0.3530425,-0.683209287,0.373015142,-0.565994918,0.138782066,-1.270619249,0.610138386,-0.730048117,-1.568579969,-1.341450339,-0.621886497,0.586147609,-0.722733763,-1.43982572,-1.22673106,-0.497562525,0.035926451,-0.064804401,-0.085301943,-1.619206889,-1.208387439,-0.966796523,-0.127444009,-1.1946394,-0.517474423,-0.111577213,0.477214372,-0.907474965,-1.371622812,-0.266150712,-0.478141512,0.007000661
hsa.mir.330.1,0.0,0.0,0.0,0.0,0.0,0.0,0.0,0.0,0.0,0.0,0.0,0.0,0.0,0.0,0.0,0.0,0.0,0.0,0.0,0.0,0.0,0.0,0.0,0.0,0.0,0.0,0.0,0.0,0.0,0.0,0.0,0.0,0.0,0.0,0.0,0.0,0.0,0.0,0.0,0.0,0.0,0.0,0.0,0.0,0.0,0.0,0.0,0.0,0.0,0.0,0.0,0.0,0.0,0.0,0.0,0.0,0.0,0.0,0.0,0.0,0.0,0.0,0.0,0.0,0.0,0.0,0.0,0.0,0.0,0.0,0.0,0.0,0.0,0.0,0.0,0.0,0.0,0.0,0.0,0.0,0.0,0.0,0.0,0.0,0.0,0.0,0.0,0.0,0.0,0.0,0.0,0.0,0.0,0.0,0.0,0.0,0.0,0.0,0.0,0.0,0.0,0.0,0.0,0.0,0.0,0.0,0.0,0.0,0.0,0.0,0.0,0.0,0.0,0.0,0.0,0.0,0.0,0.0,0.0,0.0,0.0,0.0,0.0,0.0,0.0,0.0,0.0,0.0,0.0,0.0,0.0,0.0,0.0,0.0,0.0,0.0,0.0,0.0,0.0,0.0,0.0,0.0,0.0,0.0,0.0,0.0,0.0,0.0,0.0,0.0,0.0,0.0,0.0,0.0,0.0,0.0,0.0,0.0,0.0,0.0,0.0,0.0,0.0,0.0,0.0,0.0,0.0,0.0,0.0,0.0,0.0,0.0,0.0,0.0,0.0,0.0,0.0,0.0,0.0,0.0,0.0,0.0,0.0,0.0,0.0,0.0,0.0,0.0,0.0,0.0,0.0,0.0,0.0,0.0,0.0,0.0,0.0,0.0,0.0,0.0,0.0,0.0,0.0,0.0,0.0,0.0,0.0,0.0,0.0,0.0,0.0,0.0,0.0,0.0,0.0,0.0,0.0,0.0,0.0,0.0,0.0,0.0,0.0,0.0,0.0,0.0,0.0,0.0,0.0,0.0,0.0,0.0,0.0,0.0,0.0,0.0,0.0,0.0,0.0,0.0,0.0,0.0,0.0,0.0,0.0,0.0,0.0,0.0,0.0,0.0,0.0,0.0,0.0,0.0,0.0,0.0,0.0,0.0,0.0,0.0,0.0,0.0,0.0,0.0,0.0,0.0,0.0,0.0,0.0,0.0,0.0,0.0,0.0,0.0,0.0,0.0,0.0,0.0,0.0,0.0,0.0,0.0,0.0,0.0
hsa.mir.356,0.0,0.0,0.0,0.0,0.0,0.0,0.0,0.0,0.0,0.0,0.0,0.0,0.0,0.0,0.0,0.0,0.0,0.0,0.0,0.0,0.0,0.0,0.0,0.0,0.0,0.0,0.0,0.0,0.0,0.0,0.0,0.0,0.0,0.0,0.0,0.0,0.0,0.0,0.0,0.0,0.0,0.0,0.0,0.0,0.0,0.0,0.0,0.0,0.0,0.0,0.0,0.0,0.0,0.0,0.0,0.0,0.0,0.0,0.0,0.0,0.0,0.0,0.0,0.0,0.0,0.0,0.0,0.0,0.0,0.0,0.0,0.0,0.0,0.0,0.0,0.0,0.0,0.0,0.0,0.0,0.0,0.0,0.0,0.0,0.0,0.0,0.0,0.0,0.0,0.0,0.0,0.0,0.0,0.0,0.0,0.0,0.0,0.0,0.0,0.0,0.0,0.0,0.0,0.0,0.0,0.0,0.0,0.0,0.0,0.0,0.0,0.0,0.0,0.0,0.0,0.0,0.0,0.0,0.0,0.0,0.0,0.0,0.0,0.0,0.0,0.0,0.0,0.0,0.0,0.0,0.0,0.0,0.0,0.0,0.0,0.0,0.0,0.0,0.0,0.0,0.0,0.0,0.0,0.0,0.0,0.0,0.0,0.0,0.0,0.0,0.0,0.0,0.0,0.0,0.0,0.0,0.0,0.0,0.0,0.0,0.0,0.0,0.0,0.0,0.0,0.0,0.0,0.0,0.0,0.0,0.0,0.0,0.0,0.0,0.0,0.0,0.0,0.0,0.0,0.0,0.0,0.0,0.0,0.0,0.0,0.0,0.0,0.0,0.0,0.0,0.0,0.0,0.0,0.0,0.0,0.0,0.0,0.0,0.0,0.0,0.0,0.0,0.0,0.0,0.0,0.0,0.0,0.0,0.0,0.0,0.0,0.0,0.0,0.0,0.0,0.0,0.0,0.0,0.0,0.0,0.0,0.0,0.0,0.0,0.0,0.0,0.0,0.0,0.0,0.0,0.0,0.0,0.0,0.0,0.0,0.0,0.0,0.0,0.0,0.0,0.0,0.0,0.0,0.0,0.0,0.0,0.0,0.0,0.0,0.0,0.0,0.0,0.0,0.0,0.0,0.0,0.0,0.0,0.0,0.0,0.0,0.0,0.0,0.0,0.0,0.0,0.0,0.0,0.0,0.0,0.0,0.0,0.0,0.0,0.0,0.0,0.0,0.0,0.0,0.0,0.0,0.0,0.0,0.0
hsa.mir.450a.2,0.998648085,0.343060438,-1.530957323,-1.230363874,-2.340178575,-1.306694856,0.943169005,-0.848107695,0.086625663,1.25365667,-0.943778546,0.266104575,1.966306542,0.615229827,-0.757091432,-0.99464551,-0.695687063,-0.718832178,-0.810947163,-3.519201896,-0.269621396,-0.833540639,-0.053822372,-0.112126484,0.731202121,-0.221113455,0.731924194,1.23880117,1.143026039,-0.450249993,-0.301638342,-0.013138973,1.87855389,0.707278891,0.295216343,-1.103594286,-0.123644614,0.650437487,-0.245350908,-0.137202451,-0.573624349,-2.550261195,0.446694522,-0.267164592,-0.537070468,1.066462596,0.237592164,1.225592223,-0.330547574,-0.86022227,0.38645884,0.418409489,0.432426681,-0.129956655,-0.270804764,-0.393046346,-0.773071926,-0.546801061,0.022438492,-0.783407392,0.565684568,0.610925863,-1.208606031,-1.384005054,-0.866009204,-0.564460006,0.27511922,-0.206979147,1.027489734,1.291204237,1.781317787,-0.366952389,-0.519599882,-0.422952055,0.512211559,0.044530785,0.6710754,-0.459822844,0.257035919,0.959293147,0.203930168,-0.622415373,-1.493124679,0.424902356,-0.461900509,-0.536219201,-0.007958533,2.735376628,-0.735338365,0.746924715,2.21626588,1.306175777,2.124426316,0.696242517,0.100655847,-2.668472864,0.175716177,0.817513539,-1.529413903,-0.229610391,0.433006179,0.697254463,0.20735928,-1.475383188,1.000801264,0.478792403,0.395282139,-0.09881893,1.519962627,0.000238529,-0.267632954,0.696844069,1.972067618,1.32508497,-0.8165153,0.636858509,1.01320849,0.091543863,-0.600792794,0.704528096,-2.260010397,1.383686985,-0.483028798,-0.928549174,1.335624985,-0.392086093,-0.701116081,-0.476757242,0.355574451,-0.35137226,0.311620724,0.35359303,1.440286339,0.3882892,-0.831324865,0.017347568,-0.466689047,0.051666282,-0.743735108,1.011580169,-0.148035927,0.35781778,-0.488291113,-1.832563601,0.755187223,-0.927804124,1.000598494,0.3348653,-0.992080695,-0.156568262,-0.04513324,-0.187845851,1.853555492,-0.14233102,1.022403451,-0.339709083,-0.136426345,0.368396492,1.041863654,-1.311044243,1.245663947,-2.130645073,-0.096364843,-0.211067431,-0.793846004,-1.65284839,0.180882452,-0.093462274,1.1870975,0.190582939,-0.97220277,-1.007065103,0.815378201,-0.884021259,1.124856955,0.234883934,0.54219594,0.313770521,3.363218346,1.042089906,-1.049926626,-0.652743371,-0.029689255,-0.167491081,-0.775120498,-0.404057277,0.664209425,0.998062953,-0.425196342,-1.405126838,-0.367819335,1.483153775,1.105583994,-0.584820995,0.442793924,0.639478602,-0.437694622,-2.139205097,0.906315051,-0.247255732,0.127215583,0.275850386,0.081087963,-2.88301299,0.302367526,0.172361307,1.434590297,0.239514286,-0.816806793,-0.441094425,-1.410939364,-0.846938295,-0.858258475,-0.415617639,0.008329617,0.498955522,0.492573496,-0.045721412,0.730368555,-0.128266831,-0.955245174,-0.28155175,-0.229622645,0.153917905,0.920047986,-0.813980337,2.284790858,0.536669218,0.611979188,0.864250574,-0.617337203,0.652507465,-0.164985889,-0.565625838,-0.173335753,0.844769626,-1.040037913,-1.516846136,0.352496708,0.471787687,0.743659805,0.133698308,0.46970626,-1.760401187,1.122362517,0.959553255,-0.032324022,-0.90036742,-2.171229339,0.013642291,-1.244590072,0.106846385,-0.654348665,-0.987995141,-1.225392687,-0.892869044,1.838298024,-1.543923869,1.318207568,-0.423082465,-0.265620688,-0.24623589,-0.112805534,-0.074858715,0.015675923,-0.172666095,-1.662881413,-0.778366052,0.777940687,0.798455936,0.538076891,-0.990098139,-0.532983398,0.95675641,1.617330745,-0.261376805,-1.067720363,-0.763961653,0.971496767,-1.196492225,0.101591621,-2.026296757,-0.589998504,0.626773968
hsa.mir.167a,0.0,0.0,0.0,0.0,0.0,0.0,0.0,0.0,0.0,0.0,0.0,0.0,0.0,0.0,0.0,0.0,0.0,0.0,0.0,0.0,0.0,0.0,0.0,0.0,0.0,0.0,0.0,0.0,0.0,0.0,0.0,0.0,0.0,0.0,0.0,0.0,0.0,0.0,0.0,0.0,0.0,0.0,0.0,0.0,0.0,0.0,0.0,0.0,0.0,0.0,0.0,0.0,0.0,0.0,0.0,0.0,0.0,0.0,0.0,0.0,0.0,0.0,0.0,0.0,0.0,0.0,0.0,0.0,0.0,0.0,0.0,0.0,0.0,0.0,0.0,0.0,0.0,0.0,0.0,0.0,0.0,0.0,0.0,0.0,0.0,0.0,0.0,0.0,0.0,0.0,0.0,0.0,0.0,0.0,0.0,0.0,0.0,0.0,0.0,0.0,0.0,0.0,0.0,0.0,0.0,0.0,0.0,0.0,0.0,0.0,0.0,0.0,0.0,0.0,0.0,0.0,0.0,0.0,0.0,0.0,0.0,0.0,0.0,0.0,0.0,0.0,0.0,0.0,0.0,0.0,0.0,0.0,0.0,0.0,0.0,0.0,0.0,0.0,0.0,0.0,0.0,0.0,0.0,0.0,0.0,0.0,0.0,0.0,0.0,0.0,0.0,0.0,0.0,0.0,0.0,0.0,0.0,0.0,0.0,0.0,0.0,0.0,0.0,0.0,0.0,0.0,0.0,0.0,0.0,0.0,0.0,0.0,0.0,0.0,0.0,0.0,0.0,0.0,0.0,0.0,0.0,0.0,0.0,0.0,0.0,0.0,0.0,0.0,0.0,0.0,0.0,0.0,0.0,0.0,0.0,0.0,0.0,0.0,0.0,0.0,0.0,0.0,0.0,0.0,0.0,0.0,0.0,0.0,0.0,0.0,0.0,0.0,0.0,0.0,0.0,0.0,0.0,0.0,0.0,0.0,0.0,0.0,0.0,0.0,0.0,0.0,0.0,0.0,0.0,0.0,0.0,0.0,0.0,0.0,0.0,0.0,0.0,0.0,0.0,0.0,0.0,0.0,0.0,0.0,0.0,0.0,0.0,0.0,0.0,0.0,0.0,0.0,0.0,0.0,0.0,0.0,0.0,0.0,0.0,0.0,0.0,0.0,0.0,0.0,0.0,0.0,0.0,0.0,0.0,0.0,0.0,0.0,0.0,0.0,0.0,0.0,0.0,0.0,0.0,0.0,0.0,0.0,0.0,0.0
hsa.mir.500b,-0.949332922,1.374094918,-1.304059184,-0.53776986,-1.260118241,-0.3105176,0.890513044,-2.714701692,-0.070399465,-0.239124505,0.824558778,-0.895388374,-0.307090463,-0.398654852,2.138731255,1.491462737,-1.795550669,-0.285574995,1.159171549,-1.877375308,-0.004141735,0.448444564,2.06936777,-1.71516898,0.862831673,-0.02056857,0.548850947,-0.84179697,-1.832566678,-0.294444788,0.604182836,-1.591242095,-1.007360751,0.552028824,-1.108121798,-0.64623994,-1.436718489,-1.58658583,-1.393301497,-0.18722508,-0.270162427,-2.086813364,-0.938534879,0.926865536,0.334697771,-0.499403846,0.194644349,0.217160284,-0.30044676,-0.244539076,1.787081262,-2.607462971,-0.97848789,0.698547788,-0.43247391,-1.272721183,-0.073663446,-0.648485118,-0.644004802,-1.645194114,-1.128866576,-0.948398035,-0.53396283,-0.398603013,1.332256905,-1.213079277,-0.797768316,-2.572714361,-0.143372075,0.13684072,-0.317420048,-2.715272523,-0.465688891,0.770483602,-1.222827344,-0.95304797,0.16748086,-1.130040562,1.940565483,-1.086816401,-0.813509765,-2.679788276,-0.748511938,0.019024275,-1.0168834,-0.88812942,0.404720003,0.110592935,0.188975632,-0.776686275,-0.837170677,-1.578878689,0.492973154,-0.055499216,0.972977617,-0.369850532,0.198058333,0.564873229,-0.136322655,-0.760393018,0.817472173,-1.097336842,-0.743810155,-1.487009092,0.345658589,2.468931618,0.632893066,0.586557857,-1.401497665,0.266234084,0.512745228,0.021447084,-0.197020189,-1.474657585,0.493388829,-0.665521673,1.217174221,-0.522942885,-2.191928544,-1.233241427,1.613440481,0.781964894,-1.496043442,-0.114418765,-0.562993801,2.032114149,1.638465846,-0.184661289,-0.493530049,0.025022659,0.058828848,0.941494128,0.287028882,0.271549645,0.439976247,0.889891513,-0.072697658,0.307913686,-0.603475293,-1.542087756,0.375399042,0.784077702,-0.965783101,1.765345671,0.147147454,0.210837895,-1.054064343,-1.275464896,-0.065996731,-1.045016027,-1.015891411,0.616202068,-1.28108247,-0.180683612,-1.078514314,0.458927817,-0.321507157,0.401222815,0.249825032,0.391898078,-0.858085736,-1.03379203,0.229140044,1.947645362,0.806935873,-0.146891762,-1.070762073,0.118173083,-0.591426572,0.888461457,1.050852958,-0.459504398,0.031756202,0.687247241,-1.355102289,-0.715524429,0.332741547,0.635036078,0.803187732,-0.437504166,1.493408612,0.516939983,-0.296104982,1.14471366,-0.071696373,-1.575982988,-1.27961176,-0.742934529,0.436379281,0.669037911,-0.635760918,0.651060175,0.907573055,-0.542460496,-0.176516018,1.274631103,1.824463013,0.324509867,2.015121173,0.582295439,1.393550982,0.721678858,0.817032241,1.306635756,-0.249578537,0.540432932,0.019871228,-0.393893667,-1.039062804,0.96406729,-0.84224039,1.487435519,1.134397954,-0.940118307,0.833577708,0.244637622,-1.21039767,0.846092067,0.312051988,0.450584026,2.006976434,0.796097919,0.123100253,-0.701302772,-0.366452194,-0.411805358,-0.895171449,-0.614226962,0.871572939,0.079908427,0.225687886,-0.477204221,1.412845941,1.0850458,-0.30805201,-1.029879386,-0.107546107,0.990977282,-0.9244985,-0.07796329,-0.21579098,0.002342975,0.593299733,-0.441852286,1.79318822,1.905228375,0.775502518,0.036278229,1.076754463,-0.031654399,-1.384688479,2.248590785,-0.036121519,-1.753480426,1.138483435,0.157681623,1.252765636,0.725053119,-0.293543617,1.052960929,0.874877629,-0.990431426,-0.91228338,-0.188611191,1.013081942,0.897332442,-0.131918832,1.239700831,0.670846177,0.529278287,1.338450955,-0.16857499,0.927674185,0.772829176,0.229346438,1.126033273,-1.00238943,1.229088179,-1.46047263,1.410980418,0.789931412,1.23367433,0.402375789,-0.708605227
hsa.mir.1228,-1.258371837,-0.184891154,-0.468165775,1.346959287,0.378877452,0.182261314,-0.16212079,2.089315583,0.28850936,-1.166655995,-0.05498882,0.194073774,0.429080431,-0.642894501,-0.477646787,1.569899259,2.031245126,0.20845973,-0.737851533,2.253494221,0.292561987,1.002673022,-0.820480248,1.078628701,0.2122336,2.495324092,0.584256539,0.90379551,-1.168936533,0.098381218,2.4701351,0.868704488,-0.084020233,-0.471815872,-1.794106248,0.283216321,-0.355283201,-0.089859266,-0.841185582,-0.136760071,-0.242726368,-0.687225162,-0.558525566,-0.96082593,1.944727462,1.787297476,0.584564795,0.903085915,0.81937798,-0.460652378,-1.302977481,0.043754438,-1.065676658,0.01092543,0.634533713,-0.450084084,-0.462043314,2.333803906,-1.880456598,0.15306502,1.695451306,-1.567299497,0.466222166,1.534693347,1.66797626,-0.356282601,1.529574731,-0.521080386,-2.094380252,-0.622206222,-0.758918422,1.252765589,0.75725745,0.273499978,0.024679009,0.13491576,-0.892512736,-0.328048922,0.13510334,-1.101886769,0.057748603,1.29743517,-1.14517973,0.971662638,0.145636008,0.80915765,2.391642569,-0.267173817,-0.609316851,-1.43722111,-0.610964467,1.185553341,-1.516455261,-0.474995733,-1.662179939,0.722170838,-0.72619451,0.032892947,0.580837549,0.312793716,-0.779825619,-0.995519819,-0.369180075,0.12165297,0.312746428,-0.934967065,0.698127303,2.06669299,-1.432779045,-0.100742005,-1.213070832,-1.358450201,-1.362140497,-1.497356001,-0.134523148,0.875715888,-1.490720986,-0.218187124,1.422019946,0.467760345,-1.252569599,-0.379615276,0.118671727,0.64797948,1.176593461,-0.565496577,-0.645782545,-0.670240644,-0.612846538,-0.38976146,-1.696479731,-1.537721979,-0.778745595,-0.895209795,1.572231169,0.140626058,0.474466028,0.887286711,-0.91794717,0.427021584,0.080548227,1.91241045,0.102238305,-1.587683967,-1.537519609,1.778880585,1.358629904,-1.137299636,-1.048175498,0.40416643,-0.861932275,0.875615227,0.265401499,-0.797795391,-0.790941122,-0.793130441,0.49465402,-1.689933336,-0.747862147,-0.402786568,0.94349014,-0.451720407,-0.706085639,-0.075366683,1.660388008,0.788553264,-0.66356837,0.075917877,-0.209868988,-1.843987228,-0.34897354,-1.208448247,-1.256809025,1.67437947,-0.158845404,-1.67819332,-0.706109588,-0.822968982,-0.941383656,-0.828882799,-0.603733687,-0.68823369,1.557667303,0.114498743,0.055578106,0.733103726,-0.703167164,0.823151631,1.94861532,0.693198233,-0.732988052,-0.928595263,0.202046401,1.126617623,1.288463489,-0.931077352,-0.708500823,0.864338776,1.590527333,0.595966309,1.103003429,-0.159189054,-0.994483052,-1.028387906,0.158654423,-2.693725922,1.100177528,-0.635861249,-0.716370367,-1.760195457,-0.815736519,2.481199735,2.271450945,1.253154068,0.756388262,-0.120707616,0.02505492,-1.289134212,-0.888839072,1.393628757,-0.741522481,0.431419294,-0.629599678,0.105855759,-1.017071844,-1.701853991,-0.277571692,1.230755053,-0.267023613,1.233935711,-0.620891901,1.66505401,-0.952934307,-0.863163978,-1.038546038,-0.600809185,0.005938308,0.190274438,-0.655224059,-0.653272427,-0.779989561,-0.231942637,0.425208779,-0.413304426,-1.863666032,-0.883977654,-0.895747115,-0.619733806,-0.09311017,-0.806481404,0.027008935,0.127364866,-0.317488548,0.732830145,0.673984924,0.165665172,0.840603195,-0.787028546,1.132233169,-0.195248124,-0.520485857,0.945562917,-0.037078168,3.085730786,0.488899513,-0.462050646,-0.232143012,0.605672524,1.287227181,0.175443775,0.294644845,0.271400518,-1.75502919,-0.692384743,-0.935276783,-0.040032838,0.106741635,0.148734976,1.939559779,0.791159039,-0.616616644,0.368571968,-0.472222502,1.228538427
hsa.mir.181a.2,-0.190205798,1.132914976,1.302128496,0.302607223,0.138049017,-1.980047,-0.634362432,-2.040870862,-1.672797236,1.266577133,0.450797186,-0.197275607,0.753134293,0.145096558,0.276772404,-0.285169541,-0.275971452,0.931390827,0.8455342,-2.094288918,1.043369541,-0.546766994,-0.063498443,-0.365489202,-1.910557292,-0.924024103,-0.154035162,-1.544126932,1.202751736,0.828613378,0.691122137,0.533389092,-0.069844211,1.138198921,0.183179691,0.083623767,0.46836299,-0.437050649,0.093672595,-0.312339889,-0.389732649,-0.299858296,0.401975843,0.957167191,1.422997364,0.156487468,0.621973851,-0.111270578,-0.655256878,0.457720997,0.535596418,0.546431401,1.827854766,0.199803864,0.697883618,-1.095989069,0.401971012,-1.261370256,0.226423974,0.50772987,0.20871409,0.269614638,0.392631978,-0.761666261,0.20510469,1.219919597,-1.336370781,1.753883859,-0.410811107,0.240846818,-1.529963723,0.725052225,1.332498904,0.876991242,-0.432946726,-0.838916208,-0.97426072,-0.9055955,-0.057153856,-0.571605893,0.066077348,0.248885425,1.350914473,1.499180601,-0.374093306,-1.052692159,-1.710699591,-2.877288785,-0.830310786,-0.433249258,-0.666913564,-1.373454682,0.244658994,1.107112381,-0.979965768,-0.649035237,0.43060928,0.470276123,0.683706607,-0.567885262,-0.233567358,0.207771573,0.553128246,-1.046728422,0.637616694,0.502016627,-1.49229701,-0.839831792,0.051549486,0.094011584,1.145349101,0.935018882,-0.834794912,-0.050193373,0.475521533,0.522575294,0.348823711,0.110619861,0.920088122,1.021692682,0.768503591,0.645012387,-0.193597796,-0.268647781,0.480585151,0.668360922,-0.953980918,-0.577432621,0.37543285,0.527287816,0.623980754,0.62503001,1.209718297,0.996159399,1.78335878,1.638093531,0.32671323,0.810392586,0.286203433,0.663312997,-0.34165792,1.226864284,-0.148403073,0.324962023,-0.331358552,1.134483438,-1.278929792,0.415021606,0.475069537,0.470521988,-0.774955932,1.192269139,-0.429837369,0.405921694,-0.947597747,0.80587819,-0.648430387,-0.054140898,-0.153745128,-0.232277115,-0.94512637,-0.671469093,0.53132261,-0.313275661,-2.049053862,-0.096553417,0.458069546,1.932803058,1.110206592,0.64502215,2.296877612,1.179924319,1.0037705,0.024130459,1.372962466,1.583361452,1.217152182,0.710365196,0.03799275,0.439443188,0.53772425,0.826524144,-0.279204955,-0.581871936,0.872860705,0.278326487,0.2106225,0.359114277,-1.169840345,0.982380562,1.228092693,-0.236134343,0.82177119,-0.64001647,-1.163471806,-0.489549865,1.025727016,-1.264400338,-0.25596249,0.190528792,-1.061721341,0.567249157,1.154426401,0.517519114,3.577766975,1.480339029,1.255954176,0.833228073,0.585114954,1.065722139,-0.640362025,0.422318711,-0.656161131,0.095471373,1.171858097,0.88150791,-0.177712834,-0.061683129,0.577070018,0.41123044,1.101119647,0.952796147,0.823075291,0.97936854,0.327573917,0.317238223,0.315108682,-1.279712352,0.976260511,-1.081621796,-0.99152238,1.804403099,0.322760061,0.702286712,0.973805763,-0.207639201,0.370219862,1.397362319,1.021280439,0.54108558,-0.043399956,0.927895177,0.525846702,1.369886148,0.075247124,1.587160016,0.39444656,0.036163936,-0.811114752,0.486750811,0.498566346,0.121707691,1.415752173,-0.382061834,1.651570472,-0.025822428,1.811435966,1.804759,0.822682117,-0.870807734,0.737406166,0.47023919,-0.09909317,-0.320009409,1.262142546,0.369950916,-0.62293089,0.038727558,-0.658015464,0.066536679,0.479643168,1.785726092,-0.826787087,0.824091844,0.426585802,0.991888052,-0.484892193,0.461735176,0.610997425,1.028654792,0.841255922,-1.096997903,-0.055424611,1.214375718
hsa.mir.5683,-0.113605288,-0.388058663,-0.32671036,1.256303519,1.742242582,1.597721656,0.086239026,0.176013777,1.020303779,-0.19169831,-0.103542607,1.006893076,0.899066956,-1.210831943,0.613906467,1.651704148,1.726816082,-0.656259123,0.812559311,2.776470927,0.2731643,1.644744453,0.49344482,0.617529112,1.732700034,1.545811253,-0.196238278,-0.991604281,0.192126144,0.034642864,0.881885922,1.162804652,-1.604412246,0.563706961,0.393374554,0.736738785,-1.061885909,-0.592947619,-0.154026596,1.133179803,-0.112295847,0.067387251,1.437380492,0.910266775,-0.458150888,0.662865741,-1.723391892,0.224079204,1.763505261,-0.234287567,0.013181949,-2.788934649,1.521229415,-0.619937302,-1.792393978,-1.577171252,-0.327885091,1.480997042,-0.16679121,0.057711731,-0.12319886,-0.516228351,0.027085978,0.011890682,-0.470802749,-0.404479681,-0.714307654,0.99944186,1.158975543,2.363851799,-1.599387362,-0.360922598,-0.892885796,0.916019825,0.919014692,-0.991652263,0.32852154,0.20511647,-0.12541594,0.86319011,1.514548152,-0.163653713,1.328321209,1.8001268,2.14278662,1.184058933,3.165383983,-1.600368073,-0.894143209,-0.38870968,1.492447752,-0.825756543,0.666260687,-0.295013677,-1.288026514,-0.147905782,-0.574263242,-0.447534033,-1.335218031,-0.724497987,0.539472437,0.086770004,-0.14164888,0.801184854,-0.058425197,-0.16679187,-0.67268679,0.038041631,-0.017011231,0.865051375,-0.789427257,-1.10216269,-0.571067448,-0.702871723,-0.127185943,-0.827733888,-0.66074318,0.853651062,-0.846437785,-0.024099413,1.112895435,1.815047822,0.85678179,-0.504961206,-2.284264202,1.524807291,0.415355295,-1.071859861,1.396897216,-0.981005591,-1.16734061,-0.713534452,-0.406494707,-0.708086642,-0.633582738,-1.189082984,-0.671656275,0.639998994,-0.207457247,-0.9089962,-1.776944738,-0.67173725,-0.104913419,0.307960497,-0.808195049,1.060374786,0.202479423,0.044546683,0.563726032,-0.254336651,-0.149240955,0.193800958,-0.71449504,-0.757255791,-0.897107449,-0.619328643,0.386410307,0.757794124,-0.909644527,0.732478427,0.719109226,1.61900675,0.147028418,0.055381876,4.543983709,-1.254719183,0.163058565,-2.206313886,0.005031766,0.264922625,-1.436740279,-0.789883518,-0.233301534,-0.238044914,-1.279365599,-0.339637258,0.062883334,1.219719795,1.140382242,0.891036551,0.764427951,-0.610410723,0.894480956,2.73553293,-0.972898958,-0.605875674,-0.686622183,-0.381684835,-0.08439043,0.692422887,-0.817651968,0.962259408,-0.167397249,0.516457074,-0.354339747,1.325860145,1.045717063,0.747271221,-0.237888228,-1.141338987,1.189215217,0.641959868,-0.559280474,2.34250153,1.50006581,-0.989860602,-0.131809679,-0.089821245,0.973262132,-0.559531614,-0.317193608,1.129568128,-0.352190681,-0.538308371,-0.371442745,-0.01334989,-0.558963625,-0.864887484,0.704838602,-1.21796597,-1.476446239,0.662863773,1.413171252,1.475991162,0.075579682,0.215338863,-0.383225684,0.535900369,-0.618118474,-0.242747258,-1.320409821,-0.583629718,-0.986262389,-0.244888721,0.39416562,0.287508679,-0.359362903,-2.423300913,-0.639789147,-1.076730086,-0.285800201,-0.471141979,-1.311695531,-2.066055807,-0.938197437,-0.585642271,-0.829338371,0.378504664,1.074205926,0.929976201,-0.58918144,-0.248473411,0.567895805,1.956777519,-0.771870337,0.82013774,-0.18998032,-1.129348895,-0.9003238,0.219399787,-0.623211061,-1.176856046,-0.408325094,0.257421913,0.309891626,-0.241312292,0.429950698,1.086630506,-0.121622118,0.660852115,0.007526681,-2.774060641,-0.675067941,-0.081768342,-0.780976428,-2.071838084,0.815764003,0.416845637,-0.466301719,-0.204198769,-1.039600578,-0.538651732,0.510733834,-1.166886594
hsa.mir.366,0.0,0.0,0.0,0.0,0.0,0.0,0.0,0.0,0.0,0.0,0.0,0.0,0.0,0.0,0.0,0.0,0.0,0.0,0.0,0.0,0.0,0.0,0.0,0.0,0.0,0.0,0.0,0.0,0.0,0.0,0.0,0.0,0.0,0.0,0.0,0.0,0.0,0.0,0.0,0.0,0.0,0.0,0.0,0.0,0.0,0.0,0.0,0.0,0.0,0.0,0.0,0.0,0.0,0.0,0.0,0.0,0.0,0.0,0.0,0.0,0.0,0.0,0.0,0.0,0.0,0.0,0.0,0.0,0.0,0.0,0.0,0.0,0.0,0.0,0.0,0.0,0.0,0.0,0.0,0.0,0.0,0.0,0.0,0.0,0.0,0.0,0.0,0.0,0.0,0.0,0.0,0.0,0.0,0.0,0.0,0.0,0.0,0.0,0.0,0.0,0.0,0.0,0.0,0.0,0.0,0.0,0.0,0.0,0.0,0.0,0.0,0.0,0.0,0.0,0.0,0.0,0.0,0.0,0.0,0.0,0.0,0.0,0.0,0.0,0.0,0.0,0.0,0.0,0.0,0.0,0.0,0.0,0.0,0.0,0.0,0.0,0.0,0.0,0.0,0.0,0.0,0.0,0.0,0.0,0.0,0.0,0.0,0.0,0.0,0.0,0.0,0.0,0.0,0.0,0.0,0.0,0.0,0.0,0.0,0.0,0.0,0.0,0.0,0.0,0.0,0.0,0.0,0.0,0.0,0.0,0.0,0.0,0.0,0.0,0.0,0.0,0.0,0.0,0.0,0.0,0.0,0.0,0.0,0.0,0.0,0.0,0.0,0.0,0.0,0.0,0.0,0.0,0.0,0.0,0.0,0.0,0.0,0.0,0.0,0.0,0.0,0.0,0.0,0.0,0.0,0.0,0.0,0.0,0.0,0.0,0.0,0.0,0.0,0.0,0.0,0.0,0.0,0.0,0.0,0.0,0.0,0.0,0.0,0.0,0.0,0.0,0.0,0.0,0.0,0.0,0.0,0.0,0.0,0.0,0.0,0.0,0.0,0.0,0.0,0.0,0.0,0.0,0.0,0.0,0.0,0.0,0.0,0.0,0.0,0.0,0.0,0.0,0.0,0.0,0.0,0.0,0.0,0.0,0.0,0.0,0.0,0.0,0.0,0.0,0.0,0.0,0.0,0.0,0.0,0.0,0.0,0.0,0.0,0.0,0.0,0.0,0.0,0.0,0.0,0.0,0.0,0.0,0.0,0.0
hsa.mir.192.2,0.235889673,-0.275392894,0.429723824,0.00987832,0.824029651,-0.644321673,0.675528425,1.807468097,2.272994441,0.692796854,-0.972606559,-0.235731899,-0.310937643,-0.516020526,-0.95054752,-0.334797165,0.190001656,-1.450332622,-0.321338462,-0.838040214,-1.362589442,-1.144705688,-0.630602813,0.101663742,1.357840393,-0.401350365,1.875482704,1.797081267,0.494890415,3.341775083,1.710702557,-0.332319556,2.092940359,0.065051914,0.786309797,0.272690132,0.171037892,0.158803504,0.063605196,-0.432595531,-0.163665788,0.883823512,0.67190215,0.299145503,0.060315796,-1.442728642,0.268683783,1.113608788,0.578970609,-1.032438054,0.454932158,2.304197775,0.025129569,1.90907176,-1.261312129,1.902314974,-1.138636093,0.302079593,1.177430749,-0.091122967,0.35965205,-0.0380069,-1.207253538,-0.226583623,-1.026348647,-0.687774371,1.086649179,0.283725725,0.391107101,-0.156759122,0.035357527,0.638313556,-0.299951578,0.680319955,0.018909179,1.130193977,0.252276339,1.64670312,-0.022272564,0.197501572,0.095697498,0.960612305,0.050388884,-0.254505538,1.533150161,0.106685492,0.15174388,1.694065831,1.461065086,0.027098092,0.643339397,0.01004781,-0.072845132,0.21816234,1.385208155,0.036515531,-0.039645872,1.783908746,-0.400138404,0.12869357,-0.819750212,-0.353928344,-0.44185456,0.805474093,-0.11126572,-0.226339563,-0.12377149,-1.159266313,-0.808638026,-1.269868905,-0.666654351,-0.354942954,-0.247256433,-0.944961648,-0.987178478,-0.803843706,-1.437542658,-1.362484913,-1.010781379,-0.82052222,-0.957841766,-0.331293033,-0.708161787,-0.964570395,-0.592211185,-1.480425172,-0.76058844,-1.127839036,-0.344413675,-0.920402812,-1.378542285,-1.289363898,-0.940804599,-0.827744054,-1.665028168,-1.798014834,-0.98696216,-1.362970003,0.276124981,0.662798376,-0.113385932,0.318244786,-0.068437969,0.148443899,-0.273681504,-0.063488048,1.351217547,-0.058335386,0.001443112,0.259150633,-0.139608601,-0.186487457,0.968136615,0.623083831,0.417301987,-0.703319659,-0.248751291,-0.012029419,-0.09655649,0.029440628,-0.33695393,1.047524716,0.785015885,0.061951133,-0.357274434,-0.213304464,0.037491712,-0.282041197,0.171493958,0.152387145,0.148033714,-0.295298596,-0.831766155,-0.746840725,-0.082586771,-0.462980424,0.060294997,1.732994208,1.105720663,-0.598061825,-1.135100813,-0.799834406,-0.592270395,-0.539942212,-1.230941338,-0.832128048,-0.864974925,-0.323542792,-1.278388059,-1.199467163,-0.46575825,-0.143516441,-0.790914904,-1.027580728,-1.354199895,-0.707669482,0.0284179,0.471297412,-1.289669767,-0.665929949,-0.266050713,-0.902391648,-0.672572671,0.832839742,-0.443920813,0.293351075,-0.30398601,-0.423829194,-0.47183353,-0.163091668,-0.627307948,-0.881904172,-0.999732408,-0.025199849,-0.357341673,-0.80205022,-0.812036128,-0.89493754,-0.644363111,-1.509149295,-0.055179822,-1.107754476,-0.343908045,-0.25261394,-0.286452118,-0.053397275,0.629948935,0.423511128,-0.407445414,-1.211657893,0.466591374,-0.20935535,0.384442113,0.321659171,0.019332908,-0.747744657,-1.588935946,-0.332022942,0.039276458,0.504903131,0.1150587,-0.147445788,-0.003431315,-0.966518732,-0.505357133,-1.437961034,-1.187465479,-0.288709922,-1.037497682,-1.182434454,-0.656395134,-0.31816082,-0.330601441,-0.910391835,-1.305478115,-0.948307842,-0.897481618,-1.435391692,-0.63160962,-0.860798085,-1.923064499,-0.897820045,-0.766349514,-0.250555198,-1.010220507,-1.007620686,-1.011539506,0.364096995,-0.475766076,-0.935717398,-1.031012063,-1.675006955,-0.604170671,-0.712125504,-1.142735772,-1.368288838,-1.085227788,-1.068213156,-0.560781767,-0.52633,-1.073894183,-0.930245272,-1.553291276,-0.999077308
hsa.mir.192.3,0.0,0.0,0.0,0.0,0.0,0.0,0.0,0.0,0.0,0.0,0.0,0.0,0.0,0.0,0.0,0.0,0.0,0.0,0.0,0.0,0.0,0.0,0.0,0.0,0.0,0.0,0.0,0.0,0.0,0.0,0.0,0.0,0.0,0.0,0.0,0.0,0.0,0.0,0.0,0.0,0.0,0.0,0.0,0.0,0.0,0.0,0.0,0.0,0.0,0.0,0.0,0.0,0.0,0.0,0.0,0.0,0.0,0.0,0.0,0.0,0.0,0.0,0.0,0.0,0.0,0.0,0.0,0.0,0.0,0.0,0.0,0.0,0.0,0.0,0.0,0.0,0.0,0.0,0.0,0.0,0.0,0.0,0.0,0.0,0.0,0.0,0.0,0.0,0.0,0.0,0.0,0.0,0.0,0.0,0.0,0.0,0.0,0.0,0.0,0.0,0.0,0.0,0.0,0.0,0.0,0.0,0.0,0.0,0.0,0.0,0.0,0.0,0.0,0.0,0.0,0.0,0.0,0.0,0.0,0.0,0.0,0.0,0.0,0.0,0.0,0.0,0.0,0.0,0.0,0.0,0.0,0.0,0.0,0.0,0.0,0.0,0.0,0.0,0.0,0.0,0.0,0.0,0.0,0.0,0.0,0.0,0.0,0.0,0.0,0.0,0.0,0.0,0.0,0.0,0.0,0.0,0.0,0.0,0.0,0.0,0.0,0.0,0.0,0.0,0.0,0.0,0.0,0.0,0.0,0.0,0.0,0.0,0.0,0.0,0.0,0.0,0.0,0.0,0.0,0.0,0.0,0.0,0.0,0.0,0.0,0.0,0.0,0.0,0.0,0.0,0.0,0.0,0.0,0.0,0.0,0.0,0.0,0.0,0.0,0.0,0.0,0.0,0.0,0.0,0.0,0.0,0.0,0.0,0.0,0.0,0.0,0.0,0.0,0.0,0.0,0.0,0.0,0.0,0.0,0.0,0.0,0.0,0.0,0.0,0.0,0.0,0.0,0.0,0.0,0.0,0.0,0.0,0.0,0.0,0.0,0.0,0.0,0.0,0.0,0.0,0.0,0.0,0.0,0.0,0.0,0.0,0.0,0.0,0.0,0.0,0.0,0.0,0.0,0.0,0.0,0.0,0.0,0.0,0.0,0.0,0.0,0.0,0.0,0.0,0.0,0.0,0.0,0.0,0.0,0.0,0.0,0.0,0.0,0.0,0.0,0.0,0.0,0.0,0.0,0.0,0.0,0.0,0.0,0.0
hsa.mir.576,-1.805386507,-1.545592749,1.494246334,0.975207431,1.16491148,1.872068821,1.589708415,-1.743113449,0.65874265,-0.515373199,0.831593752,0.576777703,-0.255095296,0.542797745,0.148471111,0.729508532,0.75975997,-0.187274586,0.593130791,-1.272677255,0.00599546,-1.484698555,-0.610370048,1.293139948,1.440537317,1.293826109,1.372752432,0.536612833,-1.37026824,0.375142616,2.733033125,-0.53311675,0.056800283,0.053028089,1.093989699,0.745329524,-1.453550407,0.786161299,-0.961368395,-0.124752151,0.798530836,0.428139461,-1.097597698,0.126722271,-2.432268407,-0.698190157,-1.107594185,0.953249685,-0.403540499,0.154610729,0.668893075,-0.254407045,0.332093639,-0.738134254,1.084732536,-1.175944284,0.061505387,1.017803717,0.792088687,0.124739788,0.698177199,1.371128704,-0.33928372,0.940330528,-1.261068726,0.203709584,1.212546951,-0.267146127,-0.469289879,0.714494273,1.296787133,0.825013818,1.759419734,1.611424057,-0.082596982,0.385674012,0.294792749,-1.294251698,1.079006135,-0.940994972,1.314631375,0.400718727,-0.5204055,0.276550174,1.266242452,-0.889615026,1.532748454,0.705178501,0.375463551,-0.015930534,-0.688257705,0.630487754,-0.432779724,-0.836187142,-0.950509752,-0.504023906,-0.448953011,1.052513892,-1.352965692,1.924993179,-0.447623465,-0.154668509,0.952442715,0.699030112,0.392704775,1.416814305,0.573782751,-0.276482188,-0.55824455,-0.271026668,-2.763056856,0.457990275,-0.46129974,2.182798347,0.94722873,0.580441158,-1.220122963,0.641808796,-2.496875511,-1.6725079,-2.740806595,-1.007823518,0.394411495,0.548736769,0.081408848,0.404250699,1.311128411,-0.84501339,0.720111849,-0.187652158,-0.300269329,-0.896525352,-1.05710785,-0.218798909,-1.196486899,-0.930160865,-0.074848475,-0.341933426,0.272245337,0.317966215,1.111973124,0.96224657,0.552449852,-0.840205935,1.193074912,-0.025623351,0.645495935,0.53935046,-0.466103077,0.59613963,0.480800951,1.456407532,0.341807552,-1.224040817,1.397611015,0.019377669,0.540604544,0.041281219,0.003139399,1.786905836,0.14208739,-0.983661454,-1.345143288,-1.924056371,2.411942737,-0.884319336,1.22943639,0.221024779,0.803553734,0.13986109,0.484291635,-1.111027097,-1.171203527,0.048646732,0.56564234,0.098601352,-0.833553588,-0.254762655,0.436869005,-0.245487354,0.387990492,-0.090774172,0.194397036,-0.079124058,1.271282385,0.206357279,-0.960651143,1.051084824,-0.477649715,0.508233706,-0.73697775,-1.486528288,0.99598205,1.150437837,-0.12818991,0.688000021,0.52038218,0.836126248,0.910832164,0.76727623,-0.792036527,0.040796436,0.006994618,-0.205881197,-1.115243711,-1.411544361,1.957569296,-0.460917251,0.768736289,-0.053432613,1.156763755,1.611885118,0.861098625,0.978120175,-1.250672418,-0.683591961,1.034170687,-0.621759137,-1.735817466,0.176852732,0.19780873,0.467480493,0.287155466,-0.708859201,-0.208217797,0.735979748,-1.102585969,2.34548903,0.053929835,-0.298981563,-1.386871057,-0.098305229,0.540354977,-0.31778221,-0.513426996,-0.485874028,-0.539592993,1.745938571,1.048386063,-0.368974404,0.503809501,0.386125503,-0.401267258,-0.506176707,-0.534081482,0.502229702,-0.668335468,-1.214688502,0.846480669,0.251044302,-0.581706398,0.692538375,0.67393569,1.083519163,-0.019966569,-1.460514567,-0.409599694,-0.421263416,-0.250061278,-1.713287769,0.296300898,-0.182229093,0.580603138,0.308380562,-0.363136173,-0.099757947,0.008585007,0.416260827,-1.267607391,2.468512549,-1.113874077,-2.145932383,-2.663931983,-1.90570887,0.344841369,-1.021602835,-1.603687285,-1.863844001,0.348539073,-0.404080461,0.412390484,1.859786781,0.650642143,0.320445663
hsa.mir.133a,0.0,0.0,0.0,0.0,0.0,0.0,0.0,0.0,0.0,0.0,0.0,0.0,0.0,0.0,0.0,0.0,0.0,0.0,0.0,0.0,0.0,0.0,0.0,0.0,0.0,0.0,0.0,0.0,0.0,0.0,0.0,0.0,0.0,0.0,0.0,0.0,0.0,0.0,0.0,0.0,0.0,0.0,0.0,0.0,0.0,0.0,0.0,0.0,0.0,0.0,0.0,0.0,0.0,0.0,0.0,0.0,0.0,0.0,0.0,0.0,0.0,0.0,0.0,0.0,0.0,0.0,0.0,0.0,0.0,0.0,0.0,0.0,0.0,0.0,0.0,0.0,0.0,0.0,0.0,0.0,0.0,0.0,0.0,0.0,0.0,0.0,0.0,0.0,0.0,0.0,0.0,0.0,0.0,0.0,0.0,0.0,0.0,0.0,0.0,0.0,0.0,0.0,0.0,0.0,0.0,0.0,0.0,0.0,0.0,0.0,0.0,0.0,0.0,0.0,0.0,0.0,0.0,0.0,0.0,0.0,0.0,0.0,0.0,0.0,0.0,0.0,0.0,0.0,0.0,0.0,0.0,0.0,0.0,0.0,0.0,0.0,0.0,0.0,0.0,0.0,0.0,0.0,0.0,0.0,0.0,0.0,0.0,0.0,0.0,0.0,0.0,0.0,0.0,0.0,0.0,0.0,0.0,0.0,0.0,0.0,0.0,0.0,0.0,0.0,0.0,0.0,0.0,0.0,0.0,0.0,0.0,0.0,0.0,0.0,0.0,0.0,0.0,0.0,0.0,0.0,0.0,0.0,0.0,0.0,0.0,0.0,0.0,0.0,0.0,0.0,0.0,0.0,0.0,0.0,0.0,0.0,0.0,0.0,0.0,0.0,0.0,0.0,0.0,0.0,0.0,0.0,0.0,0.0,0.0,0.0,0.0,0.0,0.0,0.0,0.0,0.0,0.0,0.0,0.0,0.0,0.0,0.0,0.0,0.0,0.0,0.0,0.0,0.0,0.0,0.0,0.0,0.0,0.0,0.0,0.0,0.0,0.0,0.0,0.0,0.0,0.0,0.0,0.0,0.0,0.0,0.0,0.0,0.0,0.0,0.0,0.0,0.0,0.0,0.0,0.0,0.0,0.0,0.0,0.0,0.0,0.0,0.0,0.0,0.0,0.0,0.0,0.0,0.0,0.0,0.0,0.0,0.0,0.0,0.0,0.0,0.0,0.0,0.0,0.0,0.0,0.0,0.0,0.0,0.0
hsa.mir.5586,0.628813514,-0.557502773,0.057006677,0.564652138,0.351428003,1.058221713,1.345949015,2.153313749,-1.262174339,1.063732935,0.266038084,-0.419295018,0.158834761,0.969098196,0.136534677,0.121468923,0.17826454,-1.534438521,1.462992538,1.350795081,-0.661100859,0.552520993,1.332679619,1.268884009,0.679029859,0.117655122,0.463604673,-2.206332966,-0.142774095,-0.591224547,-0.467962409,0.660206539,-2.034956412,0.262096251,-0.4123831,-0.237934641,0.056604741,0.361947175,1.228518065,0.31833576,-0.94406916,0.108114723,1.021663239,-0.475432267,0.661712048,-0.943239726,0.026997869,0.059585123,-0.555852723,0.264665782,1.028488595,-2.774372886,0.106959196,-0.362344901,-0.811989637,0.610395629,0.05797408,0.782777443,0.332785126,0.065823194,-0.214568479,-1.030497195,0.249630456,0.827262917,-0.155048296,-0.261816314,-0.655471555,-1.006889466,-0.054376207,0.535499682,-3.051609038,0.276636434,-0.104016387,0.266044156,-0.499205678,-0.35257596,0.167514907,0.276904809,2.028284258,-0.171368807,-0.804108656,-0.169434185,-0.242136202,1.373317154,-0.848243324,1.146322675,-0.146964049,-3.448570024,-1.686425847,-1.106328024,-0.323976772,0.034575903,1.182624222,0.443633301,0.708118013,-0.491288678,-0.12116501,0.619339702,-0.59097864,-1.369186804,0.468993292,-0.538127571,-1.773738715,0.123396751,-0.477229479,0.889814249,-1.256902853,-0.176518814,-0.472941801,0.397761528,-0.150845873,-1.416751545,-0.024918108,-0.85757845,0.131212909,-0.91936227,0.252127931,-0.204980354,0.69113982,-0.781203301,-0.707960366,0.333756174,-0.133382382,0.662895805,-1.499002324,0.87575005,1.097383115,-0.008032759,-0.205485828,-1.810433231,0.164908779,-0.120447139,-0.706420815,-0.584542518,-0.741809392,-0.631895686,-0.656746644,1.204492428,-0.835919505,0.875285521,-0.509919186,1.571492867,-1.024366388,2.117223364,0.340367881,0.0937743,-1.197978594,0.310348792,-0.267386593,-0.605632988,-0.055459468,0.910659972,-1.799843169,-0.868195467,-1.263511439,0.001149059,-0.306078197,0.222187778,-0.627709024,1.997782119,-0.739158809,0.330201241,-1.846273596,1.559543807,1.984181001,-0.138296202,-1.093452577,-2.803937977,0.055368206,-0.056523474,-1.118430287,-0.563098377,-0.784547608,-1.574448498,-1.874227632,-2.116446965,0.065107405,-0.391440297,0.900801614,2.015220493,-0.28447701,0.076403115,0.624314195,0.868613222,-0.955612883,-0.847433602,-0.235617525,0.627246157,-0.393964842,1.160967048,0.536609917,0.333502342,0.777855686,1.349334283,-0.614792359,0.21324182,1.508987844,1.765257229,-0.397925279,0.174663881,1.312393086,0.023950588,1.434451911,1.061315013,1.40529523,-1.597608353,0.02946069,1.584573482,1.438920336,-1.751528532,-0.451544569,-1.446969069,0.513760819,-0.030201182,1.041250585,0.160706167,0.689910255,-0.582465268,-0.144583495,-1.286465865,-0.495209917,1.04797132,0.114647767,-0.516425677,-0.948019015,0.65663336,0.037565951,1.114452395,-1.54098216,-0.5546687,-0.813036208,-0.840837356,2.037031086,-0.661774591,0.643354753,-0.196356859,-0.049122255,-0.960066976,-1.319755541,-1.45007174,-2.574569183,-1.995337999,-0.467868328,0.328385092,-0.26682121,-1.976901697,-0.095012205,0.381755447,0.576003838,0.540875557,-0.295195311,0.730956237,0.277042255,1.396394263,0.25436102,0.571023674,-0.071891226,1.671975958,-1.633743119,1.722115703,0.366911246,-0.830580941,-0.210519952,0.694058844,1.219349431,-0.53788129,-0.004371131,1.254628246,-0.31017157,-0.401878101,-0.149229062,-2.158997652,0.413630543,0.593456307,0.130272876,-0.744538092,0.074938457,-0.058837089,1.254709733,0.629649057,-0.281192055,0.731771708,-1.636941867,-1.351823494
hsa.mir.758,0.0,0.0,0.0,0.0,0.0,0.0,0.0,0.0,0.0,0.0,0.0,0.0,0.0,0.0,0.0,0.0,0.0,0.0,0.0,0.0,0.0,0.0,0.0,0.0,0.0,0.0,0.0,0.0,0.0,0.0,0.0,0.0,0.0,0.0,0.0,0.0,0.0,0.0,0.0,0.0,0.0,0.0,0.0,0.0,0.0,0.0,0.0,0.0,0.0,0.0,0.0,0.0,0.0,0.0,0.0,0.0,0.0,0.0,0.0,0.0,0.0,0.0,0.0,0.0,0.0,0.0,0.0,0.0,0.0,0.0,0.0,0.0,0.0,0.0,0.0,0.0,0.0,0.0,0.0,0.0,0.0,0.0,0.0,0.0,0.0,0.0,0.0,0.0,0.0,0.0,0.0,0.0,0.0,0.0,0.0,0.0,0.0,0.0,0.0,0.0,0.0,0.0,0.0,0.0,0.0,0.0,0.0,0.0,0.0,0.0,0.0,0.0,0.0,0.0,0.0,0.0,0.0,0.0,0.0,0.0,0.0,0.0,0.0,0.0,0.0,0.0,0.0,0.0,0.0,0.0,0.0,0.0,0.0,0.0,0.0,0.0,0.0,0.0,0.0,0.0,0.0,0.0,0.0,0.0,0.0,0.0,0.0,0.0,0.0,0.0,0.0,0.0,0.0,0.0,0.0,0.0,0.0,0.0,0.0,0.0,0.0,0.0,0.0,0.0,0.0,0.0,0.0,0.0,0.0,0.0,0.0,0.0,0.0,0.0,0.0,0.0,0.0,0.0,0.0,0.0,0.0,0.0,0.0,0.0,0.0,0.0,0.0,0.0,0.0,0.0,0.0,0.0,0.0,0.0,0.0,0.0,0.0,0.0,0.0,0.0,0.0,0.0,0.0,0.0,0.0,0.0,0.0,0.0,0.0,0.0,0.0,0.0,0.0,0.0,0.0,0.0,0.0,0.0,0.0,0.0,0.0,0.0,0.0,0.0,0.0,0.0,0.0,0.0,0.0,0.0,0.0,0.0,0.0,0.0,0.0,0.0,0.0,0.0,0.0,0.0,0.0,0.0,0.0,0.0,0.0,0.0,0.0,0.0,0.0,0.0,0.0,0.0,0.0,0.0,0.0,0.0,0.0,0.0,0.0,0.0,0.0,0.0,0.0,0.0,0.0,0.0,0.0,0.0,0.0,0.0,0.0,0.0,0.0,0.0,0.0,0.0,0.0,0.0,0.0,0.0,0.0,0.0,0.0,0.0
hsa.mir.119a,0.0,0.0,0.0,0.0,0.0,0.0,0.0,0.0,0.0,0.0,0.0,0.0,0.0,0.0,0.0,0.0,0.0,0.0,0.0,0.0,0.0,0.0,0.0,0.0,0.0,0.0,0.0,0.0,0.0,0.0,0.0,0.0,0.0,0.0,0.0,0.0,0.0,0.0,0.0,0.0,0.0,0.0,0.0,0.0,0.0,0.0,0.0,0.0,0.0,0.0,0.0,0.0,0.0,0.0,0.0,0.0,0.0,0.0,0.0,0.0,0.0,0.0,0.0,0.0,0.0,0.0,0.0,0.0,0.0,0.0,0.0,0.0,0.0,0.0,0.0,0.0,0.0,0.0,0.0,0.0,0.0,0.0,0.0,0.0,0.0,0.0,0.0,0.0,0.0,0.0,0.0,0.0,0.0,0.0,0.0,0.0,0.0,0.0,0.0,0.0,0.0,0.0,0.0,0.0,0.0,0.0,0.0,0.0,0.0,0.0,0.0,0.0,0.0,0.0,0.0,0.0,0.0,0.0,0.0,0.0,0.0,0.0,0.0,0.0,0.0,0.0,0.0,0.0,0.0,0.0,0.0,0.0,0.0,0.0,0.0,0.0,0.0,0.0,0.0,0.0,0.0,0.0,0.0,0.0,0.0,0.0,0.0,0.0,0.0,0.0,0.0,0.0,0.0,0.0,0.0,0.0,0.0,0.0,0.0,0.0,0.0,0.0,0.0,0.0,0.0,0.0,0.0,0.0,0.0,0.0,0.0,0.0,0.0,0.0,0.0,0.0,0.0,0.0,0.0,0.0,0.0,0.0,0.0,0.0,0.0,0.0,0.0,0.0,0.0,0.0,0.0,0.0,0.0,0.0,0.0,0.0,0.0,0.0,0.0,0.0,0.0,0.0,0.0,0.0,0.0,0.0,0.0,0.0,0.0,0.0,0.0,0.0,0.0,0.0,0.0,0.0,0.0,0.0,0.0,0.0,0.0,0.0,0.0,0.0,0.0,0.0,0.0,0.0,0.0,0.0,0.0,0.0,0.0,0.0,0.0,0.0,0.0,0.0,0.0,0.0,0.0,0.0,0.0,0.0,0.0,0.0,0.0,0.0,0.0,0.0,0.0,0.0,0.0,0.0,0.0,0.0,0.0,0.0,0.0,0.0,0.0,0.0,0.0,0.0,0.0,0.0,0.0,0.0,0.0,0.0,0.0,0.0,0.0,0.0,0.0,0.0,0.0,0.0,0.0,0.0,0.0,0.0,0.0,0.0
hsa.let.7b,0.353624172,0.103799342,-0.156884594,-1.000615844,0.38266546,-2.119064759,1.998886017,-3.645425181,-0.750288019,1.10902935,0.242301682,-1.441158851,-0.569590694,0.317070178,1.049202757,0.520086287,-1.945923324,-0.758840828,0.70637219,-2.26108675,0.338105813,-2.174800202,0.918983106,-0.617041592,-0.830130128,-1.423162527,-0.279130855,-1.19353981,1.538929286,-0.698617803,-1.77099614,-0.146029335,-1.694304519,0.591658449,1.719455791,1.063638529,-0.501326816,0.176630413,1.186366432,0.81895798,1.218889567,-0.465487429,1.461141993,0.771098733,-0.640512239,-2.420435782,0.684168071,0.97486611,-2.998030236,0.56259253,1.009942963,-1.102284479,1.249620434,-0.731982352,-0.421452564,0.085527303,0.449054595,-0.579123652,-0.074725313,-0.07065394,-1.205205341,0.036558199,0.153549353,-0.046537701,0.452969174,0.30579817,0.440377204,0.302388061,0.146219591,-0.466073259,-1.474676477,0.104759604,-0.162475533,0.789327678,-1.040461322,0.363038545,1.131532339,-0.674383584,1.309726958,0.276902354,0.403119128,-1.920362606,-0.500719689,0.939794345,0.273715998,-1.659189188,0.147842596,-1.033573855,1.073180579,-1.190102792,0.106735567,-1.465918859,0.584192086,0.739018085,1.019765552,-1.06207814,-0.089707304,0.209888012,-1.207424499,0.23804144,0.892181924,1.021566312,-0.170393668,-0.790708092,0.084924952,0.808663578,-1.252304787,-1.53833567,-0.324569633,-0.890678599,-0.553733222,0.249163195,0.931976825,0.347673512,0.230610438,-1.00803068,-0.629872095,-0.425804918,-1.07594292,0.092927986,1.142006137,0.257803125,-0.739188018,-1.469784947,0.746629436,-0.419224969,1.204170941,-0.177944685,0.512890292,-0.235145594,0.183224889,-0.107316455,-1.011980543,0.872702977,-1.307433338,-1.019397815,-0.696030167,-0.234649894,1.038807766,0.650484295,0.579702433,1.065305256,-1.061153278,1.219817145,1.140153803,0.991900963,-1.21542877,0.593552323,-0.116901411,0.379646613,-0.097246585,0.54470504,0.598523707,1.94589433,0.103263717,1.038172947,-0.067631547,1.651738601,1.294291426,1.344306594,-0.685974175,-0.607287774,0.752446407,-1.689916989,-2.363355806,0.65315088,0.318615006,-1.261715253,-0.948257675,-0.419773437,0.26326951,1.098190155,0.096709597,-0.963747747,-0.113018685,0.278648043,1.101861185,0.934837102,1.364248564,0.67992354,0.004900812,0.993162763,-0.075508075,0.90055186,0.1892732,-1.159250631,-0.99656666,-0.830511682,-1.830093423,0.289231677,1.334026794,0.399922003,0.022033544,-0.462924124,-0.244283452,-0.659910281,2.147816572,2.229279157,-0.946263071,0.336168728,0.380927354,0.905536185,0.653332678,0.61274222,-0.36422004,0.409639303,-0.143443021,1.434973149,1.283984046,2.589950098,0.37570171,0.689366154,-0.031306581,2.283250066,-0.250002971,-0.26756344,0.653559331,-0.552168908,1.772354943,0.213117503,0.40185506,0.266813753,-0.101277253,-0.03223573,0.724785671,-0.676466217,0.624657783,0.196047644,-1.155717708,-0.108853229,0.224727606,-0.912919492,-0.826207633,1.248770919,1.737433674,-0.436807141,-0.861050858,0.819099621,0.1628634,0.081978969,0.453273803,-0.327947296,0.80829923,-1.232330026,2.883210347,2.174225004,-0.150506133,1.009074522,0.235459089,-0.181510482,0.038283583,0.710259438,0.182931619,-0.896787183,-0.837924266,-0.737647936,-0.000968075,1.032972236,-0.509323363,0.532377444,-1.045183569,-0.117214504,0.294072081,0.605598647,0.524963457,-0.09357465,0.246846802,1.14063283,-0.911267661,0.304440086,0.161315941,-1.901056533,-0.037428988,0.508455564,0.849266449,-0.071620512,-1.707248481,-0.283670222,-2.166925353,0.239390565,-0.184309533,-0.846131826,-0.492152425,-0.196906754
hsa.mir.21,0.002935292,0.224644087,-1.189142999,-1.472282482,-1.122878371,-0.910027114,-0.697818949,-0.403636401,-0.45823892,0.627349658,-1.54258867,-0.600617808,0.008720748,0.175282351,-0.816542862,-2.413215524,-1.076138219,-1.377822824,-0.272893942,0.288924296,0.711544427,-0.783653441,-0.570848102,-2.192721291,-1.357775186,-0.584782773,0.009689186,1.682062847,0.612416532,0.91266639,-0.838643055,-0.130285188,0.274105648,-0.453266405,0.161126618,-0.445104004,0.437555333,0.7284458,-1.672544677,-0.023568165,1.238479294,-1.058688226,0.233893269,-0.270050807,-0.134587843,0.276319612,-1.139681218,-0.713999434,-0.609762236,0.131836083,-0.174933956,0.457798319,0.210039801,0.995830039,1.047191727,0.925771473,0.031571099,0.309442062,0.71795263,-0.91622754,-0.542493325,0.53683483,0.306586921,0.300740492,-0.518285706,0.79748146,-0.247641737,-0.636181692,0.728379494,0.292875889,0.420409249,-0.633041777,-0.61773472,-0.404483941,-0.078694175,0.358379237,-0.078988686,-0.129999191,-0.939831773,0.033953377,0.072882057,-0.524148752,0.66359314,-0.734540066,-1.146497921,-2.53109895,-2.293519132,0.988114451,1.286110434,0.867509265,0.557535846,1.207100408,-0.135144153,-0.674810396,-0.630292887,-0.677008025,0.637468744,-0.834133534,-0.150603425,-0.658544471,-0.206865038,0.483351527,-0.369309146,-1.342232993,-1.199631444,0.417559293,-0.36274556,-1.047037863,1.223251859,-0.275189125,0.548685958,0.802140714,0.09538997,0.668586496,-1.66698856,1.160741096,0.827472221,0.93809437,-1.855449078,0.0967271,0.975462447,-0.021832736,0.418934596,-0.926517529,1.093450391,-0.248738996,-0.328917311,0.939391472,-0.860957056,1.134126767,0.841077242,1.269130879,1.24739675,0.246278009,0.922518089,0.14109872,0.515541921,0.526866893,2.112725601,-0.310590254,0.759163029,-0.963514186,-0.843041789,2.486666558,-0.01281442,0.648391177,-0.332575687,1.276946959,0.235414199,1.184236435,0.462296636,-0.047693104,1.309151332,1.126574096,1.112637259,0.680684335,1.375745237,0.053656444,-0.081160006,-1.220158146,-0.376046467,-0.020384855,1.214658298,-1.297868172,-1.455656649,0.452449155,0.201284441,1.244057113,1.494754337,1.60990491,-0.861536394,1.861813949,1.937877233,0.670489782,1.62128896,2.335129341,1.117903345,-0.165803966,0.946169467,-0.702098069,-0.96037551,0.802891553,1.016881344,-1.452065536,-2.589841536,0.228576689,-0.795319789,-1.357946224,-1.160579255,-0.03578554,0.829361536,0.65284125,-0.890310691,-2.417919856,0.265913259,-0.361921703,0.218150235,-0.4094503,-0.42253948,-0.919993774,0.140877337,-0.769137835,-0.181026205,1.410970102,-0.150361435,1.347019536,0.4269728,-0.375550424,-0.311083551,1.324483458,-1.508327493,0.423840834,0.534729841,0.133065658,0.586709952,1.027601121,-0.1670861,1.092153674,0.484274126,0.861279788,-0.049949783,-0.099459915,-0.402234543,0.190545815,0.87794356,-0.692694144,1.0851693,-0.290373015,-1.16712635,0.406666651,0.597593472,-0.573585365,-0.703226272,0.378804636,0.438965681,0.598561458,-0.18122561,-0.223952371,-0.289175908,0.352593457,1.263839096,1.288418553,1.409830808,0.294729469,2.356972267,1.42249944,0.927190464,0.157095053,0.380952125,0.423221714,1.089407312,-1.796219497,-0.091550383,0.178081303,-0.691476118,-0.87139034,-2.652385632,-1.98410334,0.179533551,-0.455764005,0.665211696,0.820700156,-0.977585965,0.890158539,-0.581451691,0.929182031,1.043797957,0.032870525,1.110525369,-0.03242471,0.028326273,0.88458725,-1.300447377,0.717030358,1.009142114,1.164967226,-0.470062863,1.300012776,3.283150673,0.269457044,0.245127244,0.055926006,1.024190978,1.698282684
hsa.mir.140b,0.0,0.0,0.0,0.0,0.0,0.0,0.0,0.0,0.0,0.0,0.0,0.0,0.0,0.0,0.0,0.0,0.0,0.0,0.0,0.0,0.0,0.0,0.0,0.0,0.0,0.0,0.0,0.0,0.0,0.0,0.0,0.0,0.0,0.0,0.0,0.0,0.0,0.0,0.0,0.0,0.0,0.0,0.0,0.0,0.0,0.0,0.0,0.0,0.0,0.0,0.0,0.0,0.0,0.0,0.0,0.0,0.0,0.0,0.0,0.0,0.0,0.0,0.0,0.0,0.0,0.0,0.0,0.0,0.0,0.0,0.0,0.0,0.0,0.0,0.0,0.0,0.0,0.0,0.0,0.0,0.0,0.0,0.0,0.0,0.0,0.0,0.0,0.0,0.0,0.0,0.0,0.0,0.0,0.0,0.0,0.0,0.0,0.0,0.0,0.0,0.0,0.0,0.0,0.0,0.0,0.0,0.0,0.0,0.0,0.0,0.0,0.0,0.0,0.0,0.0,0.0,0.0,0.0,0.0,0.0,0.0,0.0,0.0,0.0,0.0,0.0,0.0,0.0,0.0,0.0,0.0,0.0,0.0,0.0,0.0,0.0,0.0,0.0,0.0,0.0,0.0,0.0,0.0,0.0,0.0,0.0,0.0,0.0,0.0,0.0,0.0,0.0,0.0,0.0,0.0,0.0,0.0,0.0,0.0,0.0,0.0,0.0,0.0,0.0,0.0,0.0,0.0,0.0,0.0,0.0,0.0,0.0,0.0,0.0,0.0,0.0,0.0,0.0,0.0,0.0,0.0,0.0,0.0,0.0,0.0,0.0,0.0,0.0,0.0,0.0,0.0,0.0,0.0,0.0,0.0,0.0,0.0,0.0,0.0,0.0,0.0,0.0,0.0,0.0,0.0,0.0,0.0,0.0,0.0,0.0,0.0,0.0,0.0,0.0,0.0,0.0,0.0,0.0,0.0,0.0,0.0,0.0,0.0,0.0,0.0,0.0,0.0,0.0,0.0,0.0,0.0,0.0,0.0,0.0,0.0,0.0,0.0,0.0,0.0,0.0,0.0,0.0,0.0,0.0,0.0,0.0,0.0,0.0,0.0,0.0,0.0,0.0,0.0,0.0,0.0,0.0,0.0,0.0,0.0,0.0,0.0,0.0,0.0,0.0,0.0,0.0,0.0,0.0,0.0,0.0,0.0,0.0,0.0,0.0,0.0,0.0,0.0,0.0,0.0,0.0,0.0,0.0,0.0,0.0
hsa.mir.133a.1,-0.058142249,-0.620969535,-1.140337443,0.862786602,0.0954296,-0.530058247,0.20034796,-1.947045062,-1.563318342,0.423953316,0.205047747,0.220788011,-0.087466803,-0.162398106,0.7805207,-0.189015549,-0.099106501,1.252746353,0.227578771,-1.173389607,0.963936352,1.086066565,-1.270789815,-0.560698423,-2.474996885,-0.383244335,-1.178191054,-1.882165651,-0.409632425,-1.002054275,-0.239933065,1.531341079,-0.66279896,0.475302429,-0.282190095,0.231027512,-0.074447637,-0.276907903,-0.83892504,-0.417265949,-0.500269278,0.239244776,-0.382523951,1.316405984,0.996742256,1.430983643,-0.596688324,-0.077915326,-1.426691368,0.949085339,-0.151331996,-0.240122998,1.08760138,-0.008596972,-0.126867404,-2.630657727,0.776081242,-0.372676465,-0.266168256,-0.020181889,1.076179721,0.627566003,0.061472866,-0.294537003,0.111545732,0.277653528,-2.259804288,1.202374417,0.305012992,-0.332481738,-1.812834689,0.546052093,0.188189414,1.165512372,-0.031201765,-2.162706349,-1.293922429,-1.66812816,0.789170439,-1.323287366,0.875522385,0.071951035,0.688338292,0.510187495,1.284080955,-0.188176915,-0.361997225,-3.095111273,-0.577684469,0.717371272,-0.709803461,-0.366042604,-0.307854367,-0.284308069,-0.033899525,-1.078266266,-0.533153783,0.018773843,1.159830579,0.232951074,-0.16634537,-0.998078462,-0.282302303,0.349007138,0.050098299,-0.035431991,0.966709505,-0.328472185,0.426850076,0.900692489,0.110639955,-0.625356484,-0.361007922,1.558236043,0.309446261,1.152646381,-0.433690317,-0.466470226,2.049565174,0.415424237,1.386484124,1.748336917,0.760386854,0.032281426,0.098963543,0.809917242,-1.203708622,-0.238245694,0.409165096,0.115919847,0.216413134,0.02475515,0.069863785,-0.038004142,0.797844132,2.226580962,0.166679949,0.670440167,0.114965913,0.28420786,-0.322305271,0.867924523,0.76096756,0.285646129,-0.404994236,-1.293298609,0.569912466,-0.069257191,0.511122293,-0.341837917,-0.350182875,0.268625529,-0.853705196,-0.228495024,-0.504891015,0.385000015,-1.099542435,0.384960426,0.84018427,0.551520681,-0.104837763,0.729564666,-0.472135058,0.267937287,-0.764427546,-0.939452859,1.438814738,0.648617265,2.91395673,1.133250812,0.972386734,0.797756037,2.021444108,1.524274833,0.963672906,0.806177658,0.890959473,-0.139637308,-0.96193018,0.685915362,0.377586246,0.224675409,1.032719329,-1.005818854,1.971812346,0.440252873,0.435353533,-0.142542949,-0.746368976,0.790517948,0.155774255,0.487811092,2.194667001,-0.092483188,0.022937433,-0.815104745,-0.652689481,0.250590198,-0.632496603,0.084561948,-0.563861732,1.203971679,0.874488045,0.722768923,2.722916487,1.155740668,2.120901257,0.615484301,0.642237159,-0.05794621,0.206458832,-0.243948573,-0.144010513,-0.93685359,-0.129614624,-0.052894022,-0.417855718,1.091373654,0.038043744,-0.203642798,0.156941679,0.861757487,-0.33469498,0.649267845,-0.758439062,0.516562376,0.347275516,-0.812570406,1.380532928,0.330033559,-0.826442486,0.80370695,-0.347036144,-0.539467114,0.402887823,0.110825498,1.434744773,2.248771017,1.626566146,0.338506717,1.032541562,-0.042446694,0.446549706,0.894038513,-0.024619525,3.295683231,-0.077801269,-1.394101972,0.630912074,-0.880221929,0.426822493,0.308166876,0.279801049,0.609645287,2.208596472,-0.649008591,0.495455424,0.710280926,0.870359665,0.908717752,0.77082222,0.107530029,0.375934073,-0.150757428,1.116963697,0.306355099,-0.934711442,-0.002547876,-0.395148328,1.078091217,-1.031563908,2.579586701,0.807034189,1.128966906,0.296544271,0.031601616,0.251714605,1.576296496,1.094341875,1.089549661,1.056043277,1.219881643,1.179699631,0.720038326
hsa.mir.101.2,-0.76940554,-0.32609631,-0.392757035,3.424379149,0.132535483,0.480472223,0.345162696,-0.073942241,0.803840781,-1.131215078,0.322756671,0.006615299,-0.373065336,0.735865654,-1.347091197,-0.596108281,3.294858655,0.144287564,-1.192046537,1.86315566,0.280879402,1.923804093,-1.153327959,0.193045011,0.45688781,1.526373867,-0.305601573,-0.890404482,-0.082832661,0.623513302,0.222412702,1.211957559,0.063651189,-1.300445206,-1.18729153,-1.32868018,-1.293391351,0.537591303,-0.654416128,-0.015588488,0.283117895,-0.280324178,1.841310994,0.156857363,0.386051988,0.589833913,0.869971453,-0.470116209,-0.379419038,0.05498676,-1.055229798,1.00500803,-0.411952372,-0.285765399,-0.191127204,-0.40859901,-0.554518111,-0.026636167,-0.63685245,0.163575881,2.362513127,0.713470415,-0.013347895,-0.597706569,-0.944194491,-1.391738915,-0.096640039,-0.137628079,-0.06014118,-1.282418319,-0.459434501,-0.01539197,-0.669298581,0.513315548,1.070516607,-0.792633525,1.111183044,-0.754550658,0.371703143,-0.13024946,-0.444651858,1.538510981,-0.060318947,-1.383565966,0.80217206,-0.067299751,0.439756715,-0.663124374,-1.156745641,-0.976393983,2.379692045,1.779629235,-0.623043177,-0.488356664,-0.946618661,-1.197410111,-0.072716487,0.167992333,-0.350821868,-1.100816245,2.642240938,-0.020992634,0.557173497,2.63798636,-0.526350912,-1.304808116,0.233022565,-0.509367921,2.316765056,-1.128087534,-0.136049128,-0.533679941,-0.355110151,-0.374946505,0.304300007,0.14258567,0.20675096,2.013022263,-0.743733859,-0.758048112,-0.552954403,3.605531156,0.449551496,-1.427142884,-0.823774677,-0.269175946,-0.732622592,-0.67658964,-1.36233719,-1.489176461,-0.636421685,-0.858284186,0.738775733,-0.25375059,1.33946912,-0.939910222,-0.169422065,-0.249137226,-0.495697561,-1.056055514,0.826773192,-0.439831459,0.432113883,1.136166515,-0.028618402,-0.204522203,-0.166066995,-1.474320914,-0.594910798,-0.36521805,0.342172043,-0.03923332,-0.716543921,-0.214908771,-0.1295439,-0.110136551,-0.212151945,-0.821613572,0.03603148,0.221618169,2.448053271,0.230364313,1.44717584,0.264699239,0.539726276,-1.311560838,-0.181852685,2.83259651,1.609155171,-0.904632716,-1.267334962,-0.556302714,-0.535595983,-0.621093145,-0.690643515,0.265598625,-0.875053728,-1.178628794,-0.184552572,-0.192299257,1.075527458,-0.059362919,0.418407025,-0.029729907,-0.313425233,-0.247644172,1.705505531,1.29217156,-0.464824042,-1.061317278,-0.046626832,0.05671842,0.026172398,1.703339292,0.019913452,-0.556073657,0.244267097,0.091782575,-1.490310777,2.373789739,0.107865312,1.649203256,-1.197804019,3.50084049,0.087326924,-1.321285241,-1.407926746,0.572186307,0.843780596,-0.87239867,-1.472176132,-0.073396261,-0.352241418,-1.187660932,0.111922902,1.277137567,-1.400688735,0.35863395,-0.701330557,-0.097284045,0.702511197,-0.671317894,-0.224834152,-0.868154012,-1.325241274,1.39222002,-0.837482543,0.250316937,-0.292406432,0.428691277,0.475168454,0.35311817,-0.028560262,-1.392283228,-0.235684899,-0.902519262,0.258686331,-1.701812104,-0.509872974,0.035618433,0.858098016,0.017521425,0.416449084,0.06861603,-1.611135039,-0.645065317,1.00682058,-1.233795847,0.31888015,-0.987244309,-1.574698817,0.855423285,-0.710787412,0.121923147,0.760480622,0.97394598,0.575239444,-0.26422581,-0.288695848,0.672395411,-0.198488368,-0.210157043,-1.288330707,0.532657333,0.149159299,1.724863914,-0.216210531,-0.314940546,-0.135438256,0.711688082,1.300758188,-1.050847877,-1.242457682,0.405706935,-1.755756822,-0.253753388,0.504219026,-0.442800453,1.50944781,0.616657499,-0.019295748,-1.485919671,0.156804952,-0.285498916
hsa.mir.151a,-0.003535505,-0.77120732,1.191741463,0.904600455,1.036903829,-1.216910238,0.246522118,-2.332904056,-0.910855496,-0.768478693,-0.36661766,-1.842116412,-0.423953298,-0.833142005,0.757976946,3.302936969,-0.482745839,1.197959432,0.563587474,0.089083299,-0.904207233,1.086374466,1.384515726,0.038610038,-1.574725225,0.463306993,-1.187581971,-0.281798467,-0.212047003,-1.121979603,-0.449363569,0.859024218,-0.276258826,0.179542153,1.443656305,0.724759317,0.332892162,0.522469519,-0.358892816,-0.442237198,-0.307027621,-1.842293331,0.726188929,-0.428481723,-0.647976582,-0.143042394,0.859640879,0.082421478,-1.519790712,-0.840626741,0.389100335,-1.183058979,-1.097489582,-1.600295921,-0.215291149,-1.416513067,-1.068947493,0.617069774,0.222324086,0.637772837,-0.947582235,0.527998477,-0.134538411,1.687602795,1.082375892,0.44799697,2.676495682,-0.04001213,-0.323763937,-0.288412076,-0.249881347,0.399714251,-0.046376052,0.39366519,0.137657637,3.119175859,0.715533997,-1.440636437,0.41562342,-0.874827912,0.835653387,-0.219465245,-0.494896656,-1.03728711,-1.324654459,0.178222277,0.828149887,-0.689839578,-0.745355795,-0.984814349,0.533575548,-0.113987066,-0.189061416,0.050286455,0.006978245,-2.424265222,-0.258939063,-0.437624384,-0.155242278,0.219487066,-0.202458491,-0.341277641,-1.806316313,-0.343913635,-0.334181744,-0.508537222,2.589248701,-1.032316749,0.437795465,0.775501445,-1.107460187,-0.716950258,2.051310777,-0.673815791,-0.530948159,0.193312443,0.155027432,-0.260493867,-0.23792616,-1.429970731,-0.531618562,0.334045124,0.812905937,0.71558889,2.868204195,0.510090405,-0.012099166,-0.223550902,0.551377954,2.137365973,0.783910939,0.916893352,-1.023051094,1.234302384,-0.528688994,-0.562609764,2.103544738,3.824404029,-0.224052823,0.43280028,1.473863153,1.855012986,0.060980062,-0.541843799,0.339425165,1.521630608,0.615545728,-1.138781326,0.302842777,0.631350105,0.128163638,0.561998603,0.823353049,0.595428436,1.138890261,-0.217596418,-0.714132481,-0.32428063,0.782270114,-0.382313697,-0.281327668,0.704086749,-1.418117925,-0.919299426,0.906002754,1.53772213,-1.343022252,-0.766816695,-1.292391266,0.666929999,1.622054983,-1.277152176,-0.01141225,-0.873788978,0.130706555,0.660446156,-0.414583628,-0.285693564,-1.160799022,-0.326144029,-0.778717748,-0.047112686,-0.312690925,0.852999366,-1.056694713,1.141028519,0.311910388,0.76231779,-1.267247487,-0.709087861,-0.459273926,0.206870071,-1.100360686,0.51432288,1.750950616,0.135530506,0.975958467,1.003737893,0.250136372,0.953060007,0.906121339,0.352739828,-0.728721571,-0.198040242,-1.355568713,0.015628817,-1.258773916,-0.304376884,0.996936031,0.802840175,-0.481176899,-0.028476336,1.48224329,1.008067401,0.016720789,0.606968463,0.343687918,0.723302469,0.522215739,0.081890288,-1.358722703,-0.597487335,-0.932733888,-0.727944865,-0.265670867,0.269158195,0.331234617,0.485861556,-1.198337587,1.665335397,-0.493751747,-1.095719046,-0.348120822,-0.146892577,1.132392402,-0.326775134,0.422784706,2.067111786,-0.356097507,0.4375278,-0.278563274,-0.023549761,-0.353103019,-1.482282621,3.968173812,-0.346580781,-0.768233279,-0.547249681,-0.704609552,1.059265512,-0.045176181,0.424929118,0.121551828,-0.067854959,-0.204262363,-0.113965247,-0.571233591,-0.596914355,0.901000076,0.715245236,-0.014375774,0.388063811,0.437540654,0.964790747,-0.793501135,0.010593877,1.375508322,1.345951519,0.964711859,0.439528066,0.774620824,-1.71821604,0.375336414,-0.920523699,-0.853567987,0.330192736,0.302830996,0.96054236,0.573941094,0.575811397,-1.124050273,4.487281444,-0.820162069,0.079102286
hsa.mir.151a.1,0.0,0.0,0.0,0.0,0.0,0.0,0.0,0.0,0.0,0.0,0.0,0.0,0.0,0.0,0.0,0.0,0.0,0.0,0.0,0.0,0.0,0.0,0.0,0.0,0.0,0.0,0.0,0.0,0.0,0.0,0.0,0.0,0.0,0.0,0.0,0.0,0.0,0.0,0.0,0.0,0.0,0.0,0.0,0.0,0.0,0.0,0.0,0.0,0.0,0.0,0.0,0.0,0.0,0.0,0.0,0.0,0.0,0.0,0.0,0.0,0.0,0.0,0.0,0.0,0.0,0.0,0.0,0.0,0.0,0.0,0.0,0.0,0.0,0.0,0.0,0.0,0.0,0.0,0.0,0.0,0.0,0.0,0.0,0.0,0.0,0.0,0.0,0.0,0.0,0.0,0.0,0.0,0.0,0.0,0.0,0.0,0.0,0.0,0.0,0.0,0.0,0.0,0.0,0.0,0.0,0.0,0.0,0.0,0.0,0.0,0.0,0.0,0.0,0.0,0.0,0.0,0.0,0.0,0.0,0.0,0.0,0.0,0.0,0.0,0.0,0.0,0.0,0.0,0.0,0.0,0.0,0.0,0.0,0.0,0.0,0.0,0.0,0.0,0.0,0.0,0.0,0.0,0.0,0.0,0.0,0.0,0.0,0.0,0.0,0.0,0.0,0.0,0.0,0.0,0.0,0.0,0.0,0.0,0.0,0.0,0.0,0.0,0.0,0.0,0.0,0.0,0.0,0.0,0.0,0.0,0.0,0.0,0.0,0.0,0.0,0.0,0.0,0.0,0.0,0.0,0.0,0.0,0.0,0.0,0.0,0.0,0.0,0.0,0.0,0.0,0.0,0.0,0.0,0.0,0.0,0.0,0.0,0.0,0.0,0.0,0.0,0.0,0.0,0.0,0.0,0.0,0.0,0.0,0.0,0.0,0.0,0.0,0.0,0.0,0.0,0.0,0.0,0.0,0.0,0.0,0.0,0.0,0.0,0.0,0.0,0.0,0.0,0.0,0.0,0.0,0.0,0.0,0.0,0.0,0.0,0.0,0.0,0.0,0.0,0.0,0.0,0.0,0.0,0.0,0.0,0.0,0.0,0.0,0.0,0.0,0.0,0.0,0.0,0.0,0.0,0.0,0.0,0.0,0.0,0.0,0.0,0.0,0.0,0.0,0.0,0.0,0.0,0.0,0.0,0.0,0.0,0.0,0.0,0.0,0.0,0.0,0.0,0.0,0.0,0.0,0.0,0.0,0.0,0.0
hsa.mir.204,0.565358132,-0.66281972,-0.442286612,-0.812266771,0.205472566,-1.041360284,-0.407998272,-0.046753131,1.325720947,0.137883983,-2.339179826,-1.390743974,-0.063643231,0.361332417,0.402664588,-1.242453994,-0.439915057,0.394723501,-1.075849285,-0.669738577,-0.073501891,-0.713805284,0.312442039,-0.442055799,1.351764468,-0.714683508,0.734687802,0.698196652,0.726676484,0.132707251,1.70216108,1.93343962,0.831986875,0.868069484,-0.621952974,-0.347269608,0.11605391,0.964617702,0.701075003,0.835112572,-0.012746966,1.56466833,-0.19667088,-0.647705581,0.602211994,0.958585838,-0.768850779,0.003878357,-0.195492653,-1.22465358,-1.341477514,0.220487901,-0.228965581,0.72986916,-0.765772776,0.97742359,-0.673615362,-0.486258871,0.688431216,0.558348319,-1.305949683,-0.864106555,-0.34632885,-0.818273697,-0.424168567,-0.777961427,-0.622243775,-0.062754204,0.8002688,-0.72000015,0.198410216,0.104139411,-0.330356742,-0.341423101,-0.02467844,0.455198583,-0.300289057,2.473781319,-0.855330692,-0.478778403,0.856218298,0.796775235,-0.551688817,0.109038195,0.692433581,0.380211137,0.506465019,-0.579799386,0.305803076,-0.526732707,-0.022521881,-1.925555448,1.00551805,0.087463942,-0.067697888,0.742388371,0.668658935,1.505967663,0.05223269,-0.367231941,-0.40471162,0.321734198,0.463208789,1.443692597,0.844045647,-0.763493093,-1.124722433,-0.328415639,-0.156721185,-0.477223016,-0.740413841,-1.143437551,-1.344150441,0.745066113,-0.491691937,-0.374226012,-2.029801902,-0.365515494,-0.419922404,0.013116883,-1.038460888,-0.454098279,-1.03988088,-0.259468301,-0.360468668,-0.645820927,-0.794862726,-1.128828625,-0.961985123,0.075277055,-0.495417247,-0.870316377,1.034139975,0.215423119,-0.40432204,0.481477589,-1.071823416,0.062891739,0.472898664,-0.280282699,-1.617483253,-0.603107687,-0.88005696,-0.424982302,-0.872644522,-0.187837205,0.855940552,0.251241543,0.414125125,-1.310766235,-0.824108275,-0.898414251,-0.763629361,-2.256280546,-2.360419527,-0.071825313,-0.846629582,-0.356270647,0.470136569,-0.466612156,-0.660143748,0.544372704,-0.152407634,-0.25000543,0.905730863,-0.776610483,-2.723467372,-0.157545692,0.214594682,1.119059578,-0.176079818,-0.405854862,-0.576169071,0.564646504,-0.38734679,0.15444893,0.799295638,1.338579682,-0.584264046,0.455893265,-1.642614885,-0.31237981,-0.471403955,-1.103728653,-0.189310409,-0.13826558,-1.658128433,1.044525496,-0.456030495,-1.083339504,0.086368668,-1.467199234,-1.52653592,-1.193411364,-0.799847163,-1.837355794,-0.25322292,-1.749109755,-1.804102027,0.820834482,-0.923185106,-0.36191734,0.18603025,0.032234384,0.409525417,0.165983453,-0.263756868,0.162353763,-0.491956306,-1.684521761,-0.268398257,0.155466982,-1.118758149,-0.622670549,0.095764024,-0.3971017,-0.385577766,-0.317792732,-1.01956682,-1.96510435,-0.856696133,-1.738575061,-0.418414463,-0.316472881,0.158298726,0.038251027,-0.004561571,0.904456115,0.214669842,-0.498719841,0.687263768,-0.290072389,0.988636257,0.092104617,-0.158026995,0.241741801,-1.037713047,1.282431519,0.229290155,0.48871879,-0.644165709,-1.138190062,-0.833448576,-0.502736765,-4.707061329,0.08131606,0.378406539,-0.33673584,-2.570989702,-0.11923734,0.317690302,1.086922489,0.853008117,-0.647215106,-1.531790197,0.628225146,-0.378322399,-0.106765732,0.751067349,-0.155520422,-1.622555517,-0.008093012,-0.651424476,-0.617008713,-0.039335676,-0.645826338,-1.317109304,-1.307736187,0.365188166,-0.351233278,-1.504480168,-1.512769633,0.789297734,-1.16483052,0.083554433,-0.241644703,-0.327362542,-0.119301416,-1.116746562,-0.329952226,0.759447211,-1.516503693,0.245146244,0.588310624
hsa.mir.204.1,0.0,0.0,0.0,0.0,0.0,0.0,0.0,0.0,0.0,0.0,0.0,0.0,0.0,0.0,0.0,0.0,0.0,0.0,0.0,0.0,0.0,0.0,0.0,0.0,0.0,0.0,0.0,0.0,0.0,0.0,0.0,0.0,0.0,0.0,0.0,0.0,0.0,0.0,0.0,0.0,0.0,0.0,0.0,0.0,0.0,0.0,0.0,0.0,0.0,0.0,0.0,0.0,0.0,0.0,0.0,0.0,0.0,0.0,0.0,0.0,0.0,0.0,0.0,0.0,0.0,0.0,0.0,0.0,0.0,0.0,0.0,0.0,0.0,0.0,0.0,0.0,0.0,0.0,0.0,0.0,0.0,0.0,0.0,0.0,0.0,0.0,0.0,0.0,0.0,0.0,0.0,0.0,0.0,0.0,0.0,0.0,0.0,0.0,0.0,0.0,0.0,0.0,0.0,0.0,0.0,0.0,0.0,0.0,0.0,0.0,0.0,0.0,0.0,0.0,0.0,0.0,0.0,0.0,0.0,0.0,0.0,0.0,0.0,0.0,0.0,0.0,0.0,0.0,0.0,0.0,0.0,0.0,0.0,0.0,0.0,0.0,0.0,0.0,0.0,0.0,0.0,0.0,0.0,0.0,0.0,0.0,0.0,0.0,0.0,0.0,0.0,0.0,0.0,0.0,0.0,0.0,0.0,0.0,0.0,0.0,0.0,0.0,0.0,0.0,0.0,0.0,0.0,0.0,0.0,0.0,0.0,0.0,0.0,0.0,0.0,0.0,0.0,0.0,0.0,0.0,0.0,0.0,0.0,0.0,0.0,0.0,0.0,0.0,0.0,0.0,0.0,0.0,0.0,0.0,0.0,0.0,0.0,0.0,0.0,0.0,0.0,0.0,0.0,0.0,0.0,0.0,0.0,0.0,0.0,0.0,0.0,0.0,0.0,0.0,0.0,0.0,0.0,0.0,0.0,0.0,0.0,0.0,0.0,0.0,0.0,0.0,0.0,0.0,0.0,0.0,0.0,0.0,0.0,0.0,0.0,0.0,0.0,0.0,0.0,0.0,0.0,0.0,0.0,0.0,0.0,0.0,0.0,0.0,0.0,0.0,0.0,0.0,0.0,0.0,0.0,0.0,0.0,0.0,0.0,0.0,0.0,0.0,0.0,0.0,0.0,0.0,0.0,0.0,0.0,0.0,0.0,0.0,0.0,0.0,0.0,0.0,0.0,0.0,0.0,0.0,0.0,0.0,0.0,0.0
hsa.mir.149b,0.0,0.0,0.0,0.0,0.0,0.0,0.0,0.0,0.0,0.0,0.0,0.0,0.0,0.0,0.0,0.0,0.0,0.0,0.0,0.0,0.0,0.0,0.0,0.0,0.0,0.0,0.0,0.0,0.0,0.0,0.0,0.0,0.0,0.0,0.0,0.0,0.0,0.0,0.0,0.0,0.0,0.0,0.0,0.0,0.0,0.0,0.0,0.0,0.0,0.0,0.0,0.0,0.0,0.0,0.0,0.0,0.0,0.0,0.0,0.0,0.0,0.0,0.0,0.0,0.0,0.0,0.0,0.0,0.0,0.0,0.0,0.0,0.0,0.0,0.0,0.0,0.0,0.0,0.0,0.0,0.0,0.0,0.0,0.0,0.0,0.0,0.0,0.0,0.0,0.0,0.0,0.0,0.0,0.0,0.0,0.0,0.0,0.0,0.0,0.0,0.0,0.0,0.0,0.0,0.0,0.0,0.0,0.0,0.0,0.0,0.0,0.0,0.0,0.0,0.0,0.0,0.0,0.0,0.0,0.0,0.0,0.0,0.0,0.0,0.0,0.0,0.0,0.0,0.0,0.0,0.0,0.0,0.0,0.0,0.0,0.0,0.0,0.0,0.0,0.0,0.0,0.0,0.0,0.0,0.0,0.0,0.0,0.0,0.0,0.0,0.0,0.0,0.0,0.0,0.0,0.0,0.0,0.0,0.0,0.0,0.0,0.0,0.0,0.0,0.0,0.0,0.0,0.0,0.0,0.0,0.0,0.0,0.0,0.0,0.0,0.0,0.0,0.0,0.0,0.0,0.0,0.0,0.0,0.0,0.0,0.0,0.0,0.0,0.0,0.0,0.0,0.0,0.0,0.0,0.0,0.0,0.0,0.0,0.0,0.0,0.0,0.0,0.0,0.0,0.0,0.0,0.0,0.0,0.0,0.0,0.0,0.0,0.0,0.0,0.0,0.0,0.0,0.0,0.0,0.0,0.0,0.0,0.0,0.0,0.0,0.0,0.0,0.0,0.0,0.0,0.0,0.0,0.0,0.0,0.0,0.0,0.0,0.0,0.0,0.0,0.0,0.0,0.0,0.0,0.0,0.0,0.0,0.0,0.0,0.0,0.0,0.0,0.0,0.0,0.0,0.0,0.0,0.0,0.0,0.0,0.0,0.0,0.0,0.0,0.0,0.0,0.0,0.0,0.0,0.0,0.0,0.0,0.0,0.0,0.0,0.0,0.0,0.0,0.0,0.0,0.0,0.0,0.0,0.0
hsa.let.7f.1,1.006516255,-0.60904201,-0.580237925,-3.22166095,-0.561507638,-2.344526573,-1.372711337,-1.134866507,0.134989826,0.577177713,0.932494521,-2.012525032,0.310694596,-0.44715032,0.428186878,-0.725067186,-0.89704222,1.310513751,0.339983551,-1.975478367,2.211366981,-1.174720566,0.73802654,-0.911913086,-0.833006551,-1.351605357,1.404313448,-0.672465758,0.505989858,-3.334472573,-1.182179751,-1.471204521,0.854925132,-0.850865674,1.104009538,0.353124337,0.566122893,0.160975078,0.696201494,0.436013735,0.467779602,-0.291437464,1.791506358,1.036865358,-1.927370036,0.071096587,-0.476321559,-0.229266537,-1.21684981,-0.359694135,0.772357167,-1.244331721,0.21080748,0.244265846,0.315186745,-0.44026782,-0.272534737,-2.641718807,-0.36688171,-0.225112733,-1.938349304,-0.166019092,-1.031464264,0.512789941,0.264654675,1.252266594,-0.490490032,0.236386564,-0.327073031,-0.069890242,-0.268134609,1.781211668,-0.836626804,1.162272777,-1.02597173,0.869334022,0.361878048,0.842016976,0.604997324,1.01908069,0.04587446,0.566084619,0.523134254,-0.773702089,-1.331387598,-1.07481406,-0.866178953,-0.434365042,0.048755762,-0.387509397,0.232425004,-0.702658894,0.834111504,1.728431957,-0.311027068,-0.055696957,0.701490533,0.381960136,-0.797691808,0.488320618,0.807057637,-0.57221612,-0.551221336,-0.136080812,-0.083042129,0.131278259,1.079507728,-1.204940847,1.173460062,-0.304273115,-0.480724441,-0.101867826,-0.568870676,0.015190955,0.234567475,-0.002582264,0.959687231,0.076709671,0.369778638,-0.438354513,-0.396571013,0.441658313,1.016842951,-1.77512025,1.170037963,0.37637819,0.607670886,0.90459907,0.44634922,1.948044469,1.287569918,1.056994085,1.040087562,1.304039959,-0.13266387,3.001939023,0.803212927,1.294204743,0.938210903,-0.82192733,0.167553513,0.544714893,0.060819371,-4.992243836,-0.285861384,-0.296760894,-0.460793865,-1.006819625,0.713839849,0.330851513,-1.577239266,0.705348703,-0.127581944,-0.258542671,-0.229306545,0.583040291,-0.084520351,0.078860135,-0.41570049,0.442909806,-1.360425976,-0.816052927,1.166308012,-2.584784492,-2.698156894,-0.14474712,2.222842611,-0.310780239,-0.369767395,0.499499192,0.690376525,-0.473964746,1.669923236,1.204831105,1.246008169,0.607935136,0.129461112,0.97326182,0.504245997,1.36868472,-0.2520809,1.31333175,-0.098329092,0.217116692,1.495494591,0.107477614,0.430084387,0.21226247,-0.918351958,-0.348984429,0.890520272,0.076964503,1.508367234,-0.670257961,-0.580073882,-2.373292522,0.208865848,0.201530979,-1.185564297,0.863895522,-0.667866857,1.261447038,1.917358127,0.667727062,-0.424053732,0.897499168,1.086955174,1.064870896,0.027493401,-0.3501775,0.594591066,-0.147619931,1.185149393,0.173508154,0.731265317,0.415732253,1.315279116,0.927224059,1.021710923,1.225009203,0.324310914,0.007431603,0.177652391,-1.251685641,-0.498747934,-0.55820036,-0.03069477,0.455750747,0.227207368,-0.819263655,-1.215086911,0.076799152,-1.48113908,-0.016974016,-0.731740914,0.224179371,-1.531984221,1.028257625,1.413183944,0.108935931,-0.108259904,0.684190677,0.676556315,-0.007924912,-0.250048873,2.411463593,1.291205366,0.055003787,0.865804306,1.023428491,0.202191585,-0.28028753,0.145884515,-1.094600138,-1.347497956,-0.662183082,0.458502133,1.034264174,-0.116095348,0.019145251,0.707450542,0.307993076,0.322458867,-0.137865682,1.587739843,1.077382804,0.070093934,-0.199692169,-1.47963339,1.148334606,0.099752602,1.623001415,0.809307858,0.566815205,0.909067242,0.225796644,-0.085643571,0.339599204,-1.038514394,-0.041450655,1.034598356,-1.327284332,0.196603733,0.49124468
hsa.mir.6892,0.0,0.0,0.0,0.0,0.0,0.0,0.0,0.0,0.0,0.0,0.0,0.0,0.0,0.0,0.0,0.0,0.0,0.0,0.0,0.0,0.0,0.0,0.0,0.0,0.0,0.0,0.0,0.0,0.0,0.0,0.0,0.0,0.0,0.0,0.0,0.0,0.0,0.0,0.0,0.0,0.0,0.0,0.0,0.0,0.0,0.0,0.0,0.0,0.0,0.0,0.0,0.0,0.0,0.0,0.0,0.0,0.0,0.0,0.0,0.0,0.0,0.0,0.0,0.0,0.0,0.0,0.0,0.0,0.0,0.0,0.0,0.0,0.0,0.0,0.0,0.0,0.0,0.0,0.0,0.0,0.0,0.0,0.0,0.0,0.0,0.0,0.0,0.0,0.0,0.0,0.0,0.0,0.0,0.0,0.0,0.0,0.0,0.0,0.0,0.0,0.0,0.0,0.0,0.0,0.0,0.0,0.0,0.0,0.0,0.0,0.0,0.0,0.0,0.0,0.0,0.0,0.0,0.0,0.0,0.0,0.0,0.0,0.0,0.0,0.0,0.0,0.0,0.0,0.0,0.0,0.0,0.0,0.0,0.0,0.0,0.0,0.0,0.0,0.0,0.0,0.0,0.0,0.0,0.0,0.0,0.0,0.0,0.0,0.0,0.0,0.0,0.0,0.0,0.0,0.0,0.0,0.0,0.0,0.0,0.0,0.0,0.0,0.0,0.0,0.0,0.0,0.0,0.0,0.0,0.0,0.0,0.0,0.0,0.0,0.0,0.0,0.0,0.0,0.0,0.0,0.0,0.0,0.0,0.0,0.0,0.0,0.0,0.0,0.0,0.0,0.0,0.0,0.0,0.0,0.0,0.0,0.0,0.0,0.0,0.0,0.0,0.0,0.0,0.0,0.0,0.0,0.0,0.0,0.0,0.0,0.0,0.0,0.0,0.0,0.0,0.0,0.0,0.0,0.0,0.0,0.0,0.0,0.0,0.0,0.0,0.0,0.0,0.0,0.0,0.0,0.0,0.0,0.0,0.0,0.0,0.0,0.0,0.0,0.0,0.0,0.0,0.0,0.0,0.0,0.0,0.0,0.0,0.0,0.0,0.0,0.0,0.0,0.0,0.0,0.0,0.0,0.0,0.0,0.0,0.0,0.0,0.0,0.0,0.0,0.0,0.0,0.0,0.0,0.0,0.0,0.0,0.0,0.0,0.0,0.0,0.0,0.0,0.0,0.0,0.0,0.0,0.0,0.0,0.0
hsa.mir.23b,-0.031028254,-0.02858777,-0.137020565,0.779626438,0.000868846,0.538899699,0.479339285,-0.45650731,-0.334667404,0.687902045,0.681993642,0.41628885,-1.135618167,0.168825861,0.967063635,1.400148596,1.040355672,1.087894521,0.981598461,1.462898111,1.054025585,4.261415174,-0.227574574,1.303018962,-0.148069888,1.906831357,-0.349388942,-1.334215363,-1.878697066,-0.975480277,0.177976258,0.534902811,-0.39925239,-1.074323744,-1.508005801,-0.579746651,0.325461139,-0.329940351,0.57724324,-0.194349919,-0.619300566,-0.199173135,-1.028865737,-0.296298035,-0.411411793,2.976762999,-0.598379311,0.673913631,-0.946758688,0.722865868,-1.755589662,-3.302080883,-0.173298167,-0.831880302,0.318153808,-0.801837586,0.822564843,-0.481919763,0.598539467,0.603389716,-0.904115133,0.660482821,1.533964066,-0.930001662,0.256361194,0.392270025,-3.01245948,0.022639306,-0.255074206,-1.875742724,-0.994038935,-0.552425093,-0.218205609,0.677759936,0.565208484,-2.127683682,-2.588747947,-0.401708017,0.064647941,-1.090871762,-1.404222802,-0.720324103,-1.140802893,0.704390143,0.6125166,0.976732844,1.03981209,-1.796594812,-1.021259413,-0.112216627,-0.40176754,0.900355977,-0.065510435,-0.650449705,-0.39847746,1.196594335,0.493889797,-1.282936698,0.045222283,-0.308526079,-0.075653147,-0.228025416,-0.752892663,0.868600243,0.480018636,0.394988343,-0.055574609,0.702653643,1.205692251,-0.17974379,0.784462135,-0.819492451,-0.754900747,0.154904288,0.552069883,-0.660920546,-0.011687597,-0.726036926,1.122056291,0.73224258,0.163764135,0.758180507,0.269946613,0.455102263,-0.793031667,2.074771971,0.377309186,0.905607855,1.260838395,0.037807277,-0.169488802,-1.676722211,0.399995443,-0.216832413,-0.902333117,0.716318867,-0.693822982,0.084257362,-1.412737008,-0.25362963,-0.102920545,0.141301599,0.75791605,-0.846602809,-0.174486534,-1.440122566,1.247840098,-1.263387093,-0.255157207,-0.561986226,-0.162550523,0.16257583,-1.017189331,-0.607949286,-1.421150507,-0.18118986,-0.170674234,-0.53403491,1.682055305,0.809306434,-0.890570033,0.250967289,-0.367163166,1.461341065,1.946178142,-0.735470074,1.354327456,0.016397055,1.744450871,-0.159398431,1.227716577,0.587456437,0.383519333,2.209041549,0.456252876,-0.47083187,-0.330880249,1.053670478,-0.862426462,0.388242861,0.755246994,-0.165667813,0.617750774,1.01943286,0.312182814,0.041008117,0.75218787,0.160256331,0.55849464,0.624937123,0.598604224,-0.076494251,0.481007646,0.87980532,1.141961603,0.081677194,1.314066139,0.641048025,1.973301562,1.027390935,0.093876305,0.767442906,-0.556474369,0.749581894,0.687289607,-1.533208068,-1.280631756,-0.181310217,0.037895566,-0.776345585,-0.237988998,-0.26312852,-0.154321051,-1.28943076,0.205240105,0.291982798,0.264025277,1.135980787,0.751053157,-0.0599242,0.190568128,0.321821196,1.115562167,-0.506842854,-0.317483208,-0.82442914,-1.198920945,0.777309932,0.044669805,1.158286172,0.65278745,-0.010118297,0.547186842,-0.609753571,0.473242165,-0.033824943,0.776624043,0.001011112,-0.387719279,0.630975225,0.15381259,0.631600752,0.551572313,-0.001775518,-0.089797175,0.518462881,0.562925092,-0.708021042,-1.109079172,-1.777699699,1.757564367,-0.310532023,0.058640067,0.989692723,0.673581558,1.579132916,0.704079627,1.699917545,1.077232122,-0.194799684,1.083635933,1.66349758,-0.623419658,0.035965577,0.199443978,1.104443773,0.585269111,0.074711613,-0.208869425,0.699152132,0.750429728,0.710818162,0.813881552,0.27929549,0.746213381,0.293376897,1.389032709,0.555585716,2.499098882,1.129725716,-0.074574557,-0.418906962,0.396123068,0.401356477
hsa.mir.116b,0.0,0.0,0.0,0.0,0.0,0.0,0.0,0.0,0.0,0.0,0.0,0.0,0.0,0.0,0.0,0.0,0.0,0.0,0.0,0.0,0.0,0.0,0.0,0.0,0.0,0.0,0.0,0.0,0.0,0.0,0.0,0.0,0.0,0.0,0.0,0.0,0.0,0.0,0.0,0.0,0.0,0.0,0.0,0.0,0.0,0.0,0.0,0.0,0.0,0.0,0.0,0.0,0.0,0.0,0.0,0.0,0.0,0.0,0.0,0.0,0.0,0.0,0.0,0.0,0.0,0.0,0.0,0.0,0.0,0.0,0.0,0.0,0.0,0.0,0.0,0.0,0.0,0.0,0.0,0.0,0.0,0.0,0.0,0.0,0.0,0.0,0.0,0.0,0.0,0.0,0.0,0.0,0.0,0.0,0.0,0.0,0.0,0.0,0.0,0.0,0.0,0.0,0.0,0.0,0.0,0.0,0.0,0.0,0.0,0.0,0.0,0.0,0.0,0.0,0.0,0.0,0.0,0.0,0.0,0.0,0.0,0.0,0.0,0.0,0.0,0.0,0.0,0.0,0.0,0.0,0.0,0.0,0.0,0.0,0.0,0.0,0.0,0.0,0.0,0.0,0.0,0.0,0.0,0.0,0.0,0.0,0.0,0.0,0.0,0.0,0.0,0.0,0.0,0.0,0.0,0.0,0.0,0.0,0.0,0.0,0.0,0.0,0.0,0.0,0.0,0.0,0.0,0.0,0.0,0.0,0.0,0.0,0.0,0.0,0.0,0.0,0.0,0.0,0.0,0.0,0.0,0.0,0.0,0.0,0.0,0.0,0.0,0.0,0.0,0.0,0.0,0.0,0.0,0.0,0.0,0.0,0.0,0.0,0.0,0.0,0.0,0.0,0.0,0.0,0.0,0.0,0.0,0.0,0.0,0.0,0.0,0.0,0.0,0.0,0.0,0.0,0.0,0.0,0.0,0.0,0.0,0.0,0.0,0.0,0.0,0.0,0.0,0.0,0.0,0.0,0.0,0.0,0.0,0.0,0.0,0.0,0.0,0.0,0.0,0.0,0.0,0.0,0.0,0.0,0.0,0.0,0.0,0.0,0.0,0.0,0.0,0.0,0.0,0.0,0.0,0.0,0.0,0.0,0.0,0.0,0.0,0.0,0.0,0.0,0.0,0.0,0.0,0.0,0.0,0.0,0.0,0.0,0.0,0.0,0.0,0.0,0.0,0.0,0.0,0.0,0.0,0.0,0.0,0.0
hsa.mir.2110,1.005950412,-0.513251307,0.62775146,0.15077766,0.744079822,0.160300521,0.142841509,0.275689128,0.817402576,0.257680114,-0.496153795,0.218691882,-0.24935449,0.199439183,-0.306475187,-3.955298341,0.652582836,0.653987541,0.799429217,-1.300123887,1.731811535,-3.561248454,0.049684108,-0.583854215,-1.261280457,-0.302935015,0.841979417,-0.941468016,-0.44743299,-0.743213855,-0.414788017,-0.229766608,-0.518698772,1.01930271,-0.033306457,0.746661272,0.98216669,-0.186207494,0.315867346,1.603191864,0.943201675,0.702117576,0.310812379,0.787605577,1.347429682,1.015758748,-0.071344245,-5.214812085,0.454293181,0.388544564,0.372848875,-0.852573625,0.842627629,-0.707209411,-0.626621536,-1.536155582,0.3445401,-0.149937346,-1.427613132,-0.248854033,1.142188924,-0.027100878,0.049418614,0.242941928,0.557402574,0.626054562,-3.433095449,-0.583198972,0.196130856,0.626181571,-1.364773175,0.516394648,0.610428258,-0.508711059,2.301169196,-2.254558119,-0.608424642,-0.332080624,0.723084059,-0.734851673,-0.413853792,0.358456741,-1.386077366,0.831746625,0.570146589,0.750480711,1.60227589,-2.211485896,-1.240321957,1.1275404,1.151979766,-0.920037919,0.220965636,0.797486507,-1.731676879,0.243474367,-0.343606605,0.398596225,0.997026743,1.313689346,0.649609498,-0.287880993,0.693355589,1.303309821,-0.283319986,0.233969177,0.927118866,0.134123846,1.164448384,0.519301935,-0.572002194,0.088059858,-1.411914671,0.13273628,-0.46921215,0.043197898,0.1728247,0.225451023,0.871430261,1.48177364,-0.652226597,-1.588606155,0.536296086,-0.155610409,-0.608599086,-0.206253898,-0.270206242,-1.425709025,-0.555523968,0.130810287,-1.055240383,-0.808014219,0.075120309,-0.152849209,0.687475625,1.072365409,-0.991095937,0.029144782,0.417717137,2.399480514,-0.726896757,0.611404244,0.012356954,-0.20839657,-0.261245811,0.322248409,0.382045628,0.146827329,0.435639538,0.25837803,1.032106317,1.057843013,-0.258615148,-0.146201519,-0.595354367,0.254196594,-0.234271237,-0.650106718,-0.054027262,1.076182458,-0.037928538,1.045365129,1.211095464,0.187012053,0.347929908,-1.037053158,0.390743478,-0.592034707,0.602482609,-0.731959692,0.745130392,0.477286789,0.145059981,1.146579409,-0.432186742,-1.218170116,0.613968035,-0.389814621,-0.731658379,0.670301586,0.946890518,0.32126333,0.799344324,0.352293524,0.650266552,0.675160538,-0.322143176,0.709274478,-0.065871204,0.176305117,-0.370447314,0.271604914,0.82490772,0.763149344,-0.20171988,-0.434630417,-0.95274395,-0.343679442,0.116028872,0.533583202,0.996473965,-0.293397793,0.769731601,-0.416133428,0.904545038,-1.017590728,0.416173662,1.339381254,0.189480269,0.229045553,0.397902793,-0.364751855,-0.325749796,-0.976738707,-0.744389251,-0.162820529,-1.012192406,-0.59121845,-1.390541694,0.525022919,1.207678537,0.032624593,1.47322309,0.639439706,-0.679694272,-2.344899533,0.310996964,0.853910797,1.305258912,-0.196039953,0.304482019,1.088764534,-1.437655394,0.530240997,-0.070695523,0.577311517,0.097471737,-1.260874054,-0.467679845,-1.486331952,-0.117486543,-1.580391793,-0.505874519,-0.532264452,-6.566327652,0.534359559,-0.759555475,0.635261278,0.126795072,-0.305891563,0.733523452,0.697327007,0.147766668,-0.503260917,0.796895566,0.892484052,0.38697273,0.590465097,0.185331402,0.271900151,-0.185601515,0.238553183,0.191904083,-0.94826567,-0.238437604,0.207803499,-0.281640763,0.009351326,0.012872885,0.614624465,0.899616546,1.477482773,1.328021437,0.48887202,0.282512149,0.725605192,1.129577428,-0.027824256,-4.505081853,0.149054037,0.760316477,0.114400369,1.723733185,1.042943685
hsa.mir.102,0.0,0.0,0.0,0.0,0.0,0.0,0.0,0.0,0.0,0.0,0.0,0.0,0.0,0.0,0.0,0.0,0.0,0.0,0.0,0.0,0.0,0.0,0.0,0.0,0.0,0.0,0.0,0.0,0.0,0.0,0.0,0.0,0.0,0.0,0.0,0.0,0.0,0.0,0.0,0.0,0.0,0.0,0.0,0.0,0.0,0.0,0.0,0.0,0.0,0.0,0.0,0.0,0.0,0.0,0.0,0.0,0.0,0.0,0.0,0.0,0.0,0.0,0.0,0.0,0.0,0.0,0.0,0.0,0.0,0.0,0.0,0.0,0.0,0.0,0.0,0.0,0.0,0.0,0.0,0.0,0.0,0.0,0.0,0.0,0.0,0.0,0.0,0.0,0.0,0.0,0.0,0.0,0.0,0.0,0.0,0.0,0.0,0.0,0.0,0.0,0.0,0.0,0.0,0.0,0.0,0.0,0.0,0.0,0.0,0.0,0.0,0.0,0.0,0.0,0.0,0.0,0.0,0.0,0.0,0.0,0.0,0.0,0.0,0.0,0.0,0.0,0.0,0.0,0.0,0.0,0.0,0.0,0.0,0.0,0.0,0.0,0.0,0.0,0.0,0.0,0.0,0.0,0.0,0.0,0.0,0.0,0.0,0.0,0.0,0.0,0.0,0.0,0.0,0.0,0.0,0.0,0.0,0.0,0.0,0.0,0.0,0.0,0.0,0.0,0.0,0.0,0.0,0.0,0.0,0.0,0.0,0.0,0.0,0.0,0.0,0.0,0.0,0.0,0.0,0.0,0.0,0.0,0.0,0.0,0.0,0.0,0.0,0.0,0.0,0.0,0.0,0.0,0.0,0.0,0.0,0.0,0.0,0.0,0.0,0.0,0.0,0.0,0.0,0.0,0.0,0.0,0.0,0.0,0.0,0.0,0.0,0.0,0.0,0.0,0.0,0.0,0.0,0.0,0.0,0.0,0.0,0.0,0.0,0.0,0.0,0.0,0.0,0.0,0.0,0.0,0.0,0.0,0.0,0.0,0.0,0.0,0.0,0.0,0.0,0.0,0.0,0.0,0.0,0.0,0.0,0.0,0.0,0.0,0.0,0.0,0.0,0.0,0.0,0.0,0.0,0.0,0.0,0.0,0.0,0.0,0.0,0.0,0.0,0.0,0.0,0.0,0.0,0.0,0.0,0.0,0.0,0.0,0.0,0.0,0.0,0.0,0.0,0.0,0.0,0.0,0.0,0.0,0.0,0.0
hsa.mir.181d,1.410797674,1.956186058,-2.003588464,-3.433604524,0.198163856,-1.275370386,0.019180465,-1.828387656,-0.251234278,1.502025887,1.273116519,2.251970114,1.049672449,0.393974853,0.413504037,2.030171581,-0.870823459,0.374133412,-0.541407178,-2.575277827,0.48720945,-0.915842133,-0.030685537,-0.979168442,0.051947879,-1.995904308,0.052694025,0.296012801,-0.53332615,-1.961319605,-0.295297955,-0.566901906,0.968639388,0.114678716,-0.932732855,-0.217842246,-0.134368262,-0.152125176,-0.414676934,1.816393821,1.461300523,-1.017462722,0.391381601,0.473230634,-0.538579004,1.346146596,-0.111374585,-0.35732432,1.708098106,0.142325348,-0.055674456,-1.439709275,0.654044856,1.933950007,-0.063743003,-0.035841063,0.072357953,-2.515490376,-0.930141705,-0.151440708,0.489534656,-0.841971968,-0.488945758,0.322739391,0.399122305,-0.202845755,-0.967247114,-1.389274886,-0.505450629,-0.598275061,1.364377447,-0.28208703,-2.084161154,-0.896424114,0.131362609,-1.44087341,-0.146182972,1.393596109,1.09275525,-0.304466733,-0.807057481,0.23550918,-0.313286861,-0.462104396,0.371836907,1.093295242,-2.363025022,1.734274721,-0.640166251,-0.067162512,0.353123399,-0.318255154,0.961024543,-0.316924737,0.661366599,-0.80677848,1.14660386,-1.241256693,-0.08995819,-1.156487323,1.574913871,0.457554809,0.480349234,-2.378911678,0.518932189,0.338963564,1.615757652,0.326981819,0.752008607,-1.526902766,0.279605588,0.783888432,0.301596792,2.817928191,1.089565668,0.317342431,1.346601935,-0.623538186,-1.776128219,-0.835275621,0.262230984,1.245389283,-1.115629451,2.484911641,-0.06713725,0.147925935,-0.895628177,0.279174277,0.694362509,0.832670926,1.801899424,0.684037806,1.571384401,0.725528024,1.346906079,0.765002128,0.748078449,-1.049501936,-0.97671004,0.242683523,-0.944710976,-0.429188538,-1.70480675,-0.985557608,-0.685915411,-0.724638038,0.098128525,-0.520604031,-0.834934608,-1.259237667,-1.21572878,-0.555881113,0.739118156,-1.468931266,-0.299291598,-0.444503106,0.583895338,0.553333208,-0.92274528,-0.277647429,-0.087936839,-0.336973813,0.01269977,-0.864187825,-1.82760309,-0.986348005,-0.579964668,-0.168996744,0.170466777,0.517609639,0.349348982,0.062430709,1.695245259,0.230326897,1.396697466,-0.253039001,-0.157862108,0.077814001,1.098753128,0.896628411,0.527173332,-0.276871885,1.478196069,-0.143899376,0.463799913,-0.16519985,0.918253855,0.186695393,0.132622172,-0.076122157,0.260302945,0.739234408,1.189463516,-0.236872082,0.261064068,-0.976302529,-0.905277286,-1.094680795,0.311856752,1.126139143,0.050142153,0.967902455,1.327590958,-0.536020221,1.301071101,0.40362021,0.280894052,0.300844168,0.057557654,-0.188901478,0.987614725,-1.195832313,0.49334185,-0.424141366,-0.189392996,1.286886847,0.19622883,1.479727127,1.707381921,-0.064469243,-0.45405547,0.065950736,-0.981701094,-0.177592681,0.319267617,-1.071401218,0.560870597,-1.579413388,1.586251545,0.511722683,1.051551439,-0.822799073,2.481261557,-1.475087286,-0.330223013,-1.274880407,1.016064166,-0.454844559,1.159130602,-0.133717207,1.286437259,0.426792911,-0.940111609,0.303777638,-0.357929518,0.584047925,1.852439204,-2.044194457,0.371311959,0.172184165,0.310154092,-0.670372328,0.99599993,0.38938584,0.698977699,-1.15848417,1.013926094,1.163411432,0.062830601,0.076889796,-0.275502631,0.324465223,0.73401556,-0.777773651,-0.055982689,1.230366831,-0.560543739,-0.923912931,-0.481854594,1.430625954,-0.496797901,-0.168311464,-0.394294896,2.698756829,0.766560025,-0.265685094,-2.025752498,-0.850456755,-0.865872549,0.069223911,0.395452484,1.154318664,-0.494700752,0.632412734
hsa.mir.142,-0.193010761,-0.415129138,-0.936206137,0.444566158,-1.514864112,-2.578009343,-0.589731662,-0.447913988,-1.099569612,0.572911765,-0.935306697,0.231465328,2.582475742,0.535365855,1.604961313,-1.247655977,-0.338921035,0.643663983,0.479743178,0.345293064,-0.729205695,-2.033537509,0.539043994,-0.822712917,-1.539730256,-2.103340476,0.936325108,-1.279415409,0.074821616,0.531541838,-1.377209457,0.947580794,0.828497121,0.960415938,0.680912515,-1.950672157,-0.995539884,-0.171438863,0.595972396,-0.193949639,-2.053805246,0.749945849,-0.423111162,0.104524994,0.995026867,1.483881495,-0.179289107,-0.216727551,-0.07781707,0.815226806,-0.211794687,-1.138292945,0.354459365,0.547725516,0.754603486,-0.541489086,0.279112794,-0.232455624,0.531645142,0.271722109,-0.396634566,0.275971877,-0.404090419,0.764916631,0.23424072,2.773680858,-0.063697218,3.197457864,-0.654490693,-0.978733746,-1.939412794,0.509017603,-0.121777074,-1.044978083,0.180458053,0.466369312,0.190147092,-0.170259237,0.562382925,0.049417659,0.049987492,-1.606590714,0.293540383,-0.067975032,-1.072829345,1.55081964,1.30833414,0.388748334,0.80978485,-0.510031279,-0.360419132,-0.190205305,1.313932183,0.237439652,-0.464427825,0.665415043,-0.810769009,-0.753361137,0.448085964,0.895445508,-0.156924094,2.459312488,-2.108206461,-1.797550593,0.179248208,0.052649356,-1.072742161,-2.015890101,0.166324628,-1.643447349,3.326082226,0.656850201,0.359429401,0.865784001,-0.054603623,-0.378356219,-0.436988715,0.337323334,-0.271064036,-0.381744579,0.056413993,0.599241772,0.772841872,1.056424001,0.624802664,0.091029662,-0.618778546,0.161996435,0.637908857,0.218549903,0.475224313,0.607614989,1.406864567,0.898367675,1.103046627,0.995687232,0.94594605,0.195496434,-0.674887973,0.964000398,0.052693369,0.793864177,0.291487692,-0.732898379,0.351742032,0.278809444,-0.864986263,-0.371564585,0.720937476,0.046592066,0.44783088,0.024226086,0.409590834,-0.244835905,0.980878751,-0.985452694,-1.141698002,0.248667669,-0.64421219,0.423742471,-2.10859987,-0.044966082,-0.557052272,0.110279905,-2.005152667,0.837411628,1.03334199,0.268152764,0.516022452,0.121516744,-0.054547881,0.051285769,0.436456028,-0.330589999,0.121506662,0.520398361,-0.053211264,3.655863696,0.220637604,0.559363489,-2.188270812,-0.790316878,-0.256026268,0.038781376,-0.14133249,2.728373216,-1.781522035,0.576141811,-1.947667339,2.222203312,0.553617122,-0.832559129,-0.294579849,-0.259642921,-0.844880794,2.604389386,-0.360564478,2.855590033,-2.198223252,-0.664951337,-1.971628982,-0.082249709,-1.750224113,-0.100865351,1.201237036,-0.343306044,0.031732506,0.135936157,-2.021571469,0.068226836,2.154478286,0.755615377,-0.455172609,-0.138648976,0.925644206,0.955222446,-0.094200018,0.633593868,0.524118933,0.787418985,0.479217656,2.060996429,-2.226796881,-0.344252499,-1.044320766,-0.423510196,0.315590512,-0.062668048,0.750405905,-0.785300834,-0.701875005,0.815270214,-1.555467343,0.173063544,-0.578265062,0.124753679,0.509811591,-2.522155639,0.623465971,0.743848361,0.4774755,0.530131228,-0.54966099,-1.264867448,-1.06321115,1.317491738,0.682084249,1.2795966,-2.295136296,0.3113113,-0.106321545,3.068970869,0.061358502,0.672579628,0.051868028,-0.254828183,-0.630696407,-0.044393843,-0.04658884,0.651117718,0.626697336,0.91510708,0.75125612,0.242039091,-0.223586534,0.730036546,0.35264601,1.27261227,0.295860383,0.586505757,0.543318958,0.937796295,2.506311756,0.922791636,0.400085382,0.699413758,-0.166898902,0.381828157,2.115295382,0.554638193,1.450012633,0.223537955,0.285410842,0.485010028
hsa.mir.142.1,0.0,0.0,0.0,0.0,0.0,0.0,0.0,0.0,0.0,0.0,0.0,0.0,0.0,0.0,0.0,0.0,0.0,0.0,0.0,0.0,0.0,0.0,0.0,0.0,0.0,0.0,0.0,0.0,0.0,0.0,0.0,0.0,0.0,0.0,0.0,0.0,0.0,0.0,0.0,0.0,0.0,0.0,0.0,0.0,0.0,0.0,0.0,0.0,0.0,0.0,0.0,0.0,0.0,0.0,0.0,0.0,0.0,0.0,0.0,0.0,0.0,0.0,0.0,0.0,0.0,0.0,0.0,0.0,0.0,0.0,0.0,0.0,0.0,0.0,0.0,0.0,0.0,0.0,0.0,0.0,0.0,0.0,0.0,0.0,0.0,0.0,0.0,0.0,0.0,0.0,0.0,0.0,0.0,0.0,0.0,0.0,0.0,0.0,0.0,0.0,0.0,0.0,0.0,0.0,0.0,0.0,0.0,0.0,0.0,0.0,0.0,0.0,0.0,0.0,0.0,0.0,0.0,0.0,0.0,0.0,0.0,0.0,0.0,0.0,0.0,0.0,0.0,0.0,0.0,0.0,0.0,0.0,0.0,0.0,0.0,0.0,0.0,0.0,0.0,0.0,0.0,0.0,0.0,0.0,0.0,0.0,0.0,0.0,0.0,0.0,0.0,0.0,0.0,0.0,0.0,0.0,0.0,0.0,0.0,0.0,0.0,0.0,0.0,0.0,0.0,0.0,0.0,0.0,0.0,0.0,0.0,0.0,0.0,0.0,0.0,0.0,0.0,0.0,0.0,0.0,0.0,0.0,0.0,0.0,0.0,0.0,0.0,0.0,0.0,0.0,0.0,0.0,0.0,0.0,0.0,0.0,0.0,0.0,0.0,0.0,0.0,0.0,0.0,0.0,0.0,0.0,0.0,0.0,0.0,0.0,0.0,0.0,0.0,0.0,0.0,0.0,0.0,0.0,0.0,0.0,0.0,0.0,0.0,0.0,0.0,0.0,0.0,0.0,0.0,0.0,0.0,0.0,0.0,0.0,0.0,0.0,0.0,0.0,0.0,0.0,0.0,0.0,0.0,0.0,0.0,0.0,0.0,0.0,0.0,0.0,0.0,0.0,0.0,0.0,0.0,0.0,0.0,0.0,0.0,0.0,0.0,0.0,0.0,0.0,0.0,0.0,0.0,0.0,0.0,0.0,0.0,0.0,0.0,0.0,0.0,0.0,0.0,0.0,0.0,0.0,0.0,0.0,0.0,0.0
hsa.mir.1468,-0.221255896,-1.66681392,-1.9485385,1.914955623,0.413502407,-0.265238588,0.566752374,0.651557777,-0.253948521,1.23125317,-0.322301215,0.731961821,0.648449716,2.479277624,-0.684903382,-0.036348316,1.739187146,2.151807516,-0.908088246,0.704637185,-0.316667888,2.66560299,-0.620779134,1.881862178,0.196196274,-0.584351175,0.038683004,-0.951647665,0.423867492,1.239612986,0.724585824,1.562031129,-0.369465532,-0.911187914,-0.268126004,-0.569798797,0.313452141,0.813110185,0.730999898,-1.092480229,0.434758596,-0.104061079,-0.60720954,1.029421824,0.165126588,-0.769086767,-0.478352035,0.59750276,0.370110774,-0.225513628,-1.53615903,1.09389422,0.618652107,0.618146995,-0.978653171,1.006322599,-0.312407586,-0.01153634,0.044448135,0.324241207,0.576750229,1.512425417,-0.087439852,1.809883764,0.014976527,-0.860644664,-1.375201075,1.108061192,-0.675559047,-0.554654592,0.75434314,0.672979284,-0.964040858,-0.727120997,0.020511714,-0.003156808,-0.316817366,0.479614447,2.490185775,-0.272940841,0.354219558,-0.036339549,0.823678451,1.094563304,3.391758566,0.352052123,2.492398668,0.577683998,-0.384268468,-0.131522997,0.740742733,1.427901192,0.559364728,0.604250106,0.42476721,0.858714747,0.89582768,-2.02091736,-0.815656609,-1.64957151,-0.038246381,0.130548593,0.104805128,0.893872528,-0.949358022,-0.794628188,-2.244233512,0.002523968,0.190113643,-0.61472317,0.322561238,-0.280116691,0.149803498,0.72454134,-0.091326617,0.548952968,-1.234941687,1.500064227,-0.377593141,-0.628516246,-0.19891724,0.888536294,-0.078132922,-1.09318223,-0.942197886,1.439456226,-2.103277759,-0.385135803,1.102729052,-0.831190563,-0.744673986,-1.06793319,0.789218239,-0.247939407,-0.466148969,2.657206331,-0.006773519,-0.110570754,-1.115913998,-1.392315298,-0.864306123,0.601725229,0.892433758,0.614043667,-1.353779483,-0.601574198,-1.182447805,-0.851812025,-1.786277121,-1.473781073,0.047504937,1.057341211,-0.658154514,-1.373443998,0.291549792,-0.569205765,-0.498316002,0.37517177,-0.533949963,-0.817222373,-1.169085701,1.691618176,0.29413746,-0.526245181,1.307492275,-0.931140504,-0.750463978,-0.080152486,2.4078786,-0.878368225,-0.801363118,0.161883145,-0.871545081,-0.119817162,0.594234608,-1.219285471,-1.003361139,0.352008732,-0.88945099,1.611735913,0.48783983,-0.622014509,-0.485723699,-0.346183358,-1.248740668,-0.639036272,-1.551572302,0.216175125,-0.181616929,0.110303087,1.125013922,-0.432443984,0.16678174,1.067634453,0.998541762,-1.123225142,0.528179473,-1.2267329,-0.767703128,0.487879843,-1.365607812,0.101930605,-0.122433942,-0.230268778,0.816942191,-1.158986832,-0.191788241,1.432176212,0.351522409,-0.231268216,0.093311414,1.013616839,-1.458560549,1.30332737,-1.42299269,-0.528535463,-0.243580726,0.540374043,1.076041286,-0.350494078,-0.421742563,-0.053950877,-0.197671577,-0.078383145,0.608495642,-1.760397528,0.015386864,2.343170153,1.391726769,1.068067193,0.372387238,0.585105057,0.272737467,-0.305030433,-0.462364993,-0.791638605,-0.15529242,-0.725338622,-0.678826813,-1.116286998,-0.894627556,-0.737705235,-1.722408988,1.900068618,-1.258714802,0.577900986,0.123219774,0.169022756,-0.532398153,-1.187678189,0.925720593,0.003389066,0.815153869,0.355554939,0.704321254,2.246212365,0.404534902,1.069639406,-0.793095279,-0.703559311,0.260775082,0.128679317,-0.211287349,-0.028015753,-0.177795031,0.258160325,-1.011839463,1.357240346,-0.528182072,-0.058959903,-1.091248294,-1.211919489,-1.296242689,0.097205679,-0.276867169,-1.788239525,1.036187807,0.924586082,3.584912505,0.4042668,-0.833527291,-1.4433761,-0.870588904,0.228623785
hsa.mir.155b,0.0,0.0,0.0,0.0,0.0,0.0,0.0,0.0,0.0,0.0,0.0,0.0,0.0,0.0,0.0,0.0,0.0,0.0,0.0,0.0,0.0,0.0,0.0,0.0,0.0,0.0,0.0,0.0,0.0,0.0,0.0,0.0,0.0,0.0,0.0,0.0,0.0,0.0,0.0,0.0,0.0,0.0,0.0,0.0,0.0,0.0,0.0,0.0,0.0,0.0,0.0,0.0,0.0,0.0,0.0,0.0,0.0,0.0,0.0,0.0,0.0,0.0,0.0,0.0,0.0,0.0,0.0,0.0,0.0,0.0,0.0,0.0,0.0,0.0,0.0,0.0,0.0,0.0,0.0,0.0,0.0,0.0,0.0,0.0,0.0,0.0,0.0,0.0,0.0,0.0,0.0,0.0,0.0,0.0,0.0,0.0,0.0,0.0,0.0,0.0,0.0,0.0,0.0,0.0,0.0,0.0,0.0,0.0,0.0,0.0,0.0,0.0,0.0,0.0,0.0,0.0,0.0,0.0,0.0,0.0,0.0,0.0,0.0,0.0,0.0,0.0,0.0,0.0,0.0,0.0,0.0,0.0,0.0,0.0,0.0,0.0,0.0,0.0,0.0,0.0,0.0,0.0,0.0,0.0,0.0,0.0,0.0,0.0,0.0,0.0,0.0,0.0,0.0,0.0,0.0,0.0,0.0,0.0,0.0,0.0,0.0,0.0,0.0,0.0,0.0,0.0,0.0,0.0,0.0,0.0,0.0,0.0,0.0,0.0,0.0,0.0,0.0,0.0,0.0,0.0,0.0,0.0,0.0,0.0,0.0,0.0,0.0,0.0,0.0,0.0,0.0,0.0,0.0,0.0,0.0,0.0,0.0,0.0,0.0,0.0,0.0,0.0,0.0,0.0,0.0,0.0,0.0,0.0,0.0,0.0,0.0,0.0,0.0,0.0,0.0,0.0,0.0,0.0,0.0,0.0,0.0,0.0,0.0,0.0,0.0,0.0,0.0,0.0,0.0,0.0,0.0,0.0,0.0,0.0,0.0,0.0,0.0,0.0,0.0,0.0,0.0,0.0,0.0,0.0,0.0,0.0,0.0,0.0,0.0,0.0,0.0,0.0,0.0,0.0,0.0,0.0,0.0,0.0,0.0,0.0,0.0,0.0,0.0,0.0,0.0,0.0,0.0,0.0,0.0,0.0,0.0,0.0,0.0,0.0,0.0,0.0,0.0,0.0,0.0,0.0,0.0,0.0,0.0,0.0
hsa.mir.3610,0.134879182,-0.04112403,0.007522584,2.251591296,-2.162580755,1.532212547,-0.388691998,0.651944634,-0.425293766,0.257024826,0.189538906,-1.445118446,0.22815481,1.577506376,-1.032799927,-2.999137007,-0.974851108,-1.332423887,0.134065872,0.369707351,-0.110071566,-0.391340206,0.393157229,-1.24911636,-1.006194412,-0.162766695,-0.116834738,1.335388023,0.299619642,0.173939571,-1.980911451,1.038012097,0.076589774,-0.302258849,0.735288644,0.656308576,0.520828509,0.499078791,-1.374843537,-0.636525882,0.057508146,-0.618689476,-2.463894615,-1.059699487,0.499526687,0.155324312,0.425025995,-0.449369051,-0.818990448,0.612024389,0.591443566,0.076549309,0.857401184,0.957562713,0.792446397,-0.877972081,0.288321921,-0.470126128,0.067079289,-0.693417363,-1.876004137,0.870954393,-0.079048887,-0.707268128,0.145794926,0.430374347,0.669757914,-1.183730285,1.139415532,1.568510309,0.671168084,1.038347016,0.337225915,-0.136028854,0.589442338,-1.654223101,0.268431787,-1.577245997,-0.381610229,1.023402867,0.083456589,-0.177267636,0.043226184,-1.106526573,-0.662041083,-2.566508782,-0.81508033,-0.203242201,0.797031213,-0.283507665,-1.82820893,1.374855908,0.094992047,-2.228390013,0.140894938,0.714835903,1.362271204,-1.157589563,-0.761186835,-0.170785463,0.818759735,1.027026363,-0.014287688,-0.157248643,-1.115984631,-0.583115325,0.625750607,2.059014684,1.245366234,0.498310092,-0.617450458,0.399467011,0.840928451,0.107215565,-0.054577212,1.104648061,-0.051625929,1.147934661,3.785986471,0.413717302,0.743664108,-1.478865083,0.928802843,0.547542603,0.280863844,0.179619098,0.922835478,1.495535405,-1.616564806,1.009197909,0.574951245,0.920780093,0.17860405,0.220821299,0.679298641,-0.273455304,1.085065831,1.107260585,1.017423091,-0.997476017,0.459146445,-1.49405047,-0.750639009,0.975785116,0.300866919,-2.571839555,-1.304906478,1.180616568,0.29885585,0.398917445,0.816687696,-1.320574596,0.086827782,0.430700693,1.010770904,0.413743796,-2.859299297,0.393568393,0.31114682,-1.191361284,0.77099055,0.1415302,-0.534293962,-0.706234087,-0.703268539,0.363705178,0.043042333,-0.231029613,-0.516626991,0.575150494,-0.507370637,1.473918054,0.704845018,0.434663821,1.483284646,0.69842081,0.898649709,-0.056030682,0.127842257,0.748439126,-0.944938143,0.535789645,0.206615536,-2.490568656,-2.092018086,-0.154586007,-0.408132705,-0.690658797,1.522270719,0.007527279,-0.146315781,-0.625855582,-0.824152082,0.683196882,0.308878212,0.47583084,0.185788385,-1.972917123,-0.13308707,0.283776395,-0.169770147,-0.407376376,0.122428243,0.51236909,-0.286336501,0.671256005,-1.708715219,-0.536890288,0.235532612,0.010005831,0.159449875,0.435830316,0.425147182,-0.074287392,0.053764395,0.708300507,-1.141136917,-0.697192643,0.27247951,1.682925199,-0.85558492,-0.37470468,0.291893826,-0.219622507,1.289005543,0.293369122,-1.74487666,0.803287388,-1.279366688,0.178191969,-1.0896409,1.116165734,-1.026963383,-0.487891534,0.179389085,1.055019065,0.152830822,-0.715496708,-0.001810622,1.762078447,1.312962526,1.239184724,1.302554441,1.632237597,0.476163399,0.32251628,0.222208118,0.848098785,-0.596717922,0.3308158,0.836331112,0.146737101,-0.082365845,-0.216406971,-0.893311885,1.502928636,-1.359920751,-3.517504552,0.49660747,0.117844367,0.688340741,1.002728003,-2.656178466,0.310987677,-2.045671732,0.668751714,0.128495509,0.717761544,1.144282944,-0.942725327,-0.38699834,-1.351167377,-0.185048356,0.62812241,0.519568779,0.953518069,0.805595514,0.91218462,-0.280608607,-0.229782519,-1.833222748,0.240006281,-0.510892621,-0.411931292
hsa.mir.1287,0.222995274,-1.381085306,-1.152218967,-0.200990116,-0.176348741,-0.389659871,-0.696174982,-1.695553158,-1.367244706,0.499305865,-0.599555827,1.090687011,-2.298566203,-0.318233777,0.762201858,1.408351901,0.302257237,0.727394363,0.376673531,-0.100022081,-0.193153044,1.729681749,0.454727709,-0.451355253,0.154171518,0.235118856,-1.611084307,0.496808649,-2.745030713,-0.135037948,-1.732685714,1.374244875,-0.232129152,-0.058492168,0.566608266,-0.749977252,-0.678837229,-0.362241666,-0.576748456,-0.663186357,0.435443316,-0.010832148,1.260661491,0.217634243,0.969289514,2.215902389,0.115381507,2.213823128,0.340878206,0.557084756,-0.750198018,-1.418213953,-1.825480721,0.529677958,0.702164036,-0.081196855,-0.258534764,-1.963437239,-2.278864907,0.437705978,0.893176736,0.33525118,0.888707523,-0.099175506,-1.160923117,-0.025893543,-1.189831208,0.248422318,0.069792602,0.374838738,-2.472680919,-0.691201939,1.458183165,-2.481433528,0.707324761,0.69390865,-1.072351772,-1.330092529,0.940363161,0.479938051,-0.342106251,-0.848562336,-0.201880844,-0.009417401,0.866937434,0.05536138,0.751217166,-1.145782984,-0.95484747,-0.591270053,1.188689918,0.381177337,-1.064981851,1.40552305,-1.717289349,-0.485345183,0.334055142,-0.548300738,0.17040232,1.810155685,0.696298518,-1.253971781,0.363838195,0.637612104,0.451112166,0.619315893,-0.417203947,0.485348792,-0.552228621,0.505610793,1.059622347,-0.333352019,-1.439575356,1.123608428,-0.479773389,-1.3758724,-0.49512842,0.374908095,-0.945036452,-0.785663913,-0.435731375,1.738541038,1.169299418,1.021282772,-1.469643729,0.068851871,0.116798402,0.961585458,-0.817827634,-0.041972462,0.192304066,0.19831101,-0.656902524,0.463198506,0.557207878,1.390618713,-0.150510679,0.874833093,-0.121657819,2.306829685,0.149411322,-0.332388633,1.191853251,-0.250051733,-0.047008439,-1.135999675,-0.506997173,-2.781103369,0.889486819,0.467718183,0.156247701,-2.811626635,-0.067428933,0.444394438,0.293131256,0.883734491,-0.507966466,0.272236625,0.418159944,0.637801444,-0.323283036,2.058118462,-0.653161022,-0.732709394,-2.559210449,0.605702839,1.645039611,0.500503848,0.439420272,0.566337131,-0.263059111,0.2556071,-0.312106896,0.642733241,0.348034733,0.409323379,-1.021539757,0.873685345,-1.367057256,0.354849624,0.584791842,1.077057022,-0.102448782,-0.503465398,0.605737639,-0.308201447,0.3238712,-0.174545317,0.440022256,1.021999553,-1.089007779,-2.753318206,0.24379526,0.589507514,1.033932704,1.489059145,0.889720447,-1.724712622,-0.224608117,-1.346661479,0.771733056,1.351135761,-1.037618535,0.753971851,1.297921735,1.425696609,0.121821771,-0.563815428,-0.480047747,-1.204416489,2.709024121,-0.508408054,-0.031106823,0.385514629,0.622923007,-0.360177239,-0.895141898,-0.669017794,-0.308074844,0.670417149,-0.610348422,0.485205642,0.207744596,1.411404353,-0.108479455,0.437341926,0.240245794,1.518450667,-1.584483746,0.330664948,0.739251625,-0.381359092,-0.229792387,-0.026990844,-0.464441263,0.472386027,0.71252849,1.392201052,0.769666487,0.732800365,1.048683584,-0.688373911,0.434563613,0.28783132,2.206273985,2.315154251,0.464581641,0.990598045,0.617234475,0.722045745,1.173099621,1.304040463,-2.427913065,0.733100326,0.661584875,0.707625749,-2.850868274,-0.676467323,0.738252098,-0.326108294,0.409868761,-0.412978736,-0.305385191,0.21828702,-0.882544607,0.126228968,0.272906272,0.958818715,-0.716566673,1.040266348,-0.143006563,1.828507602,0.455396829,0.619168337,0.937804152,0.765028259,0.697958321,-0.430308958,-1.619933733,0.194140587,-0.036094776,0.830793574,0.691346749,0.95067517
hsa.mir.19a,0.819546525,0.375161719,0.523115074,-1.500403538,0.719894785,-0.673812061,1.098439329,-1.259143653,-0.856091798,0.253769038,1.17490205,-0.742078502,-0.989326478,-1.156969729,2.109142979,2.140439329,0.411127674,1.190121622,0.951064603,-0.528383479,-1.197499961,0.771166295,0.634669654,-0.959701911,0.089150867,0.013098294,0.792141576,-1.201936049,0.238555962,0.049846001,-0.08491193,-0.493088143,-0.319570176,-0.568514205,-0.846345769,0.073939949,-0.147599143,-0.317473788,-1.034096654,-0.838963372,0.025377221,0.467179647,-0.352806618,-0.563501342,-1.038094627,-0.799718941,0.567675983,-0.002534451,-1.137698256,0.509978698,-0.921598137,2.274092822,0.157981828,-0.257086053,0.811441707,-0.995681703,0.521570846,-0.305072309,-0.891489629,-0.448672837,-0.635890193,-0.177274365,0.036452706,0.545046196,1.177904672,1.335379691,-1.893913643,0.966554049,0.636118261,0.178897853,-1.547027479,-1.005695838,1.171497044,0.723766879,-0.144110253,-2.160358004,0.022119914,-1.18277956,-0.332588868,-1.578484295,0.297955135,-1.111221885,-0.701126054,-0.665019387,0.15447384,-0.8236457,-1.518852924,-1.476108421,-1.805869182,0.762709406,-0.626236594,-0.092031797,0.125455583,0.798178192,-1.285828353,-0.54382149,0.804282507,0.133747727,2.374815947,0.70276871,0.651581652,-1.019556858,1.095973769,0.253136646,0.061882115,-1.112641716,-0.725514822,0.85598401,0.85568009,0.512117196,2.916708978,-0.45767971,-0.416547183,-0.617968368,1.114869598,0.061614115,0.500061089,-0.103144198,2.500195382,0.484195829,1.636032778,-2.146085637,0.874855389,-1.842041526,0.538780292,0.104325553,-1.391821152,-0.356501829,1.550229849,0.054445597,0.847323444,1.794685553,0.175932287,-0.669028173,0.120658344,0.642318257,0.371222216,0.83628033,-1.251406536,0.232472754,0.633551301,0.232406655,1.061207287,-1.155484727,-1.130430783,-0.808444928,0.691525691,-1.031767188,0.276700694,-0.026913274,-0.642015904,-0.232219508,-0.547353908,-1.788006644,-0.519285172,0.569504944,-1.076895783,-0.522800679,0.973001729,0.729743264,-1.288493113,-2.074945891,-0.850297115,-0.612555317,-0.742790377,-0.679936007,1.303245361,0.409789501,-0.073817317,0.052189918,0.074990517,-1.498050059,2.183649224,0.073056391,0.584628874,0.180227194,0.915434989,-0.403965686,0.12876322,0.065989585,0.460563852,0.653743002,-1.048413281,0.477166383,1.755227188,-0.483664127,1.470248153,0.495274937,0.673514917,0.394381362,1.342967147,0.125322209,-1.336748714,-0.269259018,0.362902584,-0.843206562,-0.18586728,1.057058897,1.718623932,0.967639747,0.585358731,1.078120777,0.349467503,0.477652329,-0.343194886,-0.342354571,0.963629956,-0.716969445,0.761428532,1.251691508,0.691010082,-0.158203204,0.450448103,-1.121505392,0.731640883,-0.580901209,0.697781557,0.688900534,-0.045737005,0.393083333,-0.176116661,0.460030719,0.040717315,1.308400008,-0.111602202,1.348986523,-1.539662152,-0.423566136,1.337765457,0.399488122,-0.820253061,0.145421059,-0.016144084,-0.036797908,-0.688744178,0.515495821,1.807520664,0.637838886,1.960227388,0.033545877,0.597033357,0.489436947,-0.038938858,-0.115891008,-1.127335797,1.413391302,0.118823067,-0.91279607,0.512144813,-0.062957518,-0.843803732,0.360486224,-1.397358498,-1.087699997,-1.362012269,1.399717784,0.604608776,1.949678607,-0.624955475,1.459942756,1.253862371,-1.642843192,1.190862871,-0.446774754,1.632104771,0.852690449,0.622000962,-1.624505756,-0.949175808,0.671292334,0.006760865,0.488171851,4.8259906,-0.506588234,-0.196626433,0.806156064,0.652874428,0.893193836,-0.478502959,1.129680082,2.26891863,1.247302748,0.261993923,-0.228226226
hsa.mir.143b,0.0,0.0,0.0,0.0,0.0,0.0,0.0,0.0,0.0,0.0,0.0,0.0,0.0,0.0,0.0,0.0,0.0,0.0,0.0,0.0,0.0,0.0,0.0,0.0,0.0,0.0,0.0,0.0,0.0,0.0,0.0,0.0,0.0,0.0,0.0,0.0,0.0,0.0,0.0,0.0,0.0,0.0,0.0,0.0,0.0,0.0,0.0,0.0,0.0,0.0,0.0,0.0,0.0,0.0,0.0,0.0,0.0,0.0,0.0,0.0,0.0,0.0,0.0,0.0,0.0,0.0,0.0,0.0,0.0,0.0,0.0,0.0,0.0,0.0,0.0,0.0,0.0,0.0,0.0,0.0,0.0,0.0,0.0,0.0,0.0,0.0,0.0,0.0,0.0,0.0,0.0,0.0,0.0,0.0,0.0,0.0,0.0,0.0,0.0,0.0,0.0,0.0,0.0,0.0,0.0,0.0,0.0,0.0,0.0,0.0,0.0,0.0,0.0,0.0,0.0,0.0,0.0,0.0,0.0,0.0,0.0,0.0,0.0,0.0,0.0,0.0,0.0,0.0,0.0,0.0,0.0,0.0,0.0,0.0,0.0,0.0,0.0,0.0,0.0,0.0,0.0,0.0,0.0,0.0,0.0,0.0,0.0,0.0,0.0,0.0,0.0,0.0,0.0,0.0,0.0,0.0,0.0,0.0,0.0,0.0,0.0,0.0,0.0,0.0,0.0,0.0,0.0,0.0,0.0,0.0,0.0,0.0,0.0,0.0,0.0,0.0,0.0,0.0,0.0,0.0,0.0,0.0,0.0,0.0,0.0,0.0,0.0,0.0,0.0,0.0,0.0,0.0,0.0,0.0,0.0,0.0,0.0,0.0,0.0,0.0,0.0,0.0,0.0,0.0,0.0,0.0,0.0,0.0,0.0,0.0,0.0,0.0,0.0,0.0,0.0,0.0,0.0,0.0,0.0,0.0,0.0,0.0,0.0,0.0,0.0,0.0,0.0,0.0,0.0,0.0,0.0,0.0,0.0,0.0,0.0,0.0,0.0,0.0,0.0,0.0,0.0,0.0,0.0,0.0,0.0,0.0,0.0,0.0,0.0,0.0,0.0,0.0,0.0,0.0,0.0,0.0,0.0,0.0,0.0,0.0,0.0,0.0,0.0,0.0,0.0,0.0,0.0,0.0,0.0,0.0,0.0,0.0,0.0,0.0,0.0,0.0,0.0,0.0,0.0,0.0,0.0,0.0,0.0,0.0
hsa.mir.368,0.0,0.0,0.0,0.0,0.0,0.0,0.0,0.0,0.0,0.0,0.0,0.0,0.0,0.0,0.0,0.0,0.0,0.0,0.0,0.0,0.0,0.0,0.0,0.0,0.0,0.0,0.0,0.0,0.0,0.0,0.0,0.0,0.0,0.0,0.0,0.0,0.0,0.0,0.0,0.0,0.0,0.0,0.0,0.0,0.0,0.0,0.0,0.0,0.0,0.0,0.0,0.0,0.0,0.0,0.0,0.0,0.0,0.0,0.0,0.0,0.0,0.0,0.0,0.0,0.0,0.0,0.0,0.0,0.0,0.0,0.0,0.0,0.0,0.0,0.0,0.0,0.0,0.0,0.0,0.0,0.0,0.0,0.0,0.0,0.0,0.0,0.0,0.0,0.0,0.0,0.0,0.0,0.0,0.0,0.0,0.0,0.0,0.0,0.0,0.0,0.0,0.0,0.0,0.0,0.0,0.0,0.0,0.0,0.0,0.0,0.0,0.0,0.0,0.0,0.0,0.0,0.0,0.0,0.0,0.0,0.0,0.0,0.0,0.0,0.0,0.0,0.0,0.0,0.0,0.0,0.0,0.0,0.0,0.0,0.0,0.0,0.0,0.0,0.0,0.0,0.0,0.0,0.0,0.0,0.0,0.0,0.0,0.0,0.0,0.0,0.0,0.0,0.0,0.0,0.0,0.0,0.0,0.0,0.0,0.0,0.0,0.0,0.0,0.0,0.0,0.0,0.0,0.0,0.0,0.0,0.0,0.0,0.0,0.0,0.0,0.0,0.0,0.0,0.0,0.0,0.0,0.0,0.0,0.0,0.0,0.0,0.0,0.0,0.0,0.0,0.0,0.0,0.0,0.0,0.0,0.0,0.0,0.0,0.0,0.0,0.0,0.0,0.0,0.0,0.0,0.0,0.0,0.0,0.0,0.0,0.0,0.0,0.0,0.0,0.0,0.0,0.0,0.0,0.0,0.0,0.0,0.0,0.0,0.0,0.0,0.0,0.0,0.0,0.0,0.0,0.0,0.0,0.0,0.0,0.0,0.0,0.0,0.0,0.0,0.0,0.0,0.0,0.0,0.0,0.0,0.0,0.0,0.0,0.0,0.0,0.0,0.0,0.0,0.0,0.0,0.0,0.0,0.0,0.0,0.0,0.0,0.0,0.0,0.0,0.0,0.0,0.0,0.0,0.0,0.0,0.0,0.0,0.0,0.0,0.0,0.0,0.0,0.0,0.0,0.0,0.0,0.0,0.0,0.0
hsa.mir.452,-0.467847386,-0.537717465,0.919810519,-1.141558789,0.66269366,-0.763386884,-0.789749972,-1.366726752,-0.308924848,0.091618387,0.535097309,-1.551134397,-0.286043451,0.04805666,0.112176883,-0.87523035,-0.734300105,0.614814568,1.359007736,0.015615551,-0.252133418,-0.027163583,0.327496954,-0.307939295,-0.348027262,0.138317206,0.723351306,-0.450055979,2.764725896,0.430669474,-0.752687853,1.136459011,-0.504662022,-1.023047074,0.340842325,0.151779327,-0.667354853,-0.908515534,-0.269926344,-0.748985986,-0.86474086,0.263891803,1.157527283,1.116450393,-0.150914995,2.052476904,0.627296971,-0.416808278,-1.344309564,1.85075936,0.45195003,1.013643797,-0.794866565,-0.782894513,0.116829566,-1.509823443,1.70966562,0.888160977,0.144393889,-0.670692749,2.18483502,0.05714075,1.687255408,-0.4373071,0.219433294,0.448776396,-0.992560518,0.886884413,-0.168785781,0.147158133,-0.132625412,-1.921802551,1.225111329,1.455099572,-0.323790081,-0.792682131,-0.738072374,-0.281428693,-0.085964514,-1.829918244,1.729840788,-1.435283339,-0.271951664,0.300018354,0.440383614,0.618247039,-1.075324474,-0.8479906,0.945532418,-0.737968066,-0.07113212,0.04008577,-0.009681887,-0.566650146,0.076596236,-0.738179457,0.178264604,2.619151025,1.578422691,-1.47551826,0.470354533,-0.90821534,1.355836576,-0.337628648,0.773777075,0.278191575,0.354395157,-1.473844279,0.433187414,3.299696011,0.805780782,0.046681366,-0.497183112,3.021322991,0.571274752,1.930105447,-0.43043568,1.117895745,0.223848902,0.824339524,-0.83323321,-0.710892797,0.780873835,-1.843249571,-0.776736242,1.974644431,-0.491297334,0.639194658,0.866818814,0.453782041,0.16676294,0.411819758,0.505535421,-0.815469087,-0.554988178,0.900796375,-0.245232155,1.16527676,-1.403615945,-0.822680246,1.148671211,-0.867677107,1.000657502,-1.148917776,-0.276977863,1.120794459,0.910162998,0.090348365,0.204269742,0.688372996,0.816598186,0.53669748,-1.323851529,0.710932897,-1.204599779,0.425924176,-1.754913823,-0.016134392,0.30383038,-0.365104155,-0.72157081,0.142368336,-0.188173191,1.927481987,0.308363395,0.070455803,-1.085602485,0.243338414,-1.141176213,-0.526139691,-0.816880865,-2.251258252,-0.679124564,0.457580889,-0.818855033,-1.083060116,-0.904976289,0.570751339,-0.424575642,0.121856391,-0.29010278,0.410290619,-0.161333683,0.336971238,1.072433949,0.581554538,-0.047206269,-0.040903922,-1.796522705,0.3877763,-0.090196645,-0.86385408,0.145805809,3.813774877,0.39575908,0.382437559,-0.738772765,-0.399338977,-0.539951896,0.315241396,0.202815546,2.729843739,-0.58135104,-1.447470319,-1.690901349,0.10806012,2.313494207,-1.143509744,0.052026023,-0.092846351,0.027378538,-1.070308722,-1.232322146,-0.551588675,0.467953812,0.290165424,0.456381435,0.443859697,-0.345107958,-0.211732299,-0.585813352,0.264142448,0.312639112,-0.574195402,-0.41493875,-1.802910228,-1.317015903,0.254288264,-0.696290662,0.435054686,0.361465727,-1.067980881,-1.062622561,1.698976751,0.596044307,-0.062647191,0.611006269,0.918659484,0.484933312,-1.543084139,-0.014887037,-0.859533669,0.567177123,0.146427094,-1.335111443,0.4159187,-0.09797214,-0.290982451,-1.862391474,0.128814338,1.794420897,0.882233669,0.078837047,-1.337998404,0.511144005,-0.66752012,-0.22761084,-0.156124704,1.092583743,-0.664014478,0.324013002,0.225245212,1.091258406,0.595108063,0.809876263,-0.86558654,0.637190141,-0.138014869,-0.040587679,0.096958635,0.961895768,-1.272784403,1.493756065,1.319112748,0.764711031,0.798176431,-0.315097235,-0.923695552,0.572613875,0.047740736,0.242599894,1.231866206,0.775340931,1.650622637
hsa.mir.165b,0.0,0.0,0.0,0.0,0.0,0.0,0.0,0.0,0.0,0.0,0.0,0.0,0.0,0.0,0.0,0.0,0.0,0.0,0.0,0.0,0.0,0.0,0.0,0.0,0.0,0.0,0.0,0.0,0.0,0.0,0.0,0.0,0.0,0.0,0.0,0.0,0.0,0.0,0.0,0.0,0.0,0.0,0.0,0.0,0.0,0.0,0.0,0.0,0.0,0.0,0.0,0.0,0.0,0.0,0.0,0.0,0.0,0.0,0.0,0.0,0.0,0.0,0.0,0.0,0.0,0.0,0.0,0.0,0.0,0.0,0.0,0.0,0.0,0.0,0.0,0.0,0.0,0.0,0.0,0.0,0.0,0.0,0.0,0.0,0.0,0.0,0.0,0.0,0.0,0.0,0.0,0.0,0.0,0.0,0.0,0.0,0.0,0.0,0.0,0.0,0.0,0.0,0.0,0.0,0.0,0.0,0.0,0.0,0.0,0.0,0.0,0.0,0.0,0.0,0.0,0.0,0.0,0.0,0.0,0.0,0.0,0.0,0.0,0.0,0.0,0.0,0.0,0.0,0.0,0.0,0.0,0.0,0.0,0.0,0.0,0.0,0.0,0.0,0.0,0.0,0.0,0.0,0.0,0.0,0.0,0.0,0.0,0.0,0.0,0.0,0.0,0.0,0.0,0.0,0.0,0.0,0.0,0.0,0.0,0.0,0.0,0.0,0.0,0.0,0.0,0.0,0.0,0.0,0.0,0.0,0.0,0.0,0.0,0.0,0.0,0.0,0.0,0.0,0.0,0.0,0.0,0.0,0.0,0.0,0.0,0.0,0.0,0.0,0.0,0.0,0.0,0.0,0.0,0.0,0.0,0.0,0.0,0.0,0.0,0.0,0.0,0.0,0.0,0.0,0.0,0.0,0.0,0.0,0.0,0.0,0.0,0.0,0.0,0.0,0.0,0.0,0.0,0.0,0.0,0.0,0.0,0.0,0.0,0.0,0.0,0.0,0.0,0.0,0.0,0.0,0.0,0.0,0.0,0.0,0.0,0.0,0.0,0.0,0.0,0.0,0.0,0.0,0.0,0.0,0.0,0.0,0.0,0.0,0.0,0.0,0.0,0.0,0.0,0.0,0.0,0.0,0.0,0.0,0.0,0.0,0.0,0.0,0.0,0.0,0.0,0.0,0.0,0.0,0.0,0.0,0.0,0.0,0.0,0.0,0.0,0.0,0.0,0.0,0.0,0.0,0.0,0.0,0.0,0.0
hsa.mir.486.1,0.12535627,-1.51153565,-0.459036918,-0.719606098,0.220065138,-1.42156117,-0.389758733,-0.915202485,1.508287641,1.012695973,-0.276411883,-0.173360272,0.767344852,-1.337769061,0.248010551,0.451430999,0.406313745,0.642821179,0.705186546,-1.081778326,-1.050166605,-0.472978291,-1.003420499,0.055964911,1.455154993,-4.118340503,1.222232036,0.742144964,-1.147800733,-0.049759841,1.079577752,0.274367288,0.620348246,0.887384879,-0.299734122,-0.29435758,-0.369419291,-1.13524805,0.585273989,-0.777198453,0.222803945,-0.977146921,1.141009928,0.307039954,-0.646285243,0.687074568,-0.363361074,2.118944602,1.320094031,0.462805528,-1.844519365,0.154580107,-0.52626966,1.269143707,-0.431463934,0.631075382,0.690167944,-0.485037805,0.864978108,0.451992522,-0.294666008,0.628705528,-0.666297341,-0.296776471,0.063606772,-0.602006908,-0.321924785,-0.246868001,-1.881139176,-0.52470475,1.163130097,0.263032278,1.10653237,0.298669672,0.938441308,0.167893724,-0.576915097,1.063433219,0.912441006,0.343018021,-1.047486662,0.078428042,0.410929969,-0.156538576,1.737550756,0.394420677,1.149702511,0.474177109,0.495096515,0.199029203,0.611284853,0.227158843,0.250679441,-0.038168806,0.269446516,0.50452906,-0.189712665,-0.823658852,0.350432712,2.054939599,0.278549104,-1.362414933,0.04829955,-0.397673565,-0.167604636,-1.043376419,-0.488629054,0.89287787,0.698503096,-0.29677103,1.359095603,0.81119904,0.458189466,0.163368268,-0.403512935,0.458400258,0.792436739,-0.058902592,0.165640908,0.578355754,-0.009703397,0.627213054,-0.3535747,0.058691869,-0.350796617,-0.729964536,-0.135225986,-1.874716004,0.211954456,0.240654284,0.111188111,-2.025708732,0.67663146,0.628486084,-0.867216721,1.170117308,-0.418417059,-0.841092076,-1.265678086,0.191869414,-1.436117448,-1.354374551,-0.2454664,-0.452307438,-0.32739274,0.485654204,-1.559213105,-0.797309666,0.794017407,-1.349908833,-0.781140501,0.086276572,0.676511323,0.045331906,-0.620558267,-1.31908834,0.051851677,0.801387769,-0.655119525,0.88441494,-0.049778529,-0.513818931,0.733798901,1.478968224,-0.237615686,-1.377634223,0.276052268,0.070599359,-0.742517281,-2.23279155,-1.699181665,0.052756815,-0.892025064,0.412170989,-0.98228901,-0.547587615,-1.418410968,1.235795862,1.16093525,0.72533164,0.914688565,-0.540968625,0.058850312,-0.005167075,-0.090184542,0.39405381,0.552740272,0.621228673,0.55033959,-1.053440779,1.221069485,1.432145731,1.012333453,2.255750835,-0.529592214,0.885865519,0.18492075,-0.523270662,-1.800369884,0.567189543,0.259191887,0.39385549,0.015158723,0.046822743,0.500614037,0.105967675,-0.481772186,-0.502105191,0.581122459,0.034326283,0.654220807,-0.266954282,-0.449604542,-0.300607741,-0.616506151,-0.347208228,-0.623172835,0.107820978,0.18074837,0.179009676,0.13706667,-0.936584775,-0.453106487,0.794766336,0.202214043,-0.336165268,0.527548585,0.260446242,1.879967197,-0.198487131,0.084035211,-0.020438699,1.491175588,-0.177154513,-1.116480491,-0.189451764,-0.083314002,0.890998213,0.568988408,-2.301628932,-0.877672473,-0.478077667,-1.40098137,-3.568063155,-0.579514215,1.364232529,0.249368971,0.312876204,0.406613999,-0.117385718,-0.735314254,1.956754449,0.361456144,0.522111983,0.313742905,-0.41173202,1.585328249,0.325554597,0.403683541,0.134879947,-0.737757967,-0.51475347,0.183903683,-0.15703309,-0.115140242,0.018573473,-0.529069702,-0.838195779,-0.594917033,1.892216544,-0.409613754,0.761175932,-0.248963428,0.667029067,0.271552683,0.25817221,-0.186501553,-0.663772636,0.507315753,-0.94826001,0.165697122,-1.005976401,-0.256844278,0.677890524
hsa.mir.3200,-0.204083693,0.898319862,-0.254071758,-1.50245093,0.336223215,-1.013430146,1.824839509,-2.660403449,-0.480926423,0.391689894,-0.415810878,0.366769055,0.752859409,-1.207315433,0.800614398,1.48553679,-0.552690173,-0.412685049,0.967380853,-0.977099547,0.416612469,0.170664831,0.788249624,0.046088137,0.159135294,0.341528202,-2.571287827,-2.56377704,-1.036474379,-2.265332421,0.654060425,-0.453309192,-1.116474049,-1.602758676,0.031748926,0.676783489,-0.689723926,-0.185079637,0.154472386,0.894592742,0.027082195,0.471902079,-0.123379557,1.080829937,-0.585454803,0.391484564,-0.331017321,0.000226886,-0.225704025,0.535217783,1.607725402,-2.367807352,-1.317629134,0.555298971,0.614021347,-0.059206357,0.688775502,-0.440442829,-0.354393771,0.2596835,0.914033145,-0.787121827,-0.60345195,1.192670362,0.859564863,-0.058787128,-0.875570166,-0.027669587,-3.529083212,-0.666386085,-1.263941428,0.033722626,-0.842230302,-0.135877255,-1.60518862,0.728564266,0.099429713,-1.023547497,1.826943706,0.017998255,-0.364443542,-0.286968839,0.270343476,-0.881510552,0.043054023,-1.099408758,-3.305988269,-0.247281722,-0.045842527,-0.530321739,-0.322562855,-1.337486176,-0.32502371,-0.743637075,0.238074994,-0.485587559,-0.278467469,-0.000164078,-1.702413832,-0.508706922,0.828078127,0.125425412,-0.048462043,-0.78070393,-0.395646486,0.308726527,1.35865034,-0.665072126,-1.070949627,0.112101091,-0.832703743,-1.576523723,0.694054624,-0.743107798,-0.367126425,-1.312521337,-2.063415016,0.592621961,-1.000541939,-0.065935858,0.370264846,0.412650428,0.204699814,0.344117005,-0.751946712,0.546344461,0.953190208,-0.4988681,1.319220773,-0.752868395,1.312784386,0.390352113,0.502952985,-0.244668407,0.804588328,-0.54971928,-0.598136831,-0.515640942,-0.999925503,0.750125924,-0.571386843,0.946627791,-1.051816368,1.474475651,1.3243774,0.032280432,-1.406463018,0.307069678,-0.41477903,-0.038151221,-0.61176246,1.195070142,-0.218338788,0.036525733,0.142751313,0.50436532,0.605835159,-0.097514692,0.769098804,0.451148584,-0.247592309,1.299763906,-1.177434487,1.926654039,1.217463193,0.206707978,0.71387913,-1.099012489,-0.67199756,-0.760930381,0.684002264,0.612639834,0.050439224,0.56854605,-0.218153805,-1.201764211,0.447242441,0.394463172,-0.097495564,0.253658976,0.346842153,0.887231659,-0.492812167,1.04806404,-1.146366501,0.283118203,-0.339616947,-1.341963006,-1.2754041,1.245420559,-0.499959623,1.078723217,0.530894923,-0.059367536,-0.127252835,0.996360096,0.249716461,0.776464578,1.677723264,0.978449492,1.480143594,-0.557043056,1.787597431,0.141480944,1.846030736,0.091056289,-0.580063568,-0.215116215,0.741317296,0.851887006,-0.879699609,0.567713819,0.79714847,0.375253294,0.327111139,-0.071484603,-0.077821928,-0.244716043,-0.68179838,-0.275484839,-0.427197192,1.129140285,-0.652402112,-0.101529104,-2.237312901,-0.211590292,-1.199930023,-1.388940269,-0.326883048,-0.740326635,0.454565228,-0.568843873,-1.695825789,0.704498355,-0.043257516,-1.338252465,0.700274222,-0.378286257,-0.059567961,-0.594278072,-1.661602058,-0.873442985,-0.539788499,0.013907371,1.225577284,0.460600605,-0.725726057,0.459757985,1.506694706,1.794508436,-1.097748557,-0.042018403,-0.70191156,0.990156912,0.191910196,0.515030383,0.802903671,0.660290932,-0.737820172,-0.987064454,0.183340258,-0.127190799,1.933221904,0.198826215,1.259824543,0.512888675,0.835433948,0.493248215,-0.729528929,0.470924297,1.356880326,0.666232238,-0.391126117,1.634400482,1.383347322,-0.627907455,-0.468925601,-1.325556057,-0.747516294,-0.234525724,-1.150331037,1.024740891,-0.507701716,-0.208577412
hsa.mir.30e,1.302043468,-0.363503411,-0.548926471,0.459558437,1.018670138,0.503254524,1.578162645,1.213461448,-3.243059199,1.363208701,-1.009303769,0.732392283,-0.307707517,0.463139725,-1.019221671,1.282872625,0.842474561,-0.163458837,0.38614697,-0.071199888,-0.172981996,-0.404127556,0.085041629,0.158408003,-0.769443949,-0.845669201,-0.680856622,-1.172247022,-0.923740393,-0.280711235,1.268672054,0.336210459,-0.91589135,2.22234649,-0.361559031,-0.118118653,0.517810711,0.667938413,0.359751382,1.136929387,2.192195329,0.115943867,-0.591164867,0.501849212,-0.520316713,1.037852804,-0.64956013,-0.003175771,2.237741879,-0.064417607,0.192227711,-0.414733613,-0.602320101,-1.887826363,-0.466102501,1.51286358,-0.739161002,0.604985807,-1.602262005,0.421912728,-0.030992759,0.390428353,-0.198011873,1.139758132,0.314638186,-0.429035184,0.822518345,-0.377031529,1.082031064,0.635982803,0.688946188,0.087186005,0.003585668,1.61070443,1.504790173,-3.297727597,0.642639697,-3.191796529,1.986295912,0.066620803,1.186974893,0.056504373,-0.147665614,-0.146582286,0.284310086,1.520794844,0.369129943,0.883296198,-2.674032435,0.225072277,1.920133112,-1.965875721,1.394395333,1.582593855,0.809108551,-0.85171563,-2.718553115,0.103580736,1.128787729,0.38019351,-0.043649167,-1.824619006,0.303972273,-0.290307985,0.061490498,0.948064726,0.96646256,0.388855333,0.500030117,-0.335546268,-0.576455951,-0.393149134,-0.069846888,-0.200463132,0.461693234,-0.774746479,0.422504738,-0.732786095,-0.443836219,-0.451957566,-0.620169233,-0.872136097,-0.187768153,0.540057751,-2.623417135,0.342593537,-0.381234096,-0.225373186,0.41368097,-0.564554112,0.207512871,0.196172115,-0.490907327,0.081477513,-1.722988329,-0.434377217,-2.111974086,0.016248651,0.37882452,2.276719587,-0.069008114,0.494627949,1.613032023,-0.43940755,0.121982214,-0.174419252,1.670084101,0.014538162,-0.350303626,-1.347898867,0.495566694,0.221268021,0.293383304,-0.428586087,0.369670197,-0.137152331,-0.161198642,0.364024839,-0.142827117,0.497605996,0.456172745,3.646559651,-0.43481289,0.029913912,0.569552521,-1.842519504,0.717013194,0.039820381,-0.163453279,-0.130458981,1.117075809,0.196225613,-0.220782557,2.037131699,-1.191081006,-0.720798639,0.044948885,0.423469681,-0.845360894,0.395236894,-0.204339464,-1.044901752,-0.515869671,0.086506291,-1.316309322,1.252377233,0.31329018,-1.298447844,0.011544886,-0.772082331,-0.585913842,-0.246045479,-1.48215294,0.105327997,-0.139321156,-1.764139471,-1.22762988,1.058584976,1.481052718,-0.817218748,0.082669044,0.602379536,-1.151733,-0.167113532,1.309918955,-1.196285922,-0.214344079,0.424150603,0.461314674,-1.00752,0.10815365,-1.297101687,-0.300715736,-1.123519053,-1.59575767,-0.129348187,0.307002549,-1.332266771,-0.009594,-1.813829319,0.313390064,-0.822556203,0.167012716,-0.128334386,-0.74527918,1.727131297,0.963595278,0.276619858,1.170430076,-0.039166814,0.752229385,-0.246224537,-0.499103227,0.891189144,0.287593935,0.056200501,-0.810973195,0.564431133,0.504342819,1.036929547,1.830619086,-3.1819262,1.817712561,-1.358990579,-0.195596011,0.563837554,-0.370205807,0.145811019,0.659561618,-0.459595217,-0.678236238,-1.694933658,-1.433557793,-0.23035557,-1.602153787,-0.07237235,0.088703516,1.257185753,-1.330685003,-1.258728889,0.455594982,-0.119426256,0.85522948,0.043398527,0.441276663,-0.830232593,-0.306691751,-0.033550927,-1.469677314,-0.045375603,-0.259322182,1.029059198,-0.328564209,0.035568788,0.286619467,-0.453858459,-0.393486767,-0.837212554,-1.007835858,0.825792263,-0.484206251,0.44428595,1.291197605,-0.04478741
