,TCGA.02.0001.01,TCGA.02.0003.01,TCGA.02.0006.01,TCGA.02.0007.01,TCGA.02.0009.01,TCGA.02.0010.01,TCGA.02.0011.01,TCGA.02.0014.01,TCGA.02.0021.01,TCGA.02.0024.01,TCGA.02.0027.01,TCGA.02.0028.01,TCGA.02.0033.01,TCGA.02.0034.01,TCGA.02.0037.01,TCGA.02.0038.01,TCGA.02.0043.01,TCGA.02.0047.01,TCGA.02.0052.01,TCGA.02.0054.01,TCGA.02.0055.01,TCGA.02.0057.01,TCGA.02.0058.01,TCGA.02.0060.01,TCGA.02.0064.01,TCGA.02.0069.01,TCGA.02.0071.01,TCGA.02.0074.01,TCGA.02.0075.01,TCGA.02.0080.01,TCGA.02.0083.01,TCGA.02.0085.01,TCGA.02.0086.01,TCGA.02.0089.01,TCGA.02.0099.01,TCGA.02.0102.01,TCGA.02.0107.01,TCGA.02.0113.01,TCGA.02.0114.01,TCGA.02.0115.01,TCGA.02.0116.01,TCGA.02.2466.01,TCGA.02.2470.01,TCGA.02.2483.01,TCGA.02.2485.01,TCGA.02.2486.01,TCGA.06.0122.01,TCGA.06.0124.01,TCGA.06.0125.01,TCGA.06.0126.01,TCGA.06.0128.01,TCGA.06.0129.01,TCGA.06.0130.01,TCGA.06.0133.01,TCGA.06.0137.01,TCGA.06.0139.01,TCGA.06.0141.01,TCGA.06.0143.01,TCGA.06.0145.01,TCGA.06.0147.01,TCGA.06.0155.01,TCGA.06.0169.01,TCGA.06.0875.01,TCGA.06.0876.01,TCGA.06.0877.01,TCGA.06.0878.01,TCGA.06.0879.01,TCGA.06.0881.01,TCGA.06.0882.01,TCGA.06.1084.01,TCGA.06.1086.01,TCGA.06.1087.01,TCGA.06.1800.01,TCGA.06.1801.01,TCGA.06.1802.01,TCGA.06.1805.01,TCGA.06.2557.01,TCGA.06.2558.01,TCGA.06.2559.01,TCGA.06.2561.01,TCGA.06.2562.01,TCGA.06.2563.01,TCGA.06.2564.01,TCGA.06.2565.01,TCGA.06.2566.01,TCGA.06.2567.01,TCGA.06.2569.01,TCGA.06.2570.01,TCGA.12.0670.01,TCGA.12.0820.01,TCGA.12.0821.01,TCGA.12.0822.01,TCGA.12.0826.01,TCGA.12.0827.01,TCGA.12.0828.01,TCGA.12.0829.01,TCGA.12.1088.01,TCGA.12.1089.01,TCGA.12.1090.01,TCGA.12.1091.01,TCGA.12.1092.01,TCGA.12.1093.01,TCGA.12.1094.01,TCGA.12.1095.01,TCGA.12.1096.01,TCGA.12.1097.01,TCGA.12.1098.01,TCGA.12.1099.01,TCGA.12.1598.01,TCGA.12.1599.01,TCGA.12.1600.01,TCGA.12.1602.01,TCGA.12.3644.01,TCGA.12.3646.01,TCGA.12.3648.01,TCGA.12.3649.01,TCGA.12.3650.01,TCGA.12.3651.01,TCGA.12.3652.01,TCGA.12.3653.01,TCGA.14.0736.01,TCGA.14.0783.01,TCGA.14.0786.01,TCGA.14.0787.01,TCGA.14.0789.01,TCGA.14.0790.01,TCGA.14.0812.01,TCGA.14.0813.01,TCGA.14.0817.01,TCGA.14.0865.01,TCGA.14.0866.01,TCGA.14.0867.01,TCGA.14.0871.01,TCGA.14.1034.01,TCGA.14.1037.01,TCGA.14.1396.01,TCGA.14.1401.01,TCGA.14.1402.01,TCGA.14.1451.01,TCGA.14.1452.01,TCGA.14.1453.01,TCGA.14.1454.01,TCGA.14.1455.01,TCGA.14.1456.01,TCGA.14.1458.01,TCGA.14.1459.01,TCGA.14.1794.01,TCGA.14.1795.01,TCGA.14.1821.01,TCGA.14.1825.01,TCGA.14.1827.01,TCGA.14.1829.01,TCGA.14.2554.01,TCGA.14.2555.01,TCGA.14.3477.01,TCGA.15.1446.01,TCGA.15.1447.01,TCGA.15.1449.01,TCGA.16.0846.01,TCGA.16.0848.01,TCGA.16.0849.01,TCGA.16.0850.01,TCGA.16.0861.01,TCGA.16.1045.01,TCGA.16.1047.01,TCGA.16.1055.01,TCGA.16.1056.01,TCGA.16.1060.01,TCGA.16.1062.01,TCGA.16.1063.01,TCGA.16.1460.01,TCGA.19.0955.01,TCGA.19.0957.01,TCGA.19.0960.01,TCGA.19.0962.01,TCGA.19.0963.01,TCGA.19.0964.01,TCGA.19.1385.01,TCGA.19.1386.01,TCGA.19.1387.01,TCGA.19.1388.01,TCGA.19.1389.01,TCGA.19.1390.01,TCGA.19.1392.01,TCGA.19.1786.01,TCGA.19.1787.01,TCGA.19.1789.01,TCGA.19.1791.01,TCGA.19.2619.01,TCGA.19.2620.01,TCGA.19.2621.01,TCGA.19.2623.01,TCGA.19.2624.01,TCGA.19.2625.01,TCGA.19.2629.01,TCGA.26.1438.01,TCGA.26.1440.01,TCGA.26.1443.01,TCGA.26.1799.01,TCGA.27.1830.01,TCGA.27.1831.01,TCGA.27.1832.01,TCGA.27.1833.01,TCGA.27.1834.01,TCGA.27.1835.01,TCGA.27.1836.01,TCGA.27.1837.01,TCGA.27.1838.01,TCGA.27.2518.01,TCGA.27.2519.01,TCGA.27.2521.01,TCGA.27.2523.01,TCGA.27.2524.01,TCGA.27.2526.01,TCGA.27.2527.01,TCGA.27.2528.01,TCGA.28.1746.01,TCGA.28.1747.01,TCGA.28.1749.01,TCGA.28.1750.01,TCGA.28.1751.01,TCGA.28.1752.01,TCGA.28.1753.01,TCGA.28.1755.01,TCGA.28.1756.01,TCGA.28.1757.01,TCGA.28.2502.01,TCGA.28.2506.01,TCGA.28.2509.01,TCGA.28.2513.01,TCGA.28.2514.01,TCGA.32.1970.01,TCGA.32.1976.01,TCGA.32.1982.01,TCGA.32.1986.01,TCGA.32.2615.01,TCGA.32.2616.01,TCGA.32.2632.01,TCGA.32.2634.01,TCGA.32.2638.01,TCGA.41.2571.01,TCGA.41.2573.01,TCGA.41.2575.01,TCGA.41.3392.01
hsa.mir.1226,0.945541236,1.193676232,-0.288433895,-0.120897345,-0.395177617,0.204607594,1.662384059,1.774145995,-0.482776456,1.421177956,-0.495216586,-0.990869743,-1.173425627,-0.766510291,-0.697063686,-0.168647559,-0.247226116,-0.314633024,-0.159034407,-0.388781183,-0.082314391,-0.39846139,1.66926879,2.14878615,-0.573095732,0.102748328,0.001998112,-0.438349874,-0.336390899,2.442272892,0.371947486,0.483973281,-0.763953257,0.530954243,-0.748402796,-0.052065231,-0.6138605,-1.085874048,-0.499200529,1.161931284,-0.092063253,-0.532917854,1.040180638,-0.468967879,-0.652396499,-1.27072903,-0.232359555,-0.420629147,-0.751580244,-0.421629879,0.164158988,0.724308104,-1.213250079,-0.833557735,0.120672586,-1.146351575,-1.051762914,-0.930243589,0.649347233,-0.61193374,0.640016272,-1.071399593,-0.202244776,-1.090331078,-1.216684372,-0.952777938,-0.962180621,-1.569983466,0.571734693,-1.449227008,-1.565458991,-1.270348152,-1.300736318,-0.179245511,0.121383737,-0.501903066,-0.624934865,0.818842821,-0.656336242,0.683908239,0.581511015,0.375958551,0.209580799,-0.769567346,0.277644853,-0.445318595,-0.862186693,1.120975513,0.22126023,-0.333352106,-0.4006757,-0.2742971,-0.164795637,-0.150683045,-0.575937687,-0.59779109,1.02024041,0.711011441,-0.536238484,-0.699787191,-1.01679752,-1.781323097,0.141449853,0.405670951,0.688320558,0.885704035,0.145412601,0.606169947,0.197764556,-0.20548122,-0.040435283,-1.16903777,-0.450283707,0.844654334,-0.059177456,0.579734873,-0.240947511,1.188074179,-0.457553786,-0.591729382,-1.188146857,-0.836399723,0.341480817,0.071483265,-0.685281987,-0.391536554,0.059944005,0.157543672,-0.100243178,0.225353313,0.110589013,-0.426989986,0.491542936,-0.595359409,-1.319718226,-1.775281731,0.616817492,-0.701469715,1.657584899,-0.485045118,-0.178355989,1.624648392,-0.706583318,0.861811552,1.979920889,-0.591877428,-0.750939981,-0.528961269,0.67183656,0.991238701,0.508060746,-0.264581495,-0.112089084,-1.033937933,0.34878614,-0.030627788,-0.929348863,2.149772607,1.021183476,-0.619373389,1.155952982,1.010034506,0.03673485,-0.987926667,-0.254938224,-0.240796979,0.120760904,-0.265403909,-1.037621856,-0.500276786,1.399052107,0.084359695,0.506176218,1.81581937,0.460064814,1.594218086,0.311089716,-1.062254179,-0.023521717,0.406635083,0.02389826,0.014207735,-0.575016174,0.933982118,0.180631513,-0.704247231,0.270382939,-0.899760415,-0.521171063,1.098209551,-0.452113897,0.088617633,-0.069104854,-0.453580272,0.692915543,-0.424127125,-0.237618824,-0.446727364,0.740595947,-1.218749024,-0.674993369,-1.72751304,-0.631944788,-0.659186856,-0.846208401,0.882976602,0.129540707,-1.43715117,1.037742479,-0.377315207,0.613677946,-0.044197817,0.119013261,-0.263225664,-0.259312709,-1.095382893,0.969919563,0.416522501,-0.792104849,-0.761137201,-0.21211533,0.780091409,-0.536642953,-1.48222979,1.677419309,-0.429807609,-0.141601455,0.845487308,-0.979752884,-0.325406407,0.655508637,-0.021761345,0.260426687,-0.801459752,-1.731314237,-0.230765393,-0.411701048,-0.810626203,0.148343364,-0.324558073,0.440147317,1.631224956,0.59415563,0.639536224
hsa.mir.218,0.0,0.0,0.0,0.0,0.0,0.0,0.0,0.0,0.0,0.0,0.0,0.0,0.0,0.0,0.0,0.0,0.0,0.0,0.0,0.0,0.0,0.0,0.0,0.0,0.0,0.0,0.0,0.0,0.0,0.0,0.0,0.0,0.0,0.0,0.0,0.0,0.0,0.0,0.0,0.0,0.0,0.0,0.0,0.0,0.0,0.0,0.0,0.0,0.0,0.0,0.0,0.0,0.0,0.0,0.0,0.0,0.0,0.0,0.0,0.0,0.0,0.0,0.0,0.0,0.0,0.0,0.0,0.0,0.0,0.0,0.0,0.0,0.0,0.0,0.0,0.0,0.0,0.0,0.0,0.0,0.0,0.0,0.0,0.0,0.0,0.0,0.0,0.0,0.0,0.0,0.0,0.0,0.0,0.0,0.0,0.0,0.0,0.0,0.0,0.0,0.0,0.0,0.0,0.0,0.0,0.0,0.0,0.0,0.0,0.0,0.0,0.0,0.0,0.0,0.0,0.0,0.0,0.0,0.0,0.0,0.0,0.0,0.0,0.0,0.0,0.0,0.0,0.0,0.0,0.0,0.0,0.0,0.0,0.0,0.0,0.0,0.0,0.0,0.0,0.0,0.0,0.0,0.0,0.0,0.0,0.0,0.0,0.0,0.0,0.0,0.0,0.0,0.0,0.0,0.0,0.0,0.0,0.0,0.0,0.0,0.0,0.0,0.0,0.0,0.0,0.0,0.0,0.0,0.0,0.0,0.0,0.0,0.0,0.0,0.0,0.0,0.0,0.0,0.0,0.0,0.0,0.0,0.0,0.0,0.0,0.0,0.0,0.0,0.0,0.0,0.0,0.0,0.0,0.0,0.0,0.0,0.0,0.0,0.0,0.0,0.0,0.0,0.0,0.0,0.0,0.0,0.0,0.0,0.0,0.0,0.0,0.0,0.0,0.0,0.0,0.0,0.0,0.0,0.0,0.0,0.0,0.0,0.0,0.0,0.0,0.0,0.0,0.0,0.0,0.0,0.0,0.0,0.0,0.0,0.0,0.0,0.0,0.0,0.0,0.0,0.0,0.0,0.0,0.0
hsa.mir.196,0.0,0.0,0.0,0.0,0.0,0.0,0.0,0.0,0.0,0.0,0.0,0.0,0.0,0.0,0.0,0.0,0.0,0.0,0.0,0.0,0.0,0.0,0.0,0.0,0.0,0.0,0.0,0.0,0.0,0.0,0.0,0.0,0.0,0.0,0.0,0.0,0.0,0.0,0.0,0.0,0.0,0.0,0.0,0.0,0.0,0.0,0.0,0.0,0.0,0.0,0.0,0.0,0.0,0.0,0.0,0.0,0.0,0.0,0.0,0.0,0.0,0.0,0.0,0.0,0.0,0.0,0.0,0.0,0.0,0.0,0.0,0.0,0.0,0.0,0.0,0.0,0.0,0.0,0.0,0.0,0.0,0.0,0.0,0.0,0.0,0.0,0.0,0.0,0.0,0.0,0.0,0.0,0.0,0.0,0.0,0.0,0.0,0.0,0.0,0.0,0.0,0.0,0.0,0.0,0.0,0.0,0.0,0.0,0.0,0.0,0.0,0.0,0.0,0.0,0.0,0.0,0.0,0.0,0.0,0.0,0.0,0.0,0.0,0.0,0.0,0.0,0.0,0.0,0.0,0.0,0.0,0.0,0.0,0.0,0.0,0.0,0.0,0.0,0.0,0.0,0.0,0.0,0.0,0.0,0.0,0.0,0.0,0.0,0.0,0.0,0.0,0.0,0.0,0.0,0.0,0.0,0.0,0.0,0.0,0.0,0.0,0.0,0.0,0.0,0.0,0.0,0.0,0.0,0.0,0.0,0.0,0.0,0.0,0.0,0.0,0.0,0.0,0.0,0.0,0.0,0.0,0.0,0.0,0.0,0.0,0.0,0.0,0.0,0.0,0.0,0.0,0.0,0.0,0.0,0.0,0.0,0.0,0.0,0.0,0.0,0.0,0.0,0.0,0.0,0.0,0.0,0.0,0.0,0.0,0.0,0.0,0.0,0.0,0.0,0.0,0.0,0.0,0.0,0.0,0.0,0.0,0.0,0.0,0.0,0.0,0.0,0.0,0.0,0.0,0.0,0.0,0.0,0.0,0.0,0.0,0.0,0.0,0.0,0.0,0.0,0.0,0.0,0.0,0.0
hsa.mir.503,1.413033143,1.382146382,0.060444868,0.277977309,0.526064386,0.573339094,-0.216375048,-0.760500578,-0.983207712,-0.975503956,0.32687793,0.170986388,0.54838234,-0.708828914,0.083176443,-0.318841154,0.718942384,0.814743818,-0.539467117,0.014148069,0.380816067,-0.369039486,0.188708747,-0.383084802,-0.790899073,3.302450096,1.320395439,-0.649713768,0.619050843,1.150978418,-1.716818716,3.574516649,-0.42526924,-0.648118528,2.34384168,-0.26078589,-0.709679002,0.706193191,-0.118369559,0.387420063,-0.055435848,-0.690590123,-0.937568657,-0.637215126,0.253507232,-0.163565411,-0.729180927,0.192675798,0.275089257,0.25297266,4.73497378,-0.723807288,-0.171527144,3.710693218,-0.712634888,0.237169992,0.108969852,-0.074175323,0.685224765,-0.393696071,-0.110050979,-0.751345725,-0.170078765,-0.133300918,-0.473690398,-0.066488215,-0.110381553,-0.234020503,-0.343468845,-1.231281452,-0.763913673,-0.23770673,-0.486292157,-0.360330764,-0.37982161,0.039245083,0.993942034,-0.453036206,0.204369892,8.056990594,-0.068710468,-0.988645741,0.050662104,-0.315421648,0.219250199,-0.436393056,0.112743966,-0.330026718,-0.094801884,0.220872745,-0.431753853,-0.67541001,-0.233027037,0.35681537,-0.114338788,0.273777348,0.900680416,-0.21291157,0.226153561,0.257644641,-0.161871761,-1.315663128,-0.529377332,-0.83175528,-0.477609612,0.092290825,-0.081751488,0.015307607,2.472289943,-0.310612775,-0.606544571,-1.398489098,-0.483891356,-0.664122456,1.399564457,-0.292793632,-0.044244466,-0.791082922,0.066816624,-1.090187267,0.046849184,-0.617343381,0.470932038,0.288376122,-0.117928575,0.065693672,-0.605723147,-0.395880111,0.026640645,0.615260388,-0.659238173,-0.099316041,0.10393645,-0.196985502,-0.444359324,-0.517326047,-0.440508403,-0.971815835,-0.115801615,-0.180448245,-0.234035945,-0.227333711,-0.015726512,-0.657744826,0.106895455,-0.018071496,-0.661636639,-0.312094105,0.414277394,0.798168195,0.730786611,0.737596441,0.447680894,-0.774538489,-0.171819736,0.229730413,-0.307303487,-0.571511904,0.085360827,-0.451670547,0.455315458,0.414158164,0.470889769,0.10690883,0.589771664,0.394164567,0.105393096,-0.327131644,0.593852338,0.340065409,1.383069776,0.041454994,-0.872254007,0.052087904,-0.334998697,5.303006266,0.538007636,-0.236991391,-0.131983574,0.006515706,0.035850242,0.67379125,0.507524047,-0.082233841,0.812253006,-0.575261487,-0.00542257,-0.029958796,0.35282729,0.386149486,0.025928443,1.476541686,1.425106625,0.030329799,-0.719141047,-0.183009109,-0.05659795,-0.353109724,-0.617572732,1.358734887,-0.128982549,-0.701406556,0.209802678,-0.7850077,1.737762817,1.062238324,-0.336081963,0.542982676,-1.116259319,0.733945116,1.688773869,0.58749082,-0.861873372,0.142452188,-0.096991034,-1.167887834,-0.404428444,0.344668543,0.168596552,-0.663430633,0.889918193,-0.679438963,-0.34826329,-0.153865807,-0.243880592,-1.102752689,-0.035149659,-0.005162182,0.893117302,-0.439209602,2.313919051,-0.700032593,0.590933517,-1.046484168,-1.045224076,0.04093305,0.130431748,-0.638750034,1.386940214,0.526238533,-0.167730892,0.612239348,0.634600528,-0.43190632
hsa.mir.147a,0.0,0.0,0.0,0.0,0.0,0.0,0.0,0.0,0.0,0.0,0.0,0.0,0.0,0.0,0.0,0.0,0.0,0.0,0.0,0.0,0.0,0.0,0.0,0.0,0.0,0.0,0.0,0.0,0.0,0.0,0.0,0.0,0.0,0.0,0.0,0.0,0.0,0.0,0.0,0.0,0.0,0.0,0.0,0.0,0.0,0.0,0.0,0.0,0.0,0.0,0.0,0.0,0.0,0.0,0.0,0.0,0.0,0.0,0.0,0.0,0.0,0.0,0.0,0.0,0.0,0.0,0.0,0.0,0.0,0.0,0.0,0.0,0.0,0.0,0.0,0.0,0.0,0.0,0.0,0.0,0.0,0.0,0.0,0.0,0.0,0.0,0.0,0.0,0.0,0.0,0.0,0.0,0.0,0.0,0.0,0.0,0.0,0.0,0.0,0.0,0.0,0.0,0.0,0.0,0.0,0.0,0.0,0.0,0.0,0.0,0.0,0.0,0.0,0.0,0.0,0.0,0.0,0.0,0.0,0.0,0.0,0.0,0.0,0.0,0.0,0.0,0.0,0.0,0.0,0.0,0.0,0.0,0.0,0.0,0.0,0.0,0.0,0.0,0.0,0.0,0.0,0.0,0.0,0.0,0.0,0.0,0.0,0.0,0.0,0.0,0.0,0.0,0.0,0.0,0.0,0.0,0.0,0.0,0.0,0.0,0.0,0.0,0.0,0.0,0.0,0.0,0.0,0.0,0.0,0.0,0.0,0.0,0.0,0.0,0.0,0.0,0.0,0.0,0.0,0.0,0.0,0.0,0.0,0.0,0.0,0.0,0.0,0.0,0.0,0.0,0.0,0.0,0.0,0.0,0.0,0.0,0.0,0.0,0.0,0.0,0.0,0.0,0.0,0.0,0.0,0.0,0.0,0.0,0.0,0.0,0.0,0.0,0.0,0.0,0.0,0.0,0.0,0.0,0.0,0.0,0.0,0.0,0.0,0.0,0.0,0.0,0.0,0.0,0.0,0.0,0.0,0.0,0.0,0.0,0.0,0.0,0.0,0.0,0.0,0.0,0.0,0.0,0.0,0.0
hsa.mir.330,0.330062012,0.423257881,-0.07569575,-0.720932184,-0.160436807,-0.457626294,1.188775625,-0.483106563,0.131632559,1.553756145,0.083719298,-0.629793559,-0.633485104,-0.927124011,-0.294061567,-0.178939205,-0.731191355,-0.175628181,0.392240494,-0.968344914,1.284884671,-0.283005353,-0.193165494,-0.036264048,-0.469982435,-0.139981491,-0.533439875,-0.209637823,1.259869853,-0.720606935,0.20047,-0.038503753,-0.818184448,-0.190613557,-0.919512792,0.176551051,-0.743690852,0.006409898,0.882149525,0.295760049,-0.473963059,-0.408506795,0.869941592,-0.17135438,-0.422481004,-0.489843497,1.039834151,0.5501085,0.049142186,-0.252455751,-0.833968582,2.070864059,-0.747454377,0.869076725,0.124604002,0.192410944,-0.024495819,-0.773485735,-0.697140338,-0.475085488,1.346986112,0.300979267,-0.947788782,-0.453452842,-0.396165226,-1.337861257,-0.515567137,1.052006104,0.227927915,-0.222604574,5.599858609,2.186659091,0.529034813,0.040114386,1.591130517,0.134264072,-0.65758016,0.210500141,0.729668704,-0.406424408,0.018288435,0.134780834,0.098777483,0.260806345,0.387826378,-0.571947514,6.785482395,0.003918524,-0.555033895,-0.169479062,-0.60887198,0.329446605,0.323365123,-0.642363397,-0.726427049,-0.39110725,-1.382283092,-0.454586222,-1.003786734,-0.729565128,-0.202234263,0.097949678,-0.019270456,0.288911742,-0.784071406,0.031266291,-1.41341724,0.276693987,-0.403789584,-0.408923976,-0.71049645,0.44564199,-0.569381048,-0.522680219,-0.341240934,0.05489026,-0.381712877,-0.323613456,-0.033691674,0.074739511,-0.162199653,-0.953458866,-0.791897406,-0.877942233,0.728292656,-1.113925352,1.071246947,-0.118756158,0.173116416,-0.380592469,0.377848884,0.601212348,7.372945669,0.116293617,0.305049722,-1.207981025,0.160463767,-0.433942811,0.496844535,-0.577493856,1.271155932,-0.120821183,0.127713671,-0.899286955,2.75885537,-0.061204344,0.343717614,0.412314468,0.737532551,-0.224720222,0.15051967,0.220422077,-0.209543308,-0.054763114,0.231774388,-0.426189505,-0.134075468,0.502441576,0.470822586,-0.257632359,0.010644992,-1.062281241,-0.154745791,-1.104905304,-1.04652113,-0.24386462,-0.173532876,0.794752853,-0.816452494,-0.240125993,-0.740548789,-0.544798388,0.507235702,0.590470239,0.210200073,1.27543463,-0.731618422,0.029385672,0.018485547,-0.126593466,-0.332176246,0.013534059,0.651730005,0.91713406,-0.26084871,-1.205492152,-0.35711156,-1.068462447,-0.183734951,0.167944082,0.221277211,-0.812083793,0.298593209,-1.190136962,-0.966851496,-0.130343454,-0.904082267,-0.276267741,0.332712905,-0.481445459,-0.39771895,-0.525111628,-1.415145323,-0.810081852,-1.197788377,-0.137218667,-0.458548578,0.308630447,0.82493971,-0.989920201,-0.587422885,-0.457826146,0.543326351,-0.419027043,-0.817519851,-0.135679165,-0.02922669,-0.363043692,-0.415897986,-1.228352105,0.378196206,-0.388643604,-0.214780496,-0.400508335,0.556356192,-0.176734962,-0.021857193,-0.170306992,-1.214672334,-0.418534616,-0.159869065,-0.489536888,-0.070599836,0.082985224,-0.510466248,-0.92553945,0.52240359,0.609398619,-0.660465704,-0.369946312,-0.022611458,1.088796942,-0.417605485,0.161517445
hsa.mir.330.1,0.0,0.0,0.0,0.0,0.0,0.0,0.0,0.0,0.0,0.0,0.0,0.0,0.0,0.0,0.0,0.0,0.0,0.0,0.0,0.0,0.0,0.0,0.0,0.0,0.0,0.0,0.0,0.0,0.0,0.0,0.0,0.0,0.0,0.0,0.0,0.0,0.0,0.0,0.0,0.0,0.0,0.0,0.0,0.0,0.0,0.0,0.0,0.0,0.0,0.0,0.0,0.0,0.0,0.0,0.0,0.0,0.0,0.0,0.0,0.0,0.0,0.0,0.0,0.0,0.0,0.0,0.0,0.0,0.0,0.0,0.0,0.0,0.0,0.0,0.0,0.0,0.0,0.0,0.0,0.0,0.0,0.0,0.0,0.0,0.0,0.0,0.0,0.0,0.0,0.0,0.0,0.0,0.0,0.0,0.0,0.0,0.0,0.0,0.0,0.0,0.0,0.0,0.0,0.0,0.0,0.0,0.0,0.0,0.0,0.0,0.0,0.0,0.0,0.0,0.0,0.0,0.0,0.0,0.0,0.0,0.0,0.0,0.0,0.0,0.0,0.0,0.0,0.0,0.0,0.0,0.0,0.0,0.0,0.0,0.0,0.0,0.0,0.0,0.0,0.0,0.0,0.0,0.0,0.0,0.0,0.0,0.0,0.0,0.0,0.0,0.0,0.0,0.0,0.0,0.0,0.0,0.0,0.0,0.0,0.0,0.0,0.0,0.0,0.0,0.0,0.0,0.0,0.0,0.0,0.0,0.0,0.0,0.0,0.0,0.0,0.0,0.0,0.0,0.0,0.0,0.0,0.0,0.0,0.0,0.0,0.0,0.0,0.0,0.0,0.0,0.0,0.0,0.0,0.0,0.0,0.0,0.0,0.0,0.0,0.0,0.0,0.0,0.0,0.0,0.0,0.0,0.0,0.0,0.0,0.0,0.0,0.0,0.0,0.0,0.0,0.0,0.0,0.0,0.0,0.0,0.0,0.0,0.0,0.0,0.0,0.0,0.0,0.0,0.0,0.0,0.0,0.0,0.0,0.0,0.0,0.0,0.0,0.0,0.0,0.0,0.0,0.0,0.0,0.0
hsa.let.7f.1,0.570082198,0.155194169,-1.551890332,-2.320554557,0.728828165,1.126576264,1.295818666,0.269920635,0.691222568,-2.012138251,-0.719427247,0.248130215,-0.994940262,-0.824205611,0.022509451,0.809866854,0.699626453,-1.1624829,-0.253951586,-0.175191049,-1.417648643,-0.207805136,0.014435344,2.280856482,-0.49082181,-1.214616561,-0.015623543,-1.591321316,-0.143935071,0.762102328,1.64599889,-1.072881077,0.42418654,0.126935909,0.730341141,-0.744640093,-0.239163802,-2.689697988,1.468784979,0.293645076,1.287046868,-1.097315802,-0.558631199,-0.078411727,0.374147881,-0.142777292,0.185820703,0.305507735,0.909983604,0.48696439,-0.514654926,-1.240172119,-0.579386885,-0.136300503,0.685817175,-0.484204911,-0.605942859,-0.840633688,-0.375364403,-0.580306348,-1.191897125,-1.190445747,-1.102633455,0.233796802,1.867462264,1.497026754,0.802527829,-3.412561565,-0.757827327,-1.313186093,0.837400754,0.894391539,-0.228157185,-0.239829358,0.05166177,1.348141538,0.638607474,0.038628108,0.753292378,0.240617008,0.0666496,-0.367390139,-0.367271666,0.417521423,-0.102193901,0.421485317,-3.308828453,0.185957298,-0.593088455,0.207542699,1.174658134,0.106963389,-0.008692919,1.739625403,0.360305485,-0.053490106,0.137444421,-0.231243088,-0.139174863,2.119282957,-0.881093811,-0.841156513,0.54964524,-0.74762222,-1.681081721,0.839743147,0.234738691,-0.20727223,0.288304995,0.581154917,0.320524216,-1.354174262,-0.43136605,-0.494240677,0.620959849,0.563334526,0.211835789,-0.069059967,1.924453705,1.886260477,1.754533596,0.406910133,0.759777879,0.911041241,-0.009514801,0.947280256,-0.463407084,-0.474585544,0.543151952,-0.257130677,0.538635421,-0.102568351,-4.26328552,-0.939816917,0.209490553,-0.243028329,0.206910827,0.425021258,-1.09439487,0.534025747,0.573454203,0.362503062,-0.432429643,0.137281856,-0.634732849,-0.311765474,0.171462913,1.057432399,0.176199668,-0.798141324,1.109785604,1.068954381,1.201294773,-0.498274812,-0.832055623,-0.04333268,-0.231668302,0.432256939,-1.032895582,0.555762842,-0.431977208,0.104238832,-0.556714065,0.532487292,0.732190595,-0.268476796,-0.519895341,-0.556438193,0.922554318,0.580006117,0.751441138,-1.273726707,-0.252586598,-1.123128671,0.465240741,-0.696925823,1.899458045,-0.03843677,1.270816454,0.390591222,1.294129247,0.093935921,-1.705575469,0.082360465,0.64716359,0.01312782,1.453247475,0.343687517,0.810969209,0.322775475,1.183864438,-1.001736857,-1.467381052,0.317118319,0.161717627,-1.2461193,0.229319062,0.685179183,0.016615751,1.151894018,-0.174368274,-0.663654446,1.239181886,-0.379570902,0.634301934,-1.233224806,-0.314121626,0.310080167,-0.407423053,0.002963053,0.957386487,0.409025482,0.360603083,0.081546729,-0.460980259,0.329368414,-0.37151858,-0.09102576,0.27069835,-0.593526386,0.118215992,-0.606247768,-0.475619743,0.219077859,-0.72326759,-0.740716405,-0.301521234,1.167914542,-0.103230899,0.195450464,0.157533375,0.625088616,-0.841038695,-0.327819117,-0.152499124,0.402080056,-0.567913105,-0.042405921,-1.581045629,0.696137866,-0.592296311,-1.125032704,0.35273197,0.481397429
hsa.mir.264,0.0,0.0,0.0,0.0,0.0,0.0,0.0,0.0,0.0,0.0,0.0,0.0,0.0,0.0,0.0,0.0,0.0,0.0,0.0,0.0,0.0,0.0,0.0,0.0,0.0,0.0,0.0,0.0,0.0,0.0,0.0,0.0,0.0,0.0,0.0,0.0,0.0,0.0,0.0,0.0,0.0,0.0,0.0,0.0,0.0,0.0,0.0,0.0,0.0,0.0,0.0,0.0,0.0,0.0,0.0,0.0,0.0,0.0,0.0,0.0,0.0,0.0,0.0,0.0,0.0,0.0,0.0,0.0,0.0,0.0,0.0,0.0,0.0,0.0,0.0,0.0,0.0,0.0,0.0,0.0,0.0,0.0,0.0,0.0,0.0,0.0,0.0,0.0,0.0,0.0,0.0,0.0,0.0,0.0,0.0,0.0,0.0,0.0,0.0,0.0,0.0,0.0,0.0,0.0,0.0,0.0,0.0,0.0,0.0,0.0,0.0,0.0,0.0,0.0,0.0,0.0,0.0,0.0,0.0,0.0,0.0,0.0,0.0,0.0,0.0,0.0,0.0,0.0,0.0,0.0,0.0,0.0,0.0,0.0,0.0,0.0,0.0,0.0,0.0,0.0,0.0,0.0,0.0,0.0,0.0,0.0,0.0,0.0,0.0,0.0,0.0,0.0,0.0,0.0,0.0,0.0,0.0,0.0,0.0,0.0,0.0,0.0,0.0,0.0,0.0,0.0,0.0,0.0,0.0,0.0,0.0,0.0,0.0,0.0,0.0,0.0,0.0,0.0,0.0,0.0,0.0,0.0,0.0,0.0,0.0,0.0,0.0,0.0,0.0,0.0,0.0,0.0,0.0,0.0,0.0,0.0,0.0,0.0,0.0,0.0,0.0,0.0,0.0,0.0,0.0,0.0,0.0,0.0,0.0,0.0,0.0,0.0,0.0,0.0,0.0,0.0,0.0,0.0,0.0,0.0,0.0,0.0,0.0,0.0,0.0,0.0,0.0,0.0,0.0,0.0,0.0,0.0,0.0,0.0,0.0,0.0,0.0,0.0,0.0,0.0,0.0,0.0,0.0,0.0
hsa.mir.168b,0.0,0.0,0.0,0.0,0.0,0.0,0.0,0.0,0.0,0.0,0.0,0.0,0.0,0.0,0.0,0.0,0.0,0.0,0.0,0.0,0.0,0.0,0.0,0.0,0.0,0.0,0.0,0.0,0.0,0.0,0.0,0.0,0.0,0.0,0.0,0.0,0.0,0.0,0.0,0.0,0.0,0.0,0.0,0.0,0.0,0.0,0.0,0.0,0.0,0.0,0.0,0.0,0.0,0.0,0.0,0.0,0.0,0.0,0.0,0.0,0.0,0.0,0.0,0.0,0.0,0.0,0.0,0.0,0.0,0.0,0.0,0.0,0.0,0.0,0.0,0.0,0.0,0.0,0.0,0.0,0.0,0.0,0.0,0.0,0.0,0.0,0.0,0.0,0.0,0.0,0.0,0.0,0.0,0.0,0.0,0.0,0.0,0.0,0.0,0.0,0.0,0.0,0.0,0.0,0.0,0.0,0.0,0.0,0.0,0.0,0.0,0.0,0.0,0.0,0.0,0.0,0.0,0.0,0.0,0.0,0.0,0.0,0.0,0.0,0.0,0.0,0.0,0.0,0.0,0.0,0.0,0.0,0.0,0.0,0.0,0.0,0.0,0.0,0.0,0.0,0.0,0.0,0.0,0.0,0.0,0.0,0.0,0.0,0.0,0.0,0.0,0.0,0.0,0.0,0.0,0.0,0.0,0.0,0.0,0.0,0.0,0.0,0.0,0.0,0.0,0.0,0.0,0.0,0.0,0.0,0.0,0.0,0.0,0.0,0.0,0.0,0.0,0.0,0.0,0.0,0.0,0.0,0.0,0.0,0.0,0.0,0.0,0.0,0.0,0.0,0.0,0.0,0.0,0.0,0.0,0.0,0.0,0.0,0.0,0.0,0.0,0.0,0.0,0.0,0.0,0.0,0.0,0.0,0.0,0.0,0.0,0.0,0.0,0.0,0.0,0.0,0.0,0.0,0.0,0.0,0.0,0.0,0.0,0.0,0.0,0.0,0.0,0.0,0.0,0.0,0.0,0.0,0.0,0.0,0.0,0.0,0.0,0.0,0.0,0.0,0.0,0.0,0.0,0.0
hsa.mir.154,0.922816587,0.127503447,0.125671165,0.976737418,0.598448138,0.222500806,0.026655343,-0.505161638,-0.210454771,-0.33033861,-0.333767654,-0.349741599,-0.207627475,-0.537299175,-0.321857887,-0.073512494,-0.278426183,-0.525566044,-0.52930708,-0.222464993,0.026243134,-0.231957406,1.905863518,1.569498026,-0.402352366,0.396011914,-0.209041123,-0.563023274,-0.030966639,0.156071794,-0.343008993,-0.050156305,-0.60742162,-0.424994837,-0.179806581,-0.207724315,-0.561364241,-0.633651538,-0.13972026,-0.252339566,-0.05280887,-0.790042501,-0.237451658,0.317758652,-0.578361939,1.070567609,-0.319296685,-0.24960083,-0.353490932,-0.25267534,0.165881232,-0.18133198,-0.23675026,-0.016884357,-0.100503963,-0.252146904,-0.409802195,0.082893857,0.335578717,0.051661628,-1.839573732,-0.727089015,-0.072143883,-0.892989397,-0.978321187,0.205765256,0.777420022,-1.872395406,0.3160623,-2.033134967,-1.666120154,-1.68340631,0.564894692,0.074744389,-0.076486559,0.387582929,0.490338007,-0.237924833,-0.087200926,0.535868395,-0.054177756,-0.930175835,-0.161452531,-0.416498391,-0.249091678,0.754918622,-0.671406384,-0.217068264,-0.480698241,-0.766859847,1.002395545,0.321011785,-0.610964884,0.209476788,-0.281057179,-0.137025062,-1.680974375,5.123421789,4.533643555,-0.166265249,-1.689998305,-2.00470473,1.280312532,1.408489184,2.216034237,4.804912615,4.801776018,-0.944682467,-0.581470543,0.328734923,-0.336283765,-0.79837201,-0.955450363,-1.055586271,-0.214332509,2.037925048,0.065349114,-1.695182335,-0.125167422,-0.142265241,-0.460642291,-1.489617486,3.688144141,0.553786968,-0.586687324,0.07207031,1.299956121,-0.455252143,-0.095554169,-0.33783326,-0.014375044,-0.889418859,-1.923790963,-1.479364463,0.091046616,-2.215838609,1.84067162,-0.377897374,1.487503522,1.724593571,4.397332087,1.099243236,0.480017544,-0.235959632,0.494653908,2.353459301,-0.566009859,-0.296515254,0.231037245,-0.665148393,1.436320838,0.758771209,0.136705984,-0.973802968,-0.402061472,-0.943606271,-1.43842696,-1.379336842,-0.288007009,-0.329574649,0.427783085,-0.088363592,0.108092838,-1.832519696,3.328021861,1.099131014,3.083700831,0.463478028,-1.923469792,-0.747960133,0.129681824,2.064562752,-0.040606721,4.22699366,2.134202816,-0.732918007,-0.209041123,0.478766726,-0.102722939,-0.078191166,0.322397705,0.838928278,-0.124750033,-1.324484719,0.941502292,3.282347826,0.568284468,0.073396941,1.056201095,0.68055868,1.661579298,-0.900568985,-0.64338912,-0.65899573,1.986928835,2.922969475,5.107429469,1.506614345,-0.568115368,-0.732203641,-0.376878777,-0.434040731,-0.451850854,-0.212526067,0.388591496,-0.361504666,-0.284868154,-0.447712039,-0.030349649,-0.73537379,0.113602796,-0.058575099,-0.372875323,1.014637568,-0.209041123,-0.117377445,-0.41831247,-0.196211618,-0.022492054,0.172629826,-0.313326298,0.106746667,-0.837895238,-0.767153393,-0.198115171,-0.764205161,0.640590731,0.499835167,-0.125455761,-0.472706113,-0.050645047,-0.467777839,0.724689904,-0.755479183,-0.65642144,1.318428482,0.352296136,0.552487621,-1.013525256,-0.915170227,-0.400471724,-0.203749731,0.484196028,1.320993078
hsa.mir.154.1,0.397489609,0.426711747,-0.694224628,-0.676138315,-0.080033352,0.594654891,-0.053187471,1.404902994,0.129160959,-1.470681003,-0.069740156,-0.467594355,-0.962281464,-1.032422055,-0.568780516,0.276685681,0.232110616,-1.601595108,-0.022817096,-0.194540271,-0.863138963,0.16593253,1.067300715,0.395163487,-0.989566299,-0.119525852,0.026860973,-0.107926444,-0.029034843,1.919351496,0.091787215,-0.062611149,-0.076430209,0.264591902,-0.118834092,-0.504037453,-0.067470535,-1.065321485,-0.721558527,1.534457229,1.336781978,0.027348166,0.109630718,0.237927006,-0.453826006,-0.289580802,-0.66125416,-0.550267881,0.649315241,0.091782599,0.228472029,0.55330053,-0.436493528,-0.48727372,1.293350783,-1.412800057,-1.477160635,-0.476370876,-0.921519624,0.319210777,-2.479545727,-1.576520871,-0.307171183,-0.922636726,-0.75763462,0.467508727,0.479256324,-3.891452328,-0.048074122,-2.410992093,-0.83531743,-0.102164828,-0.250284581,-0.036624021,-1.475744726,-1.127467066,0.511862029,0.09691406,-0.030206451,-0.62900437,-0.482875007,-0.126093695,-0.396167707,-0.738157197,-0.694324097,0.695729094,-3.025871846,-0.23767728,0.5584254,0.403617432,1.082955139,-0.431478575,-0.154529911,0.80640419,0.066547508,-0.09553319,0.673708411,0.801230904,2.785009735,-0.289724236,-1.495587819,-1.390848118,0.321111082,0.328190492,0.739178201,1.625984878,1.325138143,-0.582132392,1.468831871,-0.125880406,-0.062355006,-2.534857312,-1.244634122,-0.364234165,-0.239486261,1.919122621,0.309517327,-1.31372739,-0.098603187,1.559642903,-0.473891071,-0.380362068,0.137388809,0.680902309,-0.453798829,0.841190179,-0.093567883,-0.387050817,0.151927795,1.313904314,-0.444747813,-0.250386538,-3.770116951,-0.321737116,-0.781193848,-1.888607963,0.102037866,0.053091303,0.094324747,0.647495441,-0.416258136,1.521240547,-0.329256192,1.658575539,0.770909557,0.462617047,-1.588940417,-1.103534294,-0.13122928,0.225430625,-0.325145334,-1.089414205,1.411569527,-1.176105545,-0.48079393,-0.436516998,0.429046948,0.036311461,-0.379142548,-0.254667408,1.593113205,2.04757591,-0.038615881,-0.29852592,0.928880353,0.521773505,0.370574659,-0.008113715,-0.590145353,-1.154367879,1.037478053,1.344028677,-1.277314691,1.34399301,0.948418447,-0.626169199,-0.44164938,-0.484524389,0.123946036,-0.306880807,0.192007383,-0.328536978,-0.749538857,-0.326051273,0.766300783,1.504298057,0.868984168,1.332436315,1.081695766,1.433822248,1.639379152,0.450668983,-0.241732798,1.189018429,1.737464773,0.334212193,1.869240263,0.00664713,-0.061687104,-0.382089727,0.049830571,-0.090481323,-0.031178676,0.20896604,1.390316119,-0.606274935,-0.077701358,0.169903286,-0.30088736,-0.984827643,2.984353726,0.400556561,-0.462238952,0.53100231,0.848160283,0.277341705,0.633345327,0.046955475,0.707383402,0.13950752,-0.35412987,0.784312373,-0.485008296,-0.190093604,0.512432838,-0.023310358,0.167237986,0.989658512,0.683610673,-0.168501855,0.369700533,0.396464413,0.252883801,-1.783827379,-1.570372951,0.517596232,1.000730211,0.670902789,-0.427123215,-0.537281553,-0.594761697,-0.107012351,1.012611064,0.774882984
hsa.mir.136,-0.051267379,-0.169300307,-0.480418891,1.976003412,-0.349756562,0.300335532,0.769126072,0.932056738,-0.142388158,0.2197222,0.523293607,-0.149027717,-0.59326248,-0.297114738,-0.541021026,-0.352551239,0.113348109,-0.546277231,-0.454910602,-0.365382352,-0.231981606,-0.50002887,0.575743968,1.340554664,-0.432330258,0.382785835,-0.04291274,-0.475998393,-0.05213685,0.53001688,0.108997136,0.107822946,-0.437479409,-0.306560501,0.195672848,-0.159164012,-0.496287359,-0.336533456,-0.323027743,-0.221995608,0.069495346,0.319017845,0.50075739,1.415457317,-0.935079593,0.106857571,-0.056085145,-0.201536252,-0.214984141,-0.108434819,0.483270426,-0.070720282,-0.187499714,-0.126175251,-0.016616755,-0.298412676,-0.277589292,0.467427247,-0.267279417,-0.316051465,-1.585945486,-0.438059123,1.249599133,-0.332550955,-0.973952782,-0.706106506,-0.473991911,-1.37882339,-0.01704105,-1.545940023,0.263724616,-1.231177286,-0.202874527,0.58819909,-0.008449207,-0.171373263,-0.172851523,0.874264287,1.409411225,0.979137062,0.339717384,-0.559267549,-0.201138942,0.750777942,-0.737482082,-0.250151729,-0.235804764,0.09650238,-0.019707602,3.779802611,-0.265965494,-0.052362529,-0.305862742,0.297712048,0.08879425,-0.292235708,-1.641524378,2.22159337,4.735546021,0.259887418,-0.747228798,-2.024785458,0.00495709,1.095056634,0.344174342,1.307636457,3.141295869,-0.11804173,0.130740693,0.110400301,-1.051766351,-0.57262384,-1.46608412,-0.849517844,0.52346389,-0.77863046,0.695273008,-3.835977639,-1.79440811,0.118349072,-1.022655239,-1.703411778,-1.072676011,0.577631315,-0.650253317,0.47152844,0.224400984,-0.339075726,-0.433526964,1.312861484,-0.115422988,-0.023964627,-1.232899802,-2.214380771,0.170010739,-0.558663174,-0.893189781,-0.908198904,0.687477933,-0.538236538,0.512407052,2.512297291,2.421921825,0.814076629,3.010036015,0.545763457,-0.613793212,1.63338359,1.925265188,-0.484194352,0.573444833,0.420787588,-0.50354733,-2.173835746,0.995406712,-0.431654845,-0.799795711,-0.412018488,-0.034152553,-0.33431961,2.175983473,3.323920068,0.341717911,-1.373386359,1.901716625,0.762738946,-0.427344137,1.595279623,-1.100861921,0.113987926,-0.389600223,-1.595507873,0.08239044,4.247428357,2.505604799,0.967373984,-1.672126417,-0.907662674,2.276165043,1.063159095,-0.390136458,-0.521268717,-1.308512022,-0.159164012,0.2384531,0.922177901,-0.064032162,-0.097634705,0.685805886,-1.105588253,-0.07564936,0.006477822,1.328545207,-2.922636807,0.346559001,0.157492501,1.872772016,0.627219779,0.123028443,-0.464035532,0.496688999,-0.813931907,1.222267714,-0.535075857,-0.586961737,-0.235158081,0.249179936,-0.66013636,0.49113469,-0.58939324,0.618168492,2.087112856,0.351295809,-0.658281158,-0.035065021,-0.663152705,0.772108611,-0.55608534,-0.582704698,-0.610126425,-0.465884301,0.158296269,0.127115734,-0.440817295,1.492263219,-0.225800173,-0.159164012,0.53451671,-0.986662123,-0.738701948,0.473597035,-0.271381038,1.6606654,-0.955836992,-0.905504208,0.424469959,-1.549239773,-1.927571692,-0.783514335,-2.059169721,0.69782616,1.1990967,0.099730616,0.856753021
hsa.mir.136.1,0.357520882,-0.849708356,0.205702953,-0.235861143,0.429777225,-0.498827386,-0.263223144,1.380842533,0.529770766,0.829622178,-0.922665371,0.889826605,1.161942026,0.817251969,1.057084523,0.031173399,-0.847080489,-0.191079826,0.089337114,-0.263557195,-0.408352854,-0.276757675,-0.918562311,-1.007886361,1.60966348,0.163651117,-0.436975969,-0.582690251,1.353101618,-0.522846365,-1.097603352,3.120107733,-0.814426705,-0.332614481,1.283770733,-0.735646927,1.491469904,0.688393878,0.265376078,-0.009514045,-0.061417038,-0.704568644,-0.134389047,0.091596831,-0.364390295,-0.040837993,-0.145342375,0.338281521,0.202560069,-0.2533988,3.093767414,-1.20454358,0.58685126,4.641970154,0.162710147,0.093379466,0.772741041,1.981323888,-0.056275673,-0.13635883,1.313195845,1.337756926,0.348399298,2.127475873,0.818389834,0.278912374,-0.458992221,3.028079895,-0.194675646,2.066865973,2.35217666,0.463999751,0.253588947,-0.641112043,1.142587042,0.374908783,0.145127355,0.187680199,-0.311345701,3.603451851,0.06836185,-0.107721673,2.141837788,0.196982241,-0.43218623,-0.202707743,-0.143125331,0.192409536,1.668555902,-0.464480627,-0.735746657,0.277573725,-0.161785435,0.144879754,0.376696563,0.6533196,-0.019731873,-0.432253933,-0.407806965,-0.311011378,1.289781493,1.809939697,1.31213256,-0.232577758,1.538574702,-0.142511467,0.153626702,-0.726263971,0.143868873,-1.084426867,0.363830525,3.02153014,1.050812017,1.523312979,-0.159637164,-0.433528241,0.636069806,0.284262504,-0.108282522,-0.456439547,-0.868414698,0.96919172,-0.119264107,-1.00308336,-0.774216514,-0.597325984,-0.116291203,-0.211254791,-0.069887756,0.269406476,0.300563228,-0.208082173,0.296108576,0.104472056,0.914991769,-0.078454994,0.387158698,1.41462503,0.020930235,-0.043344088,0.772078985,-0.107470591,-0.21609999,0.674202351,0.41023618,-0.147362762,-0.711932589,0.190795013,-0.767493195,0.080056298,-0.175470213,-1.124236527,-0.067638838,-0.104836849,-0.576946772,-0.790443421,0.811192881,-0.292545351,-0.590767161,-0.36532809,-1.311052573,-0.39236993,0.277479956,-1.004952972,-0.754415675,-0.343130955,-0.754289829,0.636326355,-1.083365977,-0.50981685,0.934538266,-0.642511144,0.298032833,-0.521707039,-0.483974363,0.192445621,-1.04432425,-0.933857062,-0.216400605,-0.273192031,-0.758342115,-0.840775346,-0.087225274,-0.736236509,-1.182973165,0.233863572,0.582387913,0.017548258,-0.258396641,-0.536491102,0.485327694,-0.33161238,0.564147921,0.438388784,0.565053248,0.20591851,-0.365313486,0.665906351,-0.100897436,0.432859011,0.089892003,0.448512011,0.09710609,0.276953051,0.305137206,0.415212914,0.177407556,-0.540461217,-0.124510075,-0.10850674,0.952764453,-0.827499471,-0.15951867,-1.033429438,-0.103299234,0.127551015,-0.223567943,-0.438812077,0.102112422,0.172621757,-0.59941978,0.229151912,-0.428807887,1.192090887,-0.041132733,1.295613918,0.222850267,0.091883997,-0.168286268,-0.029740971,0.581378527,0.261877781,-0.509825086,1.366568037,0.833395602,0.751530777,0.050998877,-0.255995642,0.863946251,0.348911361,1.154639791,-0.343216217,-0.311048515,-0.394237419
hsa.mir.146b,-0.336888198,1.283806236,-0.40343064,0.402284586,1.166047051,0.942244873,-0.109362292,1.146078581,0.152228995,0.229230768,0.622783132,-0.065425928,-2.784123469,-1.899335099,0.317062525,0.175092059,0.558827335,-1.396816959,-0.145653222,-1.127664644,-2.705754425,-0.169669239,0.42487384,-0.022693688,-0.381833906,1.535154503,0.19023616,1.548497121,-1.006734984,1.41120795,0.118530602,-1.233484501,-0.189315871,-0.994287194,-0.799698415,1.169988765,-2.25392653,0.174364561,2.114376394,-0.152497694,2.19347863,0.862713587,-0.700427006,1.357355252,1.499977442,-0.332736021,0.291291949,-1.497726465,0.755603451,0.861206318,0.195496624,0.167625258,-3.116430271,-0.542837645,1.138647845,-2.804079424,-2.343267221,0.13272057,0.34719137,-2.763218958,-0.727901103,-2.235356263,-0.261846544,-0.195271466,-0.314118951,0.058818229,0.334591966,-2.522688205,0.118637705,-2.309383515,-3.032934902,0.668456818,-1.06086504,0.083981212,0.23849026,-0.687332526,-0.227869722,-0.17717679,0.74200854,-1.731802133,0.07599417,-0.00991821,0.116447351,2.480890257,-0.853696014,0.109378568,-3.210543315,0.713246028,1.226093343,1.183148208,-0.289260082,-1.212846838,0.323609028,-0.158610804,0.300802981,-0.262232808,0.195043136,-0.18367395,-0.672124739,0.185593382,-0.532938467,-1.262261562,0.105099219,0.075594943,-1.059345537,0.001322602,0.806620082,1.061261189,-0.460410606,0.320877524,0.67834114,-1.44713578,-1.147637052,0.506344105,0.299806436,-0.09718049,1.360869982,1.125330535,0.913251631,-0.598582471,-0.992440892,0.361963922,-0.103119393,0.424155884,-0.035024871,0.968250635,-1.049296978,0.529025636,0.060219808,0.337423189,-0.608861055,0.164409437,-4.943379746,-0.760859003,-0.776694453,-1.168525671,-0.586788817,0.102998072,0.528986567,0.743846672,0.793865808,1.635295689,0.803917217,0.999579107,0.495748312,0.157580925,-0.58291652,1.394454024,1.879901699,0.840406498,0.092222889,0.556919328,2.083276155,-0.001319263,-0.071862655,0.137954255,-0.649342348,0.218615581,0.260018077,0.398597273,1.022360934,0.760287189,-0.297441214,-0.769234738,0.730477265,-0.346382562,0.536873419,-0.339100999,0.69030991,0.751515594,1.29496952,-0.651815428,-0.12624162,0.614837026,-0.378039573,0.39436156,1.822275008,-1.774425325,1.198643621,0.837189289,0.314965068,-0.948696802,0.85560838,1.181357861,-0.045595523,-2.351912401,0.86364718,0.725919885,-0.616478104,0.231473373,-0.612661314,-0.746276501,0.442639494,-0.517625058,0.218892491,-0.792381174,-0.432086713,0.447885665,0.953022191,-0.00070882,-0.314249939,-1.433960027,1.012521888,-0.337331407,0.074829118,-0.308788227,0.682112094,0.120417304,-0.171480753,-0.506989985,1.152923634,1.253908093,-0.514199768,1.171237602,-0.326588722,0.37641785,0.21521277,0.842426017,0.943029012,-0.315796645,-0.192436111,-1.102376131,-0.494334572,-0.360530556,0.128105049,-1.084709358,-0.219813565,-0.511481519,-0.071169845,-0.422404324,1.151667725,0.592006429,0.756611653,-0.327505922,-1.216378017,-0.73793055,-0.58892677,-1.125439247,-0.119867291,0.253412457,-0.114291276,0.210978806,0.2012649,0.058054033
hsa.mir.146b.1,0.0,0.0,0.0,0.0,0.0,0.0,0.0,0.0,0.0,0.0,0.0,0.0,0.0,0.0,0.0,0.0,0.0,0.0,0.0,0.0,0.0,0.0,0.0,0.0,0.0,0.0,0.0,0.0,0.0,0.0,0.0,0.0,0.0,0.0,0.0,0.0,0.0,0.0,0.0,0.0,0.0,0.0,0.0,0.0,0.0,0.0,0.0,0.0,0.0,0.0,0.0,0.0,0.0,0.0,0.0,0.0,0.0,0.0,0.0,0.0,0.0,0.0,0.0,0.0,0.0,0.0,0.0,0.0,0.0,0.0,0.0,0.0,0.0,0.0,0.0,0.0,0.0,0.0,0.0,0.0,0.0,0.0,0.0,0.0,0.0,0.0,0.0,0.0,0.0,0.0,0.0,0.0,0.0,0.0,0.0,0.0,0.0,0.0,0.0,0.0,0.0,0.0,0.0,0.0,0.0,0.0,0.0,0.0,0.0,0.0,0.0,0.0,0.0,0.0,0.0,0.0,0.0,0.0,0.0,0.0,0.0,0.0,0.0,0.0,0.0,0.0,0.0,0.0,0.0,0.0,0.0,0.0,0.0,0.0,0.0,0.0,0.0,0.0,0.0,0.0,0.0,0.0,0.0,0.0,0.0,0.0,0.0,0.0,0.0,0.0,0.0,0.0,0.0,0.0,0.0,0.0,0.0,0.0,0.0,0.0,0.0,0.0,0.0,0.0,0.0,0.0,0.0,0.0,0.0,0.0,0.0,0.0,0.0,0.0,0.0,0.0,0.0,0.0,0.0,0.0,0.0,0.0,0.0,0.0,0.0,0.0,0.0,0.0,0.0,0.0,0.0,0.0,0.0,0.0,0.0,0.0,0.0,0.0,0.0,0.0,0.0,0.0,0.0,0.0,0.0,0.0,0.0,0.0,0.0,0.0,0.0,0.0,0.0,0.0,0.0,0.0,0.0,0.0,0.0,0.0,0.0,0.0,0.0,0.0,0.0,0.0,0.0,0.0,0.0,0.0,0.0,0.0,0.0,0.0,0.0,0.0,0.0,0.0,0.0,0.0,0.0,0.0,0.0,0.0
hsa.mir.378c,0.625525923,0.895126828,0.778135108,-0.501676643,2.926720588,0.338855356,-0.134226085,0.03059536,-0.440015205,0.372509704,-0.933971781,-0.024874488,0.134124902,-0.39160021,0.040794428,-0.302171237,0.474244795,-0.38291697,-0.042761501,-0.421860737,-0.06838357,0.328068013,-0.563180158,-0.258899597,-0.983202888,3.394041016,0.297125213,-0.605740669,0.941852882,-0.078007136,0.500845142,-0.514986746,0.035840552,-0.267906906,-0.540626319,-0.533236857,-0.950564832,0.546494513,0.190522365,2.399342172,0.09853276,-0.724805526,-0.324230007,-0.701851164,0.195823277,-0.328067684,-0.771120194,0.134103195,1.547112089,0.228679524,3.372522455,0.392452979,-0.450821637,0.547090078,-0.369600369,0.537702004,0.071149623,1.329508017,-0.285375792,-0.684594825,1.492594081,-0.425526846,-0.651452929,0.006795685,-0.60616891,-0.903473162,0.050352466,-0.471537122,0.748919972,-0.354612737,2.076219388,0.487641769,0.67593821,-0.076363946,0.226692934,-0.816248199,0.020386239,0.337887982,1.112508282,6.293617552,-0.384416554,0.281082118,1.039776958,-0.5440997,0.152497237,-0.182021858,3.725565859,-0.332009675,-0.149765745,0.178195698,-0.859967776,0.323537036,1.461571356,-0.293715509,-0.023322068,0.273499361,-0.173841241,-0.22888094,-0.467981398,-0.621656037,0.457085216,0.508395551,0.650791493,0.213391237,-0.666184903,0.009553836,-0.690779897,-0.357147255,1.002874873,-0.133421791,-0.539223759,0.17894817,-0.176463177,-1.111631085,0.676810734,-0.490403612,0.028827509,-0.079633228,-0.176595514,0.741200249,-0.401142267,-1.471440463,-0.865842181,-0.270154292,1.102138112,-0.417780947,0.40704289,-0.269944121,0.79173346,-0.186116431,-0.515645423,1.312531013,8.63826773,0.840527513,-0.695907555,-1.041909548,-0.091416598,-0.447863793,0.960305103,0.230259013,1.42295576,1.756448776,-0.348882772,-1.390552423,1.300394393,0.287184989,-0.278599237,-0.079412965,-0.224345617,0.544353634,0.089011294,-0.246075263,-0.137128736,0.565477602,0.260635449,-0.71849161,0.022895171,-0.493872181,0.16689899,-0.361873132,-0.097338073,-0.566707595,0.323255163,-0.829633619,-0.751957109,-0.030823336,1.086766345,0.419307501,-0.97369852,-0.265602765,-0.298417039,0.109600088,-0.786776757,1.24043944,0.575829557,0.557573334,-0.576093922,-1.164419662,0.058063093,-0.235625613,-0.74543678,-0.203108645,0.242076031,-0.010518994,5.354721297,-0.415851458,-0.035162966,-0.928485959,0.135161095,0.289936074,0.208807342,-0.943160588,0.863546185,-0.564200126,-0.798369735,-0.137813893,-0.595808405,-0.354933923,-0.536215779,-0.355137474,-0.690654444,-0.83781779,-0.500584628,-0.956763834,1.590185153,0.003596013,-0.707640363,-0.180658835,-0.256711486,0.086783687,0.510588373,0.38812338,0.93498436,0.238592273,-0.875303296,-0.705647558,-0.206252718,0.596529954,0.074831591,-1.121457024,0.959632698,-0.057471281,-0.501330074,-0.183816574,-0.368965369,0.011952788,0.212899681,0.965773867,-0.908388355,-0.254191894,2.956255183,-0.676541102,-0.329848267,-0.739904334,-0.725843708,-0.033481742,-0.606243576,-0.110187669,0.289659075,-0.866348966,-0.939932487,-0.207853326,0.053107977,0.095425279
hsa.mir.101b,-0.141201771,-0.200682871,0.447057114,0.200181305,-0.37376372,-0.261085111,0.218368874,0.100026915,0.770315758,0.65841658,-0.457631468,-0.062341771,-0.650684012,0.239054808,-0.065779888,-0.660222605,-0.245928282,0.856741252,-0.593499843,-0.312453095,0.083359553,-0.317542676,0.056425469,-0.616925776,0.845747892,-0.543055916,0.046341013,-0.286902705,-0.149837566,-0.369398452,-0.287171597,-0.254380749,0.080060051,0.692960576,-0.506644863,-0.227774726,0.8863618,1.590230321,-0.300927738,-0.562316597,-0.036209675,0.206674479,-0.245080247,-0.620229979,0.167631194,-0.079479813,0.247997913,-0.488290182,-0.049470595,-0.716472761,2.443114135,-0.452445635,-0.06552753,2.170610745,-1.08146113,0.069440704,0.441124435,0.343282189,-0.069542723,-0.51635605,0.269437484,0.272420913,-0.3706954,0.922501894,0.231930869,-0.001106448,-0.58968763,1.649074055,0.012763389,3.172193743,0.985096712,-0.124780696,-0.240064916,-0.47498541,0.211126173,0.240284935,-0.190299762,-0.185286911,0.148253972,2.662454137,-0.096429071,0.161228568,0.099977112,-0.151587219,-0.040673002,-0.117347037,0.213893076,-0.017797962,0.534705921,-0.19113118,-0.804020391,0.080921478,0.306824959,-0.319499241,0.279280447,0.480983124,-0.194300582,0.202771753,-0.279265547,-0.642965081,1.330614452,5.157888405,0.096221422,-0.751716056,1.178443681,-0.087300157,0.301669467,-0.430827201,-0.468807743,-0.57273177,0.919602588,3.961551916,-0.28239026,-0.274273848,0.479230826,-0.40698051,0.198749131,2.104500903,-0.084218126,0.79615233,-0.831069954,1.428720429,-0.782446339,-0.48176603,-0.288852987,-0.32815111,-0.187838233,0.138861788,0.14671409,-0.132948811,0.100491158,-0.180328128,0.28793149,1.69662829,0.401673171,2.141034343,-0.250385728,0.335743291,-0.249470788,-0.640851949,-0.054441224,0.07549211,-0.413103934,-0.002357679,-0.247996346,-0.095019159,-0.489728461,-0.886113946,-0.997228285,-0.605244361,-0.478822637,-0.731964997,0.194535954,0.635344937,-0.490260813,-0.350986904,1.283867223,-0.331142912,-0.732593683,-0.700416771,-0.72983232,-0.545737632,-0.359356548,-0.05662589,-0.801784411,-0.895934647,-0.576535847,0.134280726,-0.519787411,0.226316566,-0.115433402,-0.603439649,-0.059811838,-0.078940352,0.121809794,-0.520279349,-0.55194179,-0.674833206,-0.491863028,-0.328852948,-0.663719289,-0.521350287,0.963135489,-0.299804244,0.784378595,0.454849197,-0.747920826,-0.319577719,-0.161986047,-0.405956138,-0.31120595,0.888595489,0.306526955,0.403339893,0.078403969,0.013499252,-0.215220805,0.305617815,0.288995248,0.31889397,-0.039263255,0.759832735,0.33091926,0.387653323,0.454568034,-0.156804112,0.334668833,1.126571382,-0.15491301,0.178502533,0.128591689,-0.078202021,-0.420780714,0.04867491,-0.13632665,-0.4577302,-0.175331752,0.037779043,-0.803706928,0.22264083,-0.295297078,-0.207645579,-0.42630728,0.978368706,-0.208719364,0.881182865,-0.302903554,-0.6966875,-0.052301957,-0.280621238,0.634942237,-0.223209076,0.012623381,-0.1935306,0.118665972,0.036905462,-0.413035128,-0.417945006,-0.0636352,-0.115534484,-0.505185267,-0.461709704,-0.421073805,-0.401945338
hsa.mir.120a,0.0,0.0,0.0,0.0,0.0,0.0,0.0,0.0,0.0,0.0,0.0,0.0,0.0,0.0,0.0,0.0,0.0,0.0,0.0,0.0,0.0,0.0,0.0,0.0,0.0,0.0,0.0,0.0,0.0,0.0,0.0,0.0,0.0,0.0,0.0,0.0,0.0,0.0,0.0,0.0,0.0,0.0,0.0,0.0,0.0,0.0,0.0,0.0,0.0,0.0,0.0,0.0,0.0,0.0,0.0,0.0,0.0,0.0,0.0,0.0,0.0,0.0,0.0,0.0,0.0,0.0,0.0,0.0,0.0,0.0,0.0,0.0,0.0,0.0,0.0,0.0,0.0,0.0,0.0,0.0,0.0,0.0,0.0,0.0,0.0,0.0,0.0,0.0,0.0,0.0,0.0,0.0,0.0,0.0,0.0,0.0,0.0,0.0,0.0,0.0,0.0,0.0,0.0,0.0,0.0,0.0,0.0,0.0,0.0,0.0,0.0,0.0,0.0,0.0,0.0,0.0,0.0,0.0,0.0,0.0,0.0,0.0,0.0,0.0,0.0,0.0,0.0,0.0,0.0,0.0,0.0,0.0,0.0,0.0,0.0,0.0,0.0,0.0,0.0,0.0,0.0,0.0,0.0,0.0,0.0,0.0,0.0,0.0,0.0,0.0,0.0,0.0,0.0,0.0,0.0,0.0,0.0,0.0,0.0,0.0,0.0,0.0,0.0,0.0,0.0,0.0,0.0,0.0,0.0,0.0,0.0,0.0,0.0,0.0,0.0,0.0,0.0,0.0,0.0,0.0,0.0,0.0,0.0,0.0,0.0,0.0,0.0,0.0,0.0,0.0,0.0,0.0,0.0,0.0,0.0,0.0,0.0,0.0,0.0,0.0,0.0,0.0,0.0,0.0,0.0,0.0,0.0,0.0,0.0,0.0,0.0,0.0,0.0,0.0,0.0,0.0,0.0,0.0,0.0,0.0,0.0,0.0,0.0,0.0,0.0,0.0,0.0,0.0,0.0,0.0,0.0,0.0,0.0,0.0,0.0,0.0,0.0,0.0,0.0,0.0,0.0,0.0,0.0,0.0
hsa.mir.106b,0.579544958,1.002103846,-0.072592702,-0.198943545,-1.709946486,0.960175397,-0.135121594,0.755635069,-1.022627646,1.872285246,0.586091776,-0.498755918,-1.352797912,-0.535459091,-1.348397425,-0.507869389,-0.135200472,1.388849917,0.464859147,-0.179390938,0.295555188,-0.607758167,0.812464989,1.075078529,-0.921362594,-0.958807542,0.378557593,0.636573181,-0.488456964,-0.381314009,1.086223231,1.440703949,-1.377839723,1.427012096,-0.053386217,0.116522701,-0.300995731,-0.913242867,-0.440149478,1.196147131,0.56546875,-0.754224963,1.523783434,0.379514696,-0.053386217,-1.027609979,1.096776324,0.783577643,0.171291837,0.958311267,0.840514197,0.519489976,-1.327412282,1.367346259,0.707243767,-0.306196588,0.711332064,-0.358057155,-0.852731429,-0.572893064,-0.333722292,-1.25699372,0.003042928,-1.282701343,-0.837245619,-1.191834556,-1.634577973,-0.340873499,0.796904394,-0.454489629,-1.249659276,1.054620645,-0.618033014,0.100044353,0.871508536,0.014493831,-0.493580308,1.066591836,0.377665369,1.167438993,0.887103754,0.632416635,0.473336401,-1.148218055,1.009268821,-0.162754406,-1.553621423,0.540340384,0.055937433,1.098579065,-0.102254711,0.064970635,0.279910235,-0.546322889,-0.56913713,0.12912738,0.072264047,0.744197629,-1.191810765,-1.210309979,0.38647118,-0.151750563,-0.502075446,0.885582705,0.621470781,0.174510803,-1.159036104,0.84699689,0.075154068,0.050397823,-0.975858309,0.117123387,-0.375146905,0.034411018,-0.701090143,0.34528439,0.205405509,0.553383902,-0.416195577,-2.061964191,-0.737614079,-1.001553927,-0.835919712,-0.235413071,-1.30265078,-0.829726635,0.639529505,0.666643372,-0.000800629,0.203143187,0.684048054,0.015797601,-1.949587857,-1.161113893,-0.973684072,-1.040305242,1.143921363,-1.532009661,0.938433091,-0.692498726,0.023644213,0.630831487,-0.142301358,-0.713250475,1.218249488,-0.024373827,-0.824499618,0.967285076,0.032220217,-0.106232377,0.718888761,-0.573316673,-0.318175434,-1.518301747,-0.528735151,0.631114673,-0.050818106,2.327978967,0.933680482,-0.690477432,-0.026795289,0.449816958,0.320897762,-0.317771505,-1.399185783,0.211343568,-0.183496552,0.102021977,-0.167743694,0.411550151,-0.816723049,0.01034975,0.136591116,0.067675313,0.911182719,1.937249259,-1.397959653,-1.905692197,-0.429442144,0.517285289,0.221488799,0.012936328,0.075474565,0.011016836,0.039861069,-0.969344128,0.135965022,-1.517373485,-0.552417149,0.426759861,-2.068478916,-1.022326571,0.711103278,-0.874338435,-0.236070511,-0.459187059,0.127895895,-0.626215131,0.956608327,-0.880324319,-0.838582795,-1.426366828,-0.979216721,-0.48871386,-1.190562318,1.146882246,0.479807047,-0.69842334,1.279127191,-0.22732475,-0.736907101,-0.753534762,0.451823531,-0.900189963,-0.34839893,-0.596848059,0.499892083,0.24657036,-1.053170482,-1.109881598,-0.586637538,0.555971865,-0.116400152,-1.007446628,1.190969949,0.294455439,-0.37542447,0.865187857,-1.729276603,-1.175733571,0.577435843,0.121790762,0.368624269,0.451913942,-1.551591583,0.097298727,-1.0738385,-0.364023364,0.6003381,-0.06875895,0.741892883,1.731823835,0.029316242,0.357931873
hsa.mir.106b.1,-0.319809228,-0.372766552,-0.297672678,-0.143463434,0.088069954,0.234852271,-0.165108187,0.031530866,-0.176840406,-0.379932584,0.059221029,0.680549516,0.644792362,-0.098702265,-0.076911255,0.163262373,0.427140559,0.038505951,0.055223059,-0.003648814,0.250871608,0.002070146,0.417966776,-0.290698955,-0.02797517,0.191663134,-0.037668143,0.370674979,0.449685653,-0.013275996,0.141891208,-0.272741657,1.26078992,-0.45354368,0.446689683,-0.405230856,-0.49970738,-0.106265274,0.072911143,-0.055376662,0.367293868,0.787219602,-0.379328514,-0.372338543,1.254551394,-0.33974855,0.110140579,-0.094946209,0.862181032,-0.37746324,-0.143114944,0.901627419,-0.334390188,0.566274221,-0.092901508,-0.041792553,-0.268848525,-0.14717588,0.680017209,-0.177091164,-0.148929538,-0.372572575,0.014111424,-0.081830948,-0.097508268,0.209971889,-0.070757759,0.142715411,-0.076375606,0.04625136,-0.082796094,0.115129436,-0.398324637,-0.381966499,-0.281526847,-0.25091927,-0.10673467,-0.314918336,-0.37305534,1.215614289,-0.094385413,0.934925482,0.02080482,-0.089250525,-0.091157305,0.352050325,0.028898109,-0.142752069,-0.23378425,0.095086974,-0.24817474,-0.258080317,-0.149243662,0.164522387,-0.183971406,-0.062464483,1.490956709,-0.197915644,-0.422989286,0.056894381,-0.126491443,-0.008132569,-0.22020439,-0.080616712,-0.218338545,-0.288383569,-0.026589749,-0.034671422,0.80212594,-0.389675413,-0.256583866,-0.229007777,-0.078280522,-0.445001422,-0.159420127,-0.026556759,-0.016183821,6.177291113,-0.027505719,0.793023309,0.331061478,-0.021667026,-0.189535836,-0.125758382,-0.14582661,0.130435584,-0.363926255,0.051700629,-0.057196362,-0.34331949,0.003524998,0.040679901,0.176693549,-0.007324474,-0.32316635,0.011897002,-0.194245196,-0.036086225,-0.242036928,-0.145959976,-0.46576231,-0.084142084,-0.411661792,-0.408450566,0.124102325,-0.135934034,-0.066116147,-0.338005419,-0.268492952,-0.044691981,-0.285075277,-0.39687823,0.076924946,0.367911266,-0.559574335,0.177956467,-0.05706125,0.095108419,-0.04818535,-0.033094819,-0.120995238,0.136623315,-0.11814198,0.794042255,-0.049241731,-0.10119152,-0.187487215,-0.403230579,0.289593903,-0.152357806,0.064996803,-0.065821575,-0.190945051,-0.251889456,-0.076627883,-0.103696711,0.128076948,-0.167272166,0.114127874,-0.16846679,0.017520665,0.018040614,-0.396937384,0.149440818,4.065347598,0.323121459,-0.024420706,0.147554145,0.02325844,-0.146138448,-0.401636178,-0.165819342,-0.186579721,-0.359448259,-0.143302714,-0.183972799,-0.219096142,0.036560391,-0.068458879,0.591768605,0.06253293,-0.096524057,-0.179625799,-0.144888756,0.068514686,0.213672046,-0.210338534,0.396724611,-0.292537423,0.544163774,0.295428971,0.179404925,-0.407933387,0.066322499,-0.600726472,-0.218927932,-0.272252874,-0.264986981,-0.250444841,0.15389459,0.625591501,-0.002909616,-0.199097102,-0.134137892,0.06842759,0.138411215,-0.151255318,-0.230205773,0.128043857,-0.190024502,0.674865862,-0.076237324,0.039841759,-0.126920079,-0.371346434,-0.169264288,0.253607388,-0.171032417,0.079828968,-0.348538107,-0.479109616,-0.301828113,0.050136071,-0.157598995
hsa.mir.310,0.0,0.0,0.0,0.0,0.0,0.0,0.0,0.0,0.0,0.0,0.0,0.0,0.0,0.0,0.0,0.0,0.0,0.0,0.0,0.0,0.0,0.0,0.0,0.0,0.0,0.0,0.0,0.0,0.0,0.0,0.0,0.0,0.0,0.0,0.0,0.0,0.0,0.0,0.0,0.0,0.0,0.0,0.0,0.0,0.0,0.0,0.0,0.0,0.0,0.0,0.0,0.0,0.0,0.0,0.0,0.0,0.0,0.0,0.0,0.0,0.0,0.0,0.0,0.0,0.0,0.0,0.0,0.0,0.0,0.0,0.0,0.0,0.0,0.0,0.0,0.0,0.0,0.0,0.0,0.0,0.0,0.0,0.0,0.0,0.0,0.0,0.0,0.0,0.0,0.0,0.0,0.0,0.0,0.0,0.0,0.0,0.0,0.0,0.0,0.0,0.0,0.0,0.0,0.0,0.0,0.0,0.0,0.0,0.0,0.0,0.0,0.0,0.0,0.0,0.0,0.0,0.0,0.0,0.0,0.0,0.0,0.0,0.0,0.0,0.0,0.0,0.0,0.0,0.0,0.0,0.0,0.0,0.0,0.0,0.0,0.0,0.0,0.0,0.0,0.0,0.0,0.0,0.0,0.0,0.0,0.0,0.0,0.0,0.0,0.0,0.0,0.0,0.0,0.0,0.0,0.0,0.0,0.0,0.0,0.0,0.0,0.0,0.0,0.0,0.0,0.0,0.0,0.0,0.0,0.0,0.0,0.0,0.0,0.0,0.0,0.0,0.0,0.0,0.0,0.0,0.0,0.0,0.0,0.0,0.0,0.0,0.0,0.0,0.0,0.0,0.0,0.0,0.0,0.0,0.0,0.0,0.0,0.0,0.0,0.0,0.0,0.0,0.0,0.0,0.0,0.0,0.0,0.0,0.0,0.0,0.0,0.0,0.0,0.0,0.0,0.0,0.0,0.0,0.0,0.0,0.0,0.0,0.0,0.0,0.0,0.0,0.0,0.0,0.0,0.0,0.0,0.0,0.0,0.0,0.0,0.0,0.0,0.0,0.0,0.0,0.0,0.0,0.0,0.0
hsa.mir.582,0.009170745,0.553931985,-1.13938443,0.227210379,0.263722436,-0.656218106,1.241080069,-0.012179592,0.423952909,0.14887271,-0.249134143,-0.851507132,0.086216204,-1.781380194,-1.662431553,0.538050531,0.213323384,0.43335891,-0.525350426,0.142030496,-1.047614974,0.482729357,0.977589267,-0.449625998,-1.027117444,0.880152471,-0.800242359,0.10439736,0.804446322,2.189916417,-1.74156217,-1.092210624,-1.370970233,0.05251138,0.465138834,1.258858337,0.19322004,-2.969730796,0.00321002,0.591218072,-0.564370352,0.634318369,-0.977993751,-0.034012587,0.232399915,-2.228657808,-0.60959304,-0.846218711,0.465520535,0.091977803,0.718012257,-0.18591291,-0.281013969,-1.30729309,0.045234313,-0.500799513,-1.470524276,0.070672472,1.050228157,-0.274170721,-0.9152583,-1.087396851,0.350239443,0.235917332,0.63298992,-0.246358226,0.967001605,-0.939385658,-0.492463505,-1.235014563,-1.561873169,2.40136452,-1.723914801,-0.430822782,-0.518782022,-0.857289061,0.014677817,-0.308035163,-1.106968163,-0.063635854,0.618765305,1.013746986,0.757779338,0.592862193,0.024410517,-1.294842223,1.458278781,-0.404020754,-0.978858127,0.13796871,0.852850647,-1.712298514,-0.774547044,-0.828650908,-1.104716446,-0.289080307,-0.067617583,-1.378199372,2.005284766,-0.237190905,-0.630517133,-1.394823776,-0.812226117,0.70695261,-1.516031284,0.010678771,1.267879461,-0.781110835,-0.689060305,-1.24238722,-1.631199392,-2.511393526,0.088306226,-0.879107768,0.415132663,0.216744717,0.109826973,-0.557934224,0.132348418,0.543995293,-0.616404059,-0.467780785,1.563464676,1.125302173,0.713954709,1.272715197,-1.078844687,0.37233506,0.849395944,0.736586167,-0.916170459,-0.124755992,1.948490498,-0.119095452,-1.266197069,-0.058178666,1.381217147,0.546476664,1.295460154,0.724062254,1.492173855,1.902414876,0.135727616,-0.159901016,-1.616799929,2.112213395,0.627173317,-0.279195713,1.031212122,2.163664958,-0.069327211,0.269636035,-0.348399585,-0.647885815,0.676246905,0.060109942,-0.858708724,0.437163731,0.899055859,1.090262155,-0.262475224,-0.677137898,-3.146194998,-0.004278248,1.424888384,1.521945542,0.478853461,0.723170684,-0.506830747,0.020010201,-0.232840022,-0.420401557,0.028756381,1.747457729,1.014335895,-0.54953848,-0.013621394,-0.057695992,0.591436718,-0.144778383,-0.51910068,-1.674390642,0.865852851,-0.654719318,0.210674156,0.440936101,-0.08714467,-0.528667485,0.096800085,-0.515036325,0.014738036,0.732838994,0.045972553,-1.773611932,-0.131912117,0.528328295,0.582169274,-1.59848515,0.573598077,-1.089277584,0.024795477,0.296158172,1.105921122,0.02519595,0.883280836,0.014977154,1.045414585,0.353773945,-0.717747254,0.368721622,-0.322318932,0.55420593,0.472899817,0.418595932,-1.136343509,-1.068370676,-0.705111239,0.113721137,0.854375162,0.601579729,1.213962426,0.184439197,0.289638056,0.338288081,-1.172019276,-0.513976639,-0.317161448,-0.317090785,1.246230194,0.001868803,-0.939095404,-0.642819843,0.448264038,-1.507944313,-1.116038416,-0.172182024,1.008747086,-0.767643617,0.424320761,0.202292455,0.092371593,-0.161197866,0.013901252,-0.481662229
hsa.mir.5000,1.246621833,0.361161071,0.125221744,2.900849036,-1.108485226,1.125225496,-0.228081988,0.810033575,-0.614465242,-1.146403687,-0.258804404,-0.323656396,-0.340285246,-0.02116858,-0.68954901,-0.188067585,-0.454000018,-0.864979092,-0.688312282,3.09691153,-0.408175607,-0.233309054,1.445330175,1.338901559,-0.734000048,0.705723797,-0.689073048,-0.138010332,0.231347136,1.638276441,0.408143201,-0.882890394,0.600476857,-1.0649951,1.05422945,-0.505996241,-0.706526877,0.61474986,-0.637127267,-0.06937885,-0.376535654,1.195734222,-0.947040738,0.286968098,1.057284931,-0.235421968,-0.768289252,-0.52870736,-0.202579546,-0.576249515,1.017019395,-0.182405568,0.790099061,-0.54897469,0.962675616,-0.562051367,-0.938288913,-0.110236114,-0.518320108,0.737099468,2.006782232,-0.135186831,-0.405711664,-0.970385172,-0.709471957,-0.13092255,0.899704327,-0.391865747,-0.486434286,-0.351922441,-1.595793398,-1.578619429,-0.207655376,-0.609865843,-0.905255516,-0.325600072,0.50082614,-0.776398873,0.523655371,-1.7242135,-0.946377093,-0.982651686,-0.578865038,-0.403057118,-0.785254232,0.757440159,7.192386739,-0.57339068,0.071905158,-0.259112667,0.069243356,-0.153357806,0.133381482,0.823783954,-0.616451209,-0.304399086,-1.463184787,1.260712978,2.928078422,0.711898008,-0.302877929,-0.445122679,-1.025905216,-0.873625667,-1.251821044,0.233492608,1.375487509,0.210194936,1.621121055,-0.627337375,0.085801798,-1.072880487,-0.968378044,1.275422935,-0.079972675,-0.11989638,-1.375541508,-0.305980204,-0.717938051,0.687022615,1.2397459,0.951770193,-0.426173488,-0.006432425,-0.645534732,-0.34703089,0.835675155,-0.171832024,0.355229183,0.398464232,-0.945513131,0.109988763,-1.982774521,-0.218278176,-0.729497694,-0.176126101,-0.96787303,-1.285745378,-0.208890584,-0.656995489,-0.435592255,-0.515169584,-0.486919487,0.270269413,-0.699987968,-1.003065521,-0.571747161,-0.875177668,-0.676961992,-0.033902046,-0.167354898,-0.258339337,1.505846034,-0.833995966,0.717645305,0.211246699,4.386897053,2.368099314,-0.311632635,-0.641460545,0.355207734,0.327643599,0.127715054,1.136859251,0.097757035,-0.755109887,0.061056864,-0.873851348,-0.474888057,-0.456918483,0.301491575,-0.114634979,-0.280131741,0.084007736,-0.200773911,0.119867032,1.665050554,0.340179253,-0.819251667,-0.086501492,0.385833961,-0.141458334,-0.578270421,1.224954007,-1.130696857,1.766607154,0.658068958,1.018925282,-0.675834331,-0.466870091,0.134882039,0.951291798,0.256294932,0.10710255,0.654371845,-0.337234652,-0.227991918,0.002940492,-0.702867748,-0.584382621,0.061640819,-0.103441579,0.403604166,1.445866731,0.548375815,-1.436982595,-1.071920511,1.154659766,-0.492822787,3.148777308,0.378851394,-0.322015453,-1.050981967,1.201728611,0.031984598,-0.270918261,0.76905818,0.973117833,-0.038530419,0.817197519,0.284384483,0.414881102,-0.063266761,-0.883820815,0.684056539,-0.732563414,-0.251146858,0.259543851,1.931433743,-0.28842894,-1.492426378,0.009614096,0.581443132,-1.045428075,-1.21921751,-0.170222103,1.540176192,-0.351643454,0.283079886,-0.580486076,-0.76097996,-0.525657671,-0.171446956,-0.002382754
hsa.mir.877,-1.264675264,-0.481568517,-0.110370783,0.104007876,-0.992802151,-0.430924431,0.549624555,0.516534103,-0.125187065,0.412672621,-0.069709433,0.560785175,0.243578227,0.208244539,-0.499952699,-0.426300834,-0.624239233,1.150184651,-0.62319994,-0.325459904,-0.542908121,1.700768449,0.128392769,-0.892394504,0.941472744,-2.390096765,0.803139237,0.42306122,-2.483139129,-0.179877034,-1.155558931,1.282610158,-1.297707211,2.270003275,-1.352757395,-0.275637609,0.801046481,0.063419565,0.570744009,-2.427930079,-1.477160491,-0.635776038,-0.062891007,-0.25875441,-0.138278934,0.326710065,0.595245158,0.187769558,-1.145420957,-0.469640906,1.903786676,1.364752369,0.182240678,1.558923299,-0.888515365,0.068881089,1.707758614,0.014584515,-0.337185578,0.404536795,-0.46655936,1.695083333,-0.005867028,1.144227273,0.812584339,0.077592805,-0.462572663,1.75564165,-0.091745043,1.230091808,1.130284469,0.030927463,-0.304238502,-0.187379995,1.36652925,0.172427064,1.210626585,0.380944316,-0.088561184,-1.089799284,-0.183589126,-0.338867515,-0.981870068,-0.617564768,0.409948663,0.40764753,-0.192979555,1.236786074,-0.675845648,-0.382162807,-1.188957954,-0.143797392,-0.791733144,0.791462594,0.183465753,-1.008665848,-0.522225961,-0.033668245,-0.683238394,-0.726439332,0.138498487,2.92348077,-0.464188581,0.089645324,2.060795062,-0.417070346,0.207669328,-0.593805114,-2.049924291,0.384977364,0.412921191,2.248678479,0.057640234,0.237405387,-0.833279491,0.320848687,-0.127429184,0.02409962,0.468477566,-1.103627309,-1.010862344,0.375290941,-0.171458472,-0.329555,-1.270932468,0.493774839,1.090590959,-0.807272609,-0.326299595,-1.022623002,-0.334148554,-0.400309604,1.1511255,1.769149966,1.173550634,2.995116373,1.435471656,1.388358929,0.845764917,0.358642243,-0.937789241,-0.164250707,0.330495646,3.172827073,0.651856888,-0.103599457,0.527408236,-0.695137769,-0.025459045,-0.185648211,1.326189886,0.761617796,0.285092551,-0.19366446,-0.653672569,0.347061087,0.035639864,0.042877421,0.749095082,1.189582525,-0.545215118,-1.399900385,0.556773194,0.453099841,-0.606112171,-0.011054062,-0.464316442,-0.155393114,-1.140397892,-0.06280406,1.647247003,-0.096347862,-0.144778669,0.08132211,-1.069599735,-0.799267686,-0.184363027,-0.538762499,-0.954285173,-0.07681906,-0.095646455,0.085810235,-0.545363884,-0.383944908,-1.908026325,0.548879586,0.03342837,0.653927869,-0.08942981,0.425329646,-0.164906246,-0.541052038,-1.065157378,0.289749921,0.693610856,0.431148094,-0.174351667,-1.008075794,-0.497700355,0.709207183,-0.129327248,-0.063794937,0.875029104,0.880076974,0.63245939,0.461969906,0.454525065,-0.432603289,1.133246483,1.96774482,-0.671345142,-0.840251245,-0.58336604,-0.890040282,0.074019829,-0.100680202,-0.722083914,0.831567804,-0.498143551,-0.080953512,-1.982287267,-0.044195976,-1.011855966,0.70275366,-0.019172006,-0.225020807,-0.522788546,-0.263638157,-0.638976204,-0.004163299,-1.399325729,-0.261662245,-0.886457019,0.391110644,1.451116018,0.590210917,0.136656759,0.020196529,-0.567029583,-0.388379194,0.297289266,-0.830654251,0.791625229,0.625176672
hsa.mir.210,-3.493312732,-3.791726902,-4.245962349,-3.43756498,-0.052224472,0.885430605,-0.642411436,-1.174398414,1.019493753,-0.251198515,0.668700302,2.801435562,2.67755203,1.112133159,1.333277809,-0.270063371,2.871975519,2.514599047,-0.26443558,-0.379338011,1.625585969,0.238723893,-0.805760721,-1.58282584,2.070217775,-0.840554182,0.994052587,-0.800950649,-3.056877804,-2.184796731,-0.110688947,-0.847765509,0.895488676,4.516611147,0.631502114,2.232978177,0.676856636,-3.141489214,4.72770425,-0.704711099,-2.372072893,0.910192127,-0.657439153,-0.177090264,0.950537214,-0.150270627,1.487205796,1.392015144,0.545316311,1.682599961,-6.030424048,-1.682619255,1.100551178,-0.776181777,-1.309465505,4.359446181,3.89651251,1.689264761,-1.253692706,-0.650289416,-0.33458535,1.492234732,-0.200609406,-0.15836121,-0.338013392,0.226242891,-0.378526981,1.385554544,-0.371387077,-0.503493117,-0.670916101,-0.170132116,-0.495367765,-0.406186701,-0.764588558,-0.38769309,0.437309418,-0.535612249,-0.250936776,-1.061036362,-0.132152943,0.964979012,-0.083403161,0.101188193,-0.189261656,0.009578202,-0.284821097,-0.366613634,0.158004117,1.36052038,0.169706094,-0.657658895,-0.294637762,-0.063750394,-0.316797475,0.062346284,-0.193273951,-0.072237671,0.641899435,0.672313005,-0.287305371,-0.079136151,0.066468161,-0.176198562,0.016729519,-0.283369788,-0.820824317,-0.13073152,1.282122262,-0.417097658,0.489326515,-0.939119706,-0.26404998,-0.574100875,0.832000615,-0.604531121,-0.45286723,0.959535457,0.047238773,-0.369879396,0.051221782,0.193324601,0.246892221,0.14349742,0.231604337,1.041234015,-0.817586552,1.1405622,-0.126640834,-0.613105894,-0.341559964,-0.259946835,0.73345931,-0.31849249,-0.273464291,1.092343604,-0.318944199,-0.019887099,-0.204767072,-0.1336968,-0.049624172,-0.505036775,-0.025776333,0.168935839,-0.837289678,-0.38915982,-0.252687031,-0.16762869,0.431123192,0.184151617,-0.233047547,-0.031518365,0.04015112,0.919141756,0.427098652,-0.114459635,-0.174612802,-0.549815104,-0.241532887,-0.163755548,-0.135098848,-0.698324406,-0.199868568,0.085292565,0.358828828,-0.117781303,-0.140594789,-0.599575228,0.553996332,-0.120346265,-0.027198981,0.367715139,-0.445850069,0.315735097,-0.310171575,-0.449307947,1.047877689,-0.242027595,0.576349671,-0.101530702,-0.714305503,-0.502609317,-0.233169808,0.248333081,-0.027733285,-0.008352644,0.736401518,0.653544385,-0.602993435,-0.671713642,-0.551834957,0.272398233,-0.055647091,0.84169718,-0.144197965,-0.391046979,-0.239084668,0.036384392,-0.394196563,-0.314070677,-0.094834335,-0.620184895,0.336334052,-0.265420245,0.743988953,-0.22344146,-0.587436784,0.210274773,-0.647874418,0.918467659,0.575043283,0.263516271,-0.428512138,0.36465571,-0.473328107,-0.67954969,-0.130873603,0.513504328,0.327975096,-0.301687816,0.973308351,-0.659882244,-0.055261533,0.049103127,-0.203123517,-0.755870075,-0.204118125,-0.394652527,0.326821233,-0.27446891,-0.524901581,-0.190534753,0.235556198,-0.248144178,-0.114553084,-0.101062176,-0.421936007,-0.933375454,0.378507935,-0.063563068,-0.085370545,-0.626648645,-0.120944017,-0.808628611
hsa.mir.210.1,0.0,0.0,0.0,0.0,0.0,0.0,0.0,0.0,0.0,0.0,0.0,0.0,0.0,0.0,0.0,0.0,0.0,0.0,0.0,0.0,0.0,0.0,0.0,0.0,0.0,0.0,0.0,0.0,0.0,0.0,0.0,0.0,0.0,0.0,0.0,0.0,0.0,0.0,0.0,0.0,0.0,0.0,0.0,0.0,0.0,0.0,0.0,0.0,0.0,0.0,0.0,0.0,0.0,0.0,0.0,0.0,0.0,0.0,0.0,0.0,0.0,0.0,0.0,0.0,0.0,0.0,0.0,0.0,0.0,0.0,0.0,0.0,0.0,0.0,0.0,0.0,0.0,0.0,0.0,0.0,0.0,0.0,0.0,0.0,0.0,0.0,0.0,0.0,0.0,0.0,0.0,0.0,0.0,0.0,0.0,0.0,0.0,0.0,0.0,0.0,0.0,0.0,0.0,0.0,0.0,0.0,0.0,0.0,0.0,0.0,0.0,0.0,0.0,0.0,0.0,0.0,0.0,0.0,0.0,0.0,0.0,0.0,0.0,0.0,0.0,0.0,0.0,0.0,0.0,0.0,0.0,0.0,0.0,0.0,0.0,0.0,0.0,0.0,0.0,0.0,0.0,0.0,0.0,0.0,0.0,0.0,0.0,0.0,0.0,0.0,0.0,0.0,0.0,0.0,0.0,0.0,0.0,0.0,0.0,0.0,0.0,0.0,0.0,0.0,0.0,0.0,0.0,0.0,0.0,0.0,0.0,0.0,0.0,0.0,0.0,0.0,0.0,0.0,0.0,0.0,0.0,0.0,0.0,0.0,0.0,0.0,0.0,0.0,0.0,0.0,0.0,0.0,0.0,0.0,0.0,0.0,0.0,0.0,0.0,0.0,0.0,0.0,0.0,0.0,0.0,0.0,0.0,0.0,0.0,0.0,0.0,0.0,0.0,0.0,0.0,0.0,0.0,0.0,0.0,0.0,0.0,0.0,0.0,0.0,0.0,0.0,0.0,0.0,0.0,0.0,0.0,0.0,0.0,0.0,0.0,0.0,0.0,0.0,0.0,0.0,0.0,0.0,0.0,0.0
hsa.mir.140a,0.0,0.0,0.0,0.0,0.0,0.0,0.0,0.0,0.0,0.0,0.0,0.0,0.0,0.0,0.0,0.0,0.0,0.0,0.0,0.0,0.0,0.0,0.0,0.0,0.0,0.0,0.0,0.0,0.0,0.0,0.0,0.0,0.0,0.0,0.0,0.0,0.0,0.0,0.0,0.0,0.0,0.0,0.0,0.0,0.0,0.0,0.0,0.0,0.0,0.0,0.0,0.0,0.0,0.0,0.0,0.0,0.0,0.0,0.0,0.0,0.0,0.0,0.0,0.0,0.0,0.0,0.0,0.0,0.0,0.0,0.0,0.0,0.0,0.0,0.0,0.0,0.0,0.0,0.0,0.0,0.0,0.0,0.0,0.0,0.0,0.0,0.0,0.0,0.0,0.0,0.0,0.0,0.0,0.0,0.0,0.0,0.0,0.0,0.0,0.0,0.0,0.0,0.0,0.0,0.0,0.0,0.0,0.0,0.0,0.0,0.0,0.0,0.0,0.0,0.0,0.0,0.0,0.0,0.0,0.0,0.0,0.0,0.0,0.0,0.0,0.0,0.0,0.0,0.0,0.0,0.0,0.0,0.0,0.0,0.0,0.0,0.0,0.0,0.0,0.0,0.0,0.0,0.0,0.0,0.0,0.0,0.0,0.0,0.0,0.0,0.0,0.0,0.0,0.0,0.0,0.0,0.0,0.0,0.0,0.0,0.0,0.0,0.0,0.0,0.0,0.0,0.0,0.0,0.0,0.0,0.0,0.0,0.0,0.0,0.0,0.0,0.0,0.0,0.0,0.0,0.0,0.0,0.0,0.0,0.0,0.0,0.0,0.0,0.0,0.0,0.0,0.0,0.0,0.0,0.0,0.0,0.0,0.0,0.0,0.0,0.0,0.0,0.0,0.0,0.0,0.0,0.0,0.0,0.0,0.0,0.0,0.0,0.0,0.0,0.0,0.0,0.0,0.0,0.0,0.0,0.0,0.0,0.0,0.0,0.0,0.0,0.0,0.0,0.0,0.0,0.0,0.0,0.0,0.0,0.0,0.0,0.0,0.0,0.0,0.0,0.0,0.0,0.0,0.0
hsa.mir.141a,0.0,0.0,0.0,0.0,0.0,0.0,0.0,0.0,0.0,0.0,0.0,0.0,0.0,0.0,0.0,0.0,0.0,0.0,0.0,0.0,0.0,0.0,0.0,0.0,0.0,0.0,0.0,0.0,0.0,0.0,0.0,0.0,0.0,0.0,0.0,0.0,0.0,0.0,0.0,0.0,0.0,0.0,0.0,0.0,0.0,0.0,0.0,0.0,0.0,0.0,0.0,0.0,0.0,0.0,0.0,0.0,0.0,0.0,0.0,0.0,0.0,0.0,0.0,0.0,0.0,0.0,0.0,0.0,0.0,0.0,0.0,0.0,0.0,0.0,0.0,0.0,0.0,0.0,0.0,0.0,0.0,0.0,0.0,0.0,0.0,0.0,0.0,0.0,0.0,0.0,0.0,0.0,0.0,0.0,0.0,0.0,0.0,0.0,0.0,0.0,0.0,0.0,0.0,0.0,0.0,0.0,0.0,0.0,0.0,0.0,0.0,0.0,0.0,0.0,0.0,0.0,0.0,0.0,0.0,0.0,0.0,0.0,0.0,0.0,0.0,0.0,0.0,0.0,0.0,0.0,0.0,0.0,0.0,0.0,0.0,0.0,0.0,0.0,0.0,0.0,0.0,0.0,0.0,0.0,0.0,0.0,0.0,0.0,0.0,0.0,0.0,0.0,0.0,0.0,0.0,0.0,0.0,0.0,0.0,0.0,0.0,0.0,0.0,0.0,0.0,0.0,0.0,0.0,0.0,0.0,0.0,0.0,0.0,0.0,0.0,0.0,0.0,0.0,0.0,0.0,0.0,0.0,0.0,0.0,0.0,0.0,0.0,0.0,0.0,0.0,0.0,0.0,0.0,0.0,0.0,0.0,0.0,0.0,0.0,0.0,0.0,0.0,0.0,0.0,0.0,0.0,0.0,0.0,0.0,0.0,0.0,0.0,0.0,0.0,0.0,0.0,0.0,0.0,0.0,0.0,0.0,0.0,0.0,0.0,0.0,0.0,0.0,0.0,0.0,0.0,0.0,0.0,0.0,0.0,0.0,0.0,0.0,0.0,0.0,0.0,0.0,0.0,0.0,0.0
hsa.mir.147b,-0.527772757,1.666108301,0.661819625,-0.860706716,-0.787393629,2.177332678,0.41014205,2.41668244,0.440233543,-0.451723763,-0.659584434,3.174159107,-0.838394026,-0.117093372,-0.079049833,-0.682572079,0.713662559,-0.41980544,0.94698484,-0.675441496,-0.874064777,-0.7495712,-0.773474774,2.245927675,0.713798384,1.629798904,-0.125122723,-0.33418393,1.952826321,-0.416665606,1.538182632,-0.396196122,-0.434265633,-0.302015331,-0.331716436,2.87661809,-0.407409813,-0.52013363,-0.179448231,-0.434962651,1.200412597,0.161890151,-0.333725443,1.068703793,0.65753899,-1.022715543,-0.020614865,-0.40066602,2.0009647,0.188751911,-0.45224871,0.345518136,-0.606074838,-0.58088417,1.527153547,-0.718772928,-0.479514732,-0.616446669,-0.23278853,-0.502818699,1.037718417,-0.453395011,-0.167180284,-0.170072673,-0.301834412,-0.741184496,0.232301959,-1.101106272,-0.969366125,-1.040600204,-0.284933098,1.854229992,-0.466547611,-0.915094943,0.830533821,-0.290515647,1.387982296,0.14258928,-0.02580956,-1.206297555,-1.14181587,1.647339927,-0.600610165,-0.163750079,-1.324609887,-0.493776828,-1.278228756,0.592136297,0.223334558,1.246896987,-1.000420661,-0.769220376,2.196191356,1.0801107,-0.325350596,-0.916820257,-1.215682619,-0.784517953,-0.542612586,2.002826357,-0.332748619,-0.838046551,-0.607650615,-1.039150138,-1.051206956,-0.219216388,-1.042326203,1.018508177,1.318006217,0.717021658,-0.757268001,-0.719180902,-0.313293426,0.926565493,-0.614616689,0.753440688,0.808956542,-1.351548788,0.887948261,2.099722365,0.733407478,2.093788217,1.040205949,-0.92936004,-0.235064401,1.994216306,-1.128464379,-0.457738385,0.807212688,2.057660425,-0.287587631,-0.140599761,-0.697736019,-0.74362599,0.017845075,-0.42842602,-0.467041053,0.302441281,0.326642541,0.932076467,0.3437643,0.913186121,-0.573356897,-0.338446752,1.585133484,0.103484097,-0.52313162,1.82696885,0.153111945,-0.953481751,-0.066540547,-0.356620778,-0.396905715,0.638672057,0.128706767,-0.656755811,3.89674829,0.326165219,1.198662881,0.51876938,0.644441718,1.839406616,-0.93227635,-0.044598931,-0.530638263,-0.488532106,-0.270474728,-0.322595346,2.751694837,-1.048801867,-0.131054344,-0.968764115,0.381964024,-0.726057743,-0.938260206,-0.059285973,0.414537808,-1.215749017,1.781901921,0.061261904,0.282051889,-1.084312494,-1.982753054,0.065898274,1.011340722,-1.210508346,1.36283761,-1.355645756,-1.151661365,-1.358051704,0.177100121,-0.74680646,0.938557249,-1.180053883,-1.874496601,-0.667164688,-0.641943416,0.263344794,-0.194457561,-0.397500835,-0.465409815,-1.289864146,2.851675777,-1.163256175,0.869952875,0.401826578,0.122341324,-0.534606597,-0.504658254,0.037557472,1.468538469,0.743291597,-0.581755899,-1.013747658,-1.173624436,-0.09338399,0.761114647,-0.54417713,1.245492758,-0.521700621,-0.899713793,-0.062038767,0.362423725,-0.976228818,-0.412951178,-1.091869591,-0.1128194,1.747158387,-0.712175273,-0.709217684,2.144730352,2.218221832,-0.612610316,-0.408282017,-1.000986593,-2.028064019,-1.200134472,-1.201260953,0.464258283,0.422413697,0.663350554,-0.446082464,-2.030861104,-0.26441989
hsa.mir.147b.1,0.0,0.0,0.0,0.0,0.0,0.0,0.0,0.0,0.0,0.0,0.0,0.0,0.0,0.0,0.0,0.0,0.0,0.0,0.0,0.0,0.0,0.0,0.0,0.0,0.0,0.0,0.0,0.0,0.0,0.0,0.0,0.0,0.0,0.0,0.0,0.0,0.0,0.0,0.0,0.0,0.0,0.0,0.0,0.0,0.0,0.0,0.0,0.0,0.0,0.0,0.0,0.0,0.0,0.0,0.0,0.0,0.0,0.0,0.0,0.0,0.0,0.0,0.0,0.0,0.0,0.0,0.0,0.0,0.0,0.0,0.0,0.0,0.0,0.0,0.0,0.0,0.0,0.0,0.0,0.0,0.0,0.0,0.0,0.0,0.0,0.0,0.0,0.0,0.0,0.0,0.0,0.0,0.0,0.0,0.0,0.0,0.0,0.0,0.0,0.0,0.0,0.0,0.0,0.0,0.0,0.0,0.0,0.0,0.0,0.0,0.0,0.0,0.0,0.0,0.0,0.0,0.0,0.0,0.0,0.0,0.0,0.0,0.0,0.0,0.0,0.0,0.0,0.0,0.0,0.0,0.0,0.0,0.0,0.0,0.0,0.0,0.0,0.0,0.0,0.0,0.0,0.0,0.0,0.0,0.0,0.0,0.0,0.0,0.0,0.0,0.0,0.0,0.0,0.0,0.0,0.0,0.0,0.0,0.0,0.0,0.0,0.0,0.0,0.0,0.0,0.0,0.0,0.0,0.0,0.0,0.0,0.0,0.0,0.0,0.0,0.0,0.0,0.0,0.0,0.0,0.0,0.0,0.0,0.0,0.0,0.0,0.0,0.0,0.0,0.0,0.0,0.0,0.0,0.0,0.0,0.0,0.0,0.0,0.0,0.0,0.0,0.0,0.0,0.0,0.0,0.0,0.0,0.0,0.0,0.0,0.0,0.0,0.0,0.0,0.0,0.0,0.0,0.0,0.0,0.0,0.0,0.0,0.0,0.0,0.0,0.0,0.0,0.0,0.0,0.0,0.0,0.0,0.0,0.0,0.0,0.0,0.0,0.0,0.0,0.0,0.0,0.0,0.0,0.0
hsa.mir.30c.2,1.700058215,0.563154283,0.623447591,3.062791813,-1.294817959,1.419242258,-0.328556757,0.887474627,-0.81368557,-1.224875943,-0.398815634,-0.244640748,-0.271208401,-0.060009186,-0.816986661,-0.11170494,-0.463969327,-1.056546682,-0.642627875,4.089476229,-0.838233834,-0.647174048,0.249988534,0.449725209,-0.554571134,0.170337376,-0.756660345,0.476799235,0.567773621,0.986763945,-0.238377524,-1.200347658,0.260557947,-0.999922797,0.77009884,-1.250135791,-0.888580225,1.551935651,-0.150081489,0.187683485,-0.636730721,0.968905025,-0.800600255,0.416316256,0.961072364,0.028205114,-0.823253299,-0.651791405,-0.537604123,-0.507775522,0.55631753,-0.484656608,0.47677089,-0.563464393,1.276179353,-0.084171694,-1.117273492,0.25290355,-0.484948675,0.769188827,2.373781947,-0.009805374,-0.541087546,-0.561190355,-0.284026684,-0.13354251,1.698437413,1.302973853,-0.544508027,-0.472968368,-1.327854665,-1.01099562,0.410586732,-0.18104329,-0.333074535,-0.19893615,0.548594627,-0.780542914,1.262157178,-1.187471714,-0.815959048,-1.099158789,-0.548107461,-0.48398807,-0.871424818,0.60214823,-1.335974028,-0.220332464,-0.19176636,0.000629011,-0.00401372,-0.247080866,0.110219212,1.121229579,-0.511695904,-0.277607529,-1.878785251,0.685788678,4.109799099,0.825305029,-0.371399521,-0.215077309,-0.662174556,-0.654438746,-1.131341229,0.515965503,1.253634086,0.398823926,1.184641292,-0.158952021,0.283055082,-0.676696196,-1.3639333,0.706507709,-0.163973158,-0.059291548,-1.305177238,-0.180700318,-0.627215005,0.260819971,0.743946793,0.819625899,0.15711806,0.006266553,-0.722492333,0.12382784,1.33090106,-0.132345369,-0.072247198,0.596243717,-0.819428407,-0.186237426,-1.520235636,-0.497696226,-0.518908448,0.442509966,-0.854959848,-1.116431993,-0.193567979,-0.599295412,-0.489155514,-0.482362194,-0.04286202,0.035980225,-0.479037579,-0.905142034,-1.183362207,-0.8388766,-0.983252627,-0.172695782,-0.453500449,-0.410348272,1.783571914,-1.08198658,0.333557171,-0.080966435,3.675278438,2.522243786,-0.307994972,-0.441392137,0.472263818,0.527404848,0.097179564,0.259770069,-0.028277569,-0.697943797,0.208936622,-0.557841741,-0.811243432,-0.628013121,-0.155826499,-0.088385837,-0.53388553,0.020639407,-0.737966064,-0.034807836,0.513954633,-0.078831365,-0.801663681,-0.025842259,-0.014360497,-0.078123987,-0.001992968,0.988764126,-1.040590558,2.190390497,0.623438618,0.050352105,-0.843039175,-0.564614999,-0.162765283,0.798493425,0.605503642,-0.009238589,0.035106213,-0.186547899,-0.391903879,0.016072619,-0.787952821,-0.883731745,0.065601051,-0.523338261,0.664749722,1.09872422,0.711354937,-1.331141816,-1.130028541,1.593444966,-0.909646733,2.844984711,1.232449271,0.011796032,-0.959201813,1.008179865,-0.064265485,-0.132386682,1.108649179,0.769917436,-0.031524094,1.253968728,0.077259428,0.546440407,0.203182381,-0.375023867,0.578600528,-0.452680632,-0.144734491,-0.145426519,2.12915014,-0.258030629,-1.13772722,-0.100541001,1.402345075,-0.777740589,-0.992105283,-0.880931512,1.48146434,-0.070303504,-0.332699526,-0.886734016,-0.889236569,-0.710123775,-0.853010676,-0.022816234
hsa.mir.161a,0.0,0.0,0.0,0.0,0.0,0.0,0.0,0.0,0.0,0.0,0.0,0.0,0.0,0.0,0.0,0.0,0.0,0.0,0.0,0.0,0.0,0.0,0.0,0.0,0.0,0.0,0.0,0.0,0.0,0.0,0.0,0.0,0.0,0.0,0.0,0.0,0.0,0.0,0.0,0.0,0.0,0.0,0.0,0.0,0.0,0.0,0.0,0.0,0.0,0.0,0.0,0.0,0.0,0.0,0.0,0.0,0.0,0.0,0.0,0.0,0.0,0.0,0.0,0.0,0.0,0.0,0.0,0.0,0.0,0.0,0.0,0.0,0.0,0.0,0.0,0.0,0.0,0.0,0.0,0.0,0.0,0.0,0.0,0.0,0.0,0.0,0.0,0.0,0.0,0.0,0.0,0.0,0.0,0.0,0.0,0.0,0.0,0.0,0.0,0.0,0.0,0.0,0.0,0.0,0.0,0.0,0.0,0.0,0.0,0.0,0.0,0.0,0.0,0.0,0.0,0.0,0.0,0.0,0.0,0.0,0.0,0.0,0.0,0.0,0.0,0.0,0.0,0.0,0.0,0.0,0.0,0.0,0.0,0.0,0.0,0.0,0.0,0.0,0.0,0.0,0.0,0.0,0.0,0.0,0.0,0.0,0.0,0.0,0.0,0.0,0.0,0.0,0.0,0.0,0.0,0.0,0.0,0.0,0.0,0.0,0.0,0.0,0.0,0.0,0.0,0.0,0.0,0.0,0.0,0.0,0.0,0.0,0.0,0.0,0.0,0.0,0.0,0.0,0.0,0.0,0.0,0.0,0.0,0.0,0.0,0.0,0.0,0.0,0.0,0.0,0.0,0.0,0.0,0.0,0.0,0.0,0.0,0.0,0.0,0.0,0.0,0.0,0.0,0.0,0.0,0.0,0.0,0.0,0.0,0.0,0.0,0.0,0.0,0.0,0.0,0.0,0.0,0.0,0.0,0.0,0.0,0.0,0.0,0.0,0.0,0.0,0.0,0.0,0.0,0.0,0.0,0.0,0.0,0.0,0.0,0.0,0.0,0.0,0.0,0.0,0.0,0.0,0.0,0.0
hsa.mir.27b,-0.172080647,0.852024238,0.592324604,0.397854354,-0.678136086,-0.98098651,-0.066044608,-0.309763559,-0.395656645,0.230472716,-0.275092633,-0.328075735,-0.855956572,-0.253394341,-0.252253915,0.125112879,-0.683081212,-0.540538741,0.592344259,-0.853707451,-0.769095907,0.809923274,-0.182945592,0.290106411,0.750073494,-0.930984165,-0.233885049,1.846406551,-0.714315376,-0.444713142,-0.800278579,1.259757518,-0.37504265,0.150465581,-0.172354671,-1.005758805,-0.291932326,0.116079746,-0.409688199,0.933501486,-1.036621048,-0.727890659,1.152122741,-0.914010846,-0.896876882,0.543890691,-0.575355951,-0.542105384,-0.86648772,-0.364941792,-0.731187534,-0.422012414,0.083299149,-0.087182258,-0.10913093,0.098725156,-0.50432463,-0.109685169,-0.352086623,1.317135593,-0.426397226,0.653039698,0.217021428,-0.796610524,-0.672501676,-0.388496613,-0.804158355,1.810891717,0.751968057,0.408826881,-0.15047046,-0.594173124,-0.143368442,0.814882025,0.34734465,-0.614678516,0.714250371,0.482027688,-0.764849665,-0.629906774,0.104484899,-0.480701271,0.301548794,-0.903336381,0.443087963,0.219745752,0.030637484,-0.179231426,-0.36359365,-0.717924004,-0.032679398,-0.215672796,-0.512054142,0.116249797,-0.595087405,0.634382126,-0.954745896,-0.340793132,-0.526840447,0.200709586,0.186414208,0.759842874,-0.385411856,-0.396403483,0.403680951,0.224121247,-0.665058455,0.790864614,0.184439746,0.288706837,-0.795242728,0.862322432,0.183575338,-0.242773258,-1.027099944,-0.251798295,-0.313703788,3.095289942,-0.838842081,-0.586783548,0.987783712,0.003014497,-0.401840338,-0.442962753,-0.558292314,-1.15652918,1.043297446,-0.258571962,-0.251111719,-0.874894998,0.378113277,-0.56036811,2.077218315,-0.227177541,-0.170921096,-0.74735723,0.537267882,-0.242270356,-0.529572615,-0.403292766,-0.776822518,-0.033160919,0.604559575,-0.26148956,1.020568463,-0.625423604,-1.037299864,-0.733205897,-1.07018469,0.071854281,-0.389135609,0.199750485,-0.242693045,-0.025814856,0.806669794,-0.29128994,-0.305416667,2.292965022,0.314364802,-1.025826387,0.219265174,-0.122348289,0.06903794,0.545504197,-0.056586924,-0.183050813,-0.581634774,-0.549112725,-0.662521626,0.267740602,1.085487577,-0.237738549,0.778124,1.007840607,-0.391463521,1.791764078,-0.28940176,-1.036784435,-0.56985648,0.152343857,0.937992481,0.657193063,1.125787486,0.950130937,-0.898707329,0.24796923,-0.404645835,0.861476205,-1.562819455,0.698934346,-1.765623699,-0.509973559,-0.485639014,0.556792186,-0.044580815,-0.549997653,-0.214519861,-0.843033226,0.02882932,-0.860222491,-0.878505484,-0.778149093,-0.89339663,-0.609393788,-0.986520717,0.436378721,-0.436777067,-1.561352598,1.109492613,-0.372891027,-0.352286473,-0.130183225,-0.284860768,-0.616709646,0.51499014,-0.777535065,-0.645284884,1.301245167,-1.230676808,0.287672576,-0.219517073,0.593917931,-0.364850053,-0.958844235,1.399675951,-0.73640645,1.268649302,0.582312831,-0.665787793,-0.72842091,-0.158765123,-0.713825766,1.938664152,0.023432489,-0.044757398,0.104026147,-0.623025001,-1.500255925,0.851786813,-0.357684312,1.238343999,1.149971702,-0.310034312,-0.861763684
hsa.mir.162b,0.0,0.0,0.0,0.0,0.0,0.0,0.0,0.0,0.0,0.0,0.0,0.0,0.0,0.0,0.0,0.0,0.0,0.0,0.0,0.0,0.0,0.0,0.0,0.0,0.0,0.0,0.0,0.0,0.0,0.0,0.0,0.0,0.0,0.0,0.0,0.0,0.0,0.0,0.0,0.0,0.0,0.0,0.0,0.0,0.0,0.0,0.0,0.0,0.0,0.0,0.0,0.0,0.0,0.0,0.0,0.0,0.0,0.0,0.0,0.0,0.0,0.0,0.0,0.0,0.0,0.0,0.0,0.0,0.0,0.0,0.0,0.0,0.0,0.0,0.0,0.0,0.0,0.0,0.0,0.0,0.0,0.0,0.0,0.0,0.0,0.0,0.0,0.0,0.0,0.0,0.0,0.0,0.0,0.0,0.0,0.0,0.0,0.0,0.0,0.0,0.0,0.0,0.0,0.0,0.0,0.0,0.0,0.0,0.0,0.0,0.0,0.0,0.0,0.0,0.0,0.0,0.0,0.0,0.0,0.0,0.0,0.0,0.0,0.0,0.0,0.0,0.0,0.0,0.0,0.0,0.0,0.0,0.0,0.0,0.0,0.0,0.0,0.0,0.0,0.0,0.0,0.0,0.0,0.0,0.0,0.0,0.0,0.0,0.0,0.0,0.0,0.0,0.0,0.0,0.0,0.0,0.0,0.0,0.0,0.0,0.0,0.0,0.0,0.0,0.0,0.0,0.0,0.0,0.0,0.0,0.0,0.0,0.0,0.0,0.0,0.0,0.0,0.0,0.0,0.0,0.0,0.0,0.0,0.0,0.0,0.0,0.0,0.0,0.0,0.0,0.0,0.0,0.0,0.0,0.0,0.0,0.0,0.0,0.0,0.0,0.0,0.0,0.0,0.0,0.0,0.0,0.0,0.0,0.0,0.0,0.0,0.0,0.0,0.0,0.0,0.0,0.0,0.0,0.0,0.0,0.0,0.0,0.0,0.0,0.0,0.0,0.0,0.0,0.0,0.0,0.0,0.0,0.0,0.0,0.0,0.0,0.0,0.0,0.0,0.0,0.0,0.0,0.0,0.0
hsa.mir.302,0.0,0.0,0.0,0.0,0.0,0.0,0.0,0.0,0.0,0.0,0.0,0.0,0.0,0.0,0.0,0.0,0.0,0.0,0.0,0.0,0.0,0.0,0.0,0.0,0.0,0.0,0.0,0.0,0.0,0.0,0.0,0.0,0.0,0.0,0.0,0.0,0.0,0.0,0.0,0.0,0.0,0.0,0.0,0.0,0.0,0.0,0.0,0.0,0.0,0.0,0.0,0.0,0.0,0.0,0.0,0.0,0.0,0.0,0.0,0.0,0.0,0.0,0.0,0.0,0.0,0.0,0.0,0.0,0.0,0.0,0.0,0.0,0.0,0.0,0.0,0.0,0.0,0.0,0.0,0.0,0.0,0.0,0.0,0.0,0.0,0.0,0.0,0.0,0.0,0.0,0.0,0.0,0.0,0.0,0.0,0.0,0.0,0.0,0.0,0.0,0.0,0.0,0.0,0.0,0.0,0.0,0.0,0.0,0.0,0.0,0.0,0.0,0.0,0.0,0.0,0.0,0.0,0.0,0.0,0.0,0.0,0.0,0.0,0.0,0.0,0.0,0.0,0.0,0.0,0.0,0.0,0.0,0.0,0.0,0.0,0.0,0.0,0.0,0.0,0.0,0.0,0.0,0.0,0.0,0.0,0.0,0.0,0.0,0.0,0.0,0.0,0.0,0.0,0.0,0.0,0.0,0.0,0.0,0.0,0.0,0.0,0.0,0.0,0.0,0.0,0.0,0.0,0.0,0.0,0.0,0.0,0.0,0.0,0.0,0.0,0.0,0.0,0.0,0.0,0.0,0.0,0.0,0.0,0.0,0.0,0.0,0.0,0.0,0.0,0.0,0.0,0.0,0.0,0.0,0.0,0.0,0.0,0.0,0.0,0.0,0.0,0.0,0.0,0.0,0.0,0.0,0.0,0.0,0.0,0.0,0.0,0.0,0.0,0.0,0.0,0.0,0.0,0.0,0.0,0.0,0.0,0.0,0.0,0.0,0.0,0.0,0.0,0.0,0.0,0.0,0.0,0.0,0.0,0.0,0.0,0.0,0.0,0.0,0.0,0.0,0.0,0.0,0.0,0.0
hsa.mir.6511b.2,1.509887203,2.174274795,0.916792157,-1.093201386,0.079044217,1.489522253,-0.02163892,-0.243668446,-0.344486019,-0.049737257,-0.422902638,1.017754966,-1.174965975,0.455661759,-0.956939242,-0.449146909,-0.185963775,-0.845133003,-0.613700801,-0.361160708,-0.631240406,-0.991261222,-0.216697978,5.837715789,-0.416563599,0.061716451,-0.475079151,-0.102064107,-0.342172445,-0.544366647,0.141447126,-0.336414104,1.385357849,-0.51697316,-0.150512484,0.155944991,-0.157953121,-0.401587275,-0.022786655,0.291966041,0.236439375,0.081382651,0.746063558,-0.097874582,0.452191465,-1.429881096,-0.024204483,-0.226722761,-0.230101843,-0.086816537,0.138356721,0.272123155,0.696666599,-0.591997842,0.006971816,-0.250632663,-0.568223422,-0.354816388,-0.397623126,0.058486632,-1.059402905,-0.461010389,0.26735217,-1.199786469,-0.950014058,-0.22605047,0.202437759,-1.367048817,-0.21391479,-1.302657982,-1.097913664,1.106487621,-0.488917839,0.127013437,-0.312004345,0.547427635,0.979991724,0.185162685,0.734416593,0.654677877,-0.225479012,-0.779290289,0.760610986,-0.052261776,1.319233307,-1.088091863,-1.369860389,0.959139526,-0.559066898,-0.115870138,0.36870051,1.166629108,-0.56459495,-0.390407293,-1.127647745,-0.674248021,0.299362748,1.866400288,1.127403485,-0.006999904,-0.923912139,-1.620912175,1.066419208,0.941074546,-0.765602922,1.746999095,2.38978799,-0.031209116,0.372980838,-0.313238919,-1.085169265,-0.771165628,-0.733879908,-0.483390148,0.621488957,0.341236779,-0.032020723,-1.025657813,0.40441995,0.899102385,-0.489446442,0.60313955,1.565790315,-0.783215146,-0.250666368,-0.381440425,-0.481788101,-0.46954601,0.000317694,0.690826969,-0.449392087,-0.084778084,-1.259988505,-1.502396573,-1.118679571,-0.838146776,-0.21719787,-1.269928459,0.836967915,0.944112494,-0.277165885,0.800541009,-0.067889901,-0.931465131,0.080691616,0.245022673,-1.046579538,1.143195011,1.370593595,-0.42709773,-0.592369478,-0.717653681,-0.455557686,-0.665446106,0.322585823,-1.134186638,5.47156727,-0.049862566,0.542625553,-0.021236383,0.172390368,3.795340256,0.272331931,-1.051649652,1.06771479,0.189713853,0.816113737,-0.61209532,0.504141841,-0.958982749,-0.815479948,-0.210126145,-0.462466353,4.539424226,-0.241019227,-0.538518922,-1.321592498,-1.021108496,-1.092069267,-0.219677906,1.320509659,-0.513118865,-0.257961909,-0.970616299,1.227586091,0.283728542,-0.76244713,-1.366707393,0.356484188,-0.495746002,-0.878082271,-0.55929968,0.122486087,-1.022070303,0.110283601,-0.210191637,0.98579799,-0.545261232,0.573257888,-1.054362423,-1.162123786,-0.614156176,1.771891775,-0.848866451,-0.330458607,-0.475625643,0.455195489,-1.446838861,-0.411034033,-0.008439946,1.388723323,0.052695997,0.366232784,-0.242560991,-0.745028467,-0.378147242,3.060197274,-0.848117255,-0.056476859,0.130620287,1.05663533,-0.289720722,-0.594747846,-0.463561666,0.195302748,-1.254401304,0.278631738,-0.304345345,1.401125964,0.600419988,-0.748627429,0.109068539,1.090769273,-0.850251013,-1.006775165,-0.620014651,-0.61435886,-0.843738408,-0.138634481,-0.483857045,-0.036134919,0.240567626,0.002595709,-0.16749763
hsa.mir.181b.2,-0.85272803,-0.978370546,-0.098200794,-0.392045601,-0.949779197,-0.131175315,-0.174714364,-0.525309163,0.225591125,0.1973833,-0.212725757,0.538680297,0.604534332,1.490726802,0.384166266,-0.59472165,-0.185898235,2.211392507,-0.044449891,-0.716031417,2.013884495,0.08823572,-0.79082916,-0.951271079,2.84774259,-1.27316494,-0.167319936,-0.51817956,-1.507483634,-1.785799661,-0.580098939,0.583039285,-0.412836184,1.048678474,-0.133075768,0.042880534,1.469996198,1.921584532,0.942354498,-1.166417301,-1.758827546,-0.671468019,-0.070888409,0.172494426,-1.091912219,0.835097716,0.5422813,2.586685722,-1.098643241,-0.439156464,-0.734813167,-1.231229838,0.766564568,1.023212552,-0.919632436,3.703671521,3.822995821,1.53288881,-0.17798793,-0.341335197,0.210588587,2.347921397,-0.027575742,1.451405586,0.635208974,0.096721555,-0.663473764,3.070206907,-0.316040484,1.856168059,3.179040683,1.30785764,0.005296628,-0.468789083,0.775002295,0.450395663,0.205634178,0.116210024,-0.433426117,-0.380778839,-0.327186143,-0.237371062,-0.438346177,-0.257816149,0.514262963,0.231055182,-0.174892208,0.341058402,0.554303167,-0.167803696,-0.801916064,-0.156368978,-0.643081706,-0.362208336,0.027684711,0.49171006,0.060237294,-0.379518319,-0.611636243,-0.485409366,0.578060204,2.353673121,1.345408874,-0.579810053,2.702323986,-0.754483888,-0.617617047,-0.540533786,-0.373512721,-0.162672897,0.342522202,4.054869509,2.048474564,1.274040456,-0.763965925,-0.456994139,0.003739338,-0.202450984,0.854779935,-1.338619009,-0.931689957,0.245188029,0.074187262,-0.766232808,-0.251384529,-0.356557927,-0.451114706,0.506372911,-0.445861536,-0.387098428,0.819376482,0.105099377,2.143764597,0.714556181,1.140960669,1.977812675,1.030454856,2.422704621,0.009903937,0.282287575,-0.448853888,-0.688507169,-0.208560852,1.314248362,-0.765789782,0.228353275,0.583139459,0.524800667,-0.342361654,-0.131458249,-0.683867382,-0.594191563,-0.956753351,2.277829059,-0.611833926,-0.175892532,0.513680574,-0.523703965,-0.514641911,-0.673703512,-1.092516686,-0.688749825,-0.246742201,-0.347471259,-0.30429091,-0.258629569,-0.922133749,-0.118965039,-0.115534475,-0.275769392,-0.085398145,-0.288265264,0.667017398,-1.065550347,-0.544264352,-0.638182806,-0.478878961,0.110931452,0.040524067,-0.311531155,-0.335351339,-0.363270503,-0.313438462,-0.498107062,-1.408861285,-0.520142841,-0.425240598,-0.32663504,-0.26093827,-0.181764329,-0.294176351,0.081649714,-0.860791383,1.382220742,-0.451003349,-0.422823249,-0.289158161,1.542741365,-0.161487656,0.494739982,0.259582191,0.529705815,0.29076583,-0.025022451,-0.461809195,0.108030735,-0.221281721,-0.010028768,0.461755476,0.014784239,-0.783115087,-0.321486733,0.414212944,-0.798037838,-0.172359143,0.610576807,-0.479544574,-0.636010373,-0.360571024,0.519798753,-0.80549032,-0.10526689,0.193573038,1.255639334,0.151490111,0.754618753,-0.460526001,-0.069322472,-0.438706554,0.132421821,-0.814803439,0.844962081,-0.605324686,1.691095298,2.646199384,0.848605226,-0.314973114,0.685231789,0.094941465,0.360809896,0.654016638,-0.677399179,-0.364957628,-0.224768687
hsa.mir.212,1.319202,-0.607077594,0.204346374,0.092176883,0.199620105,-2.198943048,0.222929355,-1.83529487,-0.210669058,-0.620643866,0.281085995,-1.840769159,1.541694581,0.340469638,-0.17388477,-0.413938345,0.146027006,-1.081647234,-1.436929792,0.961519782,1.62947976,0.543826515,1.67901575,1.117724861,-0.831461142,-1.571754997,-0.738510737,-1.898763275,1.696308994,1.130944948,1.000308693,0.016224917,1.45824577,0.156529451,-0.025004544,-0.314191896,0.179505895,-0.169573009,-1.191695289,1.373699032,-0.313629546,-2.218297948,0.80828593,-1.516490708,-1.597928647,1.778107313,0.772288684,0.384563216,-0.734603668,0.075488009,0.004225552,-0.52422301,0.389885847,0.359605389,-0.128945265,-0.118190962,-0.120522189,-0.470179381,-1.07448153,0.885208834,-1.535066135,0.06338331,-1.280325861,-0.102543532,-0.285280144,-0.116293903,-1.80855617,1.197765012,1.058107136,0.471607159,-0.593075946,-5.8686748,-0.396183437,-0.238968871,0.629619178,-0.232919497,0.062923453,-0.118272162,-0.509252214,1.002153618,0.786721422,-0.174714979,-0.055053181,-0.328664912,0.3277185,-0.147375583,-3.864877133,-1.181879968,-0.155496113,-1.649341204,-1.222898508,0.52967412,1.355780187,1.178944699,-0.266813443,0.682577788,-0.071488909,-0.390474909,0.659977899,-0.910955965,0.189635005,0.01836493,-0.925735594,1.176255809,0.094783616,0.251923154,0.562107938,-0.082873665,-0.072119472,0.369994523,0.063841864,-1.005469304,-0.677044317,-0.086317217,0.396980448,-0.001739121,-0.029615208,-0.145194664,-0.344980042,0.07914969,-0.517071297,-0.350759421,0.533619707,0.718685614,0.559066488,-1.041556103,0.456382056,1.169884308,-0.051318467,-2.785961218,0.366442935,-0.458984519,-3.208996164,0.629488876,1.259795681,1.454719385,-0.459249991,-1.118725243,-0.407814743,-0.848251409,-0.308489005,-2.264211892,-0.089330841,0.294969966,1.836049342,0.256644037,0.121272767,-0.159490049,-0.69381775,-2.393956006,0.314193967,0.981232817,0.257980913,0.713497744,-0.876489965,-0.092921497,-5.293285185,0.234308693,-0.038548486,-0.267159894,0.368209582,-0.896635424,-0.344015967,-0.368499521,0.26926057,-0.333773136,-2.309398355,-0.582843967,0.213258861,0.367271793,0.725157033,1.205597678,0.141801437,-0.001107443,1.414552551,0.473777148,-1.367143715,0.199401506,0.243609699,0.154835587,-0.147703049,1.014506988,-1.302190812,0.38622726,-0.684168848,-0.334895904,-0.077868764,-0.003153569,0.306005302,0.197304958,-0.508718883,0.197574325,-1.025184239,-0.356442433,-0.338904193,1.056164633,-0.399949039,-0.057231037,-0.600546473,0.390420733,0.493335478,0.186822597,-0.173885477,0.513833968,0.145056131,-0.557804988,-0.220021381,0.294603116,1.090539384,-0.307456293,-2.04095116,-0.281559578,0.274451973,1.136541876,0.397261388,-1.082859571,-0.572612803,-1.041519767,-1.029919443,-0.653691696,0.995756333,-0.834618698,-1.051941515,-1.963115011,0.453540754,-0.199285668,0.376897094,1.448861978,0.8285352,0.334477501,-0.655896405,0.13641879,-0.972193484,-0.009856463,0.509702522,0.20392959,0.64471536,1.320979152,-0.913736072,0.202721257,0.60979134,0.403592455,0.519976209,0.321969003
hsa.mir.212.1,0.0,0.0,0.0,0.0,0.0,0.0,0.0,0.0,0.0,0.0,0.0,0.0,0.0,0.0,0.0,0.0,0.0,0.0,0.0,0.0,0.0,0.0,0.0,0.0,0.0,0.0,0.0,0.0,0.0,0.0,0.0,0.0,0.0,0.0,0.0,0.0,0.0,0.0,0.0,0.0,0.0,0.0,0.0,0.0,0.0,0.0,0.0,0.0,0.0,0.0,0.0,0.0,0.0,0.0,0.0,0.0,0.0,0.0,0.0,0.0,0.0,0.0,0.0,0.0,0.0,0.0,0.0,0.0,0.0,0.0,0.0,0.0,0.0,0.0,0.0,0.0,0.0,0.0,0.0,0.0,0.0,0.0,0.0,0.0,0.0,0.0,0.0,0.0,0.0,0.0,0.0,0.0,0.0,0.0,0.0,0.0,0.0,0.0,0.0,0.0,0.0,0.0,0.0,0.0,0.0,0.0,0.0,0.0,0.0,0.0,0.0,0.0,0.0,0.0,0.0,0.0,0.0,0.0,0.0,0.0,0.0,0.0,0.0,0.0,0.0,0.0,0.0,0.0,0.0,0.0,0.0,0.0,0.0,0.0,0.0,0.0,0.0,0.0,0.0,0.0,0.0,0.0,0.0,0.0,0.0,0.0,0.0,0.0,0.0,0.0,0.0,0.0,0.0,0.0,0.0,0.0,0.0,0.0,0.0,0.0,0.0,0.0,0.0,0.0,0.0,0.0,0.0,0.0,0.0,0.0,0.0,0.0,0.0,0.0,0.0,0.0,0.0,0.0,0.0,0.0,0.0,0.0,0.0,0.0,0.0,0.0,0.0,0.0,0.0,0.0,0.0,0.0,0.0,0.0,0.0,0.0,0.0,0.0,0.0,0.0,0.0,0.0,0.0,0.0,0.0,0.0,0.0,0.0,0.0,0.0,0.0,0.0,0.0,0.0,0.0,0.0,0.0,0.0,0.0,0.0,0.0,0.0,0.0,0.0,0.0,0.0,0.0,0.0,0.0,0.0,0.0,0.0,0.0,0.0,0.0,0.0,0.0,0.0,0.0,0.0,0.0,0.0,0.0,0.0
hsa.mir.138,1.164911848,0.556675033,-0.447469029,2.340828543,-1.461685876,0.823538545,-1.046672184,1.901124781,-1.170083217,1.75853208,1.575308679,-1.148952506,-1.475261087,-0.326344103,-1.480017854,-1.031158956,-1.061948204,-0.746361672,1.202626616,-0.03480227,-0.197469547,-1.233700493,0.290548144,0.652516909,-0.660092023,-0.480041672,-0.112028544,-0.215143755,-0.465858934,-0.671705123,0.209099928,0.324738284,-0.57041492,1.519477626,-0.261906825,-0.302504856,0.677623644,-0.661569035,-0.60748285,1.157621787,0.356485175,1.238782848,1.170640126,0.185391488,0.539743831,-1.007386939,-0.152695849,0.235477094,0.216808396,1.007494129,-0.371796029,-0.335680624,-0.34633598,0.133648762,0.213431721,-0.632916592,-0.150873702,-0.497856767,-0.611921055,-0.092742858,1.064728442,-0.667593567,1.189233341,-1.425951333,-0.603499265,-1.212862709,-1.134783434,-1.640007211,0.979857737,-0.261655592,1.085471622,0.504374396,-0.495269335,0.44705179,0.101002169,-1.026345149,-0.877135085,1.033814907,0.22555071,1.089028755,0.401363228,-0.26609481,0.363847719,-1.341833314,0.449563519,-0.197642839,-1.57169269,0.609867672,0.14599259,3.036412899,0.16959754,-0.17884966,0.204382062,-0.694270466,-1.032514744,-0.834829799,0.13383873,0.759674953,-0.454522116,-0.478746837,1.288046291,-1.166726269,-0.382269836,0.514886697,-0.402640334,-0.324678949,-0.579638831,0.946579066,0.726977499,-0.342711849,-0.800952455,-0.471735569,-0.435725257,-0.302959261,-0.523341149,0.996394593,0.367834307,0.265101064,-0.974351786,-0.628001667,0.708192423,-0.858964927,-0.51518452,0.044633547,-1.318154258,-1.316733681,1.47988183,0.337321796,-0.073877021,2.269765181,0.554369457,-0.371908958,-1.692058323,-1.130505502,-0.980901163,-0.679949228,0.344727635,-1.154181065,0.57662452,-0.796734806,-0.212239433,0.549047171,-0.040435084,-1.602388241,1.913244026,-0.554876003,-0.408568341,1.197159179,0.064377251,-0.470958089,0.809716997,-0.539685173,-0.43210434,-1.448758346,-1.014711804,-0.229064585,-0.312221668,1.760353152,0.568452588,-0.493330237,0.384770723,-0.34496399,0.257316467,0.275140811,-1.054447928,0.050759798,-0.313294706,0.118545755,-0.808668231,-0.059943468,-1.095938834,0.08607397,-0.591939325,-0.398555404,0.440833452,2.017460952,-1.061893637,-1.081730116,-0.39209832,1.175716022,-0.312412,0.168015446,-0.789484677,-0.567195188,0.207852089,-0.729908155,0.643739313,-1.165730201,-0.353138084,0.843374787,-1.012890528,-0.757774495,1.249342583,-0.969203875,-0.203764758,-0.613030898,0.398398327,-0.492195362,1.043446491,-0.257910476,-1.061399138,-0.915828371,-0.587536646,-0.235378591,-1.374197377,1.396333145,-0.455062791,-1.16565363,0.825893179,1.10429395,-1.156348897,-0.73045345,0.254954138,-0.339988485,-0.409667958,-1.167787408,0.930592138,-0.201066329,-0.639645959,-0.473398865,-0.532758147,1.504441002,-0.43463287,-1.065248359,0.748421231,0.800421544,-1.0590034,0.444818437,-1.215963065,-1.373806712,1.024622979,0.291445483,-0.149541059,-0.471804353,-1.594483075,-0.213776265,-0.549198516,-0.720392159,1.459844359,0.09738961,0.628331182,1.714554798,0.545629795,1.030993791
hsa.mir.218.1,1.905552017,0.747071011,0.9102251,1.53260188,1.203929355,0.837130164,-0.42636768,0.068400664,-0.433879121,-1.157156072,-0.359648973,-0.130396111,0.887184306,-0.527759722,-0.062629852,-0.50750668,-0.781655746,1.001457154,-0.398953638,0.039314085,0.125407298,0.271028658,0.87059905,-0.490038533,0.605133095,1.568736801,-0.653101934,-0.205181072,-0.024178123,-0.064327421,-0.782841084,-0.30384357,1.238888566,-0.28410923,-0.425144653,0.98120247,-0.629056137,-0.379942246,0.288556527,0.575230843,-0.554778262,0.268005805,-0.902677883,-0.908973021,1.017802053,-0.244984316,-0.581033876,0.332842425,-0.077648031,-0.526173564,2.252504132,-0.249557437,0.498349623,0.571005118,-0.584683434,1.028096038,-0.084772146,0.888637494,0.210832377,-0.428395899,-0.388367071,-0.02268895,0.322696798,-0.225593285,0.199567954,-0.099631186,0.29178604,2.662716068,-0.706510479,0.144958415,-0.175559282,0.100857161,-0.686026139,-1.02010242,-0.959204341,-0.546087623,0.315583069,-0.923534319,0.330317299,5.126248636,0.236151375,-0.176070298,3.789245913,-0.206981861,0.278221728,0.089202018,0.414129042,-0.75660351,-0.499687932,-0.639107619,0.002619174,-0.183311932,-0.882050598,0.084714282,-0.065438011,-0.40390067,2.935025204,0.275208013,0.809945289,0.996764936,-0.364858932,0.061572351,-0.459027128,0.319993784,-0.256853648,0.070570219,-0.001668752,0.24048706,0.511863178,0.116825892,-0.414542414,-0.167506569,-1.156745561,-1.234873672,0.055676819,-1.123962739,-0.246267807,2.196939006,-0.882067565,-0.150824375,0.014780661,-0.185731108,-0.220383532,0.264264486,0.357439137,0.144398157,-0.684344306,-0.068440599,-0.683087677,-0.303889151,-0.903660822,-0.230708893,1.035928107,-0.115159387,-0.468053957,0.168219775,-0.221653876,-0.426790581,-0.164450966,-0.210889073,-0.197992769,-0.698568246,-0.734096948,-1.394830839,-0.996575909,-0.126855645,-0.094954167,-0.732565588,0.860362562,0.269794141,0.596519712,-0.044313346,0.421837847,-0.751863422,-0.145164796,1.302581278,-0.304540303,-0.162488609,0.187134512,0.164462594,-0.273841256,0.055260073,0.195238441,0.309583385,0.011342736,0.252244491,0.206759888,-0.255949056,2.346577079,-0.051189781,0.494372588,0.036542589,0.017351605,-0.498856113,-0.214411358,0.190606197,-0.151177452,-0.062128147,-0.136024456,-0.49902046,-0.568272089,-0.073990124,0.90203667,-0.462954763,5.461506813,-0.109125566,0.018892719,0.18070298,-0.690925128,-0.584173759,-0.278566286,0.160520455,0.145944905,0.462349551,0.488552276,-0.083169226,-0.218204176,0.247635575,-0.599789081,-0.367419442,0.024957569,-0.225637745,-0.079236225,1.938957898,1.532265927,-0.092046308,0.17300699,1.784145758,-0.975564013,2.660058429,2.143551153,0.742585737,-1.118377591,0.276690746,-0.698485133,-0.867861191,-0.358279277,0.429437719,-0.065037616,-0.634396635,1.109760828,-0.659902659,-0.511641607,0.279334133,-0.398125229,-0.248430891,0.72720531,-0.3236257,2.002056024,0.072951579,0.446284702,-0.533202051,-0.236997354,-0.96377391,-0.889967942,-0.007123896,-0.219677313,-0.117312086,0.634350924,-0.061005972,-0.767566544,-0.403053748,-0.098641493,-0.388351951
hsa.mir.374a,-0.670919384,-0.323597317,-0.467028885,-0.004454906,-0.239447242,-0.371037383,0.407508441,0.506428048,-0.210201457,-0.352800199,0.884293572,-0.315428807,-0.883739262,-0.33352595,-0.104484485,0.790669649,0.327914595,-0.255221526,-0.507919459,0.361043455,-0.849726513,0.258044517,1.162247947,0.399466081,-0.333701972,0.043087663,-0.336873179,0.147811318,-0.166504903,0.695437869,0.182636548,-0.624453585,0.509182827,-0.611696175,-0.132447192,-0.208046598,-0.370799635,-0.336784491,-0.590781875,0.651241052,0.924628797,0.124903644,-0.271993419,-0.380861163,0.37698082,-0.344597378,-0.602716178,-0.436555539,-0.476934502,-0.267571094,-0.142307043,-0.102692607,-0.660191978,0.894809569,1.308719276,-0.708358937,-0.560002888,-0.538437051,0.358052634,-0.50585399,-1.091868459,-0.447322386,-0.037229213,-0.599662416,-1.022564582,0.117012903,0.540383874,-1.414801668,0.052595371,-0.968230676,-1.597406096,-1.404279041,-1.118816524,0.572303366,-0.81028176,-0.498390169,2.085529155,0.152270245,-0.578419076,-1.703110884,-0.219197726,0.104978575,-0.327292716,0.847235819,0.001384774,-0.596279828,-2.382419303,-0.328438436,-0.28982006,0.626133677,0.149660927,-0.786028029,0.699871012,0.000547693,0.09306446,-1.046949845,-1.308895916,0.314002784,0.370024222,1.391430122,-0.982736767,-0.89510026,-0.449795855,-0.43857616,-0.987205207,0.270037147,1.237156475,0.766624005,1.518479412,1.518412666,1.599156161,-1.421061757,-1.290869167,-0.753757975,0.009237718,1.455148458,-0.38989836,-2.146470266,-1.272720971,3.720126976,0.797866376,-0.165695705,0.116640167,0.943132353,-0.866556677,1.975660761,-0.704862824,-0.777918402,-0.438776976,0.792248689,0.499170263,-0.845452068,-1.337235503,-0.318467526,-1.280883367,-1.208682514,-0.899778952,-0.58084905,-0.263810273,-0.535156043,-0.138189073,0.981047694,0.333864774,0.695145775,1.715383235,-0.393425573,-1.354639345,-1.118706985,0.782310667,1.504559671,1.451610552,-0.087869072,0.603551168,-0.823976363,0.619373578,3.60507979,-0.494687814,0.164036858,-0.281844236,-0.265309058,1.292220638,1.380103006,0.157577792,0.481410693,1.385296713,-0.456441496,1.215033496,-1.02784243,-0.096782146,0.769302564,1.18682275,0.912546547,-1.111011735,1.019447452,0.068867283,1.207232169,1.140408998,-1.112095948,0.397691306,-0.107384048,-1.121077833,-0.686824865,-1.041532936,0.301215263,-0.438314281,-1.953624588,1.814292015,5.052105384,0.588448039,0.116419684,-0.067207134,-0.581309087,-0.254751479,1.496032087,0.453047611,-0.50677657,0.750012004,-0.418472865,-0.025942691,-0.813826081,0.057845039,-1.154398934,0.848977214,0.042548026,4.492798693,-0.014137153,-0.201779172,-0.881111478,0.18244729,0.476183625,0.465518425,0.356728226,-0.869891042,3.064866657,0.38145328,-0.717261824,1.174670796,1.84438119,0.743806644,-0.971135009,-1.530796974,-0.166460576,-0.873244002,-1.558578993,2.14030022,-0.956769165,-0.225028912,1.157600182,0.161442693,-0.422495723,-0.767011609,0.790638362,0.133778654,-1.495811291,-1.102939016,-0.597547902,-1.174435449,-1.305646495,-0.710333902,0.676619599,-0.701625999,0.201395673,0.657978211,0.012070162
hsa.mir.342,-1.467498733,-1.514013859,-0.285977785,-0.544698128,-1.206543364,-0.67703145,0.01599377,-0.539628984,0.552881841,-0.018232485,-0.353028582,1.569205173,0.96094451,1.805160486,0.001294307,0.142681177,1.073968899,1.347081898,-0.240246632,0.101372428,0.05350183,-0.088116242,-0.685014748,-0.836669466,2.62229377,-1.283336356,0.04281714,0.677514332,-1.425076512,-0.965442894,-0.316234142,0.508607592,0.110142318,0.158810506,-1.060546371,-0.592086254,1.313423389,2.9933192,-0.006377597,-0.862892722,-0.950367585,-0.906010628,0.009287769,0.159317129,-1.039466589,0.749800162,-0.291995558,-0.007685744,-1.049593124,-1.11411961,-1.622673353,-1.20251068,1.213026249,1.058626007,-0.788494363,1.732334485,1.063003013,0.381206583,0.474794162,0.037227406,0.240403587,3.425770223,-0.088083771,1.767668608,0.871359996,0.514738501,-0.447143622,2.780094489,-0.062171923,3.578805004,1.811651628,0.333979736,-0.041499115,-0.520832356,0.807252659,-0.209613168,-0.297530451,0.485640394,0.080846157,1.277321051,-0.715821797,-0.117279118,-0.792077924,-0.387045903,-0.159211671,-0.256693449,0.260820389,0.890967485,0.512583389,-0.462326268,-0.630328046,-0.107469633,-0.423569337,-0.243371784,0.299287036,0.081356052,-1.686879673,-0.282061663,-0.409444435,-0.179156336,0.897238378,4.672590059,0.56626767,-0.742405641,1.714845848,-0.697158878,-0.132252629,-0.302707744,-1.973191543,-0.050591147,0.734182977,5.520902261,1.83973473,1.650300429,-0.859089857,-0.350554108,0.036574873,-0.854806094,0.405893698,-0.755158031,-0.026085403,1.228586338,0.075763523,-0.563417617,-0.509662541,0.013538944,-0.350140051,-0.288888258,-0.638436153,-0.186450345,0.485110271,-0.275809562,2.017673602,1.263153366,0.444453154,2.064737638,-0.16916724,1.14094822,-0.597345701,-0.110572338,-0.66689182,-0.606943072,-0.245619638,1.310495793,-0.680273862,-0.580412853,-0.135201397,-0.356954499,-1.580740216,0.418738957,-0.714284444,-0.972929912,-0.702333903,0.74466662,-0.673002213,-0.211155185,0.678947687,-0.288238817,-0.340453141,0.21211084,-0.629446955,-0.712944599,-0.060825974,0.235946345,-0.539444951,-0.785918681,-0.684163772,0.139636265,-1.004186899,-0.360791042,-0.181505899,-0.52917964,-0.431725704,-0.761266434,-0.505711329,-0.542318946,-0.039327388,-0.830162235,-0.370805756,-0.518224221,-0.972943086,-0.68983898,-0.373816113,-0.182671389,-0.839322239,-0.555574528,-0.040310461,0.758965584,-0.058856842,-0.293143746,-0.272058643,-0.781276846,-1.068354798,0.723535336,-0.127325189,-0.082311945,-0.239300397,0.207141858,0.193509043,0.545438997,0.00334065,1.480158985,1.307403113,0.505422423,-0.334728208,-0.581758744,0.542133166,-0.529200953,0.739881159,-0.625296754,-0.858958841,-0.909014641,0.023196093,-0.986069886,0.824026658,1.039558338,-0.383058285,-0.685002606,0.152640679,0.559168945,-1.907361861,0.024627292,-0.57301105,1.396049892,-0.088811879,1.333338747,-0.998055479,0.48415613,-0.90316893,0.710303117,-0.256157946,0.985979861,-0.950969448,1.980199853,2.686506565,0.163096582,-0.213660846,0.575958041,-0.403965007,0.329741749,1.076692588,-0.880675411,-0.180032516,0.018337617
hsa.mir.342.1,0.0,0.0,0.0,0.0,0.0,0.0,0.0,0.0,0.0,0.0,0.0,0.0,0.0,0.0,0.0,0.0,0.0,0.0,0.0,0.0,0.0,0.0,0.0,0.0,0.0,0.0,0.0,0.0,0.0,0.0,0.0,0.0,0.0,0.0,0.0,0.0,0.0,0.0,0.0,0.0,0.0,0.0,0.0,0.0,0.0,0.0,0.0,0.0,0.0,0.0,0.0,0.0,0.0,0.0,0.0,0.0,0.0,0.0,0.0,0.0,0.0,0.0,0.0,0.0,0.0,0.0,0.0,0.0,0.0,0.0,0.0,0.0,0.0,0.0,0.0,0.0,0.0,0.0,0.0,0.0,0.0,0.0,0.0,0.0,0.0,0.0,0.0,0.0,0.0,0.0,0.0,0.0,0.0,0.0,0.0,0.0,0.0,0.0,0.0,0.0,0.0,0.0,0.0,0.0,0.0,0.0,0.0,0.0,0.0,0.0,0.0,0.0,0.0,0.0,0.0,0.0,0.0,0.0,0.0,0.0,0.0,0.0,0.0,0.0,0.0,0.0,0.0,0.0,0.0,0.0,0.0,0.0,0.0,0.0,0.0,0.0,0.0,0.0,0.0,0.0,0.0,0.0,0.0,0.0,0.0,0.0,0.0,0.0,0.0,0.0,0.0,0.0,0.0,0.0,0.0,0.0,0.0,0.0,0.0,0.0,0.0,0.0,0.0,0.0,0.0,0.0,0.0,0.0,0.0,0.0,0.0,0.0,0.0,0.0,0.0,0.0,0.0,0.0,0.0,0.0,0.0,0.0,0.0,0.0,0.0,0.0,0.0,0.0,0.0,0.0,0.0,0.0,0.0,0.0,0.0,0.0,0.0,0.0,0.0,0.0,0.0,0.0,0.0,0.0,0.0,0.0,0.0,0.0,0.0,0.0,0.0,0.0,0.0,0.0,0.0,0.0,0.0,0.0,0.0,0.0,0.0,0.0,0.0,0.0,0.0,0.0,0.0,0.0,0.0,0.0,0.0,0.0,0.0,0.0,0.0,0.0,0.0,0.0,0.0,0.0,0.0,0.0,0.0,0.0
hsa.mir.128.1,-0.732287979,-1.041769668,-0.676576663,0.018711674,-0.704876441,0.966598093,1.02680706,-0.071539991,-0.810525328,2.065837591,0.340910702,0.057494253,0.149466776,0.061032275,-0.755925102,0.382325852,-0.866971298,-1.62509701,0.519994605,0.336710808,-0.629355475,-0.859861663,0.128036546,0.034514515,-1.212817156,4.257346493,-0.283779497,1.094031202,-0.785723055,1.474884141,-0.546294902,-0.637611151,0.683313371,-0.497376523,0.381397864,-0.626931113,-0.305922416,0.405626007,-0.17812478,0.740554734,0.906789731,4.727588063,-0.989506942,0.251084539,0.790893647,-0.467698874,-1.048047911,-1.211861258,-0.259088085,0.069156282,1.304615928,0.653006025,-0.6010583,-0.899079866,0.184232201,-1.186434351,-2.201239241,-0.06442943,-0.132842889,0.944142923,-0.040633798,-1.288333082,0.421491874,-0.694700802,-0.88782309,-0.291367471,0.001939494,-2.053584933,-0.127782548,0.059419314,-1.200640362,-1.875281755,1.573174936,0.551006727,-0.53253369,0.53735891,-0.697480972,0.211887634,0.473298906,-1.151785156,-0.491819517,-0.492506276,-0.617921409,0.4557995,-0.403772956,-0.418583316,-1.765194937,0.014066196,-0.173372047,-0.399670563,0.583368341,-0.004855959,0.343016322,0.66376959,-0.072355264,0.390441152,0.123028726,0.288390649,0.361862074,-0.029879271,0.818995278,-0.89763646,-1.092013424,-0.269957255,-0.712690874,0.795828868,1.040780168,0.645190315,0.934130503,-0.070793518,-0.191106154,-2.420848761,0.847770234,-0.989470298,0.084081534,-0.768172478,-0.759296903,-0.837671259,-0.695153409,1.614099585,-0.280454768,0.470955258,0.00976297,-0.937434197,0.085253973,-0.275121177,-0.298268822,-1.285693333,0.642171614,-0.209203295,-0.230391002,-0.658875048,-2.945017043,0.146738052,-0.67096107,-0.431017406,-0.736560105,-1.431896638,-0.795296714,-0.386533077,-0.032504912,3.005767203,0.28236415,-0.222863876,-0.094324012,-0.206825697,0.217921186,-1.711188021,1.54588462,0.130640629,-0.623137842,1.954399489,1.034712917,-1.277221633,0.915532564,0.199085618,5.802129651,0.651148651,-0.03923026,1.035141337,0.599647639,1.202613964,0.694796833,0.262596206,-0.346668198,-0.127547078,-0.431894869,-0.527280346,-0.676709634,-0.025312227,0.061995048,0.006094902,0.059509897,2.462213118,0.032885469,-0.151918247,0.612043602,0.179538567,-1.577257876,0.187183472,0.092704041,-0.81755836,1.155548708,-1.013931339,-0.280832288,0.060137738,-0.805330775,0.915180247,-0.336055628,-0.046736637,-0.509787368,0.577406032,-0.087421606,-0.66406349,1.666975037,0.124432849,-0.191844928,-1.284923567,-0.244809231,-0.444196648,0.312468472,-0.386055751,-0.428189494,1.098614196,0.466790004,-0.197874702,-0.323559314,-0.477102143,-0.183241276,0.794090708,1.208142847,0.28223053,-1.263157543,-0.009877874,0.089304814,0.948417151,-0.212246077,0.863123705,0.38867782,-0.649670143,0.295632911,0.396222965,-0.236153912,-1.378457287,0.681989228,-1.005585212,0.378014845,0.168216432,-0.007726842,-0.198106542,-0.187457793,-0.131458246,0.902116779,0.319950251,-1.180892305,0.097894038,0.099213094,-0.61986335,1.584580048,0.465433279,0.6076719,-0.457806283,1.449582936,-0.080365818
hsa.mir.212.2,1.319202,-0.607077594,0.204346374,0.092176883,0.199620105,-2.198943048,0.222929355,-1.83529487,-0.210669058,-0.620643866,0.281085995,-1.840769159,1.541694581,0.340469638,-0.17388477,-0.413938345,0.146027006,-1.081647234,-1.436929792,0.961519782,1.62947976,0.543826515,1.67901575,1.117724861,-0.831461142,-1.571754997,-0.738510737,-1.898763275,1.696308994,1.130944948,1.000308693,0.016224917,1.45824577,0.156529451,-0.025004544,-0.314191896,0.179505895,-0.169573009,-1.191695289,1.373699032,-0.313629546,-2.218297948,0.80828593,-1.516490708,-1.597928647,1.778107313,0.772288684,0.384563216,-0.734603668,0.075488009,0.004225552,-0.52422301,0.389885847,0.359605389,-0.128945265,-0.118190962,-0.120522189,-0.470179381,-1.07448153,0.885208834,-1.535066135,0.06338331,-1.280325861,-0.102543532,-0.285280144,-0.116293903,-1.80855617,1.197765012,1.058107136,0.471607159,-0.593075946,-5.8686748,-0.396183437,-0.238968871,0.629619178,-0.232919497,0.062923453,-0.118272162,-0.509252214,1.002153618,0.786721422,-0.174714979,-0.055053181,-0.328664912,0.3277185,-0.147375583,-3.864877133,-1.181879968,-0.155496113,-1.649341204,-1.222898508,0.52967412,1.355780187,1.178944699,-0.266813443,0.682577788,-0.071488909,-0.390474909,0.659977899,-0.910955965,0.189635005,0.01836493,-0.925735594,1.176255809,0.094783616,0.251923154,0.562107938,-0.082873665,-0.072119472,0.369994523,0.063841864,-1.005469304,-0.677044317,-0.086317217,0.396980448,-0.001739121,-0.029615208,-0.145194664,-0.344980042,0.07914969,-0.517071297,-0.350759421,0.533619707,0.718685614,0.559066488,-1.041556103,0.456382056,1.169884308,-0.051318467,-2.785961218,0.366442935,-0.458984519,-3.208996164,0.629488876,1.259795681,1.454719385,-0.459249991,-1.118725243,-0.407814743,-0.848251409,-0.308489005,-2.264211892,-0.089330841,0.294969966,1.836049342,0.256644037,0.121272767,-0.159490049,-0.69381775,-2.393956006,0.314193967,0.981232817,0.257980913,0.713497744,-0.876489965,-0.092921497,-5.293285185,0.234308693,-0.038548486,-0.267159894,0.368209582,-0.896635424,-0.344015967,-0.368499521,0.26926057,-0.333773136,-2.309398355,-0.582843967,0.213258861,0.367271793,0.725157033,1.205597678,0.141801437,-0.001107443,1.414552551,0.473777148,-1.367143715,0.199401506,0.243609699,0.154835587,-0.147703049,1.014506988,-1.302190812,0.38622726,-0.684168848,-0.334895904,-0.077868764,-0.003153569,0.306005302,0.197304958,-0.508718883,0.197574325,-1.025184239,-0.356442433,-0.338904193,1.056164633,-0.399949039,-0.057231037,-0.600546473,0.390420733,0.493335478,0.186822597,-0.173885477,0.513833968,0.145056131,-0.557804988,-0.220021381,0.294603116,1.090539384,-0.307456293,-2.04095116,-0.281559578,0.274451973,1.136541876,0.397261388,-1.082859571,-0.572612803,-1.041519767,-1.029919443,-0.653691696,0.995756333,-0.834618698,-1.051941515,-1.963115011,0.453540754,-0.199285668,0.376897094,1.448861978,0.8285352,0.334477501,-0.655896405,0.13641879,-0.972193484,-0.009856463,0.509702522,0.20392959,0.64471536,1.320979152,-0.913736072,0.202721257,0.60979134,0.403592455,0.519976209,0.321969003
hsa.mir.212.3,0.0,0.0,0.0,0.0,0.0,0.0,0.0,0.0,0.0,0.0,0.0,0.0,0.0,0.0,0.0,0.0,0.0,0.0,0.0,0.0,0.0,0.0,0.0,0.0,0.0,0.0,0.0,0.0,0.0,0.0,0.0,0.0,0.0,0.0,0.0,0.0,0.0,0.0,0.0,0.0,0.0,0.0,0.0,0.0,0.0,0.0,0.0,0.0,0.0,0.0,0.0,0.0,0.0,0.0,0.0,0.0,0.0,0.0,0.0,0.0,0.0,0.0,0.0,0.0,0.0,0.0,0.0,0.0,0.0,0.0,0.0,0.0,0.0,0.0,0.0,0.0,0.0,0.0,0.0,0.0,0.0,0.0,0.0,0.0,0.0,0.0,0.0,0.0,0.0,0.0,0.0,0.0,0.0,0.0,0.0,0.0,0.0,0.0,0.0,0.0,0.0,0.0,0.0,0.0,0.0,0.0,0.0,0.0,0.0,0.0,0.0,0.0,0.0,0.0,0.0,0.0,0.0,0.0,0.0,0.0,0.0,0.0,0.0,0.0,0.0,0.0,0.0,0.0,0.0,0.0,0.0,0.0,0.0,0.0,0.0,0.0,0.0,0.0,0.0,0.0,0.0,0.0,0.0,0.0,0.0,0.0,0.0,0.0,0.0,0.0,0.0,0.0,0.0,0.0,0.0,0.0,0.0,0.0,0.0,0.0,0.0,0.0,0.0,0.0,0.0,0.0,0.0,0.0,0.0,0.0,0.0,0.0,0.0,0.0,0.0,0.0,0.0,0.0,0.0,0.0,0.0,0.0,0.0,0.0,0.0,0.0,0.0,0.0,0.0,0.0,0.0,0.0,0.0,0.0,0.0,0.0,0.0,0.0,0.0,0.0,0.0,0.0,0.0,0.0,0.0,0.0,0.0,0.0,0.0,0.0,0.0,0.0,0.0,0.0,0.0,0.0,0.0,0.0,0.0,0.0,0.0,0.0,0.0,0.0,0.0,0.0,0.0,0.0,0.0,0.0,0.0,0.0,0.0,0.0,0.0,0.0,0.0,0.0,0.0,0.0,0.0,0.0,0.0,0.0
hsa.mir.153.2,-0.874231258,1.413100203,-0.455419775,-0.222212755,0.228641725,1.581121207,-0.1115196,5.855361287,0.878101416,0.848530648,-0.150496887,-0.633289058,-0.862701452,-0.390461648,-0.481837463,0.644907656,0.000984526,-1.102621839,1.108293773,0.41600876,-0.853660221,-0.156884728,-0.668393025,1.16419553,-0.323475671,0.267556652,0.217346002,0.331960457,-0.293299018,0.072771794,-0.359283233,-0.324497111,-0.278605914,-0.00324073,0.30475466,-0.352027996,-0.114861213,-0.460789953,-0.092590197,0.344535596,1.961708514,3.821138111,-1.821213739,2.050843055,1.066666148,-1.310318835,-0.580679317,-0.89204564,-0.131088684,0.068502355,0.467285301,0.204909398,-0.218045456,-0.609225466,0.328729605,-0.532224691,-0.619985327,-0.228153987,-0.082515088,0.395957041,-0.027916634,-0.734792749,1.676576965,-0.521058215,-0.947146357,-0.179748501,0.87662902,-1.25476277,-0.382469791,-1.365790532,-2.014547494,3.761779004,1.109910268,1.772857748,0.086022069,0.191914658,0.284516748,0.190718023,-0.734185222,-1.034306408,-0.222718858,0.072588055,-0.495925686,0.923212477,-1.469808909,1.397650035,-1.194772731,-0.542186672,-0.335363143,0.510158678,0.918284114,-0.58200805,0.362930506,-0.331840725,-0.465823379,-0.82131421,-0.492808399,-0.464501429,-0.857821567,-0.052017438,-0.546396935,-1.545906024,-0.419460595,-0.384990689,0.149869033,-0.101316794,0.051291861,0.37026871,2.770581688,0.494644965,1.756207967,-1.464121027,0.550393978,0.100212454,0.550289886,-0.052573289,-0.597065676,-1.092298369,-0.598373208,1.408600846,0.006074751,0.306183932,2.447583026,0.054650752,-0.040306871,-0.093998719,1.058263024,-1.24373966,0.30200668,4.715114248,0.590062042,1.389697461,-1.511194545,-0.691380796,-0.004952268,-1.795393643,-0.021193985,-1.156668688,0.467436417,0.944370387,-0.352383244,3.122260144,1.267434683,-0.204306985,-0.780822362,-0.406900892,-0.1955241,1.465455248,1.900360124,0.165025327,1.594993314,0.542064179,0.585277281,-1.810344823,1.189713404,-1.117161232,-1.083090464,-0.161468914,0.558595122,0.526741439,0.413681471,1.224654387,-0.875243074,-0.275670898,0.86760105,0.323609479,2.840916858,-0.374926172,0.547674201,-0.687414491,-0.484401416,0.29699653,0.306780931,2.108190277,-0.803611925,0.202463744,-0.476514906,-0.597419392,0.048477111,-0.126757854,0.318873471,0.082009549,1.302769901,1.239976457,0.334869081,0.10063159,-0.221288897,-0.338098105,0.544180461,-1.058480441,-1.521361293,0.342744831,1.116495136,-0.38305857,0.901218581,0.622545266,0.523315736,0.803853949,-0.361697969,-0.364827854,-0.558029602,-1.080500748,-0.735655141,-0.677071736,1.372953116,-0.409755294,-0.010784801,-0.829869051,-1.407514548,-0.147750732,1.11848503,0.399413305,-0.426100008,1.25412193,0.023166366,-0.681216492,1.911007063,0.413500205,1.008346768,-0.241606274,0.186442294,0.069101562,-0.356299615,-1.036231534,-0.782139405,-1.357400846,0.654874965,-0.933163598,-0.03736728,0.067168522,0.701938165,-0.174325155,1.740845464,0.252694794,-0.900564706,-1.758327483,-0.473206541,-1.113728122,-0.240870763,-0.654121031,0.215544308,0.211812027,-0.733740551,-1.077052115
hsa.mir.320b.2,0.104105892,0.325655762,0.286915653,-1.59158622,0.608399634,-1.226377032,1.911195599,-1.165103515,0.372966442,1.197681594,0.433992007,-1.775755298,-0.544057111,-2.036016628,0.948080942,0.065949167,-1.973962504,-0.15659044,1.00079785,-1.725190698,1.1183543,0.267533012,-0.547052757,-0.97563146,-0.664869549,-0.81812896,0.427032439,0.56921213,1.283413763,-0.876548849,0.348649737,0.38140558,-1.061854601,-0.496441827,-1.240989534,0.990196576,-1.106315572,0.33085634,0.159731729,1.031493251,-0.408657426,0.312406319,0.542771003,-0.259885725,-0.748066966,0.277711995,0.798233626,0.969523271,1.864963231,0.867609086,-0.022229828,0.12351276,-0.788681631,-0.141853389,1.58546441,-0.243426861,-0.595285046,-0.794215695,-0.773212995,0.703241055,1.171101804,1.569186696,-0.602539472,0.117457998,0.025676045,-1.806710159,0.019833748,-0.336141314,0.410955705,-1.585964488,3.759742615,1.090840816,0.537768224,0.128268099,0.154518156,0.278323464,-1.183539664,0.808934361,1.287390338,-1.089379428,-0.824561367,0.801091221,0.421688166,0.89291202,0.099072041,-0.998955539,3.312448514,0.23397864,0.091190286,0.297960655,-0.932154095,0.591191795,0.566165553,-0.476934665,-0.209139033,0.110829114,-2.026349866,-1.200146751,-1.325129473,-0.351587262,0.352583984,-1.63340639,0.851217911,0.445474214,-0.972975197,0.403772956,-2.16946657,0.485115524,-0.331306221,-0.365701428,-1.001234952,-1.801640845,0.055773214,0.127980257,0.065643811,-0.767392014,0.22724865,-2.11863896,0.716878131,0.281789839,-0.2003641,-1.699104764,-1.227544958,-1.374283059,1.591662529,-2.35598515,0.636066013,-0.562799456,0.510799208,0.139921536,-0.489138411,1.65266906,4.899312252,1.274568058,0.29223247,-1.841405588,0.37445715,0.515210772,1.146063272,0.054802875,1.265556681,0.390409886,0.08608314,-0.833642352,0.890006931,0.395737138,0.947035861,0.400623035,0.789549543,0.513733439,-0.013050391,0.33081738,-0.84622783,0.182664031,0.172700491,0.255188204,-0.224716069,-0.12652767,0.098145171,0.51300378,0.241969971,-0.993813594,-0.00140198,-1.812647756,-1.636153364,0.183037706,0.148160349,1.148051048,-0.545299542,0.008638665,-0.2579404,-0.683802086,1.141340697,0.545104816,-0.302806125,0.37696943,-1.214901023,0.514004053,0.271558408,0.260684595,-0.780285004,0.23055478,-0.168396229,1.529249741,0.028951455,-1.688354141,-1.488039443,-0.586633287,0.456641345,0.486503668,1.404952815,-0.56904577,0.518018223,-1.823106904,-1.268152554,0.239916577,-1.56840017,-0.006895193,0.555033117,0.404777906,0.073403708,-0.235718752,-2.068603242,-1.88155093,-1.239029531,-0.2084839,0.099726402,1.039224864,0.372671525,-1.75491241,-0.403585847,0.146529529,1.469416089,-0.106756192,-0.266026689,0.541541544,0.143957194,-1.353624314,0.920093067,-1.921122655,0.075446819,-0.62473649,0.16338554,-0.467072343,0.350581531,0.43717075,0.334089367,-1.119763123,-1.959747648,0.202500137,0.162397848,-0.602944206,0.092914535,-0.544174085,0.131252768,-1.359611851,0.741007371,1.375026391,-0.616382228,-0.455140252,0.291676677,0.395104875,-0.015099034,0.300293537
hsa.mir.584,-1.61293541,-1.36182826,-1.203205748,-0.474371382,-1.140060427,0.078543681,-0.13177152,-0.527012714,0.501520544,-0.179770432,0.237741574,1.443561594,1.142853173,0.585470669,0.603994886,0.229257253,0.503161426,1.691031766,-0.574253985,0.478704238,-0.113902073,0.071282845,-0.136753966,-0.608772255,1.865952713,-1.256468727,-0.756448336,0.468535006,-0.121298036,-0.157825456,0.579591246,0.644563302,0.694210824,0.067859362,0.058250428,-0.862492404,0.296801563,2.120141399,-0.168050313,-0.923496343,0.498332772,-0.940237562,0.274973486,0.271938557,0.619656859,1.568229337,0.114554807,0.393149078,-0.472870191,-0.528900303,0.641453557,1.39021333,0.166623386,0.695139634,-0.712718241,0.799481115,0.944150995,-0.058964172,0.491384596,0.358339667,-0.18607523,2.438707242,-0.101669299,0.609193738,0.775290353,0.214213683,-0.513472678,0.883059518,0.167308149,0.668704148,0.862584993,0.940049819,-0.171725667,-0.952943316,0.638681925,-0.012498868,0.028002937,0.446040247,-0.613863216,2.146365717,-1.347204325,0.273521781,-0.420607748,-0.219842224,0.484198674,0.244801557,-0.390209173,0.249960685,0.77841076,0.1176598,-0.848607867,0.243418141,-0.185667231,0.029064952,0.229310865,-0.138706382,-0.240846641,0.011907391,-0.513832927,-0.112807049,0.960468947,0.857123129,0.002782173,-0.696402673,1.333931728,-0.810005537,0.377509038,0.366569985,0.636011899,0.107670672,1.327409033,2.122687049,2.275718693,2.260404667,-1.339385501,-0.442668237,-0.062927375,1.331232577,0.184129147,-1.315058582,-0.952168395,0.231222277,0.202166405,-0.628401876,-0.631887421,-0.730495844,0.200262064,-0.412589595,0.135584076,-0.598389512,0.046246328,-0.249162762,0.404775133,-0.208746168,0.557323774,-0.031854164,-0.121558972,1.777467977,-0.25985069,-0.360233379,-0.437725149,-0.406566994,-0.468381352,2.265472203,-0.865226268,-0.607658095,0.527867769,-0.247271565,-0.195556821,-0.433071993,0.004508526,-0.238522358,-0.188990762,2.560835092,-1.07221283,0.133305979,0.646908537,-0.479179578,-0.043035813,-0.397817803,-0.790027977,-0.593944134,-0.254443574,-0.670214818,-0.66561204,-0.347527179,-0.713256055,-0.260159215,-0.634193792,-0.224900379,0.194337194,-0.402176405,-0.507222807,-0.495596274,-0.87966079,-0.360060516,0.086541207,-0.958962787,-0.609956107,-0.288903326,-0.560401046,-0.803601436,-0.747008576,-0.491090659,1.161245117,-1.069784256,-0.210949304,0.639945855,-0.423487263,-0.234217361,-0.5594717,-0.642639469,-1.357329804,1.533088657,-0.489435952,0.319664362,0.102763009,-0.892394413,0.116415387,0.975418929,0.281962658,0.423151744,0.524924766,0.5270255,-0.335272432,-0.345785883,0.139769758,-1.015846406,1.097239924,-0.494990739,0.797441818,-0.610504365,0.457003196,-0.643945045,-0.329719024,0.407615565,-0.45425803,-0.204024431,-0.231389635,0.354774271,-1.292519009,0.231246091,-0.165283172,0.56743598,1.427252172,-0.187103011,-0.755204644,0.002350011,-0.229074668,0.099378924,-0.005875101,1.587057077,-0.836632454,2.390310248,2.294179875,-0.327350558,-1.030475871,-0.036073318,-0.061336433,0.708735544,1.913885007,-1.014083832,0.099538157,0.123945714
hsa.mir.450a.1,0.153995214,-0.099502287,0.040398458,0.075567308,0.943530546,-0.307489035,-0.242210973,0.026374714,-0.195115893,-0.259531835,-0.277829375,-0.009341837,-0.253466289,0.022947612,-0.263282902,-0.21500417,0.035791013,0.643349054,-0.239825102,-0.225921048,0.027096433,-0.135947467,0.25184519,-0.12945511,-0.096493482,0.185188644,-0.297144596,-0.293876451,0.116562391,-0.04195751,-0.216959574,-0.065130682,0.022661263,-0.319995283,-0.331865151,-0.02836698,-0.061829016,-0.189516944,-0.007776419,0.007504357,0.088290613,0.061778174,-0.177380845,-0.259587315,0.110646143,-0.271585453,-0.191526614,-0.113746463,-0.301954038,-0.024651303,0.42572198,-0.141799463,0.187557208,0.177122365,-0.323298034,0.147972098,-0.168209764,-0.093128329,0.335961547,-0.240302271,0.266568372,-0.148376057,-0.157637478,0.179137483,0.249903133,-0.065961965,0.067707625,0.059652745,-0.132024378,-0.08415505,-0.283800641,-0.140365623,-0.21579606,-0.230268187,-0.19602514,-0.317225526,-0.114038812,-0.433016712,-0.238611182,1.040658584,0.029565933,0.067361729,-0.041158177,-0.255229493,-0.21047893,0.052217442,-0.122846141,-0.373986711,2.430105494,-0.237342577,-0.127292872,-0.089384427,-0.165335811,-0.096479821,-0.082553812,-0.149085454,1.808304989,0.05549938,0.007586432,-0.047564829,-0.252762589,0.081541325,-0.173818602,-0.169124315,-0.203886946,-0.268197081,0.028671433,-0.118218899,-0.226249383,0.076370303,-0.200834104,-0.208215784,-0.203903522,-0.1268368,0.01199645,-0.082780936,-0.158106075,1.872334548,-0.360201302,0.198250283,-0.068938926,-0.170943217,-0.160783344,-0.171254109,-0.201967994,-0.274818133,-0.225085122,-0.164591938,-0.251604617,-0.399694986,-0.117754708,-0.122888647,2.118048596,0.175301455,-0.180796572,-0.027684682,0.956283944,-0.233210972,-0.258639423,-0.016987278,-0.06400645,-0.24206798,-0.126110334,-0.335655297,-0.362024527,0.110927399,0.210072026,-0.443820798,-0.274567762,-0.14226534,-0.349561617,-0.275833004,-0.16895312,-0.15325957,1.576330731,0.335598972,-0.330472445,-0.082717842,-0.097263779,0.024539518,-0.06360616,-0.228153966,-0.074318589,0.587363219,-0.111664833,-0.131477293,-0.180409135,-0.076118884,0.342848476,-0.113587924,-0.055498845,-0.093282968,0.24829565,-0.268270874,-0.19118671,-0.172077206,0.344219234,2.801963512,-0.122277316,-0.194853984,0.558741585,-0.149318816,-0.131054157,-0.162700149,0.199775596,-0.128286686,-0.011791191,0.194538367,-0.100153735,-0.305622505,-0.327789117,-0.007494535,-0.080434745,-0.0680779,-0.267108267,0.013195023,-0.019606332,-0.259510282,-0.309536819,-0.013078762,-0.215304407,0.022194364,-0.11784386,0.187515668,0.146087995,-0.091517808,-0.018324448,0.314957817,-0.295897159,-0.009216624,-0.008237509,-0.104122666,-0.368350133,0.127086544,-0.250695271,-0.152243721,-0.238233816,-0.255957637,-0.288072305,-0.224959793,-0.454269251,-0.219133477,-0.104206979,0.212686202,0.040239995,0.107571196,0.084618173,-0.171406013,0.090751318,-0.203769271,0.53787005,-0.321084061,-0.172503467,-0.358429709,-0.134198007,-0.112757086,-0.029466235,-0.170702945,0.132901235,-0.136512666,-0.28882213,-0.192207051,-0.149158066,-0.323526601
hsa.mir.300,0.0,0.0,0.0,0.0,0.0,0.0,0.0,0.0,0.0,0.0,0.0,0.0,0.0,0.0,0.0,0.0,0.0,0.0,0.0,0.0,0.0,0.0,0.0,0.0,0.0,0.0,0.0,0.0,0.0,0.0,0.0,0.0,0.0,0.0,0.0,0.0,0.0,0.0,0.0,0.0,0.0,0.0,0.0,0.0,0.0,0.0,0.0,0.0,0.0,0.0,0.0,0.0,0.0,0.0,0.0,0.0,0.0,0.0,0.0,0.0,0.0,0.0,0.0,0.0,0.0,0.0,0.0,0.0,0.0,0.0,0.0,0.0,0.0,0.0,0.0,0.0,0.0,0.0,0.0,0.0,0.0,0.0,0.0,0.0,0.0,0.0,0.0,0.0,0.0,0.0,0.0,0.0,0.0,0.0,0.0,0.0,0.0,0.0,0.0,0.0,0.0,0.0,0.0,0.0,0.0,0.0,0.0,0.0,0.0,0.0,0.0,0.0,0.0,0.0,0.0,0.0,0.0,0.0,0.0,0.0,0.0,0.0,0.0,0.0,0.0,0.0,0.0,0.0,0.0,0.0,0.0,0.0,0.0,0.0,0.0,0.0,0.0,0.0,0.0,0.0,0.0,0.0,0.0,0.0,0.0,0.0,0.0,0.0,0.0,0.0,0.0,0.0,0.0,0.0,0.0,0.0,0.0,0.0,0.0,0.0,0.0,0.0,0.0,0.0,0.0,0.0,0.0,0.0,0.0,0.0,0.0,0.0,0.0,0.0,0.0,0.0,0.0,0.0,0.0,0.0,0.0,0.0,0.0,0.0,0.0,0.0,0.0,0.0,0.0,0.0,0.0,0.0,0.0,0.0,0.0,0.0,0.0,0.0,0.0,0.0,0.0,0.0,0.0,0.0,0.0,0.0,0.0,0.0,0.0,0.0,0.0,0.0,0.0,0.0,0.0,0.0,0.0,0.0,0.0,0.0,0.0,0.0,0.0,0.0,0.0,0.0,0.0,0.0,0.0,0.0,0.0,0.0,0.0,0.0,0.0,0.0,0.0,0.0,0.0,0.0,0.0,0.0,0.0,0.0
hsa.mir.149,1.039563611,-0.496776448,-0.401294406,-0.151227316,0.353682182,0.023270174,-1.154220343,-0.425842716,-0.68477969,-1.137741701,-0.869602092,0.652268064,0.73575386,-0.731477126,-0.573531245,-0.7429093,-0.60152079,2.283683251,0.82685806,1.007484464,1.395314312,0.803173438,0.490184801,0.481596273,0.413105474,-3.141594251,0.815074742,-2.706677712,-0.392862933,-1.996364377,0.713982078,-0.112537901,-2.867466575,0.430183468,1.914131588,-0.13410532,0.569323273,-4.464825871,1.718742273,0.926154204,-1.489812662,-1.292120112,0.31663731,1.31420427,-1.221866899,0.651640155,-0.422329256,-0.660849829,-0.622340125,-0.274605887,-0.184642191,-0.827285794,1.040754,-1.710183242,0.312931584,0.653590919,-0.522754092,0.079154336,-0.265348055,1.952703342,0.426457255,0.031110822,0.010484403,-0.120469735,-0.103488777,-0.760470237,0.599282463,2.28837502,0.159647152,0.842543803,-2.071289747,0.415625623,0.076532888,-0.123048483,0.325123371,-0.488790402,1.482316511,0.077206617,-0.887653808,-0.862836015,-0.257326747,-0.624389151,-0.107523121,-1.577558223,-0.088722776,1.427944708,-2.628421822,-0.409221678,-1.033289019,-0.08233797,-1.251801168,0.143868543,-1.303914624,1.062430552,0.39849047,0.294454913,-0.806215787,-0.723300629,0.375923754,-0.473536782,1.145539745,1.573311997,0.237795413,0.321166559,-0.053910747,1.210872456,0.665431451,0.819628156,0.155700793,-0.111575082,-1.526389401,0.038353968,2.009574057,-2.768083149,-1.284520589,0.093623748,-0.917410253,1.570111346,-1.832883833,-1.252735146,0.574389617,0.847605256,0.741811836,0.417231281,-0.341188109,-0.725229652,0.562051594,0.332499876,-0.035865509,0.011576001,0.196198785,-0.37574685,-1.928597501,-0.49424787,0.239245217,0.580938246,0.440719057,-0.414900604,-0.059214842,0.147193859,-0.422980519,-0.757215456,-0.34689434,-0.312573715,-0.564926287,-0.755124667,-0.929860563,-0.106176493,-1.588240888,-0.514201541,1.729482575,0.463836781,-0.38840254,-0.412233838,0.914871123,0.518021943,0.697959155,0.80009797,1.012890466,-0.604730066,-0.828944728,-1.015275557,0.458264761,0.865979714,-0.852684229,0.452745806,0.352483512,-0.292596855,0.767530053,0.162492024,0.78206376,0.593643772,1.167001185,0.533498881,-1.720723637,0.839757813,-1.71212816,0.548660074,-0.33886366,1.190812262,1.305302659,0.763530285,-0.197409848,-0.810179997,-1.789226511,0.616697905,-0.121686614,-1.522986376,-0.450594402,-0.105141852,-0.506886772,0.906314978,-1.245240083,1.267251842,-0.441643958,0.844113717,-0.233887295,0.431987309,-0.851506759,0.603594914,0.661941912,-0.310786566,-0.223682237,0.109512645,-1.388698248,0.863763241,-0.356565757,0.427947028,0.630683687,0.14201378,0.105447756,-0.302764033,0.202627053,0.582595674,0.737470873,-0.253006688,-1.037369541,-1.188119839,-1.045285877,1.148031785,0.653850948,-0.025420053,0.959037023,0.415233011,0.00831588,0.153780682,1.320133425,-0.618299978,-0.169606072,0.417249704,-0.346764045,-0.795714751,0.661036441,0.656110825,0.303871807,-1.365597251,1.469802941,-0.630176924,-0.190925462,0.697289898,0.635182824,0.54800312,-2.38249189,-0.135210458
hsa.mir.146,-1.473953392,-0.193960549,0.877555844,0.14496871,-0.410043793,0.189648415,0.066156756,0.667696689,0.863368868,0.443914558,-0.805555198,-0.01639322,-0.707281253,1.222867461,-0.513605339,-0.325621696,-0.832642415,1.14953783,-0.896748237,-0.628967454,-1.190486206,0.38469614,-0.791863388,0.137968743,1.064309304,-1.234418759,-0.622091608,1.728213266,-0.211780806,1.380491493,-1.142958782,1.31488321,-0.493925599,-0.135705939,-1.024903605,-0.173659048,0.745145452,1.516343335,0.929510605,-1.360452143,-0.296870694,-0.759305854,0.608068028,-0.749224982,-0.565502655,0.816283176,-0.527563082,-0.113303645,-0.511951784,1.068892372,1.300204378,1.053374828,0.393358508,0.125096771,0.455138832,-0.160676214,-1.05217902,-0.0649099,-0.394942841,0.180101497,1.03324429,3.433674089,0.119121026,1.600778473,1.356545581,0.302891797,-0.760921046,2.347087117,-0.017121712,1.749636312,1.086184923,0.046724325,-0.418696709,-0.911365623,1.33651729,-1.056551359,0.010940016,-0.253670791,-1.090872062,0.091439953,-0.300433022,-0.093757022,-1.053012906,0.638305732,-0.101070282,-0.724718847,-1.180972684,0.338311431,1.251072758,-0.381381277,-1.021684742,1.602660218,-0.193083727,-0.247107226,0.119858217,-0.803802595,-0.230268911,0.381636913,-0.29406813,-0.516227395,1.050978655,2.37677417,0.114695227,-0.365362406,-0.500723167,-0.892946724,-0.209509296,0.221899414,0.988880808,-0.666782005,0.498974851,3.377612967,1.285174274,2.694804157,0.300004419,-0.506662833,0.099936763,1.141665171,1.112107163,-1.205214636,-0.724043285,0.029092175,-0.668431111,-1.129569043,-1.405055251,-0.093876861,-0.141168927,0.836136666,-0.36318669,-1.155242202,0.064471454,-0.933920449,0.807218944,1.113888098,-0.144346824,0.220609705,0.38992371,1.478853099,-0.912792894,0.221510842,-0.428813695,-0.542394827,-0.469159015,0.103676581,-0.512916687,-0.070516056,2.444437449,0.855584453,-0.490741104,0.017278575,-0.361258095,-0.171282289,-0.360445914,0.918758574,0.227105928,0.030706628,1.289880011,0.627391464,0.071227652,-0.288971597,-1.140067148,-0.482270612,0.131392158,-0.622506451,-1.477324832,-1.131236758,-1.144765489,0.821005309,-0.361177951,0.613131286,0.186029351,-0.768721038,0.091908185,-0.8084562,-1.038759557,-0.755521904,-0.507677373,-0.848499547,-0.507837177,-0.403861328,0.66339328,-0.194133238,-0.38501536,-0.045098848,-1.85350372,-0.71645913,1.093692532,-0.7118233,-1.363796455,-0.446398985,-0.814465567,-0.568608497,-0.103842501,0.479090156,0.065777091,0.688517051,-0.244551971,-0.431270156,0.594157274,-0.169244374,1.329886402,0.297940463,0.592629367,0.560757637,-0.139704062,0.622070147,0.496542546,0.871762779,0.178734351,0.649626867,-1.125871906,-0.589573151,0.779032665,-0.56288701,-0.571309097,1.54864612,-0.205932825,0.545528918,-0.90428066,0.203113734,-0.609405239,-0.765375961,-0.491291211,1.731675399,0.359466615,0.765914495,-0.911853012,0.315444841,-1.473865328,-0.971487611,-1.590200707,1.395129396,-1.439159757,2.328157246,1.780617113,-0.565116578,-1.618987207,0.010912513,0.209997497,-0.466729914,0.825534608,-1.011112956,-0.411436748,-0.952595852
hsa.mir.163b,0.0,0.0,0.0,0.0,0.0,0.0,0.0,0.0,0.0,0.0,0.0,0.0,0.0,0.0,0.0,0.0,0.0,0.0,0.0,0.0,0.0,0.0,0.0,0.0,0.0,0.0,0.0,0.0,0.0,0.0,0.0,0.0,0.0,0.0,0.0,0.0,0.0,0.0,0.0,0.0,0.0,0.0,0.0,0.0,0.0,0.0,0.0,0.0,0.0,0.0,0.0,0.0,0.0,0.0,0.0,0.0,0.0,0.0,0.0,0.0,0.0,0.0,0.0,0.0,0.0,0.0,0.0,0.0,0.0,0.0,0.0,0.0,0.0,0.0,0.0,0.0,0.0,0.0,0.0,0.0,0.0,0.0,0.0,0.0,0.0,0.0,0.0,0.0,0.0,0.0,0.0,0.0,0.0,0.0,0.0,0.0,0.0,0.0,0.0,0.0,0.0,0.0,0.0,0.0,0.0,0.0,0.0,0.0,0.0,0.0,0.0,0.0,0.0,0.0,0.0,0.0,0.0,0.0,0.0,0.0,0.0,0.0,0.0,0.0,0.0,0.0,0.0,0.0,0.0,0.0,0.0,0.0,0.0,0.0,0.0,0.0,0.0,0.0,0.0,0.0,0.0,0.0,0.0,0.0,0.0,0.0,0.0,0.0,0.0,0.0,0.0,0.0,0.0,0.0,0.0,0.0,0.0,0.0,0.0,0.0,0.0,0.0,0.0,0.0,0.0,0.0,0.0,0.0,0.0,0.0,0.0,0.0,0.0,0.0,0.0,0.0,0.0,0.0,0.0,0.0,0.0,0.0,0.0,0.0,0.0,0.0,0.0,0.0,0.0,0.0,0.0,0.0,0.0,0.0,0.0,0.0,0.0,0.0,0.0,0.0,0.0,0.0,0.0,0.0,0.0,0.0,0.0,0.0,0.0,0.0,0.0,0.0,0.0,0.0,0.0,0.0,0.0,0.0,0.0,0.0,0.0,0.0,0.0,0.0,0.0,0.0,0.0,0.0,0.0,0.0,0.0,0.0,0.0,0.0,0.0,0.0,0.0,0.0,0.0,0.0,0.0,0.0,0.0,0.0
hsa.mir.352,0.0,0.0,0.0,0.0,0.0,0.0,0.0,0.0,0.0,0.0,0.0,0.0,0.0,0.0,0.0,0.0,0.0,0.0,0.0,0.0,0.0,0.0,0.0,0.0,0.0,0.0,0.0,0.0,0.0,0.0,0.0,0.0,0.0,0.0,0.0,0.0,0.0,0.0,0.0,0.0,0.0,0.0,0.0,0.0,0.0,0.0,0.0,0.0,0.0,0.0,0.0,0.0,0.0,0.0,0.0,0.0,0.0,0.0,0.0,0.0,0.0,0.0,0.0,0.0,0.0,0.0,0.0,0.0,0.0,0.0,0.0,0.0,0.0,0.0,0.0,0.0,0.0,0.0,0.0,0.0,0.0,0.0,0.0,0.0,0.0,0.0,0.0,0.0,0.0,0.0,0.0,0.0,0.0,0.0,0.0,0.0,0.0,0.0,0.0,0.0,0.0,0.0,0.0,0.0,0.0,0.0,0.0,0.0,0.0,0.0,0.0,0.0,0.0,0.0,0.0,0.0,0.0,0.0,0.0,0.0,0.0,0.0,0.0,0.0,0.0,0.0,0.0,0.0,0.0,0.0,0.0,0.0,0.0,0.0,0.0,0.0,0.0,0.0,0.0,0.0,0.0,0.0,0.0,0.0,0.0,0.0,0.0,0.0,0.0,0.0,0.0,0.0,0.0,0.0,0.0,0.0,0.0,0.0,0.0,0.0,0.0,0.0,0.0,0.0,0.0,0.0,0.0,0.0,0.0,0.0,0.0,0.0,0.0,0.0,0.0,0.0,0.0,0.0,0.0,0.0,0.0,0.0,0.0,0.0,0.0,0.0,0.0,0.0,0.0,0.0,0.0,0.0,0.0,0.0,0.0,0.0,0.0,0.0,0.0,0.0,0.0,0.0,0.0,0.0,0.0,0.0,0.0,0.0,0.0,0.0,0.0,0.0,0.0,0.0,0.0,0.0,0.0,0.0,0.0,0.0,0.0,0.0,0.0,0.0,0.0,0.0,0.0,0.0,0.0,0.0,0.0,0.0,0.0,0.0,0.0,0.0,0.0,0.0,0.0,0.0,0.0,0.0,0.0,0.0
hsa.mir.133b,0.0,0.0,0.0,0.0,0.0,0.0,0.0,0.0,0.0,0.0,0.0,0.0,0.0,0.0,0.0,0.0,0.0,0.0,0.0,0.0,0.0,0.0,0.0,0.0,0.0,0.0,0.0,0.0,0.0,0.0,0.0,0.0,0.0,0.0,0.0,0.0,0.0,0.0,0.0,0.0,0.0,0.0,0.0,0.0,0.0,0.0,0.0,0.0,0.0,0.0,0.0,0.0,0.0,0.0,0.0,0.0,0.0,0.0,0.0,0.0,0.0,0.0,0.0,0.0,0.0,0.0,0.0,0.0,0.0,0.0,0.0,0.0,0.0,0.0,0.0,0.0,0.0,0.0,0.0,0.0,0.0,0.0,0.0,0.0,0.0,0.0,0.0,0.0,0.0,0.0,0.0,0.0,0.0,0.0,0.0,0.0,0.0,0.0,0.0,0.0,0.0,0.0,0.0,0.0,0.0,0.0,0.0,0.0,0.0,0.0,0.0,0.0,0.0,0.0,0.0,0.0,0.0,0.0,0.0,0.0,0.0,0.0,0.0,0.0,0.0,0.0,0.0,0.0,0.0,0.0,0.0,0.0,0.0,0.0,0.0,0.0,0.0,0.0,0.0,0.0,0.0,0.0,0.0,0.0,0.0,0.0,0.0,0.0,0.0,0.0,0.0,0.0,0.0,0.0,0.0,0.0,0.0,0.0,0.0,0.0,0.0,0.0,0.0,0.0,0.0,0.0,0.0,0.0,0.0,0.0,0.0,0.0,0.0,0.0,0.0,0.0,0.0,0.0,0.0,0.0,0.0,0.0,0.0,0.0,0.0,0.0,0.0,0.0,0.0,0.0,0.0,0.0,0.0,0.0,0.0,0.0,0.0,0.0,0.0,0.0,0.0,0.0,0.0,0.0,0.0,0.0,0.0,0.0,0.0,0.0,0.0,0.0,0.0,0.0,0.0,0.0,0.0,0.0,0.0,0.0,0.0,0.0,0.0,0.0,0.0,0.0,0.0,0.0,0.0,0.0,0.0,0.0,0.0,0.0,0.0,0.0,0.0,0.0,0.0,0.0,0.0,0.0,0.0,0.0
hsa.mir.167a,0.0,0.0,0.0,0.0,0.0,0.0,0.0,0.0,0.0,0.0,0.0,0.0,0.0,0.0,0.0,0.0,0.0,0.0,0.0,0.0,0.0,0.0,0.0,0.0,0.0,0.0,0.0,0.0,0.0,0.0,0.0,0.0,0.0,0.0,0.0,0.0,0.0,0.0,0.0,0.0,0.0,0.0,0.0,0.0,0.0,0.0,0.0,0.0,0.0,0.0,0.0,0.0,0.0,0.0,0.0,0.0,0.0,0.0,0.0,0.0,0.0,0.0,0.0,0.0,0.0,0.0,0.0,0.0,0.0,0.0,0.0,0.0,0.0,0.0,0.0,0.0,0.0,0.0,0.0,0.0,0.0,0.0,0.0,0.0,0.0,0.0,0.0,0.0,0.0,0.0,0.0,0.0,0.0,0.0,0.0,0.0,0.0,0.0,0.0,0.0,0.0,0.0,0.0,0.0,0.0,0.0,0.0,0.0,0.0,0.0,0.0,0.0,0.0,0.0,0.0,0.0,0.0,0.0,0.0,0.0,0.0,0.0,0.0,0.0,0.0,0.0,0.0,0.0,0.0,0.0,0.0,0.0,0.0,0.0,0.0,0.0,0.0,0.0,0.0,0.0,0.0,0.0,0.0,0.0,0.0,0.0,0.0,0.0,0.0,0.0,0.0,0.0,0.0,0.0,0.0,0.0,0.0,0.0,0.0,0.0,0.0,0.0,0.0,0.0,0.0,0.0,0.0,0.0,0.0,0.0,0.0,0.0,0.0,0.0,0.0,0.0,0.0,0.0,0.0,0.0,0.0,0.0,0.0,0.0,0.0,0.0,0.0,0.0,0.0,0.0,0.0,0.0,0.0,0.0,0.0,0.0,0.0,0.0,0.0,0.0,0.0,0.0,0.0,0.0,0.0,0.0,0.0,0.0,0.0,0.0,0.0,0.0,0.0,0.0,0.0,0.0,0.0,0.0,0.0,0.0,0.0,0.0,0.0,0.0,0.0,0.0,0.0,0.0,0.0,0.0,0.0,0.0,0.0,0.0,0.0,0.0,0.0,0.0,0.0,0.0,0.0,0.0,0.0,0.0
hsa.mir.196a.2,1.482649184,-0.603824529,0.092985148,2.750002738,-0.614056761,-0.537263694,-0.235634012,0.352423637,-0.248875142,-0.77297837,-0.094072056,0.529911824,-0.397875186,0.235166632,-0.759519491,0.028796456,-0.486431402,-0.160214418,-0.623040366,0.913163719,-0.552527666,-0.093974551,2.108131662,4.365233965,0.047330753,-1.11853496,-0.648449747,-0.620200278,-0.910254934,0.00223387,-0.464585611,0.029469047,-0.040400194,-0.32558066,0.136948693,-0.706443907,0.518379889,0.256847649,0.045939184,0.870752241,0.024666599,-0.530060967,-1.05244256,0.92561399,0.806361402,-0.199701056,-0.137270659,-0.487753589,-0.959960805,-0.584181308,-0.254303209,-0.172632034,0.936916762,0.060950552,-0.316769828,-0.085284959,-0.685321878,-0.351336784,0.398062602,-0.11399944,-0.781671014,0.163291177,-0.219760366,-0.711229436,-0.981291961,0.249361865,0.496664219,-0.218518117,0.058681877,-0.04027794,-1.142054259,0.209454606,0.083003319,0.783921269,-0.325179273,1.760231166,-0.194144116,0.152192454,0.303185846,-0.360701649,0.139029008,-1.232079769,-0.854359049,-0.20697288,-1.275790057,1.784152934,-0.019087952,-0.61817858,-1.298274186,-1.208407301,0.97803716,0.040325442,-0.779589291,-0.127024534,-0.080451589,-0.323806233,-0.399544537,0.2990921,0.469228799,1.14431616,0.084368516,0.479936091,-0.975757665,-0.164862788,-1.37678318,0.565016856,3.282712504,0.387118567,1.786020151,0.151070839,-0.270592379,2.105598496,1.390757839,-1.206363206,0.892202924,0.162298766,-0.826001662,-2.660521818,-0.676336003,0.696532117,3.007102636,-0.471588577,0.096784744,-0.538122734,-1.191305222,0.849433303,0.603194404,-0.017747553,-0.060260828,-0.300181121,0.381639969,-1.281600644,-1.329233897,1.076946412,-0.18611942,-0.25904427,-1.708069239,-1.705226969,-0.414674615,-0.516458651,3.286759966,0.338656212,0.572544572,0.260371932,-0.019149949,0.18791,-0.692861561,-0.692422,0.327381493,-0.041282393,0.731360143,-0.175043789,1.975141305,-0.490148371,-0.035777672,-0.245342107,0.378496793,-1.005155696,0.08475403,0.751031051,0.307520554,-1.002690936,2.045674886,0.372652828,-0.070603611,-1.046079776,0.038994249,-0.493655893,-0.845836291,0.684870928,-0.171951535,0.176299047,-0.798317197,-0.595761819,-0.718048653,1.12758159,-0.56251331,0.26353052,-0.425655805,1.88249975,2.300388214,-0.410332747,-0.78256735,-0.456692257,-0.623407915,2.730084074,0.904066839,1.120197975,1.062491869,-0.16424484,0.875939698,0.367704661,-0.631027673,0.147454098,2.309504076,-0.665391099,0.731052389,-0.021094017,-0.681964081,-0.353991587,-0.673189085,2.331419909,0.076412936,0.27785656,1.589868894,-0.220918919,-0.645987104,0.044204537,-0.636851756,1.610038853,0.030018315,-0.241646848,-0.305928997,1.181230181,-0.139087311,-0.817925585,-0.468649073,1.658251236,-0.556037103,2.009544068,-0.354933227,-0.743327177,-0.625327855,-0.139249998,0.270939811,-1.001036463,0.20091845,-0.142029188,2.661605318,-0.32541428,0.215844665,-0.131510225,0.587152139,-0.244048196,-0.722540635,0.488344725,0.942809399,-0.800218258,0.810824636,-0.764230984,-0.489317492,-0.218242521,3.032187783,1.377316447
hsa.mir.166b,0.0,0.0,0.0,0.0,0.0,0.0,0.0,0.0,0.0,0.0,0.0,0.0,0.0,0.0,0.0,0.0,0.0,0.0,0.0,0.0,0.0,0.0,0.0,0.0,0.0,0.0,0.0,0.0,0.0,0.0,0.0,0.0,0.0,0.0,0.0,0.0,0.0,0.0,0.0,0.0,0.0,0.0,0.0,0.0,0.0,0.0,0.0,0.0,0.0,0.0,0.0,0.0,0.0,0.0,0.0,0.0,0.0,0.0,0.0,0.0,0.0,0.0,0.0,0.0,0.0,0.0,0.0,0.0,0.0,0.0,0.0,0.0,0.0,0.0,0.0,0.0,0.0,0.0,0.0,0.0,0.0,0.0,0.0,0.0,0.0,0.0,0.0,0.0,0.0,0.0,0.0,0.0,0.0,0.0,0.0,0.0,0.0,0.0,0.0,0.0,0.0,0.0,0.0,0.0,0.0,0.0,0.0,0.0,0.0,0.0,0.0,0.0,0.0,0.0,0.0,0.0,0.0,0.0,0.0,0.0,0.0,0.0,0.0,0.0,0.0,0.0,0.0,0.0,0.0,0.0,0.0,0.0,0.0,0.0,0.0,0.0,0.0,0.0,0.0,0.0,0.0,0.0,0.0,0.0,0.0,0.0,0.0,0.0,0.0,0.0,0.0,0.0,0.0,0.0,0.0,0.0,0.0,0.0,0.0,0.0,0.0,0.0,0.0,0.0,0.0,0.0,0.0,0.0,0.0,0.0,0.0,0.0,0.0,0.0,0.0,0.0,0.0,0.0,0.0,0.0,0.0,0.0,0.0,0.0,0.0,0.0,0.0,0.0,0.0,0.0,0.0,0.0,0.0,0.0,0.0,0.0,0.0,0.0,0.0,0.0,0.0,0.0,0.0,0.0,0.0,0.0,0.0,0.0,0.0,0.0,0.0,0.0,0.0,0.0,0.0,0.0,0.0,0.0,0.0,0.0,0.0,0.0,0.0,0.0,0.0,0.0,0.0,0.0,0.0,0.0,0.0,0.0,0.0,0.0,0.0,0.0,0.0,0.0,0.0,0.0,0.0,0.0,0.0,0.0
hsa.mir.150,0.096641374,0.763613015,-0.253181156,1.194688288,-0.444505693,1.416761791,0.716306692,1.320291715,-0.321164653,0.206410208,-0.603972073,-2.166035503,0.171003788,-0.321878214,-0.841390291,-0.684828888,-1.005020876,-2.22514842,-0.323210292,0.031192875,1.382483193,-0.61110841,1.449861277,1.38181185,-2.204483202,2.091358903,-1.486629544,1.241502728,0.477000952,2.517190282,0.361902556,-1.462015035,0.75848795,-1.36780798,1.195774112,-0.314124069,-1.054138902,-0.643300373,0.850852838,-0.356703891,-0.033863956,1.784375455,-0.701197877,0.708535191,-1.696601039,-0.11244434,-0.92099071,-1.512349628,-0.847036887,-0.865127921,1.678365368,0.107741373,0.487635,-1.246625204,0.606213696,0.01614625,-1.976641651,-0.572106453,0.01899892,0.681605766,-0.768388509,-1.378506076,0.572938593,-1.55905387,-1.157677054,0.136385638,0.196169768,-0.066742738,-1.241266396,0.182469967,-1.962818496,0.580506653,0.041860877,-0.643818511,-1.536614688,-0.027434638,1.323081665,-0.424318655,0.417387249,-1.099916232,-0.76642457,-0.581498511,-0.083554011,0.317100717,0.390079569,0.049156579,-1.863213672,0.363051208,-0.314634867,-0.331788865,0.498360662,-0.533594662,0.272594649,-0.114907733,-0.777674067,-0.730842906,0.211903766,0.511579833,4.166220906,0.84500807,-0.476431266,-1.930637397,-1.104037548,-0.268587784,-0.676889701,1.039554038,1.845090636,-0.559192266,0.556450128,-0.429623377,0.011538199,-2.282345484,-0.910701818,0.084762697,0.450535983,0.151318813,-0.38532761,1.21067071,0.576180045,0.290690195,-0.167937977,0.797635217,-0.009677083,0.768348592,-0.277945872,-0.104304718,-0.471557317,0.830675533,0.388959298,0.425610775,-1.654956958,0.321043077,-3.933626363,0.248379462,-0.852909117,-0.960447753,-0.54696164,-0.890143423,-0.12594953,1.008420881,0.729525578,1.668493817,0.099589115,0.837536133,-0.843826955,0.401785983,0.649413658,-0.407994124,0.227491112,-0.651918695,0.934249126,0.836960194,-0.865328477,-1.535518985,2.158022953,-0.958125138,2.067390039,-1.338837704,-0.412966572,-1.223679316,0.828116899,2.404601611,-0.369886388,-0.353768972,0.109441705,-0.319582626,0.653151438,-0.356527503,-0.023459418,-0.672970891,1.418123459,0.564713738,0.146681457,1.752351426,-1.065250202,-0.822842358,-0.119877441,2.006792276,-0.287372445,-0.099941909,1.02578194,1.23368112,-1.039818923,-0.291090564,-0.201599521,2.137613902,-0.052551047,1.160854887,-0.593328749,-0.540724788,0.911258999,0.23716816,-0.419420906,1.3790127,1.341662874,0.444839041,1.503710641,-0.10279841,-0.773904717,-0.393975582,0.119505403,-0.56678391,0.090794417,0.106304637,1.075645704,-0.744114417,-0.535126283,-0.617133945,-1.072935501,-0.462296704,1.633186977,0.661835653,0.007324302,0.475123575,0.414229476,-0.229513497,-0.381100713,-1.185316152,0.538337409,0.25168768,0.030549425,-0.062210969,-0.053777387,-0.742128106,0.897701951,-1.154679325,0.594584942,-0.317693891,1.272935669,0.23857172,0.322375813,-0.667935766,0.627483487,-1.580691932,-1.429474847,-0.362658904,1.023818728,-0.021927785,-0.044801007,-1.094603511,-0.605943361,-0.481711592,0.650680365,-0.665529682
hsa.mir.150.1,-0.115508842,0.548486121,0.111307526,1.457357454,1.660910773,-0.317585412,0.122605006,-1.655366288,-0.032708441,-2.313989715,0.189617291,-0.81647942,1.072988506,-0.858130481,0.757587235,0.237145256,0.284492715,1.354003487,-0.563230922,0.321976223,-1.879696919,-0.287455434,1.266169716,-2.072327063,-0.978452135,-0.58223774,0.427817199,0.038562457,0.280098395,1.101074038,0.221553652,-1.356402534,0.941757882,0.210246231,1.555882195,0.947069309,-0.679528079,0.547749257,-0.96709122,-0.365988492,0.537565598,-0.547860048,-0.805243853,-0.84473709,1.182987466,0.685961349,-1.224095169,-0.334560079,0.578465947,0.272514913,1.209315199,-0.225664038,-2.833869989,1.651953539,0.215459341,-1.717664346,-1.233284189,0.431235998,1.842074641,-1.791062205,-1.592790283,-0.193930913,-1.29513881,-0.632181465,0.19107991,0.79691159,0.420848852,-1.810455187,0.440105458,-0.298592896,-2.661589348,-2.718063427,-1.155919505,-0.250313391,-1.271472056,-0.010686447,0.915804526,-0.400070616,0.227575575,-0.395652605,-0.093838869,0.462431773,1.177746312,0.375191462,0.787441677,0.531008764,-2.237357263,0.351635817,-0.705161876,-0.99979324,0.986994877,-0.914497622,-0.54725135,0.379328201,0.565672399,0.099232083,-0.080732998,0.699900059,0.164887121,2.080824977,-0.531588446,-0.40280031,-0.144796369,-1.272333563,-0.981351748,-0.28108527,0.345309055,0.437973314,1.336112803,0.223930597,0.499664219,-2.090121331,-1.425053096,-0.25187249,0.78443484,-0.007847169,0.019063669,1.017919347,0.44560883,0.073555424,0.841376036,2.378242403,0.253669462,0.795240991,-0.047400088,0.72025058,-0.36349474,0.639191146,-0.158378732,-1.068729314,-0.563986488,-1.103361543,-2.650858512,0.472490417,-0.257351155,-1.312611547,-0.38000488,0.24750974,0.094239814,1.505601829,-0.084905965,-0.1950004,-0.673328339,0.149882116,-1.32945483,0.250509936,-0.342135226,-1.373991603,-1.279083954,0.253767058,0.212181136,0.274115606,1.226224962,1.34170317,1.011179842,1.021954613,-1.675544274,-0.233576106,0.266220281,0.705204213,0.974972891,-0.459760995,0.107109731,0.926044914,0.786179655,-0.293487437,0.062969086,-0.219834745,1.84517921,1.344588415,1.192723179,0.200939186,-1.256377721,-1.407680262,0.235512787,-0.061596532,2.962004285,-0.431496035,1.199809022,-0.062892705,0.607619019,-0.091628463,-0.816236921,0.696439991,0.640716357,-1.010670835,0.715254526,2.081221211,-0.878447973,-0.023034852,0.016169185,1.07258781,0.260865302,2.646045497,-0.228792476,-0.507509152,1.544443052,0.17446703,-0.055612191,-0.074102877,0.072163163,-0.085198073,1.149899152,0.720106524,1.032274068,-0.037296366,-0.122756822,0.452723392,-0.497861762,1.81893186,1.231122962,0.141418146,-0.526581485,0.48539163,-0.712110256,-0.848575587,-0.01722837,1.339799713,0.818839675,-0.720291763,-0.205986456,-0.382519437,-0.440816643,0.440288499,-0.982927023,-0.687759988,0.164915326,-0.298789608,0.625927277,0.01974036,0.49931204,-0.084906265,-0.13390043,-1.723444572,-1.429920073,1.302726695,0.205480351,-0.368434112,-0.015643153,0.41154791,-2.127727541,-0.374831022,-0.554996429,-0.431774983
hsa.mir.154b,0.0,0.0,0.0,0.0,0.0,0.0,0.0,0.0,0.0,0.0,0.0,0.0,0.0,0.0,0.0,0.0,0.0,0.0,0.0,0.0,0.0,0.0,0.0,0.0,0.0,0.0,0.0,0.0,0.0,0.0,0.0,0.0,0.0,0.0,0.0,0.0,0.0,0.0,0.0,0.0,0.0,0.0,0.0,0.0,0.0,0.0,0.0,0.0,0.0,0.0,0.0,0.0,0.0,0.0,0.0,0.0,0.0,0.0,0.0,0.0,0.0,0.0,0.0,0.0,0.0,0.0,0.0,0.0,0.0,0.0,0.0,0.0,0.0,0.0,0.0,0.0,0.0,0.0,0.0,0.0,0.0,0.0,0.0,0.0,0.0,0.0,0.0,0.0,0.0,0.0,0.0,0.0,0.0,0.0,0.0,0.0,0.0,0.0,0.0,0.0,0.0,0.0,0.0,0.0,0.0,0.0,0.0,0.0,0.0,0.0,0.0,0.0,0.0,0.0,0.0,0.0,0.0,0.0,0.0,0.0,0.0,0.0,0.0,0.0,0.0,0.0,0.0,0.0,0.0,0.0,0.0,0.0,0.0,0.0,0.0,0.0,0.0,0.0,0.0,0.0,0.0,0.0,0.0,0.0,0.0,0.0,0.0,0.0,0.0,0.0,0.0,0.0,0.0,0.0,0.0,0.0,0.0,0.0,0.0,0.0,0.0,0.0,0.0,0.0,0.0,0.0,0.0,0.0,0.0,0.0,0.0,0.0,0.0,0.0,0.0,0.0,0.0,0.0,0.0,0.0,0.0,0.0,0.0,0.0,0.0,0.0,0.0,0.0,0.0,0.0,0.0,0.0,0.0,0.0,0.0,0.0,0.0,0.0,0.0,0.0,0.0,0.0,0.0,0.0,0.0,0.0,0.0,0.0,0.0,0.0,0.0,0.0,0.0,0.0,0.0,0.0,0.0,0.0,0.0,0.0,0.0,0.0,0.0,0.0,0.0,0.0,0.0,0.0,0.0,0.0,0.0,0.0,0.0,0.0,0.0,0.0,0.0,0.0,0.0,0.0,0.0,0.0,0.0,0.0
hsa.mir.108b,-1.063927153,-0.974689486,0.336936116,-0.100148377,-1.104470237,-0.299015057,0.162181388,-0.307380505,0.639992203,0.807754731,-0.49959339,0.600900237,-0.056566088,0.365044714,0.350809976,-0.897896724,-0.575305018,2.908434217,-0.289979074,-1.052551824,0.387960854,0.236139771,-1.202291324,-1.061782098,2.635895665,-0.844248311,0.232427956,-0.235195658,-0.935848297,-0.581000824,-0.873316515,0.850443523,-0.904371061,0.710542827,-0.455939336,-0.101072121,1.470319899,2.302704646,0.799662346,-1.291798834,-1.077853683,-0.641076551,-0.144556585,0.000263346,-0.777214309,0.861290596,0.532653322,1.394880516,-0.602535099,-0.204621078,0.128809516,-0.270754625,0.727525159,1.371787053,-1.231445295,2.773160356,3.13128113,0.849028024,-0.958671238,-0.327218172,0.20918886,2.043850354,-0.05237073,1.397379722,0.989021277,-0.132409895,-1.091791538,2.776765077,-0.120775093,2.144767938,2.891876774,1.84329114,-0.086288075,-0.619592523,1.065995824,0.72473578,0.031890079,0.284052725,-0.769713651,-1.232466694,-0.633781505,-0.22896574,-0.608799944,-0.148535798,0.862959253,-0.03798433,-0.536826278,0.400862764,1.212541827,0.083587263,-1.129592766,-0.020757638,-0.734386628,-0.305529216,-0.182791391,0.326178632,0.249341825,-0.221296752,-0.7834104,-0.734962127,0.94108592,2.281101504,1.010565598,-0.598898259,2.199122417,-0.995045825,-0.626641404,-0.146280714,0.155317643,-0.313257395,0.596912394,3.698319655,1.70724126,1.526450193,-0.795321478,-0.811651047,-0.044090516,0.130187823,-0.010670973,-1.366942634,-1.29484086,0.441583298,-0.214176972,-0.965358277,-0.732769985,-0.552121162,-0.269602146,0.073902118,-0.348894491,-0.610895899,-0.124086923,-0.179069964,1.564400552,0.237888963,0.849109624,1.367382141,0.868717439,2.197644474,-0.258901107,-0.157660339,-0.639508855,-0.439337558,-0.422534453,1.828707957,-0.69303531,-0.55527494,0.765045359,0.116311275,-0.232395419,-0.108993585,-0.406390213,-0.829013026,-0.93568103,1.618978454,-0.695218042,-0.003589864,1.126553574,-0.189924492,-0.476037339,-0.879820025,-1.260682059,-1.016736354,-0.217937561,-0.296621565,-0.537433436,-0.187195883,-0.688719341,0.003206066,-0.407106612,-0.334027134,0.145602336,-0.413443849,0.340361507,-0.836384739,-0.57137564,-0.386978897,-0.708011224,-0.478988298,-0.134237705,-0.520343584,-0.654762662,-0.597103436,-0.139580958,-0.495566849,-1.516810843,-0.759987584,-0.880418465,-0.821966962,-0.607690532,-0.320502113,-0.548874861,-0.350921808,-1.017408464,0.527405608,-0.616943357,-0.269173909,-0.295994603,0.810137822,0.020548864,0.420393516,0.124812709,0.289254387,-0.014823915,0.03789121,-0.680002644,0.158765397,-0.369060985,0.927997872,0.716205013,0.096955939,-1.105333594,-0.575189075,0.665097043,-1.052503541,-0.594013136,0.513915407,-0.49976597,-0.250333002,-0.352828514,0.315675577,-0.730274368,-0.09676656,-0.039025177,1.185404613,0.336086848,0.715513889,-0.74761567,-0.164520069,-0.83881329,-0.535721297,-1.697843569,1.063272565,-0.968966947,2.565265182,2.469234229,0.45264837,-0.625297266,0.079375828,0.200575101,0.580906146,1.13488266,-0.843386948,-0.258340818,-0.137804132
hsa.mir.3917,0.670632957,-0.30298895,-0.048976159,3.537760069,-0.623584947,0.369733077,-0.507033384,-0.020988847,-0.584748271,-1.112673995,-0.076515123,-0.950222861,0.322535727,-0.38075592,-0.50047283,1.85261379,-0.522846025,0.779531878,-0.567704591,2.9340919,-0.609722454,0.212162725,1.281436155,1.26133992,-0.538486058,0.448283418,-0.642349036,-0.445773025,-0.139307083,0.254408858,-0.41983628,-0.119686739,0.937603655,0.743132887,0.453627579,-0.907352204,0.328037438,-0.363235973,-0.332806489,-0.017471603,-0.330313374,1.16627664,-0.59765972,0.108323547,1.345625825,0.066796744,-0.388590752,-0.367354276,-0.253009178,-0.507725855,-0.48173095,-0.465527894,1.270992552,-0.444841868,0.409225499,-0.570854409,-0.493007478,-0.420685697,0.775761955,0.4029786,1.547650591,-0.717466768,-0.204822268,-0.884979241,-0.700495601,-0.367587398,1.298875588,-0.465369747,-0.484724736,-0.266973919,-1.213227381,-1.109760705,0.713907576,-0.225006422,-0.323165278,-0.18457322,0.757759462,-0.907665457,0.227770652,-1.066646116,-0.4286143,-0.53476728,-0.456568733,-0.622438184,-0.824098943,0.981009124,-0.959271306,-0.554770756,-0.461009771,-0.126148256,0.20718841,-0.123866255,0.028290013,0.798656884,-0.415266525,-0.347062889,0.808438427,0.285337367,3.664462082,1.06863321,-0.488319124,-0.391636622,-1.103077012,-0.625874676,-1.19022244,0.271700109,1.326364308,0.49272593,2.161357119,0.352898397,0.538901552,-0.56623942,-1.097954131,0.691081138,-0.157016265,0.103701994,-1.705032572,-1.367839264,-1.119740814,1.407776574,1.894156182,0.861332651,0.122425585,0.394351901,-0.532143542,0.467146506,1.114358111,-0.447219023,0.028467851,-0.306549806,-0.532596492,0.07081645,-0.554286516,-0.164636948,-0.2449324,0.134223956,-1.177402561,-1.074920442,-0.399875581,-0.799046079,-0.922257263,-0.920685956,-0.390448971,-0.114747912,-0.846543791,-1.130513923,-0.758718537,-0.37183691,-0.520283993,-0.813493695,0.616917081,0.364929134,2.417595122,-0.629261192,1.766421148,0.326781376,3.531187173,1.42948955,0.129455697,-0.057330275,0.535460636,0.151255678,0.395774483,1.379768955,0.515068226,-0.339160457,-0.171875078,-0.970695358,0.988942864,-0.233765786,0.200943443,-0.077654956,-0.365052493,-0.248767369,-0.728891308,0.265017842,2.020011515,0.611578143,0.110018566,0.139059493,1.134335253,0.104036839,-0.59050049,1.460569313,1.001383354,2.897173832,1.359601244,0.842150314,-2.125671357,-0.905843342,-0.253234261,2.248291153,0.157683908,0.645367273,0.902542271,-0.457920192,-0.511551274,-0.362478595,-0.794347285,-0.448789543,0.315696246,-0.455986322,1.004009817,0.238728528,0.051189878,-0.670373391,-1.034783951,0.622695032,-0.957224828,1.992424106,0.951857331,0.271665084,-0.568260491,2.851374894,-0.258062369,-0.538166589,0.689284443,0.786235945,-0.112475126,0.375314747,-0.319273392,0.137637331,-0.300051599,-0.953584487,-0.048851045,-0.883926797,0.667385804,-0.140818925,2.954440539,-0.082362539,-0.937835393,0.133008453,0.563426075,-1.196906371,-1.305552242,-1.16599174,2.696524264,-0.248061161,-0.284417076,-0.323843927,-0.97265098,-0.478886657,-0.910330266,-0.365940354
hsa.mir.151b,-0.880199623,-0.72348847,0.338440466,-0.05103175,-1.300582531,-0.305739981,-0.078429461,-0.459692949,0.613515974,0.237339648,-0.501695667,0.673212002,0.001023314,0.520947737,-0.101859137,-0.705376856,-0.508610643,3.29365368,-0.635054345,-0.257061584,0.469931508,-0.180483806,-0.998053526,-1.001715668,2.923046511,-1.720865808,0.17522169,-0.497915051,-0.538261222,-0.97275446,-0.445885606,0.954550913,-0.843708424,-0.100877699,-0.255260255,-0.152936583,2.012584792,2.367662983,0.721161264,-1.054690999,-1.069371123,-0.131898206,-0.463284293,0.043574634,-0.299202323,0.558090487,0.313001205,0.254348778,-1.237059408,0.335617541,0.058955099,-0.9435367,1.437090162,1.883910531,-1.339867349,3.517896739,2.46991885,0.945328796,-0.586390016,-0.945932065,0.782680386,2.136084347,-0.083327479,1.363715586,1.034605928,0.107068543,-0.564814837,3.297341879,-0.350710873,2.128890754,2.581591558,1.004839914,-0.380812998,-0.649055014,0.420896168,0.089542216,-0.279870814,-0.412862784,-0.421933664,-1.13952751,-0.492607593,-0.137369834,-0.839898249,-0.296543736,0.191441684,-0.182030163,-0.265826521,-0.209766865,0.547244366,-0.146269158,-0.70341096,-0.049847221,-0.654106301,-0.354807044,-0.259221697,0.533784734,0.10237269,-0.434207719,-0.181736439,-0.481018505,0.605467414,2.321191559,1.472340221,-0.72427242,1.801342077,-1.077944428,-0.652965118,-0.538529447,-0.188970339,-0.442640659,0.25315572,3.861293482,0.957837306,1.216909906,-0.583970586,-0.952961381,-0.216242758,-0.037082866,-0.334501589,-0.911092177,-0.842551314,0.254191247,-0.265349075,-0.604597638,-0.421709979,-0.334742039,-0.294400539,0.586287971,-0.424293272,-0.462512527,0.032424836,0.036660506,1.848513112,0.078412025,0.273044297,1.292368785,0.567646806,1.345296197,-0.665666324,-0.162761894,-0.756289874,-0.777890463,-0.421502247,0.710172122,-0.831142125,-0.655567096,1.145751719,0.71985846,-0.273802055,0.221292801,-0.611155944,-0.780335456,-0.359563615,2.085768746,-0.503463093,-0.413634149,1.444384686,0.025731505,-0.6792975,-0.741471936,-1.064958856,-0.619083052,-0.23024896,-0.193218092,-0.455735613,-0.561066952,-0.937017431,-0.029819157,-0.279084303,-0.437564828,-0.342955189,-0.740250258,0.55446015,-1.191885509,-0.548461605,-0.704390894,0.010532771,-0.520215142,-0.287005439,-0.602286733,-0.410441927,-0.520860842,-0.498785373,-0.394025595,-1.19276526,-0.30168136,-0.62147536,-0.487659297,-0.815385429,-0.791991686,-0.473295951,-0.216033661,-0.500500492,0.43069703,-0.577467242,-0.501918156,-0.637163879,1.879925504,-0.18350624,0.563633095,-0.171676655,0.414274534,-0.056279076,0.127385289,-0.504612474,-0.212601014,-0.348521733,1.273991183,-0.043781242,0.678840568,-1.02379477,-0.577462833,-0.255392525,-0.253851807,-0.388926579,0.504459488,-0.274252664,0.143392795,-0.321831462,0.226309901,-0.00579674,-0.451587905,-0.197457538,1.484234567,-0.341033375,1.010216519,-0.957522798,-0.253464913,-0.212511034,-0.527785134,-1.359956719,0.538897309,-0.732146458,2.352340263,2.189575407,0.491617776,-0.204163238,-0.011847919,-0.031676498,0.051164846,0.398285847,-0.836841375,-0.773044368,-0.688682214
hsa.mir.151b.1,0.0,0.0,0.0,0.0,0.0,0.0,0.0,0.0,0.0,0.0,0.0,0.0,0.0,0.0,0.0,0.0,0.0,0.0,0.0,0.0,0.0,0.0,0.0,0.0,0.0,0.0,0.0,0.0,0.0,0.0,0.0,0.0,0.0,0.0,0.0,0.0,0.0,0.0,0.0,0.0,0.0,0.0,0.0,0.0,0.0,0.0,0.0,0.0,0.0,0.0,0.0,0.0,0.0,0.0,0.0,0.0,0.0,0.0,0.0,0.0,0.0,0.0,0.0,0.0,0.0,0.0,0.0,0.0,0.0,0.0,0.0,0.0,0.0,0.0,0.0,0.0,0.0,0.0,0.0,0.0,0.0,0.0,0.0,0.0,0.0,0.0,0.0,0.0,0.0,0.0,0.0,0.0,0.0,0.0,0.0,0.0,0.0,0.0,0.0,0.0,0.0,0.0,0.0,0.0,0.0,0.0,0.0,0.0,0.0,0.0,0.0,0.0,0.0,0.0,0.0,0.0,0.0,0.0,0.0,0.0,0.0,0.0,0.0,0.0,0.0,0.0,0.0,0.0,0.0,0.0,0.0,0.0,0.0,0.0,0.0,0.0,0.0,0.0,0.0,0.0,0.0,0.0,0.0,0.0,0.0,0.0,0.0,0.0,0.0,0.0,0.0,0.0,0.0,0.0,0.0,0.0,0.0,0.0,0.0,0.0,0.0,0.0,0.0,0.0,0.0,0.0,0.0,0.0,0.0,0.0,0.0,0.0,0.0,0.0,0.0,0.0,0.0,0.0,0.0,0.0,0.0,0.0,0.0,0.0,0.0,0.0,0.0,0.0,0.0,0.0,0.0,0.0,0.0,0.0,0.0,0.0,0.0,0.0,0.0,0.0,0.0,0.0,0.0,0.0,0.0,0.0,0.0,0.0,0.0,0.0,0.0,0.0,0.0,0.0,0.0,0.0,0.0,0.0,0.0,0.0,0.0,0.0,0.0,0.0,0.0,0.0,0.0,0.0,0.0,0.0,0.0,0.0,0.0,0.0,0.0,0.0,0.0,0.0,0.0,0.0,0.0,0.0,0.0,0.0
hsa.mir.25,0.33593973,0.638522327,1.041221284,0.589468831,0.875202717,0.02492285,0.057141058,-0.604292278,-0.978013541,-0.873565824,-0.633727808,1.996737877,0.339771878,0.010918116,0.060759464,-0.297793668,0.225728831,1.093740219,-0.553406246,-0.593617685,-0.143107145,-0.10062855,-0.081939553,-0.816765649,0.20436064,1.959717125,1.487407603,-1.046473518,-0.423616622,-0.070994489,1.421635818,1.936748965,-0.872944416,-0.496279215,0.482395306,-0.673096906,-0.674889822,-0.375014549,0.30709074,0.046604762,0.870671132,-0.341094623,-0.127923839,-0.796077328,0.8234075,0.33070916,-0.496261709,-0.027944186,1.613604945,0.147434163,1.942804677,0.01229923,0.16764772,3.397447632,-0.193543796,1.765208817,-0.99116719,1.038161975,0.509772508,-0.667354518,0.035466065,-0.093887241,0.046591032,0.479690349,0.73231872,0.438660327,0.398227847,2.365481209,-0.108972971,1.61208669,1.069561979,-0.432383397,-0.504592219,-0.121794905,-0.503637651,-0.158703988,-0.438560423,-0.512061835,0.74445287,8.865303582,-0.502478409,-0.453698112,1.133565996,-0.194877684,-0.159313437,-0.006969316,0.217221759,-0.544183533,0.439410042,0.305319141,-0.541213091,-0.138346172,-0.249110459,-0.285749091,-0.221957153,-0.478442405,-0.064113401,-0.341081778,-0.338648375,-0.475910379,0.149784695,1.758818789,0.297794894,0.152117324,0.18692042,-0.630321897,-0.595980177,-0.597497673,1.305366281,-0.507148274,-0.059522992,1.940494577,-0.170179821,-0.248782972,-0.410189016,-0.335361593,-0.129117569,-0.000735652,-0.692491536,1.715486056,-0.084313427,0.396441019,0.057229041,-0.032681673,-0.841654888,-0.538242379,-0.120415056,0.221820822,-0.186748035,-0.274032886,-0.491023136,-0.56473464,0.075303784,0.472467808,-0.061325719,-0.101539326,0.225467358,0.134043592,-0.751203215,-0.204625928,-0.2293323,-0.313589891,-0.460237711,-0.768446024,0.475748249,-0.069544507,0.156001449,0.025421136,0.362857162,-0.377457508,0.002605817,-0.649010298,-0.225699223,-0.175961702,0.226245852,-0.093842238,0.537831441,-0.503518865,-0.330991485,-0.186991659,-0.171413893,0.09163616,-0.157613182,-0.040425372,0.610953875,-0.272805029,0.017979505,0.161557917,-0.018886418,-0.075231522,-0.459991648,0.074074752,0.51464224,-0.572987682,-0.206493512,-0.446112981,-0.442499326,-0.350588132,-0.696663602,-0.728131372,-0.469812772,-0.444242705,3.387835915,-0.391793758,2.410316985,-0.294288266,-0.04387952,-0.310166095,-0.005831555,-0.364631383,0.454995594,1.185179575,0.044679854,0.599596594,-0.787492336,0.194407181,0.406076891,0.196686261,0.123896101,-0.239652071,-0.675061163,-0.486891918,-0.19775998,-0.484898538,2.057022805,0.058500347,-0.261366051,0.894779727,-0.516749512,-0.290490064,1.608602986,0.843497718,-0.231497906,-0.14091247,-0.477743294,-0.432435446,-0.085364686,0.281389999,-0.734708188,-0.201228273,1.073750629,-0.25886705,0.259865824,0.260522623,-0.50571372,0.66314283,-0.184975407,-0.035460106,0.997380021,-0.383470457,4.069005315,-0.250385524,-0.344234562,-0.228513698,0.393451265,-0.383144342,-0.268615691,0.207809313,-0.085514311,0.208372241,-0.470620244,0.192153953,0.046395067,-0.364489816
hsa.mir.142,0.409562648,0.896473768,-0.793107171,0.96953358,0.398065817,0.470029813,-0.273368885,1.305301104,0.696501913,0.407059528,-0.332246933,2.081459115,0.183478319,0.076676275,-0.540064096,-0.144169419,1.014980961,-2.885222864,0.347572868,-0.702733306,-0.611099124,-1.169243851,-2.138381401,-0.796253307,-0.33619498,0.355962222,-0.117673812,0.290139024,1.87826319,-2.161320264,1.802521051,-0.561496891,1.41468266,-0.223397583,1.516382251,0.579652726,-0.953574956,-0.353071416,2.473466994,-0.049206947,0.103832972,1.2521512,-0.362899587,1.034761616,0.725779143,-0.691603716,-1.726587326,0.824929438,1.034125953,0.071121445,0.199580768,0.415044455,0.894608849,0.057647876,-0.553525687,-0.183790574,-0.922708691,0.809280743,0.641967636,-0.210685179,0.831344714,-1.483443581,0.594094332,0.324458971,-0.609672831,0.682961828,1.224371608,-1.656977887,-0.236975564,0.353462185,-2.741961209,1.920718406,-0.30325766,-0.061923648,-0.019264097,-0.855090581,0.423987215,0.210507073,0.472548075,-0.338937002,-0.161026757,-0.069027803,-0.021377263,0.168076616,-0.945826093,0.73863275,-0.081094477,-0.130769036,0.505199184,1.147149525,0.935898978,-0.811674817,-0.407199124,0.132820963,0.05277183,-0.617092225,0.513864518,-1.525501099,0.474532329,0.307191776,0.266519126,-0.293758793,-0.268425123,-0.257042648,-1.16522761,0.292004189,-0.113508976,0.482568084,1.216518894,-0.582163421,0.073265768,-0.338441382,0.862663438,0.418260953,0.539579017,-0.196760297,0.414713937,-0.615002741,0.508044826,0.658576019,0.063183553,0.906970478,0.56677923,0.404542016,0.27777303,0.477038982,-0.674181487,0.654461532,0.875092919,1.569810031,0.167585552,0.587023094,-2.002875388,0.463076396,-0.832134897,0.564266711,-1.226254497,-0.606866298,1.007470715,-0.096999794,0.31520063,1.095732873,0.895230189,-1.387414843,-2.083308122,0.102242968,-0.14862872,0.239927442,-0.53196087,1.683594452,-0.423137303,-0.831851892,0.003924855,-0.774638603,0.823907913,-0.901959126,0.538826228,-0.947482081,-0.235784176,-0.336288997,-1.495624169,1.734439146,-0.081817609,0.129356463,0.120241644,0.17894148,1.050511844,0.152254894,-0.329931341,-0.113985498,-2.106357552,-0.736579609,-0.614550459,0.347561422,-0.643384929,-1.519712519,-0.483077895,-1.027382631,-0.121747061,-1.228105584,-0.860345245,-0.256448373,1.047866962,-0.42988674,0.409611416,1.211656162,0.102495758,-0.335183973,0.326633878,-0.754094669,0.476395803,0.973787577,0.796565706,-0.281361574,0.252278827,-0.153786966,0.329072583,0.795603003,0.476470176,-0.135561938,-0.144872362,0.560381374,0.449139864,-0.038784433,0.289947375,0.132626968,-0.046023706,0.77016548,-1.02891234,0.238402645,-0.988970666,0.777913292,0.507667,-0.493904468,-0.423182442,0.307277703,0.476701603,0.488330987,0.574219264,0.847775049,-0.007349429,-0.148254781,0.772186226,1.335601304,-2.086619802,0.469032297,-0.2735086,0.000780247,1.094365784,-0.621834749,0.427912385,0.61889716,0.667620748,0.286797161,0.05603505,-0.894176678,1.081681017,0.102242559,-0.229601336,-0.611027165,-0.145154807,-0.390772923,-0.046011933,-0.172416107
hsa.mir.142.1,-0.291639287,0.952175649,-1.000560204,-1.183642729,-0.906736734,-0.562225951,0.208035693,-0.087744619,-0.296625343,0.307312492,-0.946097079,0.06243508,0.761442461,-0.26607787,0.183843461,0.074327252,-0.553099379,4.568300679,-0.004424501,0.549998865,-0.77327829,-0.223480246,-0.289873479,0.939074663,-0.933153507,0.539560052,-0.56949263,3.076657157,-0.255018999,-0.432823946,-0.592196259,0.657337423,1.054728614,-0.960436834,-0.088983782,-0.431071069,-0.861856733,0.792785307,0.420393929,-1.156482565,-0.294360744,-0.333327608,-0.176899915,0.434457798,-0.145238815,-0.315796826,-0.852616522,0.832008899,1.036397728,-0.523998602,-0.160193011,-0.638623969,-0.739173795,1.154877561,-0.607647731,-1.434600019,-0.694061269,1.995290223,6.620988395,0.807291824,0.363054361,-0.389770111,-0.012420035,-0.452719878,-0.427540385,-0.090125216,-0.285448626,1.479683839,-0.358090628,-0.346430471,-1.020666307,-0.31936786,-0.580850686,0.874607331,-0.440275234,-0.256975507,-0.139101903,0.021241186,0.325511112,3.141676587,-0.459725886,-0.595849427,-0.218001818,-0.384309868,-0.413057268,-0.421923571,0.125322593,0.463868576,-1.114428787,-0.442710219,0.443821627,-0.536810432,-0.64305261,0.439635464,-0.281251484,-0.340353169,-2.058554379,0.242441759,0.019029826,1.723028056,0.313862091,-0.415922597,-0.708092287,-0.409094365,-0.906123257,0.252882388,-0.190123486,0.214415028,-1.822852374,0.282950438,-0.203002485,-1.156578507,-0.589173612,0.0588885,-0.350624193,-0.489665403,-0.012648903,-0.655151778,-0.35372108,-0.348940491,1.500196157,0.209004918,0.493305256,0.171735285,-0.627959029,-0.149684016,-0.695338307,-0.149094362,-0.944403846,0.299496984,-1.075396351,-0.06235076,3.712114912,0.139270083,-0.29809801,1.355432979,-0.587604636,-1.3139662,-0.174999828,-0.869821143,-0.638110555,-0.635660932,1.042787519,-0.180924489,-0.836724986,-0.582127771,-0.845297766,-0.115419517,0.390520345,1.027492775,-0.73230643,-0.105456434,-0.177541299,-0.414162078,2.845920634,0.012863273,-0.525618282,0.374987752,0.236489184,0.642288807,1.042024774,4.828073031,0.84244247,1.959029369,0.073783223,-0.734631652,-0.003356805,-0.63252152,-0.219739996,1.792466283,2.196863741,-0.138104409,0.395777725,0.138065845,-0.49840477,0.057347317,2.537282983,2.287630108,1.728525093,0.70785517,1.50629996,3.157171794,2.12087395,0.155683322,-0.803020288,-0.148465698,1.203548734,1.300918022,-0.630113763,-0.334408398,-0.148772239,-0.12961349,0.623077492,-0.184290464,0.726689838,-0.062229283,0.021164477,-1.07147585,-0.53848142,0.276488752,-0.279691251,1.012235736,0.566721392,-0.473326282,1.005019815,-0.058252775,0.495385023,0.029976153,-0.370527454,1.356215074,0.840518004,-0.192716205,-0.719422652,-0.518600376,1.077504906,-0.673129635,1.618999848,0.385942952,0.419384932,1.165959588,-1.772324517,0.660067615,-0.131712115,-0.726465413,1.322698676,-0.49535792,-0.239678222,-0.373837375,-0.266021795,0.368814577,0.579054615,-0.633707783,-0.133519605,-0.731957432,-0.18341427,-0.218422622,-0.235140954,-0.050200126,0.171433204,-0.265369479,-0.421890509,1.719364242,1.096757734,-0.16402301
hsa.mir.7705,1.646304889,0.605964947,0.067703758,1.307102025,-0.426914709,0.465492479,-0.242677506,-1.067316958,-0.806101935,-0.739644054,0.123199815,1.434818734,-0.28857093,-0.877844465,-0.478790028,0.492179632,1.38936262,2.812315347,0.09864664,0.479834719,0.424869825,-0.154864672,-0.240049429,0.450199952,-0.310485787,0.708152287,1.071847142,-0.848294134,1.229262124,0.046116405,0.143985806,0.232088967,-0.384434637,0.185361067,2.095504998,0.331256419,-0.484906655,-0.630102441,0.671167932,0.246557416,2.598872096,-0.586755514,-0.258330204,-0.297377109,1.139089606,0.187503301,-0.216489674,0.022849855,1.101746755,-0.410786857,-0.889411847,0.020626643,0.104385401,-0.579951526,-0.990231071,1.875146748,-0.105627427,0.277980249,1.594278549,-0.002772653,-0.176264298,-0.578182449,-0.258584561,0.205673509,-0.170555237,0.27581126,0.371270414,0.476864099,-0.125411965,-0.464889672,-0.365336232,0.243089261,-0.704824828,0.277156394,0.058592547,-0.322504357,0.256425675,-0.406738627,-0.508827116,5.254960082,-0.654905533,-0.473139072,0.477506944,-0.064497264,-0.226477982,0.645188847,-0.581871736,-0.572553227,-0.395421698,-0.282847543,-0.147840936,0.151731646,0.003693501,-0.136567274,0.130274561,0.110439727,0.45866698,-0.46440066,-0.172514942,0.516570652,0.408064073,0.621920579,-0.164077859,0.177445908,-0.210966064,-0.076918647,-0.605362564,0.015554334,0.606281136,-0.179804527,-0.1405578,-0.074847371,-0.073752222,-0.799543,0.948590334,0.261910614,-0.01921502,-0.582047235,0.25888537,1.822557202,0.429446182,-0.431402725,0.087857325,0.740259045,-0.146230802,-0.42756485,-0.001269983,-0.287275022,-0.381192277,0.167236223,-0.461494662,-0.426781137,0.264045686,-0.484566187,-1.373958105,0.11765889,-0.162517195,-0.331569111,0.471710032,-0.03915049,-0.224832435,-0.837089489,-0.34031656,0.114709,0.900285993,-0.442096067,0.816760707,-0.395357612,0.59292368,0.120747974,-0.630351509,0.45424836,0.334918929,0.072049568,-0.915021948,-0.362509248,-0.455603161,-0.005909846,-0.153838897,0.10083493,0.274061753,0.138341566,0.23571004,-0.136664295,0.620462135,-0.267394824,0.665339602,-0.202756762,-0.087932262,-0.184793717,-0.000845392,0.115707485,0.154261273,-0.324721187,-0.021441289,0.133772215,0.303835782,-0.145362653,-0.338611814,0.025213132,-0.371013987,3.475468201,9.140603,-0.07574975,8.695598417,0.166767137,-1.132967608,-0.417496746,0.490377999,0.151787542,0.123077891,0.371433842,-0.003992805,0.759895061,0.067417157,0.391139544,-0.303797274,-0.492124366,-0.491805745,-0.519683038,-0.444452382,-0.530002821,-0.593988444,-0.560402959,1.691595612,0.260006315,-0.653659429,1.056308269,-0.653914836,0.467954383,0.337333238,0.287145193,-0.468723241,0.324235361,-0.528107536,-0.744691528,-0.013230983,0.778424681,-0.437780449,-0.697853396,2.552774031,-0.989445975,0.030965884,0.0658797,-0.6079619,-0.4489622,0.240407987,0.47762561,0.248801313,-0.467545664,4.225173149,-1.01668125,0.013413461,-0.31011582,-0.044893871,-0.296430906,-0.618390263,0.132288378,-0.27132142,1.306497605,-0.184969373,0.000264373,-0.455052697,-0.231334626
hsa.mir.361,0.631525021,0.242505744,0.427753556,-0.656577076,0.666770813,-0.746307096,0.388495433,-0.109613108,-0.22379141,0.720258354,0.660680865,-0.381665954,-0.179850107,-0.678698646,0.72429436,-0.341024345,-0.8067679,-0.28308805,2.077357754,-0.755946741,0.149807465,0.618508405,-0.774145034,-0.756064492,0.034572493,-1.585905179,1.217424234,0.255034811,0.182630327,-1.889574453,-1.030508871,0.447596851,-0.99974536,0.563121372,-1.56612956,0.303658051,-0.776840186,0.918083546,0.592971281,-0.770333003,-1.660612573,-0.173620187,1.154546651,-0.613677757,-0.155277293,0.33348978,-0.54185056,0.592731427,0.548624394,0.427961361,-0.839916556,-0.732310627,-0.651332058,0.726500587,0.622905429,-0.53157287,0.662123009,-0.73263164,-0.259062614,-0.488397718,1.457758255,0.985477665,-0.865264123,-0.235703031,-0.036964939,-0.699313535,-0.56865789,0.509742022,0.502069528,-0.496022241,1.677833405,-0.357801805,-0.312329043,-0.125461377,0.086869481,-0.704151192,-0.968228192,0.178435191,0.029470623,-1.781356335,-0.288128261,0.063940805,-0.331538444,-0.505784077,-0.061756227,-0.635330877,-0.823953883,-0.216013424,-0.170183621,0.642369299,-0.748377667,0.075755274,0.386676843,-0.580944062,-0.236845412,0.050731563,-1.592077133,-0.769849073,-0.824085703,-0.210462065,0.259912509,0.013751497,0.165735816,-0.24696561,-0.974788202,0.025526028,-0.831136309,0.26371484,-0.484767135,-0.07870568,-0.589423062,-0.610691027,0.437646328,-0.333241031,-0.108728072,-0.462698499,-0.089851989,-0.64125182,0.096426734,0.244218703,0.366203049,-0.865026853,-0.765850388,-0.74162257,0.864718123,-1.132377086,0.691767953,-0.368544095,-0.561623446,0.354699524,-0.434659298,2.277173779,0.649305643,1.402516702,-0.364255919,0.137124018,-0.002615038,0.300625979,0.072942683,-0.138215145,-0.475712912,0.119709983,-0.116801017,-0.455911235,0.869706288,-0.275326169,-0.179115828,-0.175285154,-0.206864589,0.896262671,-0.554728327,-0.712808448,-0.018696111,0.041751901,0.415276282,0.962269912,-0.275288387,0.719927878,-0.100813171,0.524207288,0.223060519,-1.158208814,0.371546033,-0.807205344,-1.123062603,-0.342513614,0.153920473,-0.296115388,-0.190759147,-0.080886353,0.031035798,-0.558914172,0.02214653,-0.143040267,0.000103999,1.737875969,2.269806336,0.199930127,0.383695134,0.171944515,-0.561924471,0.017037902,-0.185284142,2.807295107,-1.234815964,-1.523109203,-0.577885279,-0.737712329,-0.710936133,1.573633086,0.943527056,-0.10103589,0.772542738,-1.234145675,-1.394305955,-0.525130293,-0.950232705,-0.353526196,0.195509947,0.400438581,-0.646689133,-1.006491848,-0.486557988,-1.135829187,-1.393357506,-0.0123132,0.068449717,1.528723955,0.118777464,-0.7121167,0.268253723,-0.14192371,-0.011194943,-0.668931665,0.213228484,0.079392767,-0.10886932,-0.037490435,0.45544585,-1.129226869,-0.327848208,-0.534305571,-0.097497021,-0.030918961,0.137873015,0.07705802,0.166769343,-0.725344763,-2.090884513,-0.234007955,-0.630258304,-0.455327616,-0.572242556,-0.347373099,0.143073979,-1.12359634,0.136313019,0.606292173,-0.310297146,-0.233454085,-0.063980903,0.842207636,-0.768269002,-0.112149535
hsa.mir.200,0.0,0.0,0.0,0.0,0.0,0.0,0.0,0.0,0.0,0.0,0.0,0.0,0.0,0.0,0.0,0.0,0.0,0.0,0.0,0.0,0.0,0.0,0.0,0.0,0.0,0.0,0.0,0.0,0.0,0.0,0.0,0.0,0.0,0.0,0.0,0.0,0.0,0.0,0.0,0.0,0.0,0.0,0.0,0.0,0.0,0.0,0.0,0.0,0.0,0.0,0.0,0.0,0.0,0.0,0.0,0.0,0.0,0.0,0.0,0.0,0.0,0.0,0.0,0.0,0.0,0.0,0.0,0.0,0.0,0.0,0.0,0.0,0.0,0.0,0.0,0.0,0.0,0.0,0.0,0.0,0.0,0.0,0.0,0.0,0.0,0.0,0.0,0.0,0.0,0.0,0.0,0.0,0.0,0.0,0.0,0.0,0.0,0.0,0.0,0.0,0.0,0.0,0.0,0.0,0.0,0.0,0.0,0.0,0.0,0.0,0.0,0.0,0.0,0.0,0.0,0.0,0.0,0.0,0.0,0.0,0.0,0.0,0.0,0.0,0.0,0.0,0.0,0.0,0.0,0.0,0.0,0.0,0.0,0.0,0.0,0.0,0.0,0.0,0.0,0.0,0.0,0.0,0.0,0.0,0.0,0.0,0.0,0.0,0.0,0.0,0.0,0.0,0.0,0.0,0.0,0.0,0.0,0.0,0.0,0.0,0.0,0.0,0.0,0.0,0.0,0.0,0.0,0.0,0.0,0.0,0.0,0.0,0.0,0.0,0.0,0.0,0.0,0.0,0.0,0.0,0.0,0.0,0.0,0.0,0.0,0.0,0.0,0.0,0.0,0.0,0.0,0.0,0.0,0.0,0.0,0.0,0.0,0.0,0.0,0.0,0.0,0.0,0.0,0.0,0.0,0.0,0.0,0.0,0.0,0.0,0.0,0.0,0.0,0.0,0.0,0.0,0.0,0.0,0.0,0.0,0.0,0.0,0.0,0.0,0.0,0.0,0.0,0.0,0.0,0.0,0.0,0.0,0.0,0.0,0.0,0.0,0.0,0.0,0.0,0.0,0.0,0.0,0.0,0.0
hsa.mir.111a,3.06299743,0.999968469,0.278748545,0.090702828,0.602606136,0.247111236,-0.552366796,-0.541245533,-0.487208227,-1.069614743,1.438202774,0.131328433,0.820861865,-1.275005105,-0.322493107,-0.144092477,0.209754311,0.456505311,0.378790709,0.546048767,0.126450572,0.273497222,0.308996959,0.086831487,-0.412744379,0.534178205,-0.44310926,-1.982855947,0.196996523,0.588207381,-0.067837336,-0.220588757,-0.104540702,-0.044871693,1.75359631,0.477482706,-0.672689117,-0.352560849,-1.122411053,0.471653592,2.895507978,-0.652649847,-0.323794091,0.198739895,1.55774151,0.306682158,-1.310020517,0.210012417,1.875005186,-0.905608651,3.734820254,-0.227966635,-0.310181369,2.751699055,-0.389702235,0.777421481,0.107313701,2.20642933,-0.012085946,-0.747935994,-0.585609903,-1.460121218,-0.363487226,-0.281950036,0.234106224,-0.078120758,0.621113407,-0.098718228,-0.173450332,-0.907333617,1.237075898,0.40425599,-0.291829875,0.476037332,-0.662335027,-0.023575446,0.240464907,0.139174376,-0.151717554,5.027476967,0.078524927,0.3742623,-0.504903813,-0.737648785,0.748053123,0.200575118,0.280777164,0.447171906,0.09215868,-0.508358164,0.325242146,-0.000170621,0.417354444,0.425307437,-0.182926815,0.36213242,0.605353907,-0.00440083,0.603787294,0.754124387,-0.016296816,-0.235893597,-0.973564957,-0.175743041,-0.931788389,-0.005221832,0.265234239,-0.112047924,0.641417348,0.226491347,-0.203777745,-1.274242072,-0.254340981,-1.230806712,0.938577599,0.046390164,-0.797341679,-0.725541856,-1.106971441,1.59443811,1.089499073,-0.70212572,0.468221989,0.72267136,0.352256368,-0.015786487,-0.588459751,-0.499402438,-0.039080753,-0.527061508,-1.30847799,-0.260664116,-0.444865912,-0.74270805,-0.870632953,0.233089655,-0.53486496,-1.077427637,-0.089226419,-0.238034442,-0.258828514,-0.418994775,-0.922659212,-0.672054292,1.176362522,-0.347575888,0.453449216,-0.114126684,0.662360583,0.417165566,0.745443153,0.000523158,0.487133398,-0.009006648,-0.301561738,0.099855662,-0.113298841,0.489265028,0.052428506,0.201275309,0.557601764,-0.396352377,0.58268207,0.113754565,0.587444348,0.052273082,0.31388151,-0.170697006,0.029479299,0.310453796,-0.09885868,0.73299937,-0.847614315,0.322150477,-0.13279241,-0.528007763,0.742458761,-0.155460687,-0.36143851,-0.418695414,-0.163275651,0.531321742,3.760154905,0.342586033,6.952045102,-0.214532893,-0.30749101,-0.394339057,0.585183956,-0.210776177,0.441388262,0.895655851,1.616187223,0.491487296,-0.36239908,-0.452602659,-0.559811959,-0.749074611,0.040581904,-0.864253188,-0.695865881,-0.76744148,-0.221022132,-0.402644507,1.218589582,-0.404735159,0.328738661,0.570839483,-0.568663564,0.650777591,-0.244097753,0.904585926,-0.951518704,0.30769845,-0.303411024,-0.254776477,-0.173912262,0.908021821,1.226873344,-0.679389653,1.226368392,-0.803170137,-0.55959998,0.381563122,-0.220608677,-0.775627433,-0.203525446,0.038338276,-0.384446695,-0.338737411,2.462677063,-0.838894704,0.137860264,-0.117436468,-0.087512284,0.405279477,-0.176088302,-0.372702069,0.464540561,0.85009477,-0.902579974,-0.41907938,-0.157912683,0.70229814
hsa.mir.199a.2,0.5513579,-0.692305313,1.063119602,0.077499943,-0.614095843,-1.085635311,-0.681316553,-2.826165394,-1.559438516,-0.469432391,-0.232996733,-0.924129476,0.633111013,2.119050012,0.606512838,0.622357734,-0.186933779,0.038706913,-0.226863694,1.604692655,0.580989248,0.206857057,-0.564625846,-0.160664519,-0.032620711,-0.456740487,0.208807994,-0.222430973,0.098824887,-1.483944964,0.887116154,0.155622253,1.71044268,0.270842277,0.643055228,-0.827178953,0.601627595,-0.339541736,-1.698396502,0.555791923,-0.704739422,-1.542024412,0.925281498,-1.205490641,-1.358564038,0.977353187,0.949393272,1.152373443,0.122069943,-0.066602769,0.864002459,-1.940199684,0.643957521,0.009352687,-1.031214679,1.356847871,0.498139737,0.438598692,-0.775273607,1.32066738,1.232083518,0.021198546,-1.394603593,-0.481431395,-0.061924786,0.201154388,-0.003316635,3.043650707,0.5133098,2.076783363,-1.659026809,-2.236367215,1.91654931,0.406692154,0.940086421,0.434745016,-0.048129677,0.051290082,-0.173716118,0.44416664,0.830738518,-0.757004832,0.360796285,-0.37654936,0.287456431,-0.480982838,0.731849962,-0.915929573,-0.917229916,-1.142069209,-0.655022698,0.569272871,0.05215936,0.728094426,0.351388807,0.846067156,-0.632311731,-0.356485396,0.267032152,-0.193084028,0.973097717,2.469382696,0.432431677,0.193216795,-0.083813888,-0.221285713,-0.262614807,-0.023687894,-0.763669414,0.897105029,0.169080249,-0.117485263,-0.046097633,-1.125790555,-0.361518886,0.476509881,-0.403477737,1.26891617,0.19041527,-1.077531092,1.548738419,0.269539078,-0.699174048,-1.103618205,0.142096734,-0.402600898,0.780344742,0.638914235,-0.640952776,-1.108462295,0.861764842,-0.620224887,-1.795346655,0.443543023,0.932562949,2.708264253,0.35034845,-0.621567877,-0.324347596,-0.694619762,-1.569102205,-2.266445531,-0.038438345,-1.275622129,0.284200476,0.623362088,0.671250432,0.46372099,-0.964499172,-1.954156683,0.850234594,1.753007879,-0.508301084,0.344979446,-1.392448533,0.618097587,-0.244919053,-0.35355581,-0.588263404,0.211628327,-0.752648513,-2.928805779,0.324489671,1.091276449,-0.019159874,-0.107273545,-0.975950754,-0.216450546,-0.205356055,-0.117996962,-0.020967492,0.524755359,0.039726716,-2.356959725,-0.518735526,0.851144285,-0.910489983,1.357859801,-0.379171252,0.888339977,0.110581352,1.761052018,-0.569210335,0.281166859,-0.665697919,-0.380296964,-0.404600194,-0.430989969,-0.253882221,0.455798994,-0.616946157,0.118645868,-0.338925577,2.188423962,-0.121362956,0.210831056,-0.256627573,-0.569885316,-0.522844067,0.44807455,0.517004575,-0.458802527,-1.350990859,0.590295462,-1.106712419,-0.0309664,-0.450255212,-0.792686364,0.409643286,0.144964465,-0.970920387,-0.840659086,0.732748673,0.280686162,1.264885555,0.426999515,-1.255544462,-1.137388992,-0.531498697,0.517359416,0.846207219,0.09557309,0.410206054,-1.256304871,-0.362597422,0.135637592,1.194541242,0.931642899,-0.10112004,1.183954751,-0.596652307,-0.36303815,-0.899290514,0.318955491,0.803318447,0.855015881,-0.23420854,0.184664893,-0.842971967,0.825157651,-0.288431723,0.304468074,-0.502274487,-0.095721011
hsa.mir.326,1.618086018,0.630643485,0.374536469,-0.863578532,0.574787634,-0.937787772,1.656102079,-0.921154778,-0.398723829,1.205288608,0.225243537,-1.434176803,0.098018224,-1.59401759,0.459782591,-0.022211215,-1.719525735,-0.052165787,1.795113115,-1.503100331,1.143273122,-0.017038523,-0.133764434,-0.380337295,-0.867827108,-0.84789681,0.415881585,0.32790331,0.611972125,-1.145227345,0.000460992,0.061652864,-1.325897194,0.394788487,-1.026366468,-0.014568404,-1.067925253,-0.30730234,0.067794524,0.916192833,-0.667887747,-0.388664054,1.229436777,-0.539482588,-0.113956264,-0.234481305,0.632818688,1.112776226,1.109373811,1.224242648,-0.122295655,-0.146983072,-0.37426505,0.069920092,1.555398236,-0.213896946,-0.351624774,-0.334743817,-0.36042603,0.697805167,0.980960341,1.051547742,-0.908622161,-0.084445927,-0.189130121,-1.700796372,0.396677236,-1.257938884,0.461360726,-1.311523891,2.190049642,0.235119645,0.800942248,0.269909005,0.116427683,0.088250538,-0.969081819,1.201813295,1.826232474,-0.524035797,0.130629873,0.421812023,0.257068159,-0.074516235,0.349760679,-0.446074869,-1.054533153,0.323190205,0.090973597,-0.173547974,-0.579657455,0.875472137,0.783954102,-0.343556795,-0.034709192,0.508376801,-1.887289142,-0.520148961,-1.101657257,-0.328244677,0.738912073,-1.025808616,0.453506888,-0.03250809,-1.356593491,0.448283357,-1.657811169,1.393523159,0.110291702,-0.374789927,-1.206217525,-1.814211021,0.107037935,-0.299809455,0.236592858,-0.257009861,0.119085505,-2.891738758,-0.181100068,0.242579351,0.346946506,-1.256718251,-0.948682048,-1.076554561,1.036428193,-2.173254885,1.87508034,-0.354015568,0.540352641,0.137980788,0.383437819,1.877938114,-1.721097222,1.648864617,0.323703399,-0.933027974,0.186631141,-0.082930573,0.514859365,-0.402412646,1.012607951,0.123815438,-0.046173106,-0.980431423,1.889430523,0.285333829,0.195690348,0.378359881,0.350939906,0.025825982,0.041567635,0.136771153,-0.467957586,0.225904006,1.192002737,0.968665574,0.618443425,1.587730357,0.505248628,0.984242947,0.681266395,-1.033549019,0.878625034,-1.201437343,-1.507899306,-0.199683459,-0.077355043,0.542779867,-0.084024097,0.680974976,-0.303148684,-0.24984771,0.110298142,0.776724666,0.173703516,2.417102719,-0.547650114,0.106415902,0.022961447,0.78651483,-0.361991778,0.007771038,-0.158663155,2.148187059,-0.641374672,-1.893517936,-0.964565327,-0.972728531,-0.172813578,0.420948105,0.940884296,-0.487760823,0.67396354,-2.043573313,-1.594363025,-0.046834154,-1.123315268,-0.019661445,0.39118041,-0.139253948,0.315224329,-0.847891347,-2.006962557,-1.88595824,-1.489647389,0.829731772,0.460820853,1.002026615,0.846663062,-1.854860859,-0.100800088,-0.151547703,1.305150773,-0.279381193,-0.455835764,0.012876844,-0.060674116,-0.298281883,-0.147807469,-2.061006611,-0.448806477,-0.200502778,-0.025807794,-1.219184557,0.613277416,-0.07188773,0.175111757,-0.303038983,-1.936426038,-0.080931079,0.663785611,-0.478066664,0.19610902,-0.511986381,-0.642026389,-1.369825311,1.57934457,0.870053949,-0.03380036,-0.090210411,0.499487974,1.327944503,-0.395835652,0.466140211
hsa.mir.326.1,0.0,0.0,0.0,0.0,0.0,0.0,0.0,0.0,0.0,0.0,0.0,0.0,0.0,0.0,0.0,0.0,0.0,0.0,0.0,0.0,0.0,0.0,0.0,0.0,0.0,0.0,0.0,0.0,0.0,0.0,0.0,0.0,0.0,0.0,0.0,0.0,0.0,0.0,0.0,0.0,0.0,0.0,0.0,0.0,0.0,0.0,0.0,0.0,0.0,0.0,0.0,0.0,0.0,0.0,0.0,0.0,0.0,0.0,0.0,0.0,0.0,0.0,0.0,0.0,0.0,0.0,0.0,0.0,0.0,0.0,0.0,0.0,0.0,0.0,0.0,0.0,0.0,0.0,0.0,0.0,0.0,0.0,0.0,0.0,0.0,0.0,0.0,0.0,0.0,0.0,0.0,0.0,0.0,0.0,0.0,0.0,0.0,0.0,0.0,0.0,0.0,0.0,0.0,0.0,0.0,0.0,0.0,0.0,0.0,0.0,0.0,0.0,0.0,0.0,0.0,0.0,0.0,0.0,0.0,0.0,0.0,0.0,0.0,0.0,0.0,0.0,0.0,0.0,0.0,0.0,0.0,0.0,0.0,0.0,0.0,0.0,0.0,0.0,0.0,0.0,0.0,0.0,0.0,0.0,0.0,0.0,0.0,0.0,0.0,0.0,0.0,0.0,0.0,0.0,0.0,0.0,0.0,0.0,0.0,0.0,0.0,0.0,0.0,0.0,0.0,0.0,0.0,0.0,0.0,0.0,0.0,0.0,0.0,0.0,0.0,0.0,0.0,0.0,0.0,0.0,0.0,0.0,0.0,0.0,0.0,0.0,0.0,0.0,0.0,0.0,0.0,0.0,0.0,0.0,0.0,0.0,0.0,0.0,0.0,0.0,0.0,0.0,0.0,0.0,0.0,0.0,0.0,0.0,0.0,0.0,0.0,0.0,0.0,0.0,0.0,0.0,0.0,0.0,0.0,0.0,0.0,0.0,0.0,0.0,0.0,0.0,0.0,0.0,0.0,0.0,0.0,0.0,0.0,0.0,0.0,0.0,0.0,0.0,0.0,0.0,0.0,0.0,0.0,0.0
hsa.mir.130a,1.650864445,0.252863997,-0.205687691,-0.075625831,0.406727671,0.274590285,-0.060426335,-0.326623726,-0.28930017,-0.448227358,-0.220489586,0.320693412,0.131533119,0.192329885,0.057282137,-0.218274884,0.322416194,0.411013173,-0.050114641,-0.496885176,0.605457036,-0.568871377,-0.053628723,-0.059518872,-0.421162183,0.468947379,0.122290887,-0.407166618,1.689991782,0.644692064,-0.117066417,-0.20487679,0.154132235,-0.412663652,-0.371186906,-0.384914767,0.205475872,-0.249080841,-0.710115483,0.325277675,1.236410794,-0.201849047,-0.658917528,-0.656807281,0.393948758,0.003580392,-0.815774104,-0.625964549,-0.166017175,-0.606548823,0.875603296,-0.788690009,0.228033846,2.890237837,-0.58173456,-0.258702097,-0.172686808,0.307519569,0.977643911,-0.932195728,0.548060207,0.207073191,-0.113758524,2.669956766,0.547351124,0.947900414,-0.12523941,5.353462684,0.043733104,3.88321922,1.277028324,0.082865166,-0.433850817,-0.513134975,0.161021804,-0.433374135,-0.316457491,-0.198243864,-0.505707396,2.865337062,-0.249548243,-0.296947651,0.527924903,0.627353404,0.373620484,0.689040598,0.172118136,-0.322844833,1.505881682,-0.204742065,-0.345406009,0.711505468,0.112344503,-0.6049231,1.233584377,-0.349455036,-0.419023566,-0.279334337,-0.257000905,0.381129028,0.391995476,3.449110646,0.707813037,-0.11831815,-0.16042565,-0.615237602,-0.39932769,-0.657210292,1.257083457,-0.242079557,0.07773661,3.617180353,-0.645180627,-0.384547522,0.059971381,-0.173717046,0.252424741,0.32979164,-0.402354217,0.992216367,-0.674547736,1.041501052,-0.246714926,-0.137429242,-0.10667006,0.290108351,0.081760332,1.47970601,-0.529342434,-0.58549188,-0.461059381,-0.671901996,0.013668298,0.884293171,0.310990694,-0.210978195,0.748553307,0.604047449,0.027329678,0.302632778,0.420098269,-0.684192276,-0.053036337,-0.043375702,0.903968896,0.493358357,0.224850524,0.443267787,-0.076549114,-0.007766437,-0.624718792,-0.658442917,0.765282031,0.96609038,-0.124871737,-0.372346955,0.89089408,0.342437249,-0.625150874,0.000614747,-0.44461656,-0.242373832,-0.316119129,-0.143645511,0.050257688,-0.827204586,-0.578873199,0.906560653,-0.46760511,0.176752546,-0.119076095,-0.281414896,0.304463833,-0.835800107,-0.235971167,-0.717789176,-0.274279624,-0.675405137,-0.246914762,-0.621946853,-0.275032656,-1.03199935,2.516992646,-0.273800715,0.001960816,-0.264103117,0.130624508,-0.518165907,-1.116373079,-0.31391244,-0.374025188,0.113031962,0.527073477,0.139569931,-0.071460278,-0.005151806,-0.025834005,0.200412084,-0.154307963,0.54529813,0.197733763,0.149891127,-0.278957658,-0.288984545,1.069940615,0.016548886,0.241148622,0.009851808,-0.4149605,0.496950733,0.181415223,0.453041369,-0.323671109,0.377447109,0.130905446,-0.337720674,-0.133292007,-0.437672923,-0.910745619,-0.221692746,0.162342671,-0.508445092,-0.066127297,0.470776859,-0.815419203,1.122665008,-0.236599507,-0.116644933,-0.473872605,-0.357352107,0.82513413,-0.290933718,0.371346423,0.697818834,-0.287970127,0.495693402,-1.083243925,-0.299634618,-0.309133665,0.828882769,-0.250138232,-0.132137642,-0.482832153,-0.183612409
hsa.mir.130a.1,0.0,0.0,0.0,0.0,0.0,0.0,0.0,0.0,0.0,0.0,0.0,0.0,0.0,0.0,0.0,0.0,0.0,0.0,0.0,0.0,0.0,0.0,0.0,0.0,0.0,0.0,0.0,0.0,0.0,0.0,0.0,0.0,0.0,0.0,0.0,0.0,0.0,0.0,0.0,0.0,0.0,0.0,0.0,0.0,0.0,0.0,0.0,0.0,0.0,0.0,0.0,0.0,0.0,0.0,0.0,0.0,0.0,0.0,0.0,0.0,0.0,0.0,0.0,0.0,0.0,0.0,0.0,0.0,0.0,0.0,0.0,0.0,0.0,0.0,0.0,0.0,0.0,0.0,0.0,0.0,0.0,0.0,0.0,0.0,0.0,0.0,0.0,0.0,0.0,0.0,0.0,0.0,0.0,0.0,0.0,0.0,0.0,0.0,0.0,0.0,0.0,0.0,0.0,0.0,0.0,0.0,0.0,0.0,0.0,0.0,0.0,0.0,0.0,0.0,0.0,0.0,0.0,0.0,0.0,0.0,0.0,0.0,0.0,0.0,0.0,0.0,0.0,0.0,0.0,0.0,0.0,0.0,0.0,0.0,0.0,0.0,0.0,0.0,0.0,0.0,0.0,0.0,0.0,0.0,0.0,0.0,0.0,0.0,0.0,0.0,0.0,0.0,0.0,0.0,0.0,0.0,0.0,0.0,0.0,0.0,0.0,0.0,0.0,0.0,0.0,0.0,0.0,0.0,0.0,0.0,0.0,0.0,0.0,0.0,0.0,0.0,0.0,0.0,0.0,0.0,0.0,0.0,0.0,0.0,0.0,0.0,0.0,0.0,0.0,0.0,0.0,0.0,0.0,0.0,0.0,0.0,0.0,0.0,0.0,0.0,0.0,0.0,0.0,0.0,0.0,0.0,0.0,0.0,0.0,0.0,0.0,0.0,0.0,0.0,0.0,0.0,0.0,0.0,0.0,0.0,0.0,0.0,0.0,0.0,0.0,0.0,0.0,0.0,0.0,0.0,0.0,0.0,0.0,0.0,0.0,0.0,0.0,0.0,0.0,0.0,0.0,0.0,0.0,0.0
hsa.mir.196a.1,-0.739115613,-0.764033163,-0.285859392,-0.58499173,-0.417416721,-0.343376533,-0.828645081,-0.681239993,-0.036221853,1.996328491,-0.235718522,-0.134177752,-0.273647485,4.09512506,-0.364815161,0.186976551,0.852539965,-0.110264136,0.241322949,0.440661358,2.85642138,0.054998974,-0.823253423,-0.653993494,0.98083193,1.979684734,-0.218476125,-0.700212563,0.320248623,-1.621268446,-1.506543456,3.249045637,-0.259932848,-1.060959592,1.935385142,-0.770697023,1.062090667,0.593391517,-0.614649125,-1.163630516,-1.566538571,-0.141601289,0.430341681,-0.037761895,-0.53358074,-0.498051421,0.068727298,0.564895224,-0.110474148,-0.547260904,-0.789273156,0.708044052,2.761928651,1.057474752,-0.849816527,1.055855109,1.207149533,-0.001243029,-0.470439342,0.897638491,4.901439776,0.188249047,-0.231314723,-0.257436808,0.015798564,-0.117411679,-0.306507237,1.712221064,-0.715428651,0.767357417,1.936569021,1.641410136,3.228080111,0.240763852,-0.073742011,0.046198335,-0.316637144,-0.294074574,-0.748567073,-1.231688354,0.260841791,-0.405115246,-0.47689522,-0.375858471,-0.597040772,-0.593333537,6.874170079,-0.635014419,-0.59449033,0.100232048,1.495709553,-0.405890201,0.144040705,-0.181551968,-0.354017652,-0.166146465,-0.563472848,-0.767473396,-0.579437142,-0.293938191,0.590619119,0.327628847,-0.010116803,-0.120541784,-0.461667252,-0.783728634,-0.670792191,-0.430484438,0.03508917,-0.275334701,-0.087949788,0.238136718,1.293904081,-0.018236674,-0.264556196,-0.123542285,-0.455637177,-0.968330904,-0.523980484,-0.421497518,-0.032714467,0.220034428,-0.379724662,-0.265873039,-0.262428889,0.05814945,-0.641305891,0.56305485,-0.640181846,-0.760489729,-0.087805441,-0.393892805,6.81847672,-0.312174843,-0.103374115,0.346140593,-0.484768781,-0.241816808,-0.602158277,-0.325214036,-0.700498909,-0.592063747,-0.174417561,-0.06412265,-0.904769223,-0.939105271,0.332521022,-0.371459206,-0.525768052,-0.33057068,-0.80638506,-0.332727038,-0.371109452,-0.100109635,-0.771195775,-0.566139679,1.062880353,-0.423051189,-0.942843339,-0.228623595,-0.541705318,-0.621700562,-0.642403418,0.301791685,-0.107343385,1.407813453,-0.1704788,-0.278861345,0.469785443,-0.085056139,-0.143965781,-0.156800731,-0.442764129,-0.769302011,-0.277628992,0.196927518,-0.672683999,2.327743358,-0.576386462,-0.645789709,-0.487278172,0.557174644,-0.272766686,-0.807205079,-0.80101813,-0.3134136,-0.64038011,-0.55864909,-0.186897314,-0.479318599,-0.646653061,1.039845366,-0.233665573,0.104307421,-0.581262715,-0.51897135,-0.483194558,-0.702593395,-0.188866836,0.012436394,0.574847967,-0.378270323,-0.516810871,-0.647817413,0.271029769,0.124968923,-0.409094287,-0.065510815,-0.460721517,0.007679186,-0.418767902,-0.340240345,-0.26650587,-0.249892637,0.728167742,1.730557933,-0.501580257,-0.682005024,-0.135209886,-0.272625036,0.682923417,-0.266204166,1.655588722,0.175971144,-0.670861829,-0.322633997,0.61310397,-0.54405218,-0.503658389,0.518672755,-0.562186027,-0.13102277,-0.366074637,1.112584001,1.369129598,-0.155616491,-0.362647767,-0.621423204,-0.068887523,1.035872566,-0.266011926,-0.701099881,-0.9751967,-0.773973755
hsa.mir.132b,0.0,0.0,0.0,0.0,0.0,0.0,0.0,0.0,0.0,0.0,0.0,0.0,0.0,0.0,0.0,0.0,0.0,0.0,0.0,0.0,0.0,0.0,0.0,0.0,0.0,0.0,0.0,0.0,0.0,0.0,0.0,0.0,0.0,0.0,0.0,0.0,0.0,0.0,0.0,0.0,0.0,0.0,0.0,0.0,0.0,0.0,0.0,0.0,0.0,0.0,0.0,0.0,0.0,0.0,0.0,0.0,0.0,0.0,0.0,0.0,0.0,0.0,0.0,0.0,0.0,0.0,0.0,0.0,0.0,0.0,0.0,0.0,0.0,0.0,0.0,0.0,0.0,0.0,0.0,0.0,0.0,0.0,0.0,0.0,0.0,0.0,0.0,0.0,0.0,0.0,0.0,0.0,0.0,0.0,0.0,0.0,0.0,0.0,0.0,0.0,0.0,0.0,0.0,0.0,0.0,0.0,0.0,0.0,0.0,0.0,0.0,0.0,0.0,0.0,0.0,0.0,0.0,0.0,0.0,0.0,0.0,0.0,0.0,0.0,0.0,0.0,0.0,0.0,0.0,0.0,0.0,0.0,0.0,0.0,0.0,0.0,0.0,0.0,0.0,0.0,0.0,0.0,0.0,0.0,0.0,0.0,0.0,0.0,0.0,0.0,0.0,0.0,0.0,0.0,0.0,0.0,0.0,0.0,0.0,0.0,0.0,0.0,0.0,0.0,0.0,0.0,0.0,0.0,0.0,0.0,0.0,0.0,0.0,0.0,0.0,0.0,0.0,0.0,0.0,0.0,0.0,0.0,0.0,0.0,0.0,0.0,0.0,0.0,0.0,0.0,0.0,0.0,0.0,0.0,0.0,0.0,0.0,0.0,0.0,0.0,0.0,0.0,0.0,0.0,0.0,0.0,0.0,0.0,0.0,0.0,0.0,0.0,0.0,0.0,0.0,0.0,0.0,0.0,0.0,0.0,0.0,0.0,0.0,0.0,0.0,0.0,0.0,0.0,0.0,0.0,0.0,0.0,0.0,0.0,0.0,0.0,0.0,0.0,0.0,0.0,0.0,0.0,0.0,0.0
hsa.mir.1296,-0.898312123,-0.467885659,-0.100296887,-0.373583646,-0.130694015,-0.079059451,-0.18219564,1.137096532,1.055321774,1.362486531,-0.273500712,0.219051384,-1.034218372,0.541116277,-0.207829073,0.042201241,-0.607349118,-0.406363884,-0.399599989,0.266688921,0.017061425,-0.72724997,0.682774073,0.696108682,0.463673595,0.032830943,-0.235179258,-0.066732557,0.161156069,0.057671608,-0.154899372,-0.231005377,-0.179441644,0.69613213,-0.207808422,-0.2022391,-0.09532365,-0.278753703,-0.171547786,-0.198458313,0.981143457,-0.215926952,-1.557539415,2.290537071,0.507216149,0.207117389,0.731253336,-0.22507136,0.287151752,-0.181004044,0.617652157,-0.436574214,0.201350203,-0.485579707,-0.180989971,-0.48709944,0.438020795,-0.419612562,-0.355359886,0.376009467,0.631410572,-0.417139266,1.375824271,0.098635447,0.049630512,0.531860956,1.331291627,-0.952840205,0.384826706,-1.000437155,-1.604205079,-1.357180997,-0.785119544,-0.917755863,2.070077997,0.673753326,0.86581916,0.788531449,-1.288137033,-1.125577531,0.635576986,0.53397852,-0.316714614,-0.886255006,-0.410724839,2.400250053,0.589401879,-0.000722817,-0.186354302,0.461021872,-1.211057271,-0.553955366,-0.090296652,-1.619480367,-1.228426938,-1.045958694,0.998577236,-0.383816414,-0.414323896,-0.404521297,0.163879774,-0.404684943,2.004896723,-1.415456299,3.364124699,-0.397270216,-0.182314134,-0.116992262,-0.846309421,-1.045399247,-0.503635509,-0.229186479,1.314767517,-2.06062145,-1.516750686,0.249950715,-0.854472927,0.306896026,-1.76967101,-1.311940375,-0.645700726,1.100919438,3.600044959,-0.411249388,0.20613789,-0.898600664,-0.083347037,-1.608249529,0.559210934,1.576076026,0.375228419,-0.683836757,1.008224208,-0.162809999,0.014686255,-1.063025872,0.794396235,0.847627464,1.310263663,0.296550078,0.625500869,1.174208235,-0.17975236,-1.122176613,-0.043052254,1.555706124,-0.15330128,0.24259435,-0.888608564,-0.573723917,2.42597214,0.579670741,-0.182389426,-0.346021149,-1.278087623,-1.047524163,0.317768969,-1.427771286,-0.527009268,-0.974394018,-0.101511411,0.131748009,-0.098699976,-1.058998853,0.742476833,2.526637811,4.2837958,0.403930335,0.612377353,-1.38713109,-1.484286873,0.716808159,0.434260126,-0.498670459,1.086596565,-0.522930783,-0.267341811,1.007777183,0.329274037,-0.732083359,-0.103687993,-0.004676307,0.527542088,-1.398752333,-0.796013763,0.249145665,-0.109705318,-0.744410129,1.738225695,0.690070031,0.540039946,0.319386372,-1.303368228,1.089709953,0.083205174,1.875235172,1.780138984,3.011305097,-1.127401758,1.161785819,-0.754582525,-0.627755225,-0.102633539,0.162375436,-0.669727057,0.805581377,-1.123904727,-0.017064068,-0.39829907,-0.721349923,-0.408530695,-0.766544722,0.199731908,-0.026596774,0.21471432,0.345821898,-0.688546863,-1.589423949,-1.287613395,0.594298587,0.524783971,-0.816183128,-0.414405168,1.606098483,-0.617687359,0.614367514,-0.094024686,-1.036631827,-0.013324253,-0.542518863,0.644123124,-0.13181891,-0.475129595,1.541153997,1.119104731,0.960063728,1.890559042,-0.570254478,-1.673134355,-0.442487889,0.444862241,0.25251497,0.002006106,1.114081809
hsa.mir.118b,0.0,0.0,0.0,0.0,0.0,0.0,0.0,0.0,0.0,0.0,0.0,0.0,0.0,0.0,0.0,0.0,0.0,0.0,0.0,0.0,0.0,0.0,0.0,0.0,0.0,0.0,0.0,0.0,0.0,0.0,0.0,0.0,0.0,0.0,0.0,0.0,0.0,0.0,0.0,0.0,0.0,0.0,0.0,0.0,0.0,0.0,0.0,0.0,0.0,0.0,0.0,0.0,0.0,0.0,0.0,0.0,0.0,0.0,0.0,0.0,0.0,0.0,0.0,0.0,0.0,0.0,0.0,0.0,0.0,0.0,0.0,0.0,0.0,0.0,0.0,0.0,0.0,0.0,0.0,0.0,0.0,0.0,0.0,0.0,0.0,0.0,0.0,0.0,0.0,0.0,0.0,0.0,0.0,0.0,0.0,0.0,0.0,0.0,0.0,0.0,0.0,0.0,0.0,0.0,0.0,0.0,0.0,0.0,0.0,0.0,0.0,0.0,0.0,0.0,0.0,0.0,0.0,0.0,0.0,0.0,0.0,0.0,0.0,0.0,0.0,0.0,0.0,0.0,0.0,0.0,0.0,0.0,0.0,0.0,0.0,0.0,0.0,0.0,0.0,0.0,0.0,0.0,0.0,0.0,0.0,0.0,0.0,0.0,0.0,0.0,0.0,0.0,0.0,0.0,0.0,0.0,0.0,0.0,0.0,0.0,0.0,0.0,0.0,0.0,0.0,0.0,0.0,0.0,0.0,0.0,0.0,0.0,0.0,0.0,0.0,0.0,0.0,0.0,0.0,0.0,0.0,0.0,0.0,0.0,0.0,0.0,0.0,0.0,0.0,0.0,0.0,0.0,0.0,0.0,0.0,0.0,0.0,0.0,0.0,0.0,0.0,0.0,0.0,0.0,0.0,0.0,0.0,0.0,0.0,0.0,0.0,0.0,0.0,0.0,0.0,0.0,0.0,0.0,0.0,0.0,0.0,0.0,0.0,0.0,0.0,0.0,0.0,0.0,0.0,0.0,0.0,0.0,0.0,0.0,0.0,0.0,0.0,0.0,0.0,0.0,0.0,0.0,0.0,0.0
hsa.mir.113a,0.053750946,1.089924796,0.414376917,2.415501384,0.446905118,-0.272571568,0.382777593,-0.336377864,-0.222483217,-1.080209527,-0.277247032,-1.314969259,-0.912881372,-0.609644199,0.339234756,0.266520836,-0.652254554,-0.596088731,-0.364616734,0.83479534,0.047725324,0.328064855,2.539329485,-0.311529535,-0.260283974,-0.213029979,0.166297652,0.566012571,0.04371448,3.115115233,0.066965044,-0.099923652,-1.03526815,-0.019588525,1.489126915,0.871023667,-0.636199834,-0.465554828,-0.954774756,0.109169033,1.509896922,0.556854374,-0.184384514,-0.266848696,1.095549097,0.295511499,-0.738120873,-1.718483498,-0.127545045,-1.572204376,1.234586631,0.830588006,0.462836364,-0.577012247,1.186855279,-3.316872722,-2.377628612,-0.333574327,0.264112916,-1.099201791,-2.339493934,-0.727245249,-1.087856066,-0.649796193,-0.351365057,0.431520125,0.920595416,-2.819301505,-0.201970079,-1.183630113,-0.401241543,0.36765669,-0.462999827,-0.173725517,-0.959455653,0.03742481,0.397703211,0.416038099,0.167571459,-0.003873549,-0.531732242,-0.518307203,-0.717797895,1.224070375,-0.141457615,0.378759614,-0.793972655,0.230326384,2.046973923,-1.052310471,1.576882075,-0.281924535,-1.340596651,-0.137153357,0.154407008,-0.766272422,0.186758459,1.071398928,0.165086558,0.717167485,-0.242050944,-0.29619263,-0.96055281,-0.710115221,-0.58306957,0.619804204,0.025722424,-0.613264837,0.740530219,-0.18367379,0.304235097,-0.574627146,-1.65824298,0.213796867,-0.749434554,0.127563384,-0.651114842,0.696588552,-0.263285389,1.078026164,0.890284561,-0.931928406,-0.263269454,0.355171811,-0.326204685,0.671019927,-0.039334749,-0.158807928,1.14329346,-0.17222033,-0.233759468,-0.092833238,-5.143401062,0.906517116,-0.02838216,-1.03295205,-0.242540478,0.821094342,0.691285719,-0.337389315,-0.031816423,0.973520965,-0.489647776,1.487208859,0.095227517,-0.113560232,-0.192701309,-0.831806025,-1.001431611,0.500533783,-0.075195291,-0.303174189,1.447805634,-0.796158044,-0.812418184,1.08297042,0.555815968,-0.248883931,0.705664081,0.540736142,1.207080089,-0.486003154,0.320409489,0.626887606,0.946297941,-1.891137139,-0.014001483,-0.049730996,-0.687937529,-0.2198307,0.983644445,-0.476841257,-0.181166711,-0.550436608,-0.194970645,-0.905702205,1.078265626,-0.489539211,-0.338008243,-0.067931254,-0.905731352,-1.07591142,-1.862127249,0.821542507,0.689231137,0.972697259,-0.55343543,1.715325766,-1.118755229,0.27833133,0.301804784,0.419798677,0.438751277,0.513534251,0.480017806,-0.6344935,0.727753224,-1.232224643,0.650028897,0.295380767,0.052096289,1.950214626,0.245072584,1.222276904,0.074410354,-0.53015773,-0.080799609,-0.457968169,0.853587734,1.280477696,-0.118698893,-0.853327695,-0.683117947,1.254418393,-0.228027787,-0.632966023,0.550626454,0.842153988,0.733437461,1.186389352,-0.814960012,0.265724004,-0.789620881,-0.586943281,-0.155269889,-0.316104282,-0.593875943,0.110548011,0.51413068,-0.182169429,0.239252619,0.635715413,-0.387853786,-1.427423066,-1.980048688,0.189235413,0.400053713,-0.620621114,1.82027879,-0.226576239,-1.356121392,-0.568667539,0.947402119,0.19249845
hsa.mir.164a,0.0,0.0,0.0,0.0,0.0,0.0,0.0,0.0,0.0,0.0,0.0,0.0,0.0,0.0,0.0,0.0,0.0,0.0,0.0,0.0,0.0,0.0,0.0,0.0,0.0,0.0,0.0,0.0,0.0,0.0,0.0,0.0,0.0,0.0,0.0,0.0,0.0,0.0,0.0,0.0,0.0,0.0,0.0,0.0,0.0,0.0,0.0,0.0,0.0,0.0,0.0,0.0,0.0,0.0,0.0,0.0,0.0,0.0,0.0,0.0,0.0,0.0,0.0,0.0,0.0,0.0,0.0,0.0,0.0,0.0,0.0,0.0,0.0,0.0,0.0,0.0,0.0,0.0,0.0,0.0,0.0,0.0,0.0,0.0,0.0,0.0,0.0,0.0,0.0,0.0,0.0,0.0,0.0,0.0,0.0,0.0,0.0,0.0,0.0,0.0,0.0,0.0,0.0,0.0,0.0,0.0,0.0,0.0,0.0,0.0,0.0,0.0,0.0,0.0,0.0,0.0,0.0,0.0,0.0,0.0,0.0,0.0,0.0,0.0,0.0,0.0,0.0,0.0,0.0,0.0,0.0,0.0,0.0,0.0,0.0,0.0,0.0,0.0,0.0,0.0,0.0,0.0,0.0,0.0,0.0,0.0,0.0,0.0,0.0,0.0,0.0,0.0,0.0,0.0,0.0,0.0,0.0,0.0,0.0,0.0,0.0,0.0,0.0,0.0,0.0,0.0,0.0,0.0,0.0,0.0,0.0,0.0,0.0,0.0,0.0,0.0,0.0,0.0,0.0,0.0,0.0,0.0,0.0,0.0,0.0,0.0,0.0,0.0,0.0,0.0,0.0,0.0,0.0,0.0,0.0,0.0,0.0,0.0,0.0,0.0,0.0,0.0,0.0,0.0,0.0,0.0,0.0,0.0,0.0,0.0,0.0,0.0,0.0,0.0,0.0,0.0,0.0,0.0,0.0,0.0,0.0,0.0,0.0,0.0,0.0,0.0,0.0,0.0,0.0,0.0,0.0,0.0,0.0,0.0,0.0,0.0,0.0,0.0,0.0,0.0,0.0,0.0,0.0,0.0
hsa.mir.3610,1.18049844,0.703785281,-0.283883396,-0.297213638,-0.077561271,-0.191007692,0.277721965,0.317237002,-0.329618391,0.780883532,-0.255329087,-0.506109194,-0.214508743,-0.801702583,-0.442623644,-0.575257008,-0.555573597,-0.046158082,1.17303528,-0.614815379,0.249997756,-0.284981728,0.011913542,0.354244205,-0.441776172,-0.689475301,0.265219659,-0.317323004,0.330821558,-0.19028457,-0.142287969,0.010619239,-0.794481322,0.948632214,-0.185247454,0.130979468,-0.774662123,-0.613566362,-0.705630244,0.045182246,-0.212173672,-0.386705201,1.093349724,-0.796073469,-0.154605823,-0.560964378,-0.505018538,0.227237384,-0.025124745,0.211436336,0.459092879,-0.476393255,-0.295628317,0.831353842,0.028105358,-0.357047943,-0.098541493,-0.113486675,-0.33647139,-0.378399766,0.929503109,-0.195986179,-0.644240657,-0.661478637,-0.401030585,-0.733106183,-0.577618896,-0.245364986,0.133354692,-0.311976401,0.385172315,-0.215275122,-0.567029993,-0.022289271,-0.195532434,-0.388395417,-0.542073218,0.608568647,-0.237589219,0.285071369,0.211115935,-0.126669012,0.475706524,-0.626042612,0.498520635,-0.335948576,6.322042988,0.126372669,-0.180662546,-0.118593339,-0.139369882,-0.338722935,-0.108403771,-0.325363102,-0.517830297,-0.20726083,-0.389672975,-0.166950309,-0.678115336,-0.24690839,-0.132687977,-0.332224636,-0.243267001,-0.319849508,-0.306099596,-0.05774616,-0.666754733,0.569727292,0.710107494,-0.578439727,-0.628863951,-0.706192294,-0.43767186,-0.459402719,-0.280574415,-0.21928979,-0.224659969,1.278531572,-0.331075417,0.053980637,-0.118265923,-0.261978489,-0.538963742,-0.300475757,0.169682213,-1.157335491,0.485141815,0.315335536,-0.012682432,0.122696194,0.238865508,0.394219628,9.429050686,-0.09629438,-0.570520855,-0.63193039,-0.06815373,-0.274375496,-0.073307875,-0.376422717,-0.256606652,0.02475278,-0.437534465,-1.018183207,1.206553975,-0.403852664,-0.594973423,-0.373330789,-0.425789842,-0.066502565,-0.113869147,-0.642095203,-0.37500504,-0.125149151,-0.053485066,0.285337428,0.014978335,1.532688237,0.087263649,-0.376698071,0.15269036,-0.537050342,-0.054272544,-0.402828648,-0.523170857,-0.276835724,-0.043866965,-0.357268006,-0.29489695,-0.128659036,-0.555234741,-0.517401476,-0.227448237,-0.0293338,0.377767977,2.083394251,0.096736447,-0.455230458,-0.107801224,-0.175235805,-0.194612088,-0.035631277,0.326572245,1.256617355,0.274529249,-0.771083478,-0.212639901,-0.791345115,-0.401965603,0.279547418,-0.069201752,-0.410086033,0.438542266,-0.801161001,-0.656151757,-0.485511264,-0.207504908,-0.1511766,0.175448894,-0.488751528,-0.780194158,-0.822406902,-0.868598757,-0.661252821,-1.129759461,0.894136162,-0.534863639,-0.561355973,0.021694116,-0.956946619,0.314665969,-0.143216079,-0.029826485,-0.823436572,-0.683777996,-0.714726606,0.24478125,-0.47844698,-0.56059626,-0.783113233,-0.451538946,0.66035495,-0.218778344,-0.605003423,0.567040939,-0.085382732,-0.195951606,0.33244303,-0.967033192,-0.86935653,0.867914824,-0.417562482,-0.02565484,-0.144067508,-0.679422007,-0.172023753,-0.459256118,0.766492194,0.13656549,-0.07163333,-0.273855735,1.75112447,-0.236627047,8.57e-05
hsa.mir.19a,1.222443103,0.029775152,0.833667693,-1.38248258,0.58447344,-1.960373914,-2.101553134,-1.243713337,0.808871928,-0.113989915,0.500252258,-1.714238213,1.609146182,0.13815508,0.308236206,-1.188823984,0.427120249,-1.235635282,-1.463669791,0.22318314,1.966111174,-0.783602208,-1.230828058,-0.513290747,0.127789428,-2.304715879,0.074073739,-1.03131389,1.326616847,-2.207509058,1.113332957,0.005497064,2.166623691,-0.403777927,0.255546208,0.49137582,-0.465113059,-2.066393538,-2.813882037,0.098437917,-0.546086579,-1.901527545,0.792919074,-1.803078339,0.121439257,0.703159599,0.300186911,1.429601196,-0.106968221,-0.257602313,-2.171913284,-2.807762404,0.388376282,-1.869649917,0.613451478,-0.401706422,-1.916808223,0.127980709,-0.596189912,0.213244513,-0.374399628,0.014665788,-1.067235287,-1.324831489,-0.260303656,0.812594077,-0.144148135,0.13867534,0.296449294,-0.256298044,-2.064505785,0.34159319,0.060003123,-1.029441553,-0.496270016,-0.925478761,-0.069027189,-0.936773793,0.046638917,0.291461331,1.454498205,0.9381794,-0.042107381,-0.155462682,2.511098006,-0.3121436,-1.755100771,-1.303782532,-0.16322255,-0.110224963,-0.581401811,1.311274423,0.508936309,-0.140348436,0.174564015,0.423817221,-0.686367899,0.477102021,-0.601489744,-1.137358227,-1.539710763,-0.59322572,1.081170843,1.536843107,-0.305873103,0.43901188,1.230518506,-1.223404454,-0.474383044,0.549389017,-1.413588833,-1.151125659,-1.064818063,-1.040206999,0.654080602,0.631347599,0.093478736,-0.159994296,0.634056162,0.413066618,-0.694932509,0.459246268,1.177188644,1.249672479,1.335185635,-0.7437321,-0.112998108,-0.001311895,0.344371015,-0.62109755,-0.714466242,0.473589637,1.228147783,-0.128327136,-0.100173425,0.841116712,0.279927026,1.127758037,-0.042107381,1.434933931,0.677092216,-1.802932678,-0.369685377,-1.171743091,-1.02775496,0.871122436,-0.850803733,-0.249080816,-1.22512737,-1.294156843,-0.043177532,-0.324286057,0.80849008,-0.075545584,-0.75482946,-1.120052389,-2.174162318,-0.38363835,-0.436231371,-0.545343131,-0.730975468,-1.263363305,-0.230358965,-0.473277663,2.008600173,0.107866172,0.210770225,1.49818681,0.002245415,-0.386437069,-1.123527697,1.481975709,-1.100253275,-1.276317349,2.23126232,-1.048527342,-0.467343988,1.538379154,1.32548528,-0.861936385,-0.3580562,0.636291465,-0.869893221,-2.059356942,0.287985545,0.984415755,-0.14497174,-1.588691687,0.08092495,0.86991899,0.462376752,-0.416340903,-0.096947302,0.883586255,-0.288422276,0.787719751,0.982214787,-1.857093144,0.890698273,-0.586514067,0.358338835,0.361110892,0.908828006,-0.450096536,-0.373802849,-0.24834037,0.278478423,-1.461409777,-0.493872765,-0.147159627,-0.864134564,0.491271374,0.012782386,-0.51671878,2.269730951,-0.001751989,-0.933567834,0.188650391,-0.021136927,0.434686728,1.459383801,0.369228699,-0.25941158,-0.689930311,-0.410133093,-0.068013796,0.34906935,-0.053298745,1.657975481,1.422249095,0.152741772,-1.050830817,-1.013995577,-0.991200523,0.118045878,0.396879661,0.908489657,1.04536993,-1.077253436,-0.083197498,-0.979263755,-0.276238127,-0.140812499,0.015788926
hsa.mir.364,0.0,0.0,0.0,0.0,0.0,0.0,0.0,0.0,0.0,0.0,0.0,0.0,0.0,0.0,0.0,0.0,0.0,0.0,0.0,0.0,0.0,0.0,0.0,0.0,0.0,0.0,0.0,0.0,0.0,0.0,0.0,0.0,0.0,0.0,0.0,0.0,0.0,0.0,0.0,0.0,0.0,0.0,0.0,0.0,0.0,0.0,0.0,0.0,0.0,0.0,0.0,0.0,0.0,0.0,0.0,0.0,0.0,0.0,0.0,0.0,0.0,0.0,0.0,0.0,0.0,0.0,0.0,0.0,0.0,0.0,0.0,0.0,0.0,0.0,0.0,0.0,0.0,0.0,0.0,0.0,0.0,0.0,0.0,0.0,0.0,0.0,0.0,0.0,0.0,0.0,0.0,0.0,0.0,0.0,0.0,0.0,0.0,0.0,0.0,0.0,0.0,0.0,0.0,0.0,0.0,0.0,0.0,0.0,0.0,0.0,0.0,0.0,0.0,0.0,0.0,0.0,0.0,0.0,0.0,0.0,0.0,0.0,0.0,0.0,0.0,0.0,0.0,0.0,0.0,0.0,0.0,0.0,0.0,0.0,0.0,0.0,0.0,0.0,0.0,0.0,0.0,0.0,0.0,0.0,0.0,0.0,0.0,0.0,0.0,0.0,0.0,0.0,0.0,0.0,0.0,0.0,0.0,0.0,0.0,0.0,0.0,0.0,0.0,0.0,0.0,0.0,0.0,0.0,0.0,0.0,0.0,0.0,0.0,0.0,0.0,0.0,0.0,0.0,0.0,0.0,0.0,0.0,0.0,0.0,0.0,0.0,0.0,0.0,0.0,0.0,0.0,0.0,0.0,0.0,0.0,0.0,0.0,0.0,0.0,0.0,0.0,0.0,0.0,0.0,0.0,0.0,0.0,0.0,0.0,0.0,0.0,0.0,0.0,0.0,0.0,0.0,0.0,0.0,0.0,0.0,0.0,0.0,0.0,0.0,0.0,0.0,0.0,0.0,0.0,0.0,0.0,0.0,0.0,0.0,0.0,0.0,0.0,0.0,0.0,0.0,0.0,0.0,0.0,0.0
hsa.mir.708,-0.402520305,-1.182949619,-0.56241497,0.115554178,-0.767150499,-0.372792522,-0.066650095,-0.123730144,-0.045059976,0.942684054,-0.079755676,0.676038124,0.786124104,0.392955716,0.610815891,-0.190611959,-0.763068135,2.001907668,-0.258963918,-0.629752992,0.43724727,0.128566645,-0.719598883,-1.021844652,1.19033046,-1.164766517,0.166701585,-0.66025232,-2.585415192,-1.457620765,-0.596323268,0.314190294,-0.361167901,1.615714461,-0.115399664,0.299685712,0.647181066,1.337806611,1.183395029,-1.557476056,-2.2403783,-0.657075047,0.17305675,0.433915178,-0.592862515,0.44935852,0.492165578,0.635179229,-0.369034509,-0.392817979,-0.389749515,-0.173033732,1.651781545,1.178045039,-1.462643918,3.257355245,4.087408493,1.217105404,-0.184840249,-0.035118814,0.132376077,1.859712063,0.506159617,0.439029602,0.459587714,0.074791057,-1.008087352,4.054484862,0.328841676,1.962540512,2.386643662,1.546412819,0.479927398,-0.372623501,0.874408391,1.362625864,0.086755962,0.33116069,-0.412245479,-1.29129454,-0.378701756,-0.026641102,-0.704413611,-0.37567048,1.008478308,0.372430957,-0.049279977,1.473387463,-0.279442187,0.636815041,-1.231163765,-0.726204695,-1.211291475,0.003637568,-0.501646134,0.043687841,-0.1907875,-0.678012788,-0.992214962,-0.666618039,0.704027755,2.337219873,0.365342821,-0.465422815,2.320354283,-1.175365299,-0.728757195,-0.827369102,-1.114816838,-0.191275877,0.498352618,3.93841185,0.786048264,0.206258804,-0.385945648,-0.281877602,0.098922864,-0.664732591,0.581053579,-0.652155822,-0.837086726,0.78221007,-0.078262951,-1.264840307,-0.31408526,0.085447634,0.092117614,0.325841365,-0.4585616,-0.690299474,-0.470176761,-0.001491608,2.475322945,0.296339702,2.106369256,2.893447741,1.48596146,2.279569269,0.087357374,-0.048697549,-0.762687948,-0.630144523,0.310326454,2.197537534,-0.28639124,-0.374404761,0.573455178,-0.223346728,-0.229463563,0.080011174,-0.318011857,-0.741731824,-0.745687369,1.334382254,-0.381461849,0.008787994,0.292932428,-0.193511319,-1.01809154,-0.875713583,-1.220361365,-1.381748943,-0.034026122,0.726714935,-0.33128092,-0.164706045,-1.028063651,0.127612096,-0.78741735,0.350521862,0.963860705,-0.136026886,0.377413705,-1.085496947,-0.63361993,-0.787996625,0.226242957,-0.352388818,-0.707953591,-0.382274765,-0.793601578,-0.480974078,-0.14051454,-0.122363509,-1.508103645,-0.257018755,-0.500591675,-0.04286815,-0.309753741,-0.100262406,-0.238658215,-0.151588892,-0.691885229,0.587468102,-0.00402975,-0.679531177,-0.754147307,0.098956692,-0.083141471,0.764533187,-0.268902257,0.669890475,0.49942645,0.127596721,-0.316970697,0.037746223,0.153958576,-0.093605653,1.106304911,0.5207373,-0.856451667,-0.501804412,-0.419649992,-0.839253352,-0.067367427,0.230259611,-0.193278757,-0.235981846,-0.33037773,0.597536653,-1.683494316,0.31338041,-0.134779568,1.400397979,0.245194811,0.929660995,-0.909267744,-0.054709846,-0.424275745,0.509139248,-1.492603607,-0.053945557,-0.511095018,1.425413449,2.257751743,1.03662644,-0.17796941,0.043582579,-0.146237438,0.148800766,0.351251106,-0.618093693,0.380748752,0.209941346
hsa.mir.3934,0.00816102,1.013957336,-0.651113323,-0.484790771,-0.929477292,-0.259430369,1.381156971,0.056615482,-0.807295834,-0.240907027,-0.230041628,-0.394673919,-0.586236713,-0.080432138,-0.59978909,-0.592788272,-0.493592738,1.145512105,0.197612439,-0.68889075,0.08624481,-0.599291362,2.099704453,-0.348409749,-0.667981602,2.552151319,-0.444076159,0.242609624,-0.349600384,2.473707623,-0.291633311,-0.335778152,-0.269804114,-0.155076368,-0.427456754,-0.672499083,-0.703864831,-0.19739104,-0.483549075,-0.227483738,-0.490204704,0.714063338,0.499203417,1.234872644,0.129265236,-0.949666405,-0.303886841,-0.237656479,-0.319150057,-0.321304126,2.452394209,1.958137534,-0.498484415,-0.265073013,-0.424697676,-0.277520027,0.03111258,-0.439522459,0.189207536,-0.587935184,-0.538475269,-0.670236164,-0.36036461,-0.457108206,-0.372841242,-0.402093354,-0.426428132,-0.512257432,-0.099976629,-0.354681419,-0.424703583,-0.220353237,-0.704149328,-0.10960815,-0.42741275,-0.413275435,-0.668901069,-0.028948219,0.108063474,1.049296879,0.153666506,0.134427096,-0.143715885,-0.85649667,-0.312734448,-0.251866028,-0.964912085,-0.27978334,-0.407251672,-0.45388761,-0.135766866,-0.143935909,-0.284415064,1.081535714,-0.461068392,0.091158377,3.217287745,-0.030055542,-0.402869387,-0.163366887,-0.095723345,-0.324649138,-0.463176953,-0.216488783,-0.313585929,0.052951198,-0.368735124,-0.195591928,-0.084387347,-0.65014886,-0.79691146,-0.652691912,-0.168809622,-0.736719431,-0.69875223,-0.208928796,-0.396343548,3.347423107,-0.756884611,-0.549922463,-0.433315783,-0.421308406,-0.426713304,-0.260886052,-0.464428542,-0.837452019,-0.53516284,-0.316278981,-0.267677077,-0.447526527,-0.614862076,-0.298166568,-0.455581585,-0.411943767,-0.834808749,-0.373664694,-0.256831614,-0.360068748,-0.308195241,-0.429903918,-0.392897874,-0.389764426,-0.034578952,3.18899405,2.64656937,-0.370371689,-0.675207153,-0.793113734,-0.3123085,0.701104429,-0.080396705,-0.608109094,-0.238053225,-0.328137698,3.482995805,0.287182952,-0.122151557,0.916054374,-0.01476363,-0.307148311,3.248481307,0.111359333,-0.262038501,0.319010431,-0.125100736,-0.064274282,-0.283613129,-0.378068428,0.455238562,-0.349306041,4.265451685,-0.168658573,-0.621018449,0.009683084,-0.147555942,0.696778691,-0.356145062,-0.185538098,-0.494199072,-0.349411036,0.338910384,-0.488987119,-0.319143351,-0.267098589,0.261537037,-0.61590472,-0.458237309,-0.752733361,-0.679560839,-0.065404435,-0.787093318,-0.275834887,-0.107615104,-0.769672437,1.70554397,-0.341031354,-0.255116295,-0.311206434,0.001733831,0.536135869,-0.601668256,-0.588523694,-0.738292889,0.45323543,-0.482484837,1.09257368,-0.34024618,-0.425414691,-0.300651807,0.266996851,2.873256685,-0.615336497,-0.45103995,-0.559403025,-0.772970253,-0.824804066,0.429890477,0.065928295,-0.979826103,-0.542719055,-0.472103545,-0.026817811,-0.463465906,-0.74746283,0.61570693,-0.624540778,-0.089656423,-0.245123293,-0.564437836,-0.714680445,-0.027133837,-0.519343168,-0.108602449,-0.685246415,-1.021771382,-0.371105207,-0.588923358,-0.630896086,1.363010314,-0.541136552,-0.415659238,1.899557589,1.265164731,-0.313882789
hsa.mir.6716,1.660419306,1.928529082,-0.21391113,4.637496372,-0.462342539,-0.223976697,0.37403665,-0.587242674,0.782246234,-0.264875134,-0.16829431,-0.402445337,-0.396049698,-0.556482615,-0.275932438,0.877109621,-0.591913824,-0.840721408,1.634448283,0.602178184,-0.759481655,-0.129239668,-0.126269273,1.743230744,-0.322293047,2.019883904,0.009807358,-0.304502166,-0.140357115,-0.090788014,-0.03696234,-0.119376337,0.173441834,-0.250143612,-0.384304628,-0.024904375,-0.2801204,-0.439127359,-0.052175571,0.147002986,0.426768372,0.459744424,-0.742745399,0.29528303,-0.115192223,-2.023468653,-0.476285263,-0.120465171,0.085994348,-0.260854484,0.538050348,0.098482182,-0.329761732,-0.169156442,-0.015954233,-0.234632457,-0.241257995,-0.146908073,-0.164638173,0.141342795,-0.64143203,-0.40977968,0.417905646,-0.142234758,-0.671505744,-0.066630998,0.251225452,-1.007859176,-0.278389333,0.504442856,-0.919664637,2.465020039,0.407438789,0.929867262,-1.1040756,-1.145519847,-1.832071876,-0.142246474,-0.873885774,-1.277427414,0.522795204,-0.194342018,0.532540736,0.473246545,-1.092771654,1.110997035,-2.00084751,-1.012890631,-0.711603201,-0.022188043,0.348627808,-0.205219488,0.472686743,-0.374800056,-0.583590471,-0.042188696,-0.943030134,-0.390427013,0.992829084,-0.583388242,-0.358698388,-0.761681085,-0.182695049,-0.182877077,-0.81474943,-0.089029166,0.441435545,0.105238266,0.353483628,-1.074139574,0.114823883,-1.229043549,1.429072141,0.715474645,-0.263232882,0.49926084,-0.387615483,-1.140661073,-0.638124826,0.289929661,0.155184732,0.102457537,1.023130965,-0.265307834,-0.059297796,-1.351824733,-0.026845374,-0.483631812,-0.257526216,0.121551983,-0.043079474,0.525678817,-1.134919117,0.121459033,-1.198430611,-0.666489684,-0.822896941,-0.88589306,0.434221349,-0.394199525,0.114295464,3.84867003,-0.816652967,0.512312866,-0.370978628,-0.067744927,-0.628679576,-1.200037734,-0.679533318,0.461756644,-1.094273463,-0.515442537,0.30214526,-0.662624782,1.911549297,-0.648091934,-0.485502297,-0.163438097,-0.100067928,0.006028316,0.98582572,4.345005274,-0.795066502,-0.087274402,0.480502144,0.149339413,0.909842631,-0.479327099,-0.227805435,-0.15514811,-0.669962804,0.176991897,-1.289933709,0.464622331,-0.444868346,0.151388991,-0.840396142,0.484690837,-0.991959465,-0.368234584,2.634918108,-0.517133804,-0.539265632,-0.998611511,0.362600161,4.612666227,-0.93536605,-0.885356091,0.830798022,-0.420224301,-0.514142357,0.017799073,-0.170288642,-0.661006076,0.757138626,-0.395776176,0.059795767,-0.549250669,0.577911852,-1.140917735,0.16523126,1.200734045,-0.868649907,-0.8096446,1.458701562,-1.269069154,-1.113706136,-1.605050998,-0.28974212,1.396072325,0.210873729,-0.983289111,-0.681761693,1.291939579,0.659388996,0.662299307,0.487568575,-0.552712876,0.485665262,-0.911136214,0.519800815,-0.008642271,-0.872016065,-1.384834733,-0.774303655,0.653367432,0.220796455,-0.936239319,1.738187674,0.320456273,-0.723409762,0.055975671,-0.981913565,1.568991583,-0.85958859,-0.693923075,0.146567514,-0.322328326,1.253528051,0.862559647,-0.373194311,-0.128543337,-0.539456959,0.249544518
hsa.mir.760,-0.47772471,-1.004233582,0.569006622,-0.396910769,-0.590930774,-0.825177255,0.34420655,-0.729781694,0.846519494,0.699846822,-0.276391221,0.68289573,0.127655474,0.680101582,-0.285227969,-0.334588445,-0.512092771,1.54584537,-0.040833695,0.110767393,0.387842348,0.22745789,-0.651666246,-0.587782275,1.61989858,-0.523647804,1.915371865,-0.352787384,-0.547331579,0.643696902,-0.561691422,1.841249883,-1.034058794,0.017320061,0.890299428,-1.014808719,2.368012914,0.238361572,-0.144236043,0.565586176,-0.241753781,-0.808385945,0.082642012,-0.341595557,-0.162098332,0.58336198,-0.089547053,0.113074043,-0.619170212,0.206671372,0.959000736,-0.770766903,0.81273395,1.919304413,-0.765959736,-0.022195736,0.412269448,1.118864349,1.45113085,-0.042819993,0.203218031,2.729749701,-0.269961414,0.792725443,0.343342629,0.238067126,-0.388340945,1.41491529,0.102899216,2.198958053,1.409812011,0.109184287,-0.199483183,-0.333974424,1.201426777,0.040936667,0.010526596,0.228807594,-0.182650132,3.755084791,-0.343685491,-0.715395132,0.449759162,-0.690312685,-0.184753144,-0.110819028,-0.5448543,-0.611946034,0.338631131,-0.070193381,-0.015175233,0.679556522,-0.270116084,0.044738095,0.119917051,-0.423916365,-1.393060648,-0.001826466,-0.239929958,-1.165922935,0.699848588,4.231363829,0.996454773,0.123029084,1.862362314,-0.587492302,-0.577020724,-0.748490868,0.297822665,-0.345825582,0.576941405,5.626367971,0.754404767,0.371781083,-0.180251334,-0.261597433,-0.597417366,-0.727015243,-0.107943041,0.207121591,-0.51745418,0.707425138,0.37434565,-0.627563682,-0.66307901,-0.177207411,0.371978896,-0.01528061,-0.338081372,-0.578428954,1.050991798,0.017654931,0.108661538,0.918983661,0.633342314,0.703448458,0.68627941,1.449270886,0.18021031,0.523945445,-0.487773215,-0.488263545,-0.484519941,0.83825945,-0.492629888,-0.276636725,0.048847009,-0.308203709,-0.920567141,-0.160357312,-1.069246944,-0.793862613,0.040831403,0.426587525,-0.500604932,-0.825099287,0.535119646,0.039036066,0.00632413,-0.169615767,-0.48720027,-0.509747575,-0.14972108,-0.598116908,-0.625827935,-0.355013485,-0.827434286,0.45564317,-1.481038075,-0.683531472,-0.384518158,0.021266413,0.479331643,-0.610882383,-0.229789205,-0.254112631,-0.898932035,0.030815481,-0.120846325,-0.421422162,-0.601294908,0.311369395,3.982951435,-1.157884654,0.930177429,-0.125608996,0.378049719,-0.097688318,-0.074369414,-0.123107226,-0.315963603,-0.290830898,-0.602313586,0.61469907,0.55826539,1.061197466,0.174394348,-0.166906075,0.488405902,0.874725173,-0.56656205,1.24008771,-0.087494864,0.6328246,0.323262343,-0.470679917,-0.021588518,0.014004766,0.578025549,-0.099594531,-0.805164151,-0.576103463,0.31277775,-0.38602847,-0.312100893,0.87619987,-0.443586218,0.206324038,-0.263216855,0.45827309,-0.785321902,-0.199652722,0.179111057,2.427047339,-0.362035955,1.869552144,-0.463648115,0.189421876,-0.361448805,-0.67568662,1.9599717,0.003515827,-0.655925308,0.900335769,1.825198201,-0.700224233,-0.393304899,0.595354166,-0.271611551,0.144215236,0.220789971,-0.236201599,-0.16912699,-0.339805707
hsa.mir.151a,0.309416428,-0.634834382,-0.351872885,-0.574291217,0.081480366,-0.329778589,-0.148902279,-0.410057105,1.124595079,-0.279512384,0.813569995,1.383265287,0.559183907,-0.063067061,0.299183852,0.196657047,0.954134092,-0.540978494,-0.162394904,-0.187116409,0.288799176,-0.824065306,-0.699433209,-0.543315426,1.058738179,-0.151236684,-0.25396904,0.428086099,1.133984416,-0.678742007,-0.451003137,0.392077527,5.268722217,-0.466738915,-0.200144157,0.075214664,-0.096896578,-0.063224469,0.427518498,-0.686295658,-0.464193816,0.649049676,0.33267466,-0.270583125,-0.545700384,-0.550812238,-0.364069878,0.630386876,-0.117423589,-1.094009114,1.053028407,0.275177744,-0.318451152,0.381711573,-0.61600932,2.612044205,4.898582897,-0.088536765,-0.62080337,0.168039519,0.16136036,-0.102349047,-0.53948823,-0.165904214,-0.276004913,1.172387703,-0.639087525,0.922207022,-0.438719574,0.178560313,-0.489898995,-0.638940803,-0.315797111,-0.259059418,-0.40600344,-0.141259351,-0.782015697,-0.600139145,-0.238686944,0.097425648,0.73627127,-0.167321581,-0.339232732,0.434481813,2.513682788,0.157828473,-0.042460316,0.092760383,-0.400991521,-0.044775284,-0.505758015,1.853776725,-0.564055508,6.033711594,-0.188071358,1.449791376,-1.212470095,-0.635650995,1.699060494,-0.215501643,-0.245478838,-0.04765777,0.092578794,1.375070808,-0.466423225,-0.822001526,-0.601374008,-0.21498288,-0.163038163,-0.137954574,-0.07006651,0.112506104,-0.638272689,-0.614971154,0.853458458,-0.795844979,-0.346444762,-1.167645894,0.354939247,0.119448604,-0.286057621,1.461228829,1.103405378,0.730439956,1.139206017,-0.152457872,-0.43643546,-0.080622702,-0.044375425,0.029163057,-0.037973364,-0.387109242,0.196569333,-0.173436665,-0.60345507,0.170052505,-0.472906693,0.350377243,-0.863594363,-0.025116526,-0.080371811,0.394205796,-0.62681365,-0.858214355,0.009422287,-0.725804072,0.452783264,0.251771435,-1.002375206,-0.691146444,-1.125092174,1.298649832,0.75076152,3.191363111,-0.186685539,-0.91249345,-0.380478432,-0.497835415,-0.502767352,-0.396074718,-0.628558166,-0.159294742,-0.355575682,0.582302846,0.862544051,1.146519862,-0.777799053,-0.540921841,0.375051893,-0.04721001,-0.756011696,2.025599514,-0.386350191,-0.687567764,-0.442061849,-0.219956419,-0.428609049,-0.530427907,-0.533563261,-0.431340331,-0.742178124,0.287787092,-0.878955511,-0.050136191,0.252556678,-0.723030707,0.055774732,-0.179085514,-0.653270499,-0.282069092,-1.088556576,1.568587519,-1.298025447,1.904231983,0.850057057,-0.615087573,-0.019242839,0.093550921,-0.252704515,-0.111995528,-0.187020571,0.216147421,0.105597006,-0.582044484,-0.657159595,-0.98778217,-0.494145948,-0.284095939,-0.502177793,-0.36277116,-0.500498338,0.215089879,1.29340573,0.80958013,1.73168238,-0.690001905,-0.405234564,-0.454197052,-0.319979238,0.113121414,0.729981586,-0.609962768,-0.060469549,0.359300684,-0.181605537,-0.269710058,-0.411144481,-0.846571331,3.068939505,3.038650654,-0.492833308,-0.761516475,-0.819668106,-0.038116037,0.520724283,0.573897886,2.612382397,0.360539685,-1.374931736,-0.011788056,-0.69907456,-0.557480202,-1.116823311,-1.164472828
hsa.mir.151a.1,0.0,0.0,0.0,0.0,0.0,0.0,0.0,0.0,0.0,0.0,0.0,0.0,0.0,0.0,0.0,0.0,0.0,0.0,0.0,0.0,0.0,0.0,0.0,0.0,0.0,0.0,0.0,0.0,0.0,0.0,0.0,0.0,0.0,0.0,0.0,0.0,0.0,0.0,0.0,0.0,0.0,0.0,0.0,0.0,0.0,0.0,0.0,0.0,0.0,0.0,0.0,0.0,0.0,0.0,0.0,0.0,0.0,0.0,0.0,0.0,0.0,0.0,0.0,0.0,0.0,0.0,0.0,0.0,0.0,0.0,0.0,0.0,0.0,0.0,0.0,0.0,0.0,0.0,0.0,0.0,0.0,0.0,0.0,0.0,0.0,0.0,0.0,0.0,0.0,0.0,0.0,0.0,0.0,0.0,0.0,0.0,0.0,0.0,0.0,0.0,0.0,0.0,0.0,0.0,0.0,0.0,0.0,0.0,0.0,0.0,0.0,0.0,0.0,0.0,0.0,0.0,0.0,0.0,0.0,0.0,0.0,0.0,0.0,0.0,0.0,0.0,0.0,0.0,0.0,0.0,0.0,0.0,0.0,0.0,0.0,0.0,0.0,0.0,0.0,0.0,0.0,0.0,0.0,0.0,0.0,0.0,0.0,0.0,0.0,0.0,0.0,0.0,0.0,0.0,0.0,0.0,0.0,0.0,0.0,0.0,0.0,0.0,0.0,0.0,0.0,0.0,0.0,0.0,0.0,0.0,0.0,0.0,0.0,0.0,0.0,0.0,0.0,0.0,0.0,0.0,0.0,0.0,0.0,0.0,0.0,0.0,0.0,0.0,0.0,0.0,0.0,0.0,0.0,0.0,0.0,0.0,0.0,0.0,0.0,0.0,0.0,0.0,0.0,0.0,0.0,0.0,0.0,0.0,0.0,0.0,0.0,0.0,0.0,0.0,0.0,0.0,0.0,0.0,0.0,0.0,0.0,0.0,0.0,0.0,0.0,0.0,0.0,0.0,0.0,0.0,0.0,0.0,0.0,0.0,0.0,0.0,0.0,0.0,0.0,0.0,0.0,0.0,0.0,0.0
hsa.mir.378a,0.205292175,0.393725585,-0.173669608,-0.186531017,-0.162539059,-0.684675532,1.211561757,-0.071561794,-0.12329671,1.21008931,0.669561306,-0.858015605,-0.4339196,-0.709118614,0.00893604,-0.267357759,-0.903973877,-1.023387437,0.354582822,-0.677137995,-0.024071299,0.983923202,-0.072698053,-0.05420824,-0.219135969,-0.477757491,0.071152937,0.492903946,0.124991757,0.497053568,-0.512809965,0.615031169,-0.575332412,0.567455343,-0.458743897,0.146431382,0.103034715,-0.633428728,-0.230801956,0.145292769,-0.116422507,-0.104709592,0.755016207,-0.542214003,-0.967094432,0.604206846,0.254872445,-0.261208204,0.432950649,-0.183144868,-0.210055409,0.090480446,-0.190083392,-0.129584087,0.677001012,-0.626837831,0.542690334,-0.53388292,-0.421116508,0.251696983,-0.046233758,0.530653054,-0.513671101,-0.076499547,-0.568752303,-0.794623388,-0.178947415,-0.857292499,0.487123819,-1.487712519,5.934493216,0.456259145,-0.300738952,-0.411943706,-0.034058045,-0.405959427,-1.002204711,0.926139019,1.222630227,-0.30868657,-0.327690878,0.219559796,0.261209678,0.532048689,0.054429702,-0.421032437,6.739651304,0.351690477,-0.084558517,0.127961453,-0.552577998,0.38310551,0.135330501,-0.362878004,-0.149943437,-0.631197387,-2.031651394,-0.331625753,-0.723906877,-0.502396182,-0.53139431,-0.801627443,0.71997926,1.038031041,-0.09862688,1.03341864,-1.402474227,-0.413744843,-0.308115942,-0.542826959,-0.810119379,-0.907209655,0.071978255,0.288726885,-0.096713236,-0.056660329,-0.042542745,-1.643574529,0.364812772,0.296801145,-0.386625788,-1.291605877,-0.813420607,-0.805829463,1.414158945,-1.550685419,0.58649211,-0.480401608,0.367380651,0.130251157,-0.48485941,1.35995796,8.957382943,1.447389861,-0.287394907,0.96753507,0.020614181,1.251015208,1.348730667,0.762686499,1.355289514,1.656178499,-0.456059187,-0.109438418,0.9780404,0.569389405,-0.027104488,-0.116697649,0.071887455,0.325954708,0.284236679,0.17097916,-0.694029783,-0.614821966,-0.401755145,-0.0829933,-1.039365458,-0.290996827,0.317938415,0.595637531,0.525181647,-0.9910942,0.232615673,-1.356134778,-1.568195803,0.444172203,1.555898252,1.539047218,-1.552707169,-0.764652949,-0.0283683,-0.174725554,-0.10149043,0.617244201,0.767555945,0.099199524,-0.748801213,-0.3170085,-0.144272381,-0.047593154,-0.508541774,-0.038256784,0.371794898,1.721236672,-1.82e-05,-1.204299314,0.698145069,-0.138408431,0.428329741,0.67261528,0.940283984,-1.423526816,0.069010637,-1.30895836,-0.959650279,0.395091549,-0.917767939,0.331325366,0.642447339,-0.305737097,-0.563593776,-0.598072076,-0.834923925,-0.635232468,-1.374767127,0.326788893,0.075552431,-0.068555176,0.449076228,-1.326455529,-0.675260873,0.387696738,1.43834281,0.379042199,-0.353867016,0.062994023,0.074266236,-0.698706875,0.233764992,-0.896252404,-0.274315442,0.143374055,-0.215749025,-0.427519985,0.106991586,-0.347200694,0.721358917,-0.157249556,-1.668712136,-0.504262382,0.226368455,-0.437602273,0.104701809,-0.529780133,-0.297551294,-1.045930367,0.230448598,1.440778228,-0.829346157,-0.763905686,0.139347928,0.562418895,-0.118698083,0.379621622
hsa.mir.625,1.168401078,-0.160811788,-0.727595374,0.636599229,2.083923295,2.311107957,-0.521060006,-1.180264414,-0.681035753,-1.309222295,0.46506894,0.911533644,0.183716544,-0.087611465,-0.794665883,-1.042663067,0.385724165,-0.461375751,0.045646741,-0.520070041,0.093802933,-0.508914131,0.123941322,-0.418696027,-0.886091347,-0.091209379,-1.180103393,-0.333891497,0.757318025,-0.07358117,0.825355933,-1.027129686,0.331282778,-0.366053271,0.027232983,0.231011976,-0.910922607,2.238166273,1.610847516,-0.572197389,-0.846959247,0.276507194,-0.564715993,-0.674758546,0.99368048,-0.322861191,2.082040981,2.084887462,1.298410037,0.707541584,1.078905411,2.807141765,-1.525921189,3.035329604,-3.582802648,2.397836901,3.912940402,0.761405204,1.391818739,-3.054266715,-0.268767717,-2.973962039,-0.715151244,-0.14406666,0.282164332,0.389842055,-0.201967467,-0.031144777,-0.170305268,0.820002587,1.063155805,1.531112128,-0.515364607,0.24272902,-0.556501175,-0.253146543,1.22236114,-0.383851117,1.141871045,-1.216579388,-0.531914899,-0.297478607,0.272442714,1.253143109,1.539295599,0.387221988,2.134566419,1.656215432,-0.754464411,0.077241981,-0.0684082,-0.43135339,-0.490547408,-0.45251545,-0.53954134,-0.135108121,0.53374293,-0.308854138,-0.580312491,0.533605894,-0.434526826,-0.763026383,-0.635146462,-0.255323199,-0.990667305,-1.129415507,-0.559604959,-0.721896435,0.015831669,-0.99625632,-0.908283427,-1.359338198,-0.456806183,0.245636611,-0.669707751,-0.769593744,-0.645686347,0.284071964,-0.585377158,0.137556531,-0.092258063,-0.449010415,-1.091320302,0.400068004,-0.995928084,0.588923822,-1.059960211,0.298882673,0.039445139,-0.430778415,-0.243689566,-0.800434175,1.849627433,-0.566974494,-1.089817651,0.437151535,-0.111415986,1.460911075,-1.501855135,0.015740554,-1.363760228,-0.653679474,-0.522492809,-0.761698994,-1.651346127,-0.571858361,0.398498722,-0.460998447,0.732805508,-0.08072979,-1.355364182,-0.903967228,-0.29260732,0.5472356,0.105528131,0.217641177,-0.010035982,0.16576726,-0.804411971,-0.256949945,-0.831831488,0.499826396,-0.115057679,0.356295205,0.816512418,-0.475744133,-0.394517366,-0.324512032,2.222432005,0.342745479,-0.149010273,-0.896807051,-0.532224756,-0.424089668,-0.111387751,-0.259068984,-0.004007905,0.223566862,0.492880182,-0.456250345,0.452773906,-0.180634564,-0.00506673,0.682046666,-1.736421131,0.083221362,0.22098806,0.125832907,-0.88437292,-0.403403084,-0.61116442,0.270752926,-0.205160656,0.394353609,-0.227401286,-0.941285947,-0.615845471,0.493311352,0.279657795,0.12261285,1.236964481,-0.310111336,-0.097717645,-0.530574992,0.80320586,-0.653663601,-0.550576247,-0.254495311,-0.967080086,-0.267243919,1.626266808,1.598213027,-0.815650279,-0.193784356,-0.229183603,-0.562736859,0.417812944,-0.148118767,-0.665672891,1.339251903,1.763725919,0.070992312,-0.208399142,1.397610815,2.291739544,1.028811471,-0.033175476,-0.191505815,-0.489464907,-0.242935026,-1.140057728,0.944113579,0.707211877,-0.169935592,-0.423391856,0.281714215,-0.510317406,-0.896457459,-0.035418984,-0.200296638,-0.506814205,-0.418626495,0.007941071,-0.753477088
hsa.mir.4661,1.42197044,1.592578496,0.262499537,0.79735536,1.214985464,1.046253508,-0.565602119,-0.305969797,-1.241833468,-1.42592976,0.199463396,0.038585834,-1.14366306,-0.180814167,0.028566987,0.593083197,0.047828858,1.044995919,-0.118629389,-0.312489624,-0.462290109,-0.794804308,-0.068604136,-0.80310861,-0.914164961,0.608058804,-0.008858709,-1.905760529,3.341604737,-0.475979073,0.467461221,-1.327331429,-0.066662593,-0.289229645,0.288551339,0.567368732,0.229763901,-0.113880779,0.14843623,0.418969781,0.316321994,0.395698445,-0.394878377,-0.819778678,0.355900455,-0.158317592,-0.56953379,0.740347049,-0.079783644,0.410504059,1.921098939,-0.176484267,0.153533467,3.468713973,-0.194768683,1.654085374,-0.418661419,2.520296503,0.407030316,-1.114294872,-0.180163156,-0.138753669,0.211127279,-0.141395957,0.001480948,-0.002559935,-0.290707184,-0.374423101,-0.607775475,-0.536102027,-0.705939873,-0.249879264,-1.221472999,-0.08529367,-0.843812668,-0.650716279,0.276682619,-0.789228529,-0.527604157,3.389971763,0.130476977,-0.280734713,0.259016956,0.384529874,0.939422439,0.356369032,-0.602721432,-0.68032755,-0.389340402,0.16306257,-0.136093242,-0.391257817,0.125661797,-0.189827808,-0.017681675,0.279084322,4.509163969,0.119664258,0.28641731,1.019374891,-0.203466485,-0.156639127,-0.460871695,-0.005632953,-0.350331777,0.059962467,0.302763056,0.069703079,1.182225193,0.74032913,-0.809370485,-1.315794169,-0.709414057,-0.741106972,3.90143356,-1.346091271,-0.386328763,1.312521874,0.45675851,1.071242549,0.214687477,-0.492256635,-0.581944197,-0.039781744,-0.026251838,-0.441339742,-0.426862451,-0.347629127,-0.35857132,-0.482893439,0.255183915,0.272792795,0.603031982,0.247705346,0.06609814,-0.151963031,0.31558687,-0.444804935,-0.465521631,0.269771125,0.207675166,-0.121702406,-0.169306668,0.08377253,-0.183823287,0.054809397,-0.447206084,-0.965357791,-0.15912534,0.116602774,-0.023342495,-0.299809003,0.541067506,-0.548921202,0.058732451,1.046964505,-0.667361248,-0.046926621,-0.258838509,0.127204293,0.283826303,0.582860154,1.074524203,0.524769087,-0.53175074,-0.43535018,0.365789364,-0.673158546,1.716199362,0.362998757,0.104080481,-0.231485459,-0.64067631,-0.062205143,-0.310377845,0.03450275,0.392348475,0.521949735,0.219139802,-0.09676732,0.5661299,0.574129498,-0.081829715,0.338577718,1.648521791,0.606852651,-0.716747466,0.57018446,0.152793439,-0.550989522,-0.306664864,0.860735686,0.600868148,0.602901294,0.435936887,0.397867626,-0.031918601,-0.377374047,-0.770331326,-0.135832749,-0.09473656,-0.329770028,-0.583595154,-0.648553748,-0.105888914,0.565819916,-0.16381065,0.875681643,-0.885200348,1.18734342,1.362385064,0.693706234,-0.751051161,0.765456173,-0.447572033,-0.948781225,-0.567400269,0.599411444,0.314647153,-0.450392534,1.103969479,-0.466572462,-0.839774104,-0.496620759,0.043240012,-0.922294098,0.144851286,-0.623472596,-0.078630207,-0.634243115,0.781769241,-0.744638779,0.843864912,-0.412121596,-1.056509635,0.319478661,-0.578687067,-0.843249969,1.44274551,0.05761768,-0.807627902,-0.072078409,0.151958735,-0.490019426
hsa.mir.194.1,-1.49749608,0.038864805,1.907092468,2.297661836,-0.897863605,-0.299644083,-0.000728942,-0.944321375,-0.570396319,0.009978566,-0.03147246,1.780247669,2.321673942,1.657522261,1.902349064,0.426429391,1.395383478,-0.457201836,0.013103628,0.288324165,2.149992395,1.169587285,-0.554816196,-0.456808849,-0.608511508,-0.525776716,0.354959298,0.022594856,1.307486863,-0.738895171,1.085930773,-1.618591511,0.86061191,0.35418269,-0.425426475,1.208674854,0.330679913,0.024588882,-0.125805292,0.296322036,-0.315065271,0.531973643,0.960169586,0.359214555,-0.506051657,1.027345463,1.735635584,1.660933855,0.268030209,-1.124411616,-1.677364464,-1.781360714,-0.052584888,-1.967876239,0.957498397,0.870351266,0.252135273,0.921720747,-1.425959507,0.725989468,0.296948891,0.383913317,0.682531313,-0.404661158,0.333904954,0.42900145,-0.208858124,2.197447652,-0.296717957,0.425150682,-1.158163704,1.409801249,0.281447658,0.479530731,-0.077952209,-1.082952249,-0.921773861,-0.074405197,1.202813075,-1.062418386,0.195319161,-1.432306898,-0.455528167,-0.334772598,-1.210768595,0.740767746,-2.596297447,-0.044826083,-1.204184099,0.365232127,0.35314732,-0.73592936,-0.189874959,-0.139613324,-0.09135173,0.573306549,-0.120077866,-2.185788456,0.04964069,0.817986584,0.402072167,1.33361468,-0.248354809,-0.706123982,-1.919439951,0.822989191,-0.93119746,0.902642982,1.494684062,-0.353458325,-0.747261597,-0.269663042,1.122598766,0.116646772,0.00261924,-1.589798008,-1.360859804,-0.467664665,0.174301448,-1.33179522,0.687293689,0.803871856,-0.143668874,0.304632918,1.197955314,-0.719948272,0.074009183,1.621639896,-0.890998567,-0.606777235,-0.292293767,0.672524322,-0.263235539,1.140631983,0.804745288,1.519536314,-0.719972936,-0.015429489,0.128091946,-0.102569949,-1.335751425,-0.032078376,-0.237045679,0.365588701,-1.504213447,0.266338048,0.314523292,1.092391499,-1.788907921,0.234516493,-1.692172043,-0.079185724,0.187617578,0.493402973,-1.036140833,-0.458173293,0.444626032,-1.385900345,-1.82242241,0.058852655,0.46341336,0.063202307,1.649070864,-0.054334955,0.573868197,-0.006141191,-0.217961627,0.02675643,0.908001068,1.001419454,-1.001680702,-0.346397057,0.210045675,-0.601956516,0.954613006,0.386208129,1.968689657,0.12850595,-1.348129602,0.820477609,-1.843009355,0.651208813,0.817561129,1.511493367,-0.546235633,-0.769788281,-0.932645971,-0.91685393,-0.651788376,-0.036016773,0.712189862,0.769835685,0.092926162,1.52654705,-1.353542934,-0.452537782,-0.626209874,-0.2903779,-0.393104323,0.390020345,-0.064094814,0.452459392,0.794936635,-1.520545509,-0.845910596,-1.016023537,-0.632456005,0.845762247,-0.244287465,1.770198402,0.033970255,0.395054636,0.914555974,0.178230492,0.701704191,0.53619336,0.356552152,-0.917484023,-0.233256742,0.785669578,1.063003773,-0.692726167,0.087701002,0.321647106,-2.096977925,-0.395198155,-0.01623176,-2.352266246,2.008679711,0.709779409,-0.769083061,-1.21901461,0.950834434,0.411723027,0.463137975,-0.082780817,0.774778003,-1.803198328,1.243351151,1.072651749,0.868249049,-0.836934923,0.713663769,-0.972602082
hsa.mir.19b.2,1.759459049,-0.674297229,1.188041327,-0.439725473,0.009867077,-0.374315301,-0.38709178,-0.943541742,0.215476736,-0.737933975,-0.225534182,-0.212272467,1.51945923,2.446089709,0.368823792,-0.457234642,-0.077490836,-0.349286036,0.048664438,0.150949133,1.22274854,-0.031878954,0.347642074,-0.378223206,0.879270539,0.153050159,0.119476455,-0.634032518,0.764811362,-0.306872644,-0.572713174,-0.340675262,1.172933107,-0.164633009,0.21160444,-0.163421366,0.874710074,-0.012031538,-0.839212331,-0.158282696,-0.156883317,-0.551471187,0.241746,0.569798468,-0.637803855,0.425320439,-0.382650907,0.129138139,-0.610992503,-0.450539446,-0.081374725,-1.554994634,0.905271487,-1.561546151,-0.015256108,1.791588906,0.78358816,0.352908177,-0.286271298,1.243259071,0.723921382,1.752810347,-0.439239073,0.532084293,-0.839786911,1.210233338,0.64528158,0.119628275,0.468612537,1.634365889,-1.664066536,-2.381985069,-0.335883434,-1.167640827,0.921486774,0.517732574,-0.188299744,-0.471375064,-0.915693676,0.244009718,0.430813545,-0.669212196,-0.280824734,-1.585420985,-0.688382637,0.926277795,-0.066488979,-0.198882634,-0.952374222,-0.024749447,-1.176935492,0.765539371,-0.91634076,0.373349918,0.287050471,0.511489453,2.17887489,-0.842658345,-1.587874385,-0.398598678,1.159562549,0.801879076,0.437858084,0.62177316,0.315321481,-0.304439327,-0.387157341,-0.106682678,-1.081293337,0.366997233,-0.937029165,0.52493414,0.809520074,-1.866354935,0.174963845,0.174143366,-0.680007746,-0.784976486,-0.875512993,-0.654890482,0.398236755,0.321171811,0.159694832,0.004443144,1.189459829,-1.209032184,0.298114295,-0.883178251,-0.124849401,-0.395677359,0.052799513,-0.560522397,0.028169985,0.634371282,1.411211201,0.383262358,-1.23317073,-0.269862159,0.751926501,0.005021134,-1.543667543,-1.839084255,-0.050390481,-0.126425521,-0.544439294,-0.612983433,0.542784985,3.327444199,-1.957376672,-0.860247767,0.063122285,0.273747555,0.064926955,-0.092132552,-0.96764457,0.226665034,0.328975916,-1.241828052,-0.263565384,-0.359254681,-0.531183776,-2.056190361,0.200950491,1.88039767,-1.50262676,-0.314746966,-0.211390313,1.70873155,0.528735546,-0.250412038,-0.208616235,0.22614924,0.505148806,-2.134052243,-1.105846803,-0.058084019,-0.272376947,1.427687891,-0.354891166,-0.290666776,-0.034977753,1.552064746,-0.415368246,-2.286429693,-0.425667757,-0.168559222,-0.305053244,-1.303730354,1.422186563,-0.191244488,-0.100632745,0.408230886,-1.234011993,0.887584744,0.549614141,1.665680768,0.060981143,-0.554213327,-1.093990547,1.369915803,0.719656559,2.04968314,-0.517947241,0.013011102,-1.710740373,0.711346516,-0.157188699,0.726670707,-0.025459324,0.166991588,-1.250754692,-1.012523314,-0.149038681,0.060866114,0.376394955,0.479737019,-0.503429013,-0.935701969,-0.894955941,2.542133535,2.903394353,0.082488555,1.06305229,1.605160147,-1.054907473,0.819666218,0.733693777,-1.026948602,0.118442614,3.010233595,0.096244465,-0.594746374,-1.071586714,0.605981268,1.19867394,0.757932874,0.856119314,0.700563819,-1.496649128,0.080937356,-0.214689305,0.402502371,0.0759612,0.831651192
hsa.mir.112a,-1.086553782,2.052507576,0.508753757,-0.221308732,0.344045745,1.187129766,1.180351552,2.729587286,0.697142309,0.75732718,-0.612670534,0.527392681,-0.729088765,-0.686198983,-0.22475039,-0.288613046,1.239775394,-1.858496397,0.953579843,-0.583749913,-1.24150064,-0.649734176,-0.10586007,-0.373599144,-0.989928679,1.798622758,-0.331944441,1.032259501,0.100265009,1.44378646,1.38074309,-1.281863367,-0.332156033,-0.991109892,1.185035223,0.305999496,-1.712553104,-1.135351541,0.914844196,-1.043289914,0.01471846,1.965293988,-1.121250175,1.320365963,0.890280501,-1.233529621,-1.933529464,-1.119103401,0.340255537,-0.046140026,0.193546819,0.688331995,-0.639018086,-0.953599219,0.769759195,-1.642294846,-2.160887059,0.491501678,0.011934941,-0.579086598,-0.314240529,-1.964926313,2.514779506,0.033911125,-1.088331598,0.494946794,0.672775689,-1.82215549,-1.162628963,-0.129350877,-3.294413941,2.060078563,-0.183173296,0.261278218,-0.350216193,-0.649049999,0.660239063,0.217891289,0.784438823,-1.739031367,-0.419461264,-0.036376327,0.587732349,-0.288725495,-1.365673822,0.504735008,-3.270762705,0.312010074,0.62706679,1.121160888,1.219538284,-1.171635199,-0.005203666,-0.795580564,0.815210627,-0.731262699,0.416391845,-0.267827369,1.314735683,0.690494904,0.031760991,-1.48246525,-0.610139196,-0.294974274,-0.498785697,0.499647049,-0.569619163,-0.101992905,0.699709201,-0.413895871,1.023901581,-1.481525253,0.304892718,1.120047541,0.56102761,-0.19846549,0.446705491,0.877108663,-0.223686522,0.677273841,-0.63259023,0.790041584,0.430745609,1.225071072,-0.432858442,0.687585542,-0.842671175,-0.031531178,0.490104161,1.896059839,-0.373786757,0.064617556,-3.156930126,-0.450433818,-0.998629107,-0.815749465,0.303138936,1.210680646,0.595831152,-0.514404058,1.187414567,2.003897736,1.060348983,0.390539986,-1.273176869,-0.435440503,-0.019888518,1.09176762,0.821809713,1.477011738,-0.118229975,-0.37270061,0.365045557,-1.165210972,0.190720294,-1.064703469,0.359507583,-0.20804276,-0.001459244,-0.121698189,-0.113474737,2.830515094,-0.991024989,-0.652883548,0.440316628,0.37016529,0.487262809,-0.628250401,-0.203999816,-0.591586786,-0.202118056,-0.840913534,0.670601129,0.894930346,-1.385564175,-1.271076268,-0.986563223,-1.177575125,-0.429819539,-0.008564467,-0.417206627,0.09104908,1.163111901,0.428058566,-0.372095436,0.77462823,-0.644173916,0.702559412,-0.09228066,-1.324939172,-0.578584995,-0.016902804,0.751094691,-0.254174293,0.503060372,0.141569816,0.104253306,0.351530195,0.577418606,-0.311742706,-0.32642419,-0.889953958,0.728558489,-0.233541424,-0.002334304,-0.713404599,0.135913628,0.043614948,-1.180917029,1.168195815,1.361651581,1.279545502,0.244533821,0.085437508,-1.072829869,-0.460211876,1.608914013,0.68642455,0.914456119,0.592108982,-0.38568007,-0.031131169,0.456996027,0.435133445,-0.107213714,-0.156375199,-0.355320499,-0.883593372,0.503246095,-0.481359189,0.376864486,0.214935535,0.666312774,-1.339064684,-1.010083392,-0.776915845,0.244365294,-0.320104665,0.304747842,-1.129209968,0.150529407,-0.36614076,-0.265922555,0.120576886
hsa.mir.1277,1.103578361,1.22684199,0.073681221,-0.188161373,-0.606084558,0.46662392,-0.386157506,0.659534805,-0.661099328,1.009290206,-0.370242678,-0.76175991,-0.698396011,-0.247068832,-0.675244942,-0.239049187,-0.886781816,-0.54638938,-0.069145882,-0.434347336,-0.288551792,-0.489802863,0.812530209,1.846568425,-0.594026097,0.014999416,-0.58085052,-0.276032447,-0.499439911,1.366146315,0.098390548,0.008782644,-0.546684706,0.375869674,-0.542243334,-0.601466109,-0.498296736,-0.28237632,0.046254574,0.255951372,-0.352272595,-0.754903361,1.600474615,-0.19033727,-0.590908485,-1.268950516,0.058151209,0.277031187,-0.333040134,0.163212532,0.894888872,0.096041506,-0.51915421,0.725264066,-0.056289642,-0.275666938,-0.276324143,-0.334260841,-0.447770529,-0.297024003,-0.095739269,-0.411203296,-0.515641621,-1.377222627,-1.160995301,-1.162225804,-1.010300071,-1.200725088,1.074600702,-0.549198648,-0.719390579,-0.346587682,-0.448181721,0.687179821,0.855989519,-0.049259359,-0.783459684,0.792849971,-0.407611624,0.851681465,0.414559775,-0.128910856,0.132065282,-1.312549291,0.0216955,-0.411094888,-1.377802022,0.203017043,-0.944448371,2.721031032,-0.168706866,-0.110120666,-0.26557005,-0.662929018,-1.150929868,-0.293058652,-0.939029658,0.576865561,-0.788250011,-0.342322692,0.159566207,-0.745539913,-0.615668738,0.065871709,-0.244892394,0.571455272,-0.669433307,0.853771562,0.283472959,-0.277342841,-0.696298141,-0.569335963,0.460485361,-0.539348876,-0.903131099,0.039964551,-0.269644306,-0.295108334,-1.405385465,-0.943203444,0.601780744,-0.594650244,-0.358573878,-0.646908398,-1.66339685,-1.310173981,0.756539139,0.147471131,-0.108256295,-0.18894733,1.235037741,-0.770808535,-1.614764536,-0.779761822,-0.742839007,-0.750976956,-0.056332198,-0.888119451,-0.136608296,-0.691777162,-0.349114474,0.801641455,-0.530824903,-0.085942065,1.109679341,-0.694798226,-0.789078745,-0.564605226,-0.219176188,-0.269185112,0.679505295,-0.552892873,-0.59672603,-1.367716463,-1.019959792,0.368519423,-0.226652246,2.453420316,0.868723556,-0.118544625,1.667689956,0.030619038,0.485131631,-0.350870216,-0.391408882,-0.073796096,-0.360168079,-0.40181782,-0.130674302,0.021968645,0.830534948,0.038615077,-0.518143556,1.158008507,0.668795064,2.389987306,-0.174029581,-0.277972628,0.054691243,1.299642064,0.593695542,0.460525686,-0.033494044,0.884799565,-0.073026077,-0.826324365,-0.013537803,-0.994679516,-0.881662646,0.673687504,-1.105212578,-0.446558279,0.197008034,-0.832773286,0.347613087,-0.566460936,0.135277935,-0.513478358,1.441473513,-0.505189278,-0.987914564,-1.262066876,-0.911984784,-0.184996615,-0.592884568,1.092306281,-0.192900361,-1.480399661,0.61301562,-1.022332642,-0.183861282,-0.81530214,-0.302449019,-1.240988596,-0.92689108,-0.56761418,0.312808287,0.398180562,-0.815994235,-0.37459552,-0.747137284,1.19213266,-0.723129322,-0.655724679,1.305371282,-0.732088304,0.001603442,0.163283957,-1.562608854,-1.470404527,-0.138615232,-0.679697747,0.216190944,-0.301675771,-1.212436997,0.03222441,-1.234783566,-0.946786102,1.11688303,0.14823154,0.873770273,1.821466454,-0.049349976,-0.210516622
hsa.mir.369,-1.271790481,-0.357271466,0.256253174,-0.523326325,-0.17251645,-0.487479235,-1.244704259,0.367363727,0.061241128,-0.057705474,-0.411138658,0.630912349,0.070100863,0.45600804,-0.200002294,-0.590588834,0.061572262,0.698504243,0.378920104,-0.015758731,-0.120863089,-1.187405552,-0.796032267,-0.536992041,2.305073742,-0.256807275,-0.095762499,0.162798353,-0.392678592,-0.920054632,-0.703618563,-1.121643397,0.308051031,0.645315207,0.265452538,-0.427785898,-0.170550238,0.194480346,0.083461487,-1.033237312,-0.306003899,-0.394493405,-1.456198579,2.283187563,0.892934078,0.389878905,-0.356964895,-0.235318051,0.004582138,-0.771687918,1.195646881,-1.389609121,-0.374011291,-0.786603762,-0.683593972,0.28393693,0.892489483,0.122255539,0.235113978,-0.838341401,1.896280111,0.172602024,0.395882611,0.29506257,0.566299005,0.58641614,0.384196416,0.8562112,0.347455567,1.104791519,-0.59062877,-0.349218662,-0.810355135,-0.874572986,1.884780447,1.049875915,1.162017624,0.798232881,-1.153309416,-1.692085497,0.702112801,0.791752895,-0.130244707,-0.615292746,-0.249590177,1.969087057,0.134107592,0.393708462,-0.450405044,0.718725951,-1.079256304,-0.978665158,-0.440582497,-1.343458473,-1.070145644,-0.300463304,-0.455025074,-1.018304166,-1.06501891,0.299399418,1.48259439,0.995446467,0.025189383,-1.261524906,-0.002227022,-1.198094239,-0.821756222,0.394352631,-0.747610165,-1.121668167,-0.11336759,0.599950157,1.908854707,-0.65292031,-0.870080585,-0.258768373,-0.557968406,0.302012266,-1.213911271,-1.286804673,-0.220564852,1.771206396,0.938982449,-0.500304783,0.227816969,-0.884236658,-0.132871636,-1.076959284,0.145742227,1.375943206,1.24900253,-0.402664587,1.491842211,0.59993284,0.281510557,0.494614984,-0.552775606,-0.019414111,-0.383651533,-0.733549047,-0.684065845,-0.357937391,0.133584218,-0.227579256,0.055337559,-0.725088311,-0.445539397,0.617595809,-1.115579143,-0.085714698,2.042991348,-0.202003101,-0.483606299,0.905243433,-0.744792013,0.007797561,1.850011273,0.019192921,-0.889836076,-1.036508911,-0.086461361,0.055240967,-0.228759636,0.23363509,-0.441608327,0.246912354,1.003739056,-0.842877735,1.544426685,-0.228420338,-1.592011586,-0.426966642,0.95444298,-1.219577864,-0.437363999,0.060445921,1.475044525,0.808798177,0.781940575,-0.853210069,0.163569703,-0.150229754,1.294669891,-0.525016858,-0.950153031,-0.069024198,-0.147717596,-1.265951584,0.215320053,-0.193298775,0.060330298,1.11458845,-0.666619335,1.841233676,-0.652706202,-0.423581667,-0.294646911,1.841025736,-1.068444779,1.696060406,-0.560902713,-0.766375921,0.211306392,-0.018369316,-1.011924754,1.297250401,-1.05804293,1.795881536,-0.501261862,-0.205607038,-0.483229318,-0.701735511,0.055640051,-0.469997671,-0.461420346,0.442382113,-0.748701905,-1.085592292,-1.554038297,1.520264427,0.641593155,-0.88647394,0.188374324,2.249473261,-0.630699827,0.786133392,-0.158867012,-1.035128854,-0.251800312,-0.857270752,1.036535001,0.148029077,-0.619310886,2.209779058,1.477933708,0.503925723,1.175907128,-0.970112687,-0.928025475,-0.073591314,1.192350069,0.654582118,-0.993543519,0.797407488
hsa.mir.375,-0.326331153,-0.695001914,0.429526863,-0.484324963,-0.878005066,-0.410403374,0.482180913,0.333799973,0.641724249,0.936886189,-0.514499757,-0.040245175,-0.434625716,0.579605855,0.04758378,0.033492417,-0.264953505,0.585981162,-0.009271297,-0.369098626,-0.464409685,-0.117056996,-0.597482431,-0.359689509,1.683979173,-0.609134259,0.26290225,0.037477171,-0.614197417,-0.338100257,-0.395415338,0.209772347,-0.684407608,-0.313151998,-0.443011513,-0.475058463,0.909920952,1.760817461,0.213733136,-0.684223675,-0.387088665,-0.644866241,1.158564536,-0.025670543,-0.75215785,-0.061491221,-0.186678662,-0.288495721,-0.490507226,-0.501098813,0.183866704,-0.183216975,1.030002501,0.495201354,-0.72076064,0.684436915,0.591354279,-0.330345687,-0.291328873,0.092165035,0.088721426,1.502110591,-0.271992462,0.120529726,-0.07774614,-0.390240266,-0.889173376,0.967492337,0.11309559,2.922547819,2.26156388,0.489410218,-0.182476404,0.971072198,1.385971987,0.181968834,-0.819482365,0.780880134,-0.632914924,0.202376715,-0.225482586,-0.015525553,-0.553425591,-0.818645346,0.527191432,0.036738145,1.029714198,0.431170877,0.027821806,0.187841854,-0.662949548,-0.210398696,-0.509489091,-0.419396257,-0.41876718,-0.48541071,-1.172459283,-0.224495443,-0.648311581,-0.843207713,0.764722852,3.827400466,0.253857427,-0.406329488,1.587553342,-0.745129856,-0.735345641,-0.102928786,-0.00879373,-0.362682878,0.619359581,6.082311029,0.569072011,2.684987055,-0.511786715,0.217923167,-0.470513631,-0.89867618,-0.529655136,-0.544020658,-0.680460252,0.883407421,-0.104531499,-0.742518466,-0.806603798,-0.839116556,0.71181795,0.052461083,-0.273373169,-0.554148424,0.506134724,-0.070385729,1.443096169,0.309003925,0.316428955,0.475582294,0.51240298,1.338634914,-0.273617347,-0.107044759,-0.435073047,0.333478084,-0.352007309,0.783732006,3.131395915,-0.405267947,0.173117904,-0.346091353,-0.738330139,-0.344001092,-0.418177339,-0.66206533,-0.220524503,-0.468326699,1.107590512,-0.321663411,0.790634968,0.64578964,-0.022651779,-0.660555544,-0.417679369,-0.305178246,-0.355232571,-0.556841136,-0.738589591,-0.530229426,-0.810858831,0.126480521,-1.06164398,-0.446367928,-0.601693577,-0.545570411,0.03515248,-0.731339299,-0.365219992,0.768603312,-0.95370529,-0.898429124,-0.425007154,0.05840847,-0.487700625,-0.319120213,-0.624397389,-0.688438989,-0.49304142,-0.812288908,-0.275543149,-0.869631136,-0.665053592,0.224019664,-0.710727357,-0.853934643,-0.622906658,-0.612427696,3.6387809,-0.302173881,-0.267414282,-0.356722558,0.628368705,0.171684997,-0.799416272,0.55359959,-0.414024175,0.399234448,-0.848139308,0.396455981,0.168979782,-0.795886711,1.078829731,-0.39014643,-0.59468879,0.215703573,0.063565899,-0.911388556,-0.169786889,0.235162389,0.257742102,0.241392769,-0.317053323,-0.429408648,-1.28346522,0.313721536,-0.513871997,1.331868002,1.257495154,1.088055233,-0.915551505,1.072272651,-0.981399741,-0.477483027,-0.090155597,0.234049024,-0.864733265,0.828437886,1.610746358,-0.558828685,-0.813942606,1.207586143,0.890726553,0.062142267,1.676803609,2.169211686,-0.442505499,0.092443341
hsa.mir.336,0.0,0.0,0.0,0.0,0.0,0.0,0.0,0.0,0.0,0.0,0.0,0.0,0.0,0.0,0.0,0.0,0.0,0.0,0.0,0.0,0.0,0.0,0.0,0.0,0.0,0.0,0.0,0.0,0.0,0.0,0.0,0.0,0.0,0.0,0.0,0.0,0.0,0.0,0.0,0.0,0.0,0.0,0.0,0.0,0.0,0.0,0.0,0.0,0.0,0.0,0.0,0.0,0.0,0.0,0.0,0.0,0.0,0.0,0.0,0.0,0.0,0.0,0.0,0.0,0.0,0.0,0.0,0.0,0.0,0.0,0.0,0.0,0.0,0.0,0.0,0.0,0.0,0.0,0.0,0.0,0.0,0.0,0.0,0.0,0.0,0.0,0.0,0.0,0.0,0.0,0.0,0.0,0.0,0.0,0.0,0.0,0.0,0.0,0.0,0.0,0.0,0.0,0.0,0.0,0.0,0.0,0.0,0.0,0.0,0.0,0.0,0.0,0.0,0.0,0.0,0.0,0.0,0.0,0.0,0.0,0.0,0.0,0.0,0.0,0.0,0.0,0.0,0.0,0.0,0.0,0.0,0.0,0.0,0.0,0.0,0.0,0.0,0.0,0.0,0.0,0.0,0.0,0.0,0.0,0.0,0.0,0.0,0.0,0.0,0.0,0.0,0.0,0.0,0.0,0.0,0.0,0.0,0.0,0.0,0.0,0.0,0.0,0.0,0.0,0.0,0.0,0.0,0.0,0.0,0.0,0.0,0.0,0.0,0.0,0.0,0.0,0.0,0.0,0.0,0.0,0.0,0.0,0.0,0.0,0.0,0.0,0.0,0.0,0.0,0.0,0.0,0.0,0.0,0.0,0.0,0.0,0.0,0.0,0.0,0.0,0.0,0.0,0.0,0.0,0.0,0.0,0.0,0.0,0.0,0.0,0.0,0.0,0.0,0.0,0.0,0.0,0.0,0.0,0.0,0.0,0.0,0.0,0.0,0.0,0.0,0.0,0.0,0.0,0.0,0.0,0.0,0.0,0.0,0.0,0.0,0.0,0.0,0.0,0.0,0.0,0.0,0.0,0.0,0.0
hsa.mir.2110,1.158680375,0.298941054,-0.020869102,-0.719339748,0.323179668,-0.931519944,2.66982163,0.063333481,-0.179569881,0.242615443,-0.4031927,-0.937627085,1.206757742,-0.523738037,0.83061722,0.297655298,-0.979346083,-0.320707498,1.747135241,-0.40702155,1.484065553,-0.04912563,-0.765489282,-0.292298094,-0.079045256,-0.487035126,0.913201556,0.568125108,-0.518511081,-1.663735347,0.04978371,0.612208769,-0.727577677,0.428747296,-0.705294391,-0.080300831,-0.154074887,0.278492239,0.957083369,-0.024659433,-1.07334842,-0.119215819,0.919520067,0.097417146,0.036714388,-0.367958522,-1.049956064,0.436284291,-0.017104299,-0.552323196,-1.236958539,-1.691949605,1.139807739,-0.488210332,0.745058272,-0.616379621,-1.248886381,-0.205573471,0.768042089,1.733836922,0.964008762,0.303451415,0.154989773,0.01909568,0.230551259,-0.412551813,0.564692784,1.4245313,-0.162132539,0.190955269,2.782035608,0.723496053,0.353307746,0.002304658,-0.182049995,-0.111947475,-1.104561318,0.755103578,2.049447559,-0.249312621,-0.109229107,0.299922552,0.0909338,0.349437556,-0.133942836,-0.633181967,8.935284465,0.316299619,-0.525659459,-0.114619852,-0.386273059,-0.184557382,-0.098296889,-0.009877353,-0.169457361,-0.146540796,-1.6323547,-0.764314848,-0.775072147,-0.093740108,0.533403007,0.071044414,0.266919828,-0.225706546,-0.549399108,0.068206713,-0.852643575,0.640737163,0.010103992,-0.457258729,-0.706653978,0.355663471,0.400906073,0.531608502,0.917158145,-0.840597996,-0.355200491,-2.295878316,-0.016356557,0.160877024,0.663003794,-0.203142272,-0.355922841,-0.345732341,0.981856954,-1.269270162,0.676091996,-0.12448661,-0.100824728,-0.062235054,-0.427753191,1.522030608,7.881659929,0.800198317,0.075943262,-0.325767365,0.032703773,-0.343807764,0.101611144,-0.396303866,0.353162291,-0.547323786,-0.256141669,-0.563098445,-0.094767165,-0.16277926,1.207963525,0.654834726,0.164757984,0.045915503,-0.057808585,0.485028749,-0.457942507,1.293364925,2.243672599,0.14689591,0.254032913,0.349102947,0.857867794,1.237474285,-0.106400306,-0.074461521,0.527538198,-0.301474294,-0.818218036,-0.283799266,-0.57389284,0.147845685,-0.010711397,0.398658214,-0.002033372,-0.396372107,0.650666862,0.482866437,-0.308394707,1.027777592,0.504062987,0.536168905,0.185287429,1.157910607,-0.091813767,0.526649561,0.64127095,1.791323498,-0.471839564,-1.781604385,-0.756662653,-0.186280802,-0.148574747,-0.187004818,0.788777023,-0.70195747,0.637064405,-1.388185619,-1.504599613,-0.147438838,-0.904485084,-0.035885827,0.295204236,0.663578298,-0.23222804,0.087576906,-0.657988331,-1.002541735,-0.819621985,-0.225398204,0.255735182,0.565197431,0.256614839,-1.206647049,-0.611684182,-0.487700103,1.374617248,0.075891167,-0.069557787,0.305910642,0.120746753,-0.984574474,0.34794321,-0.673970743,-0.294952041,-0.37073481,-0.21781905,-0.376147481,0.01540145,-0.084084598,0.147866308,-0.51931114,-1.109647744,0.250470841,-0.018648373,-0.483047423,0.536509874,0.063079631,0.360658807,-1.547375845,1.722047698,0.903987383,-0.688881855,0.100398276,0.186222771,1.105703019,-0.791269152,-0.637589971
hsa.mir.224,0.04580185,0.369620377,0.508628385,2.306400088,0.066972343,0.515712274,0.092385139,-0.224672172,-0.857944321,-1.329989487,0.66533289,-0.275098673,-0.267805703,-0.948374262,0.460415694,0.156396097,-0.569779369,0.876292736,-1.310589565,-1.571225845,-0.795196085,-0.602248217,0.316816135,-0.102272283,-1.362865467,0.870703187,-0.086914424,0.217069065,-0.284722757,0.441065784,0.270180356,-1.517656178,-0.000789128,-0.270587108,0.939712518,-0.10789265,-0.895839225,2.95514334,-0.015709859,-0.682378313,-0.686700446,0.406172616,-1.310923721,0.727820638,0.292860526,-0.921740276,-0.881642794,-0.532524757,-0.550235551,-0.031407287,0.810830434,-1.423156498,-2.145787874,-0.093391802,0.929325434,-0.518486214,-0.357147359,0.007066086,1.132333266,-2.085593422,-0.423956659,-0.298672352,-0.642986781,-0.782303031,0.431130057,-0.055292301,-0.170792468,1.925950223,-0.248921974,-0.766580373,-2.647877252,-2.769660639,-0.764423665,0.444889742,-0.531051296,0.33715254,-0.109591581,0.411252678,-0.097658157,-0.290281263,-0.383137593,-0.632209678,-0.377765593,0.189362512,0.991092953,0.103019421,0.878599286,0.270289561,-0.024721158,-0.299105932,-1.284591837,-0.721465844,0.850905241,0.715418654,0.310169558,-0.385062254,-0.367781026,-0.210225209,-0.060711255,1.184703763,0.562670953,-0.994929241,-0.93924088,-0.577200234,-1.021279363,0.555381919,0.72112647,0.733847785,-1.105687654,0.33626422,0.916195349,-0.51363211,-0.736932028,-0.161204594,0.318211585,0.066841383,-0.515886832,1.560727627,0.966096411,-1.018399151,-0.511149453,0.721678113,-0.67946134,0.861092123,-0.703378381,0.414949449,0.409090661,0.297852236,-1.140707216,0.441418926,0.048100835,0.564570168,-4.329981153,0.491960742,-0.447968839,0.698692554,-0.679170221,-0.647591219,-0.20000509,-0.278236809,0.043761238,-0.728990205,0.297106173,1.44891482,0.953066652,-0.051880209,-0.196824469,-0.278795157,-0.081530881,0.739130797,0.193056187,-0.503013294,-0.121092859,0.676414326,1.79421542,0.763699172,0.689425898,0.71571176,-1.256872795,-1.166031453,-0.012501825,0.467869724,1.003024737,0.974677512,-0.196813643,-0.904501414,0.190134349,-0.826035305,0.428428248,1.637722537,0.550341636,1.061709542,-1.513200088,-0.634250718,0.220990684,0.729264313,0.91716665,-0.084847813,0.008050796,0.184278513,-0.072399941,-0.755905996,-0.035681414,2.229552766,-0.685830751,-1.505176433,1.364043802,0.389523448,-0.335040197,0.359701546,0.162566138,-0.335743632,-0.063747629,0.737722266,-0.850707013,-0.946205444,0.341865209,-0.36683517,-0.635111,0.150458142,-0.362520876,-0.838757248,0.1773661,0.407269546,1.860621137,-0.031924832,-0.389696638,0.087927603,0.499362733,1.249891268,2.538629358,0.380059665,0.145063875,-0.338312061,-0.499663293,0.18911675,0.944845194,0.253380093,0.028014477,-1.346128844,-1.252632377,-0.483745105,-0.497447879,0.264288105,0.817218085,-0.43702109,-0.917945456,1.562739103,-0.354026836,-0.875515955,-0.162653559,-0.297628753,0.312619925,-0.692414584,-0.598106996,0.301262667,-0.726601571,-1.018696206,-0.765409647,-0.680728022,-0.66340769,0.516936904,1.767977578,0.039785549
hsa.mir.224.1,0.0,0.0,0.0,0.0,0.0,0.0,0.0,0.0,0.0,0.0,0.0,0.0,0.0,0.0,0.0,0.0,0.0,0.0,0.0,0.0,0.0,0.0,0.0,0.0,0.0,0.0,0.0,0.0,0.0,0.0,0.0,0.0,0.0,0.0,0.0,0.0,0.0,0.0,0.0,0.0,0.0,0.0,0.0,0.0,0.0,0.0,0.0,0.0,0.0,0.0,0.0,0.0,0.0,0.0,0.0,0.0,0.0,0.0,0.0,0.0,0.0,0.0,0.0,0.0,0.0,0.0,0.0,0.0,0.0,0.0,0.0,0.0,0.0,0.0,0.0,0.0,0.0,0.0,0.0,0.0,0.0,0.0,0.0,0.0,0.0,0.0,0.0,0.0,0.0,0.0,0.0,0.0,0.0,0.0,0.0,0.0,0.0,0.0,0.0,0.0,0.0,0.0,0.0,0.0,0.0,0.0,0.0,0.0,0.0,0.0,0.0,0.0,0.0,0.0,0.0,0.0,0.0,0.0,0.0,0.0,0.0,0.0,0.0,0.0,0.0,0.0,0.0,0.0,0.0,0.0,0.0,0.0,0.0,0.0,0.0,0.0,0.0,0.0,0.0,0.0,0.0,0.0,0.0,0.0,0.0,0.0,0.0,0.0,0.0,0.0,0.0,0.0,0.0,0.0,0.0,0.0,0.0,0.0,0.0,0.0,0.0,0.0,0.0,0.0,0.0,0.0,0.0,0.0,0.0,0.0,0.0,0.0,0.0,0.0,0.0,0.0,0.0,0.0,0.0,0.0,0.0,0.0,0.0,0.0,0.0,0.0,0.0,0.0,0.0,0.0,0.0,0.0,0.0,0.0,0.0,0.0,0.0,0.0,0.0,0.0,0.0,0.0,0.0,0.0,0.0,0.0,0.0,0.0,0.0,0.0,0.0,0.0,0.0,0.0,0.0,0.0,0.0,0.0,0.0,0.0,0.0,0.0,0.0,0.0,0.0,0.0,0.0,0.0,0.0,0.0,0.0,0.0,0.0,0.0,0.0,0.0,0.0,0.0,0.0,0.0,0.0,0.0,0.0,0.0
hsa.mir.151b.2,-0.880199623,-0.72348847,0.338440466,-0.05103175,-1.300582531,-0.305739981,-0.078429461,-0.459692949,0.613515974,0.237339648,-0.501695667,0.673212002,0.001023314,0.520947737,-0.101859137,-0.705376856,-0.508610643,3.29365368,-0.635054345,-0.257061584,0.469931508,-0.180483806,-0.998053526,-1.001715668,2.923046511,-1.720865808,0.17522169,-0.497915051,-0.538261222,-0.97275446,-0.445885606,0.954550913,-0.843708424,-0.100877699,-0.255260255,-0.152936583,2.012584792,2.367662983,0.721161264,-1.054690999,-1.069371123,-0.131898206,-0.463284293,0.043574634,-0.299202323,0.558090487,0.313001205,0.254348778,-1.237059408,0.335617541,0.058955099,-0.9435367,1.437090162,1.883910531,-1.339867349,3.517896739,2.46991885,0.945328796,-0.586390016,-0.945932065,0.782680386,2.136084347,-0.083327479,1.363715586,1.034605928,0.107068543,-0.564814837,3.297341879,-0.350710873,2.128890754,2.581591558,1.004839914,-0.380812998,-0.649055014,0.420896168,0.089542216,-0.279870814,-0.412862784,-0.421933664,-1.13952751,-0.492607593,-0.137369834,-0.839898249,-0.296543736,0.191441684,-0.182030163,-0.265826521,-0.209766865,0.547244366,-0.146269158,-0.70341096,-0.049847221,-0.654106301,-0.354807044,-0.259221697,0.533784734,0.10237269,-0.434207719,-0.181736439,-0.481018505,0.605467414,2.321191559,1.472340221,-0.72427242,1.801342077,-1.077944428,-0.652965118,-0.538529447,-0.188970339,-0.442640659,0.25315572,3.861293482,0.957837306,1.216909906,-0.583970586,-0.952961381,-0.216242758,-0.037082866,-0.334501589,-0.911092177,-0.842551314,0.254191247,-0.265349075,-0.604597638,-0.421709979,-0.334742039,-0.294400539,0.586287971,-0.424293272,-0.462512527,0.032424836,0.036660506,1.848513112,0.078412025,0.273044297,1.292368785,0.567646806,1.345296197,-0.665666324,-0.162761894,-0.756289874,-0.777890463,-0.421502247,0.710172122,-0.831142125,-0.655567096,1.145751719,0.71985846,-0.273802055,0.221292801,-0.611155944,-0.780335456,-0.359563615,2.085768746,-0.503463093,-0.413634149,1.444384686,0.025731505,-0.6792975,-0.741471936,-1.064958856,-0.619083052,-0.23024896,-0.193218092,-0.455735613,-0.561066952,-0.937017431,-0.029819157,-0.279084303,-0.437564828,-0.342955189,-0.740250258,0.55446015,-1.191885509,-0.548461605,-0.704390894,0.010532771,-0.520215142,-0.287005439,-0.602286733,-0.410441927,-0.520860842,-0.498785373,-0.394025595,-1.19276526,-0.30168136,-0.62147536,-0.487659297,-0.815385429,-0.791991686,-0.473295951,-0.216033661,-0.500500492,0.43069703,-0.577467242,-0.501918156,-0.637163879,1.879925504,-0.18350624,0.563633095,-0.171676655,0.414274534,-0.056279076,0.127385289,-0.504612474,-0.212601014,-0.348521733,1.273991183,-0.043781242,0.678840568,-1.02379477,-0.577462833,-0.255392525,-0.253851807,-0.388926579,0.504459488,-0.274252664,0.143392795,-0.321831462,0.226309901,-0.00579674,-0.451587905,-0.197457538,1.484234567,-0.341033375,1.010216519,-0.957522798,-0.253464913,-0.212511034,-0.527785134,-1.359956719,0.538897309,-0.732146458,2.352340263,2.189575407,0.491617776,-0.204163238,-0.011847919,-0.031676498,0.051164846,0.398285847,-0.836841375,-0.773044368,-0.688682214
hsa.mir.151b.3,0.0,0.0,0.0,0.0,0.0,0.0,0.0,0.0,0.0,0.0,0.0,0.0,0.0,0.0,0.0,0.0,0.0,0.0,0.0,0.0,0.0,0.0,0.0,0.0,0.0,0.0,0.0,0.0,0.0,0.0,0.0,0.0,0.0,0.0,0.0,0.0,0.0,0.0,0.0,0.0,0.0,0.0,0.0,0.0,0.0,0.0,0.0,0.0,0.0,0.0,0.0,0.0,0.0,0.0,0.0,0.0,0.0,0.0,0.0,0.0,0.0,0.0,0.0,0.0,0.0,0.0,0.0,0.0,0.0,0.0,0.0,0.0,0.0,0.0,0.0,0.0,0.0,0.0,0.0,0.0,0.0,0.0,0.0,0.0,0.0,0.0,0.0,0.0,0.0,0.0,0.0,0.0,0.0,0.0,0.0,0.0,0.0,0.0,0.0,0.0,0.0,0.0,0.0,0.0,0.0,0.0,0.0,0.0,0.0,0.0,0.0,0.0,0.0,0.0,0.0,0.0,0.0,0.0,0.0,0.0,0.0,0.0,0.0,0.0,0.0,0.0,0.0,0.0,0.0,0.0,0.0,0.0,0.0,0.0,0.0,0.0,0.0,0.0,0.0,0.0,0.0,0.0,0.0,0.0,0.0,0.0,0.0,0.0,0.0,0.0,0.0,0.0,0.0,0.0,0.0,0.0,0.0,0.0,0.0,0.0,0.0,0.0,0.0,0.0,0.0,0.0,0.0,0.0,0.0,0.0,0.0,0.0,0.0,0.0,0.0,0.0,0.0,0.0,0.0,0.0,0.0,0.0,0.0,0.0,0.0,0.0,0.0,0.0,0.0,0.0,0.0,0.0,0.0,0.0,0.0,0.0,0.0,0.0,0.0,0.0,0.0,0.0,0.0,0.0,0.0,0.0,0.0,0.0,0.0,0.0,0.0,0.0,0.0,0.0,0.0,0.0,0.0,0.0,0.0,0.0,0.0,0.0,0.0,0.0,0.0,0.0,0.0,0.0,0.0,0.0,0.0,0.0,0.0,0.0,0.0,0.0,0.0,0.0,0.0,0.0,0.0,0.0,0.0,0.0
hsa.mir.127b,0.0,0.0,0.0,0.0,0.0,0.0,0.0,0.0,0.0,0.0,0.0,0.0,0.0,0.0,0.0,0.0,0.0,0.0,0.0,0.0,0.0,0.0,0.0,0.0,0.0,0.0,0.0,0.0,0.0,0.0,0.0,0.0,0.0,0.0,0.0,0.0,0.0,0.0,0.0,0.0,0.0,0.0,0.0,0.0,0.0,0.0,0.0,0.0,0.0,0.0,0.0,0.0,0.0,0.0,0.0,0.0,0.0,0.0,0.0,0.0,0.0,0.0,0.0,0.0,0.0,0.0,0.0,0.0,0.0,0.0,0.0,0.0,0.0,0.0,0.0,0.0,0.0,0.0,0.0,0.0,0.0,0.0,0.0,0.0,0.0,0.0,0.0,0.0,0.0,0.0,0.0,0.0,0.0,0.0,0.0,0.0,0.0,0.0,0.0,0.0,0.0,0.0,0.0,0.0,0.0,0.0,0.0,0.0,0.0,0.0,0.0,0.0,0.0,0.0,0.0,0.0,0.0,0.0,0.0,0.0,0.0,0.0,0.0,0.0,0.0,0.0,0.0,0.0,0.0,0.0,0.0,0.0,0.0,0.0,0.0,0.0,0.0,0.0,0.0,0.0,0.0,0.0,0.0,0.0,0.0,0.0,0.0,0.0,0.0,0.0,0.0,0.0,0.0,0.0,0.0,0.0,0.0,0.0,0.0,0.0,0.0,0.0,0.0,0.0,0.0,0.0,0.0,0.0,0.0,0.0,0.0,0.0,0.0,0.0,0.0,0.0,0.0,0.0,0.0,0.0,0.0,0.0,0.0,0.0,0.0,0.0,0.0,0.0,0.0,0.0,0.0,0.0,0.0,0.0,0.0,0.0,0.0,0.0,0.0,0.0,0.0,0.0,0.0,0.0,0.0,0.0,0.0,0.0,0.0,0.0,0.0,0.0,0.0,0.0,0.0,0.0,0.0,0.0,0.0,0.0,0.0,0.0,0.0,0.0,0.0,0.0,0.0,0.0,0.0,0.0,0.0,0.0,0.0,0.0,0.0,0.0,0.0,0.0,0.0,0.0,0.0,0.0,0.0,0.0
hsa.mir.280,0.0,0.0,0.0,0.0,0.0,0.0,0.0,0.0,0.0,0.0,0.0,0.0,0.0,0.0,0.0,0.0,0.0,0.0,0.0,0.0,0.0,0.0,0.0,0.0,0.0,0.0,0.0,0.0,0.0,0.0,0.0,0.0,0.0,0.0,0.0,0.0,0.0,0.0,0.0,0.0,0.0,0.0,0.0,0.0,0.0,0.0,0.0,0.0,0.0,0.0,0.0,0.0,0.0,0.0,0.0,0.0,0.0,0.0,0.0,0.0,0.0,0.0,0.0,0.0,0.0,0.0,0.0,0.0,0.0,0.0,0.0,0.0,0.0,0.0,0.0,0.0,0.0,0.0,0.0,0.0,0.0,0.0,0.0,0.0,0.0,0.0,0.0,0.0,0.0,0.0,0.0,0.0,0.0,0.0,0.0,0.0,0.0,0.0,0.0,0.0,0.0,0.0,0.0,0.0,0.0,0.0,0.0,0.0,0.0,0.0,0.0,0.0,0.0,0.0,0.0,0.0,0.0,0.0,0.0,0.0,0.0,0.0,0.0,0.0,0.0,0.0,0.0,0.0,0.0,0.0,0.0,0.0,0.0,0.0,0.0,0.0,0.0,0.0,0.0,0.0,0.0,0.0,0.0,0.0,0.0,0.0,0.0,0.0,0.0,0.0,0.0,0.0,0.0,0.0,0.0,0.0,0.0,0.0,0.0,0.0,0.0,0.0,0.0,0.0,0.0,0.0,0.0,0.0,0.0,0.0,0.0,0.0,0.0,0.0,0.0,0.0,0.0,0.0,0.0,0.0,0.0,0.0,0.0,0.0,0.0,0.0,0.0,0.0,0.0,0.0,0.0,0.0,0.0,0.0,0.0,0.0,0.0,0.0,0.0,0.0,0.0,0.0,0.0,0.0,0.0,0.0,0.0,0.0,0.0,0.0,0.0,0.0,0.0,0.0,0.0,0.0,0.0,0.0,0.0,0.0,0.0,0.0,0.0,0.0,0.0,0.0,0.0,0.0,0.0,0.0,0.0,0.0,0.0,0.0,0.0,0.0,0.0,0.0,0.0,0.0,0.0,0.0,0.0,0.0
hsa.mir.143a,0.0,0.0,0.0,0.0,0.0,0.0,0.0,0.0,0.0,0.0,0.0,0.0,0.0,0.0,0.0,0.0,0.0,0.0,0.0,0.0,0.0,0.0,0.0,0.0,0.0,0.0,0.0,0.0,0.0,0.0,0.0,0.0,0.0,0.0,0.0,0.0,0.0,0.0,0.0,0.0,0.0,0.0,0.0,0.0,0.0,0.0,0.0,0.0,0.0,0.0,0.0,0.0,0.0,0.0,0.0,0.0,0.0,0.0,0.0,0.0,0.0,0.0,0.0,0.0,0.0,0.0,0.0,0.0,0.0,0.0,0.0,0.0,0.0,0.0,0.0,0.0,0.0,0.0,0.0,0.0,0.0,0.0,0.0,0.0,0.0,0.0,0.0,0.0,0.0,0.0,0.0,0.0,0.0,0.0,0.0,0.0,0.0,0.0,0.0,0.0,0.0,0.0,0.0,0.0,0.0,0.0,0.0,0.0,0.0,0.0,0.0,0.0,0.0,0.0,0.0,0.0,0.0,0.0,0.0,0.0,0.0,0.0,0.0,0.0,0.0,0.0,0.0,0.0,0.0,0.0,0.0,0.0,0.0,0.0,0.0,0.0,0.0,0.0,0.0,0.0,0.0,0.0,0.0,0.0,0.0,0.0,0.0,0.0,0.0,0.0,0.0,0.0,0.0,0.0,0.0,0.0,0.0,0.0,0.0,0.0,0.0,0.0,0.0,0.0,0.0,0.0,0.0,0.0,0.0,0.0,0.0,0.0,0.0,0.0,0.0,0.0,0.0,0.0,0.0,0.0,0.0,0.0,0.0,0.0,0.0,0.0,0.0,0.0,0.0,0.0,0.0,0.0,0.0,0.0,0.0,0.0,0.0,0.0,0.0,0.0,0.0,0.0,0.0,0.0,0.0,0.0,0.0,0.0,0.0,0.0,0.0,0.0,0.0,0.0,0.0,0.0,0.0,0.0,0.0,0.0,0.0,0.0,0.0,0.0,0.0,0.0,0.0,0.0,0.0,0.0,0.0,0.0,0.0,0.0,0.0,0.0,0.0,0.0,0.0,0.0,0.0,0.0,0.0,0.0
hsa.mir.101.1,-0.785300776,0.517527694,0.052501876,-0.308520194,0.025474256,1.328254337,0.551795121,1.499581018,0.034396341,0.459157182,0.109520381,1.209987727,0.24716316,-0.448735157,0.059381267,0.103215509,1.549274622,-1.563253418,0.634698014,-0.23088228,-1.388912499,-1.739354226,-0.932343396,-0.566965728,-1.629446899,1.976496807,-0.822953378,0.305868649,0.027177601,1.243333902,0.645429345,-1.784794025,0.02000712,-0.948436701,0.336109604,0.362413598,-2.245255986,-1.520895697,0.610336445,-0.539332459,1.179004656,1.572099674,-0.849313406,1.312819575,0.511464292,-0.418402099,-0.5945425,-0.637597196,1.02245033,0.504079591,0.637170898,1.786562352,0.069305442,-1.398102348,0.562330839,-2.42126216,-2.230132349,-0.29974487,-0.589707467,0.289077259,0.395696701,-2.232758597,2.135276786,0.502415629,-0.819318857,0.496452321,0.293664133,-0.994416033,-0.993497111,0.855190575,-1.784605447,1.388166695,0.301058405,0.185040049,-0.047194838,-0.24160585,0.315541885,0.414246587,0.773786018,-1.1301268,-0.213125853,0.038465223,0.435858617,0.101724631,-0.817402755,0.857742444,-3.21535241,0.323992992,0.33513808,1.121095942,1.029767673,-0.925981374,0.085390812,-0.760983326,0.929822829,-0.63282244,-0.140517701,-0.502602355,1.226952056,1.088646883,0.92401038,-0.715294229,-0.753912389,-0.686420326,-0.943475279,-0.092163755,-0.783879862,0.098466251,1.007799108,-0.38282797,0.619996867,-1.245713711,0.708194825,1.334853397,0.592111878,-1.183410907,0.175814668,0.250819457,-0.603063106,0.631331575,-0.112834493,1.001487097,0.180674156,0.962884879,-0.32037275,0.536719906,-0.484398608,0.023756403,0.148859836,1.233831679,-0.379367243,0.359346821,-3.634399915,0.685803844,0.136568025,0.708229691,-0.755297584,1.088016792,0.334667898,-1.266977477,0.541699629,1.629871415,0.79180097,-0.10077406,-0.435429485,-0.281478573,0.384374185,0.932792625,1.176409263,0.145330709,0.27040071,-0.136456393,0.327021558,-0.126701248,1.031910708,-0.774439581,0.908577832,0.244154082,-0.055439761,-0.12649017,-0.450134975,1.903142558,-0.665898492,-0.164506619,-0.077118989,-0.185437968,-0.170832877,-0.747861453,0.36062552,0.405933482,-0.241609137,-1.629864762,0.468319766,0.40954052,-1.817615448,-0.475707929,-1.357797966,-1.335728845,-0.288922378,0.016733638,-0.442013212,0.114608871,0.310724401,0.935165792,-0.212939969,0.661088028,-0.983870266,0.406072815,-0.698980146,-1.828295943,-0.543953909,-0.201512146,0.402007191,-0.214355714,-0.075329,-0.291123112,-0.335976021,0.218052435,0.150430305,0.19473525,-0.081738702,-0.312370208,0.202968242,-0.210235244,-0.402219371,-0.465019731,0.291220453,0.395058893,-0.666358249,1.389427107,0.960053736,1.05646731,0.21913972,0.333574908,-1.135930436,-0.5043078,1.039790726,0.34780952,0.189753746,-0.07512134,-0.607980467,-0.214278497,0.102406745,0.298660203,0.781983275,0.117469682,-0.540337965,-1.074640884,0.768412997,-0.463912885,-0.033161197,0.694311781,0.185451924,-0.360330755,-0.261631642,-1.320694174,0.114305431,-0.373535623,0.528021582,-0.788302643,0.418717888,-0.352636649,-0.868232684,0.091639375
hsa.mir.167b,0.0,0.0,0.0,0.0,0.0,0.0,0.0,0.0,0.0,0.0,0.0,0.0,0.0,0.0,0.0,0.0,0.0,0.0,0.0,0.0,0.0,0.0,0.0,0.0,0.0,0.0,0.0,0.0,0.0,0.0,0.0,0.0,0.0,0.0,0.0,0.0,0.0,0.0,0.0,0.0,0.0,0.0,0.0,0.0,0.0,0.0,0.0,0.0,0.0,0.0,0.0,0.0,0.0,0.0,0.0,0.0,0.0,0.0,0.0,0.0,0.0,0.0,0.0,0.0,0.0,0.0,0.0,0.0,0.0,0.0,0.0,0.0,0.0,0.0,0.0,0.0,0.0,0.0,0.0,0.0,0.0,0.0,0.0,0.0,0.0,0.0,0.0,0.0,0.0,0.0,0.0,0.0,0.0,0.0,0.0,0.0,0.0,0.0,0.0,0.0,0.0,0.0,0.0,0.0,0.0,0.0,0.0,0.0,0.0,0.0,0.0,0.0,0.0,0.0,0.0,0.0,0.0,0.0,0.0,0.0,0.0,0.0,0.0,0.0,0.0,0.0,0.0,0.0,0.0,0.0,0.0,0.0,0.0,0.0,0.0,0.0,0.0,0.0,0.0,0.0,0.0,0.0,0.0,0.0,0.0,0.0,0.0,0.0,0.0,0.0,0.0,0.0,0.0,0.0,0.0,0.0,0.0,0.0,0.0,0.0,0.0,0.0,0.0,0.0,0.0,0.0,0.0,0.0,0.0,0.0,0.0,0.0,0.0,0.0,0.0,0.0,0.0,0.0,0.0,0.0,0.0,0.0,0.0,0.0,0.0,0.0,0.0,0.0,0.0,0.0,0.0,0.0,0.0,0.0,0.0,0.0,0.0,0.0,0.0,0.0,0.0,0.0,0.0,0.0,0.0,0.0,0.0,0.0,0.0,0.0,0.0,0.0,0.0,0.0,0.0,0.0,0.0,0.0,0.0,0.0,0.0,0.0,0.0,0.0,0.0,0.0,0.0,0.0,0.0,0.0,0.0,0.0,0.0,0.0,0.0,0.0,0.0,0.0,0.0,0.0,0.0,0.0,0.0,0.0
hsa.mir.29a,-0.109033074,0.763109906,0.603401426,-0.084140021,-0.431839399,-0.239447778,-0.183171469,-0.072155219,-0.204075981,0.64954678,-0.210450371,1.387799808,-0.578014928,0.026782852,-0.826458148,0.85915349,-1.574485275,-0.633138048,0.933317585,-1.136773319,-1.010116576,1.585175789,0.117813878,0.591337197,-0.937689511,0.927140849,0.293536224,1.808078875,-0.790250025,0.920692242,-0.226005011,1.809885034,-1.143597436,0.306042625,-0.87046001,-0.963779241,-0.108614387,-1.821517784,0.029303579,1.537562741,-0.267580623,0.059831966,0.751710759,-0.534051047,-0.884054982,0.225109815,0.151976848,-0.603239751,-0.324225767,0.247805145,0.116875247,1.292577069,-0.440461356,-0.21535823,0.21009038,0.494394657,-0.001870543,0.167166391,-1.51357009,1.31815637,-1.165276934,-0.692673818,1.10039069,-0.777243533,-1.422699802,-0.645626681,-0.736437202,0.06796322,0.558570925,-1.459659046,-1.795281512,-1.382820568,0.686668276,1.034560498,0.51334384,-0.325082546,0.460024214,0.522815787,-0.019013257,0.226848417,-0.330234244,-0.112493301,0.452860291,-0.655391801,0.469168723,-0.546217603,-0.889175263,0.19857985,-1.275294097,-1.250860533,-0.026353523,-0.144462957,-1.026065767,0.22448718,-1.26576262,0.088752809,0.610995568,0.346962804,-1.222358624,-0.057375303,0.373858818,-0.813102939,-0.791934416,-0.102939783,1.674742186,1.329968555,0.124962136,1.522938149,-0.306820866,0.242724516,-1.564102842,-0.947824366,0.928573445,-1.185553618,-0.893571774,-0.093355326,0.250256154,2.299116221,-0.470286755,-0.123873447,-0.730094942,-0.41093315,-0.098150825,-1.216400642,-0.973401188,-0.551057521,0.945295421,-0.231609471,0.098780635,0.104702275,0.403412728,0.736001228,-0.80852761,-1.570091481,-0.014406166,-1.253954391,1.348104613,-0.694905797,-0.065995349,-0.374965543,-0.554897253,1.333215496,0.25541977,0.068862626,0.821168432,0.089351094,-0.120482896,-0.790745632,-0.061980111,0.446581043,-0.442851855,0.135820643,-0.733646558,-0.675153705,0.309402819,-0.619429654,-1.476157937,1.738754655,0.900431552,0.079943377,-0.052938998,-0.480618237,-0.065167723,0.572724153,-0.290408227,0.545373676,-1.299355881,-0.399355023,-0.268708265,0.096391041,0.325558931,-0.165948732,0.447168289,2.007976338,0.517854449,1.067738222,-0.027707333,-1.650132219,-1.117520642,0.576365886,0.164015458,0.411213324,1.723391699,0.042176009,-0.922183541,0.575842819,-0.884040915,-1.184922134,-0.69685795,1.001597674,-1.73361942,-1.224889074,-0.135730153,-1.098103653,0.375394173,-0.914361345,-0.378182045,-0.721101504,0.207650128,-0.864631098,-0.805356867,-1.430596382,-0.730509326,-0.614699184,-0.984038114,0.401245618,0.026811984,-1.700730594,0.954411643,-0.190707852,-0.235286736,-0.282131227,-0.413493505,-0.936697534,0.16604665,-1.023327164,0.018995048,1.226870138,-1.286772399,0.16897621,-0.085398516,0.445830949,-0.203805093,-1.131245203,1.239122404,-1.027800384,0.874488885,0.513111608,-1.644373098,-0.840607246,-0.207069163,-0.803981276,1.287172073,-0.597676899,-1.197924224,0.23008509,-0.143074783,-1.301288572,0.590284682,-0.211089541,1.567627866,0.976226694,0.246661096,0.183375884
hsa.mir.100,-1.499300944,1.324411448,-1.276376307,-0.867044129,0.073563357,1.589154767,0.170447401,2.458338467,0.743144303,0.5717589,0.465179459,1.854889921,0.284759418,-0.445239339,-0.06602608,-0.011187298,1.241597647,-2.178888833,1.228507077,-0.944627806,-1.173820946,-0.866085151,-0.771968623,-0.531539478,-1.116799572,0.884783284,-0.047344247,1.846965854,-0.946296059,0.988406179,1.445800132,-1.057793885,0.200143533,-0.933973376,0.031188029,0.381951267,-1.394283294,-1.538028386,1.534358312,-1.711894814,1.444810061,2.507488349,-1.570404085,1.293733372,1.049140348,-1.176073403,-2.019138562,-1.504943152,0.221188194,0.441597681,0.825810223,2.110991082,-0.332049628,-1.70956974,0.747874706,-1.717731109,-1.875652201,-0.057040564,0.06175606,-0.289328901,0.696871098,-1.822736752,1.737994213,0.317525076,-0.485625061,0.041920896,0.868910031,-1.98737442,-0.533637956,0.370108881,-2.637536419,2.945105512,-0.732277679,-0.251654353,-0.841464313,-0.702167827,0.095834985,-0.021408526,0.294051952,-0.762048085,-0.154370598,0.711684046,-0.070719157,0.521247881,-0.7597122,-0.601223986,-2.770421651,0.901607368,0.512491867,0.720833186,1.18534396,-0.841522542,-0.060350647,-0.016888323,-0.331635107,-1.13208947,0.090866919,-0.042696548,-0.288193054,0.917964937,0.376936595,-0.794663557,-1.12500022,-0.563442422,-0.165000953,-0.755724177,-0.067520801,0.817114512,1.159164506,-0.802636219,0.458323917,-1.564151163,0.276906084,0.580600188,0.581779201,-0.358791182,-0.121269905,-0.240099462,0.189870719,1.161368599,-0.159231798,0.558924759,0.753557649,-0.128077111,-0.202575443,-0.201470648,-1.354072491,-0.452446119,0.104850938,1.40297423,-0.498335426,0.701137628,-2.592622307,-0.154457533,-1.13444182,-0.859404003,-0.258171201,-0.876083537,-0.290163217,0.061106216,-0.335404661,1.458480542,0.2103478,0.620757167,-1.423193862,-0.356401916,0.0269073,0.154722045,0.495546678,1.78312673,-0.719928528,-1.070459928,0.765826096,-0.456945545,0.037374791,-0.163463683,0.631778428,0.522303915,0.212834917,0.402393849,0.453797711,1.439825979,-0.631456488,0.160368599,0.665853678,-0.034129661,1.181291451,-0.856585485,0.642306478,-0.007351494,-0.77137601,-0.436530802,-0.157934441,1.088915534,-1.284873488,0.137680709,-0.115516931,-1.618682789,-0.697004534,-0.491852313,-0.920683194,-1.509126548,1.504956584,1.342081048,0.422503757,0.557170672,-0.400958241,0.142269661,0.180320801,-0.934046505,-1.404557914,0.333480828,1.008356683,-0.622109346,0.340340102,0.119857623,0.050756248,0.218229298,0.640982602,-0.791262487,-0.559470086,-0.491554304,0.779614543,-0.936735183,0.156426596,0.606915505,0.245936475,-0.066755868,-1.274164242,0.170767694,1.27411356,0.866567502,0.164833493,-0.469037824,-0.333336477,-0.136979695,1.346913448,0.815670851,0.797278685,0.089731652,-0.463353596,0.0932979,0.562845368,0.33838791,0.600532231,-0.346416278,-0.232225072,-1.611142674,0.03774359,-0.444675908,-0.080068753,0.363403849,1.174878908,-0.174250456,-0.645138798,-0.705365512,-1.172520252,-1.402506348,0.877236199,-0.135655998,0.596652197,-0.49300802,0.190309697,-0.742580034
hsa.mir.100.1,-1.787726675,-1.204163335,0.456510574,-1.261514509,-1.556069009,-0.256856053,-0.09440269,-1.203356472,0.484487046,0.328875193,-0.332728415,0.147036766,0.430758274,1.177575673,0.684164667,-0.772539085,0.041965399,1.327172567,-0.048793869,-1.215956966,1.7762092,-0.202397699,-1.350416051,-1.053620562,2.708993623,-0.702324213,-0.096910514,-0.426916902,0.562549388,-0.615518815,-0.396561902,1.268355182,-0.11747605,0.248070598,-0.538683075,0.339256796,1.868825106,2.070566371,-0.667267066,-1.079843045,-1.063977382,-0.627905061,0.183249765,0.052572171,-0.69496652,1.077718909,1.332710704,0.853750684,-0.788996962,0.159695016,-0.241268002,-1.518073648,1.206216726,1.347725749,-0.220947626,2.683225601,2.439666852,0.970028652,-1.083149007,-1.364643572,0.450429576,1.810884374,0.145364269,1.47388917,0.918017073,0.321038715,-0.582382144,2.538745684,-0.167633608,1.132992203,2.894438151,1.657176429,-0.258825945,-0.616969284,0.602124654,0.610108612,-0.350264035,0.056808388,-0.362048142,-0.733226053,-0.082287357,0.000489418,-0.158088393,0.036879765,0.799619264,0.118500779,-0.363275871,-0.15586156,0.888542129,-0.236553587,-0.571660378,-0.310318578,-0.276095877,-0.480848774,0.090381728,1.179194059,0.438820651,0.334139991,-0.655370654,-0.773519052,0.320841896,1.043216677,1.57151412,-1.101231811,2.608071796,-0.568175876,-0.701218178,-0.66198441,-0.018027374,-0.078388554,0.158535184,2.890558148,1.832814197,1.10546834,-0.243714735,-0.480369009,0.316736537,-0.682385739,0.764470286,-0.912746151,-1.608079808,-0.06163726,0.255877515,-0.534841676,0.571862497,-0.643546784,-0.609875745,0.792769548,-0.139353217,-0.539176322,-0.234954845,0.086825978,2.192598597,-0.588584264,0.133229632,0.827629885,0.159657563,2.16044594,-0.303238509,0.033400765,-0.133692523,-0.423862155,-0.155580663,0.451606544,-0.689148453,0.427108859,1.025067152,0.958549251,-0.703637761,-0.264687447,-0.802341678,-0.761257838,-0.863491197,2.038637596,-0.337763618,-0.66634234,0.459919884,-1.331683665,-0.793896396,-0.930041991,-1.051451965,-0.542466783,-0.523973465,-0.954608804,-0.574809694,-0.360208055,-1.22064591,0.548417686,0.039547813,-0.917116872,-0.649857542,-0.608867509,-0.162433124,-1.413478827,-0.04357906,-0.957596013,-1.188072808,-0.623599473,0.105432833,-0.512469952,-0.834568328,-0.690644456,-0.284511645,-1.006696493,-0.891279359,-0.580928166,-0.99730497,-1.045249323,0.107068163,-0.402143537,0.013032947,-0.248188358,-0.544442759,1.149567027,-0.349465101,-0.316295107,-0.1553327,2.229610676,-0.129274682,0.617170732,0.569156721,0.409107761,-0.20037012,0.128564463,-0.62020726,0.589931217,-0.156281098,0.427647898,0.155843082,0.138385247,-0.650410903,-0.25131669,0.90557995,-0.739332268,-0.345100259,0.688729182,-0.411793526,-0.446109976,-0.818513364,0.544969087,0.508439211,-0.64514172,1.102409877,1.247824685,-0.175809325,0.779443732,-0.546093385,0.296109865,-0.245446647,0.362664953,-0.770434795,0.896932545,-0.558116514,2.178574654,2.556054094,1.748075462,-0.134335329,0.527583682,0.232759786,0.607811675,1.160419932,-0.344243995,-0.181612587,0.680125255
hsa.mir.127,0.268967878,0.238631962,0.125856747,-0.931720945,1.114877651,-0.712480644,1.328834429,-1.056816677,-0.231318339,0.895447729,0.740541922,-1.301892595,-0.806396253,-1.760650152,0.682840176,0.164936441,-1.717340659,0.092441313,0.11088872,-1.435668651,0.336458395,-0.261421062,-0.027378307,-0.266718205,-0.95457372,-0.136674698,-0.070208409,0.321889925,0.41181632,-0.704826243,-0.157059151,0.093412839,-0.839454039,0.139481586,-1.027815271,0.54461027,-0.804392843,0.165795529,-0.075884862,1.321933858,-0.299609663,-0.117907454,1.082681394,-0.588961592,-0.343654484,0.418419935,0.829230831,0.339926963,1.145026236,0.61975313,-0.233076612,0.009293573,-0.64258517,-0.24058088,0.833987149,-0.583856602,-0.56852249,-0.689889561,-0.771411094,0.374154891,0.67200672,0.234917162,-1.060307492,0.192500674,-0.036090671,-2.442525378,-0.006376131,0.366601924,0.915263076,-1.812713764,3.217734365,-0.362487359,1.257883704,1.328348524,1.010934188,0.996031789,-0.870986617,0.499009031,0.721194063,-0.26912473,-0.266380536,0.481562838,0.490525852,0.246482318,0.550525317,-0.526405954,-0.794337847,0.082018189,-0.243317479,-0.156388153,-1.102916514,0.784799751,0.674869329,-0.882121109,-0.222805249,0.178062936,-1.951245275,-0.760569964,-1.24300871,-0.336378088,0.137441163,-1.555384884,0.56209897,0.273885118,-0.86742592,0.453190484,-2.199541878,0.720616033,-0.819496423,0.703197189,-0.403138208,-1.181933215,-0.473421635,-0.309086228,0.075454051,-0.482110666,0.080993975,-0.484179238,0.324633436,-0.273807025,0.081617512,-1.817930329,-1.265725942,-1.706727092,1.080811205,-1.937967664,2.062391645,-0.149716737,0.21527699,-0.114388892,1.056647986,1.597978949,-2.820138093,1.583550026,1.216714702,-1.638315951,0.563101294,-0.272464998,0.699188211,-0.214881927,0.817161378,0.295634107,0.821877936,-1.16602628,2.582225413,0.217424762,1.466089097,0.428416556,0.993988317,-0.808945856,0.54748483,0.835576328,-0.574919188,0.15017283,0.178600688,0.86385445,-0.481328619,0.60810065,-0.222880462,0.185854944,0.098855228,-1.793375014,0.250262694,-1.48429397,-1.852528654,-0.212450753,-0.212730526,0.993780835,-0.466296303,0.373973666,-0.187070836,-0.776597354,0.366675696,0.55714875,0.95870427,1.420517037,1.315628344,0.490450788,0.320381496,0.762817749,-0.314008875,0.476451585,0.020824152,2.03483881,-0.520562294,-1.599224622,-0.789044382,-0.721529691,0.509540571,0.725867911,0.795809753,-1.050697429,0.043367568,-1.589277132,-1.184816154,0.125464628,-1.182786488,-0.470311682,0.227638025,-0.191156122,0.022050585,-0.827272499,-1.87196941,-1.346615162,-1.148419815,0.253355123,0.167056821,0.052808017,0.856559731,-1.470727373,-0.441207846,-0.074095762,1.016230145,-0.075772606,-0.380972592,0.216874214,0.114193455,-0.532998842,-0.133213654,-1.94599817,-0.191943866,-0.228092333,-0.084961409,-0.68122144,0.779998213,-0.164083982,0.239914676,0.218177362,-1.656185187,0.06772776,0.384018431,-0.315438492,-0.129484401,-0.361711158,-0.135819371,-0.875105756,0.896275447,0.823891199,-0.989870737,-0.807445664,0.342695182,1.29480076,0.01685099,0.789062751
hsa.mir.365b,-0.068533432,-0.310981379,-0.664506685,-0.083962741,0.718915713,0.781398296,-0.352146076,-0.251110875,-0.31951884,-0.526665427,-0.058843418,0.461668129,0.024003043,-0.468907363,-0.293517531,-0.439350906,0.394764818,-0.31419402,0.583690476,-0.286877879,-0.063574498,-0.286355077,-0.405850816,-0.373908901,-0.711230019,0.785912891,-0.815808601,-0.29956086,0.232453816,0.185582749,-0.450825766,-0.520588514,0.262400441,-0.47014909,-0.149096887,-0.132611416,-0.739283315,1.041697892,0.851228436,-0.509251061,0.30606548,0.575009287,-0.740208678,-0.652578005,1.448044427,-0.669542929,1.474459902,1.773529764,0.463157881,-0.307998886,0.484146573,4.133693588,-1.132257064,1.873713161,-1.498200263,1.265036168,2.038309027,0.199798591,0.740007465,-1.565809823,-0.089544673,-1.29494234,-0.478097206,-0.294841772,-0.110188785,0.15244602,-0.215627976,-0.418435996,0.124717633,0.102674456,1.270940741,0.44286358,-0.570320534,-0.412430738,-0.927769315,-0.518608443,0.971592951,-0.073530808,0.203154328,-0.412930504,-0.423444646,0.878010353,0.20192935,1.098708001,1.1544673,0.285708099,2.187175718,0.899710001,-0.47288818,0.327382926,0.023296847,-0.393605086,-0.266111073,-0.48701608,-0.242334685,-0.013555839,1.537830606,-0.218133406,-0.445289077,-0.070034042,-0.3701618,-0.759771758,-0.659629975,-0.432021055,-0.855388474,-0.819661126,-0.31478004,-0.637853961,0.06208001,-0.741957499,-0.752771205,-0.928715819,-0.441759881,0.167043898,-0.421583103,-0.520369323,-0.1956122,2.952796458,-0.537323869,0.377454766,-0.785305755,-0.408760556,-0.760098645,0.520884491,-0.340490163,0.423653202,-0.754946899,-0.147390519,0.24541825,0.364153679,-0.5301252,-0.45201206,0.856220564,-0.85841779,-0.715780068,-0.458226113,-0.43412657,0.400557767,-0.817327272,-0.378123871,-0.177234275,-0.166144888,-0.686495637,-0.813336635,-0.866331177,-0.312902078,0.129702446,-0.311996395,1.231263984,-0.505559855,-0.914495795,-0.720570847,-0.317221601,0.972348204,0.116640051,-0.137340042,-0.196001141,-0.200999764,-0.509181626,-0.450812032,-0.422600739,0.770650784,-0.510433669,0.142954485,0.094067369,-0.676400326,-0.119820747,-0.311334301,0.806124573,-0.218067455,-0.291841725,-0.857010848,0.320036686,-0.836994904,-0.085265768,0.792330576,-0.732891132,-0.577879576,0.776808361,-0.521043677,1.002296246,-0.574077608,0.379665042,0.003875165,0.815658838,-0.466422018,0.764751341,0.22860958,-0.416453417,-0.339589093,-0.488150324,-0.055321174,0.057433354,-0.478917744,-0.345446012,-0.438647518,-0.695997421,0.656271962,0.094102901,-0.38839991,0.526697965,-0.439287078,-0.499261477,-0.479925944,-0.172151075,-0.296783043,-0.387716556,-0.063096779,-0.769738994,-0.393232746,2.516958692,1.26420204,-0.587876571,-0.532047637,-0.783833012,-0.64623687,0.677715107,0.654225232,-0.661234699,1.237499602,2.015689527,-0.027751776,-0.259226436,0.424374535,1.284512774,0.593220261,-0.523510319,-0.451703579,1.076378223,-0.512811792,-0.492541068,0.380516173,0.212015305,0.275159991,-0.569854608,0.522741251,-0.411942871,-0.634697346,-0.162037381,-0.235002041,-0.456476198,-0.215950399,0.284060471,-0.275266742
hsa.mir.378,0.0,0.0,0.0,0.0,0.0,0.0,0.0,0.0,0.0,0.0,0.0,0.0,0.0,0.0,0.0,0.0,0.0,0.0,0.0,0.0,0.0,0.0,0.0,0.0,0.0,0.0,0.0,0.0,0.0,0.0,0.0,0.0,0.0,0.0,0.0,0.0,0.0,0.0,0.0,0.0,0.0,0.0,0.0,0.0,0.0,0.0,0.0,0.0,0.0,0.0,0.0,0.0,0.0,0.0,0.0,0.0,0.0,0.0,0.0,0.0,0.0,0.0,0.0,0.0,0.0,0.0,0.0,0.0,0.0,0.0,0.0,0.0,0.0,0.0,0.0,0.0,0.0,0.0,0.0,0.0,0.0,0.0,0.0,0.0,0.0,0.0,0.0,0.0,0.0,0.0,0.0,0.0,0.0,0.0,0.0,0.0,0.0,0.0,0.0,0.0,0.0,0.0,0.0,0.0,0.0,0.0,0.0,0.0,0.0,0.0,0.0,0.0,0.0,0.0,0.0,0.0,0.0,0.0,0.0,0.0,0.0,0.0,0.0,0.0,0.0,0.0,0.0,0.0,0.0,0.0,0.0,0.0,0.0,0.0,0.0,0.0,0.0,0.0,0.0,0.0,0.0,0.0,0.0,0.0,0.0,0.0,0.0,0.0,0.0,0.0,0.0,0.0,0.0,0.0,0.0,0.0,0.0,0.0,0.0,0.0,0.0,0.0,0.0,0.0,0.0,0.0,0.0,0.0,0.0,0.0,0.0,0.0,0.0,0.0,0.0,0.0,0.0,0.0,0.0,0.0,0.0,0.0,0.0,0.0,0.0,0.0,0.0,0.0,0.0,0.0,0.0,0.0,0.0,0.0,0.0,0.0,0.0,0.0,0.0,0.0,0.0,0.0,0.0,0.0,0.0,0.0,0.0,0.0,0.0,0.0,0.0,0.0,0.0,0.0,0.0,0.0,0.0,0.0,0.0,0.0,0.0,0.0,0.0,0.0,0.0,0.0,0.0,0.0,0.0,0.0,0.0,0.0,0.0,0.0,0.0,0.0,0.0,0.0,0.0,0.0,0.0,0.0,0.0,0.0
hsa.mir.377,-0.782977197,-0.767789893,1.343558997,-1.1574831,-0.076412224,-0.596491511,0.119747823,-0.823831708,0.416397353,0.525699389,-0.833380755,0.1111701,-0.35343186,0.620727109,-0.225497607,0.088610898,-0.514919878,3.084478747,-0.255064539,0.262087516,-0.856835869,0.38877423,-0.531878339,-1.100425558,0.843328062,-2.071965458,0.257035587,-0.237819349,-0.32658702,-1.781706101,-0.931054945,0.841729426,-1.240279747,-0.045744218,-0.85607674,0.007643551,1.315275387,0.761896184,0.105386383,-0.325609443,-0.797101729,-0.7537593,0.432491438,-0.126356822,-1.44970445,1.518728692,0.406456799,0.345419207,-0.443018,0.490154136,-0.503464646,-0.521757104,1.111311232,0.76391997,-0.124721097,0.993834429,0.293703138,-0.099968651,-0.261291514,-0.389781276,-0.288210068,1.788444005,-0.091225852,1.556953918,1.610886146,0.222118015,-0.346028963,2.356185794,-0.82571779,1.22004403,1.589447678,0.006337142,0.131496888,0.063033723,1.440099235,-0.153128552,-0.900089619,-0.254415176,-0.845975212,0.144857265,0.203788541,0.346341712,-1.028998279,0.620607804,0.228425396,-0.585630244,0.17958693,-0.991607638,0.569244007,-0.672555734,-0.369569668,0.766268702,-0.491792003,-0.545302133,0.674491287,0.227334016,0.066290326,0.072591081,0.601840883,-0.94513975,-0.307062514,1.795925634,1.118698158,1.063247812,2.568345319,-0.280821737,-0.045730302,-1.38680291,-0.683532396,-0.053909973,-0.029134817,3.338287489,1.443808697,2.544838621,-0.209810912,-0.262754702,0.893775074,1.263647561,1.967817894,-2.070426845,-1.806447659,-1.284899949,-0.334961436,-0.441740995,-0.473766891,0.094386289,-0.111082038,0.720591963,-0.920922364,-0.733748698,-0.084266383,-0.726951478,1.224042125,-0.028582622,-0.107384315,-0.008350136,3.139344758,1.425408342,-0.150487309,0.969586563,0.104355245,-0.707594331,-0.058191082,-0.564877432,-0.096262541,1.260624984,2.136680004,0.818829335,-0.656613099,-0.171013464,-0.804941012,-0.411980675,-1.198985718,1.24616945,-1.267197545,-0.147444719,-0.960108975,-1.348009332,-0.046810023,-0.158207947,-1.055496866,-1.20809645,-0.065488722,-0.858695408,-0.364695596,-0.147340806,-0.86338558,1.463626819,-0.768797954,-1.137608644,0.361454499,0.108186318,2.022428267,-1.181794502,-0.165906584,-0.870634909,-1.118148658,-0.205085674,-0.052433126,-0.208438151,0.065708392,0.200473885,-1.150880251,-2.041301566,-1.603675285,-0.34541235,-0.263462961,-0.181964967,-0.538101048,-0.38366786,0.787028182,0.801468405,-0.070343895,2.07634881,-0.402333015,0.937621697,0.25827649,0.597070647,0.051690546,0.78834707,1.48451845,0.807537584,-0.643133493,0.64868306,-0.055546776,0.732117903,1.067550478,0.967567494,0.400278052,-0.423103654,-1.278297245,-0.792060046,0.838689251,-0.714772249,0.804354427,2.164605666,-0.686618779,-0.610809178,0.023230075,0.144795341,-0.999758859,-0.751886899,-0.579311795,1.593825753,-0.699384073,1.627546912,-1.221759528,0.767274531,-0.487964812,-0.043299898,-1.723040492,1.576239993,-0.959053386,2.30297654,2.611649093,-0.141408043,-0.20245918,1.171186511,-0.253445827,-0.242126995,1.071932299,-0.637307679,-1.123781003,-0.855454647
hsa.mir.144b,0.0,0.0,0.0,0.0,0.0,0.0,0.0,0.0,0.0,0.0,0.0,0.0,0.0,0.0,0.0,0.0,0.0,0.0,0.0,0.0,0.0,0.0,0.0,0.0,0.0,0.0,0.0,0.0,0.0,0.0,0.0,0.0,0.0,0.0,0.0,0.0,0.0,0.0,0.0,0.0,0.0,0.0,0.0,0.0,0.0,0.0,0.0,0.0,0.0,0.0,0.0,0.0,0.0,0.0,0.0,0.0,0.0,0.0,0.0,0.0,0.0,0.0,0.0,0.0,0.0,0.0,0.0,0.0,0.0,0.0,0.0,0.0,0.0,0.0,0.0,0.0,0.0,0.0,0.0,0.0,0.0,0.0,0.0,0.0,0.0,0.0,0.0,0.0,0.0,0.0,0.0,0.0,0.0,0.0,0.0,0.0,0.0,0.0,0.0,0.0,0.0,0.0,0.0,0.0,0.0,0.0,0.0,0.0,0.0,0.0,0.0,0.0,0.0,0.0,0.0,0.0,0.0,0.0,0.0,0.0,0.0,0.0,0.0,0.0,0.0,0.0,0.0,0.0,0.0,0.0,0.0,0.0,0.0,0.0,0.0,0.0,0.0,0.0,0.0,0.0,0.0,0.0,0.0,0.0,0.0,0.0,0.0,0.0,0.0,0.0,0.0,0.0,0.0,0.0,0.0,0.0,0.0,0.0,0.0,0.0,0.0,0.0,0.0,0.0,0.0,0.0,0.0,0.0,0.0,0.0,0.0,0.0,0.0,0.0,0.0,0.0,0.0,0.0,0.0,0.0,0.0,0.0,0.0,0.0,0.0,0.0,0.0,0.0,0.0,0.0,0.0,0.0,0.0,0.0,0.0,0.0,0.0,0.0,0.0,0.0,0.0,0.0,0.0,0.0,0.0,0.0,0.0,0.0,0.0,0.0,0.0,0.0,0.0,0.0,0.0,0.0,0.0,0.0,0.0,0.0,0.0,0.0,0.0,0.0,0.0,0.0,0.0,0.0,0.0,0.0,0.0,0.0,0.0,0.0,0.0,0.0,0.0,0.0,0.0,0.0,0.0,0.0,0.0,0.0
hsa.mir.131b,0.0,0.0,0.0,0.0,0.0,0.0,0.0,0.0,0.0,0.0,0.0,0.0,0.0,0.0,0.0,0.0,0.0,0.0,0.0,0.0,0.0,0.0,0.0,0.0,0.0,0.0,0.0,0.0,0.0,0.0,0.0,0.0,0.0,0.0,0.0,0.0,0.0,0.0,0.0,0.0,0.0,0.0,0.0,0.0,0.0,0.0,0.0,0.0,0.0,0.0,0.0,0.0,0.0,0.0,0.0,0.0,0.0,0.0,0.0,0.0,0.0,0.0,0.0,0.0,0.0,0.0,0.0,0.0,0.0,0.0,0.0,0.0,0.0,0.0,0.0,0.0,0.0,0.0,0.0,0.0,0.0,0.0,0.0,0.0,0.0,0.0,0.0,0.0,0.0,0.0,0.0,0.0,0.0,0.0,0.0,0.0,0.0,0.0,0.0,0.0,0.0,0.0,0.0,0.0,0.0,0.0,0.0,0.0,0.0,0.0,0.0,0.0,0.0,0.0,0.0,0.0,0.0,0.0,0.0,0.0,0.0,0.0,0.0,0.0,0.0,0.0,0.0,0.0,0.0,0.0,0.0,0.0,0.0,0.0,0.0,0.0,0.0,0.0,0.0,0.0,0.0,0.0,0.0,0.0,0.0,0.0,0.0,0.0,0.0,0.0,0.0,0.0,0.0,0.0,0.0,0.0,0.0,0.0,0.0,0.0,0.0,0.0,0.0,0.0,0.0,0.0,0.0,0.0,0.0,0.0,0.0,0.0,0.0,0.0,0.0,0.0,0.0,0.0,0.0,0.0,0.0,0.0,0.0,0.0,0.0,0.0,0.0,0.0,0.0,0.0,0.0,0.0,0.0,0.0,0.0,0.0,0.0,0.0,0.0,0.0,0.0,0.0,0.0,0.0,0.0,0.0,0.0,0.0,0.0,0.0,0.0,0.0,0.0,0.0,0.0,0.0,0.0,0.0,0.0,0.0,0.0,0.0,0.0,0.0,0.0,0.0,0.0,0.0,0.0,0.0,0.0,0.0,0.0,0.0,0.0,0.0,0.0,0.0,0.0,0.0,0.0,0.0,0.0,0.0
hsa.mir.550a.3,0.980156991,0.112699935,-0.287700151,-0.150689642,0.919426023,-0.611991948,-0.189182802,-1.123840815,-0.90206889,-0.577831639,-0.244862584,2.190381597,0.902319508,-0.29231258,0.169106392,1.042930529,1.254544355,0.868010914,-0.118880653,0.554300141,-0.001587473,0.311151841,1.4567124,0.054865356,-1.170450997,2.020221285,1.514300203,-1.26745047,2.451420082,1.303510671,-0.384580676,-2.103159121,-1.267577302,1.073188818,1.627323087,-0.419246654,0.733422994,-0.292906198,0.201595955,-0.488553899,1.607404773,-0.655422885,-0.367628049,-0.418557989,0.479265059,0.305157787,-0.742151411,-0.343454377,0.404320895,-0.204900264,1.091475516,2.60271265,-0.901424252,2.660362468,0.390012424,0.837662059,1.202649616,-0.520752181,0.849782559,-0.753311054,-0.023365652,-1.076400882,0.017027146,0.045567611,-0.098020569,0.083113006,0.289598237,0.319653094,0.296340689,0.429591384,0.678593461,0.080322992,1.536259511,1.389202278,0.944462144,0.457988129,0.371094429,0.517819757,1.389421418,6.937283169,-0.067359563,-1.088882644,-0.782039993,-0.948599234,0.070342641,0.167759105,0.142434194,-0.118036524,0.118677659,0.622143599,-0.110117333,-0.184250959,-0.184883335,0.365934525,-0.272990809,-0.185664369,-1.063942545,-0.062347716,0.033701834,0.096708351,1.003178447,0.699237455,0.341368697,0.453187164,0.607627482,-0.107498344,-0.66526325,-0.345599069,0.823134511,0.99073787,1.140385771,1.349593441,-0.541171247,-0.277012151,0.210122769,-0.079545293,0.274377501,-1.856775909,-0.178396995,2.444355187,1.202584301,-0.292322207,0.68014831,-0.031888047,0.496916912,0.179372899,0.707550607,-0.192721339,-0.312675087,-0.124339348,-0.2996922,-0.121976305,0.012088311,-0.286380936,0.032730915,0.207623516,0.093765756,0.393228829,0.634670612,-0.637706526,0.063001363,0.19239363,1.010465075,-0.388544795,0.857673076,-1.0412815,0.594305035,0.285513905,-0.127964632,0.29598729,0.675041293,0.644712605,0.609425497,0.16929607,0.395056409,-0.035564682,0.47701864,-0.780447072,0.319763908,0.896857764,-0.090409174,-0.298720243,-0.178714314,-0.456261151,-0.022215823,-0.576087963,-0.060192775,-0.266424279,-1.042273749,-0.14105576,0.008170709,0.120277449,0.415887445,-0.089763063,-0.379409423,0.282489108,0.673985742,-0.385769864,-0.405701893,0.453867302,-0.37355824,-0.157610878,0.796091755,0.733471772,4.005103705,0.485452047,0.454424404,-0.922445194,-0.055558249,-0.181514806,-0.371345765,0.221059848,0.657919134,0.868227916,-0.194721957,-0.032616631,-0.246863389,-0.618987089,0.1891943,-0.538216307,-0.582710658,-0.577641007,0.12497013,-1.410717037,1.406949862,0.413817882,-0.594669302,-0.300630794,-0.471189446,1.817713161,-0.001992369,0.326840215,-0.162237167,0.583051799,0.233480881,-0.655891809,0.198825506,-0.107840249,0.074716966,0.019720599,0.550398702,-0.367455447,-0.646877584,0.041869751,-0.679195147,-0.591976907,-0.019054379,0.425844891,-0.615749853,-0.252947032,3.10190902,-0.203139181,-0.018613611,-0.270617061,1.084381118,-0.287924519,-0.589153634,-1.116632303,1.426109405,0.049444547,-0.10916907,0.061462323,-0.323228952,-0.481747523
hsa.mir.126b,0.0,0.0,0.0,0.0,0.0,0.0,0.0,0.0,0.0,0.0,0.0,0.0,0.0,0.0,0.0,0.0,0.0,0.0,0.0,0.0,0.0,0.0,0.0,0.0,0.0,0.0,0.0,0.0,0.0,0.0,0.0,0.0,0.0,0.0,0.0,0.0,0.0,0.0,0.0,0.0,0.0,0.0,0.0,0.0,0.0,0.0,0.0,0.0,0.0,0.0,0.0,0.0,0.0,0.0,0.0,0.0,0.0,0.0,0.0,0.0,0.0,0.0,0.0,0.0,0.0,0.0,0.0,0.0,0.0,0.0,0.0,0.0,0.0,0.0,0.0,0.0,0.0,0.0,0.0,0.0,0.0,0.0,0.0,0.0,0.0,0.0,0.0,0.0,0.0,0.0,0.0,0.0,0.0,0.0,0.0,0.0,0.0,0.0,0.0,0.0,0.0,0.0,0.0,0.0,0.0,0.0,0.0,0.0,0.0,0.0,0.0,0.0,0.0,0.0,0.0,0.0,0.0,0.0,0.0,0.0,0.0,0.0,0.0,0.0,0.0,0.0,0.0,0.0,0.0,0.0,0.0,0.0,0.0,0.0,0.0,0.0,0.0,0.0,0.0,0.0,0.0,0.0,0.0,0.0,0.0,0.0,0.0,0.0,0.0,0.0,0.0,0.0,0.0,0.0,0.0,0.0,0.0,0.0,0.0,0.0,0.0,0.0,0.0,0.0,0.0,0.0,0.0,0.0,0.0,0.0,0.0,0.0,0.0,0.0,0.0,0.0,0.0,0.0,0.0,0.0,0.0,0.0,0.0,0.0,0.0,0.0,0.0,0.0,0.0,0.0,0.0,0.0,0.0,0.0,0.0,0.0,0.0,0.0,0.0,0.0,0.0,0.0,0.0,0.0,0.0,0.0,0.0,0.0,0.0,0.0,0.0,0.0,0.0,0.0,0.0,0.0,0.0,0.0,0.0,0.0,0.0,0.0,0.0,0.0,0.0,0.0,0.0,0.0,0.0,0.0,0.0,0.0,0.0,0.0,0.0,0.0,0.0,0.0,0.0,0.0,0.0,0.0,0.0,0.0
hsa.mir.318,0.0,0.0,0.0,0.0,0.0,0.0,0.0,0.0,0.0,0.0,0.0,0.0,0.0,0.0,0.0,0.0,0.0,0.0,0.0,0.0,0.0,0.0,0.0,0.0,0.0,0.0,0.0,0.0,0.0,0.0,0.0,0.0,0.0,0.0,0.0,0.0,0.0,0.0,0.0,0.0,0.0,0.0,0.0,0.0,0.0,0.0,0.0,0.0,0.0,0.0,0.0,0.0,0.0,0.0,0.0,0.0,0.0,0.0,0.0,0.0,0.0,0.0,0.0,0.0,0.0,0.0,0.0,0.0,0.0,0.0,0.0,0.0,0.0,0.0,0.0,0.0,0.0,0.0,0.0,0.0,0.0,0.0,0.0,0.0,0.0,0.0,0.0,0.0,0.0,0.0,0.0,0.0,0.0,0.0,0.0,0.0,0.0,0.0,0.0,0.0,0.0,0.0,0.0,0.0,0.0,0.0,0.0,0.0,0.0,0.0,0.0,0.0,0.0,0.0,0.0,0.0,0.0,0.0,0.0,0.0,0.0,0.0,0.0,0.0,0.0,0.0,0.0,0.0,0.0,0.0,0.0,0.0,0.0,0.0,0.0,0.0,0.0,0.0,0.0,0.0,0.0,0.0,0.0,0.0,0.0,0.0,0.0,0.0,0.0,0.0,0.0,0.0,0.0,0.0,0.0,0.0,0.0,0.0,0.0,0.0,0.0,0.0,0.0,0.0,0.0,0.0,0.0,0.0,0.0,0.0,0.0,0.0,0.0,0.0,0.0,0.0,0.0,0.0,0.0,0.0,0.0,0.0,0.0,0.0,0.0,0.0,0.0,0.0,0.0,0.0,0.0,0.0,0.0,0.0,0.0,0.0,0.0,0.0,0.0,0.0,0.0,0.0,0.0,0.0,0.0,0.0,0.0,0.0,0.0,0.0,0.0,0.0,0.0,0.0,0.0,0.0,0.0,0.0,0.0,0.0,0.0,0.0,0.0,0.0,0.0,0.0,0.0,0.0,0.0,0.0,0.0,0.0,0.0,0.0,0.0,0.0,0.0,0.0,0.0,0.0,0.0,0.0,0.0,0.0
hsa.mir.104b,3.349272971,0.302484517,0.352473535,0.684127464,0.89150778,0.68493258,0.01961231,-0.298759182,-0.33436566,-0.387338562,-0.357786159,0.635164743,1.070937303,-0.880041896,0.765088864,-0.322080552,0.155446638,-0.89387914,-0.275035313,0.345132631,0.055788377,-0.486630327,0.252321236,-0.193915027,0.666954325,0.311402067,0.65714226,-1.83060036,1.448937717,-0.909714113,-0.201247491,3.515140762,0.651599599,-0.099206854,0.656650956,0.651239245,-0.551927786,-1.61111346,0.632334872,1.092742658,-0.396129105,-0.222649079,-0.347195945,-0.292278614,0.076355863,-0.142444113,-0.688926771,-0.696386816,0.622075015,0.675353327,6.909917248,0.006522266,-0.244487285,1.112421514,-0.296544986,0.430029968,2.10379038,0.407543552,0.571387777,-0.907058267,-0.245089665,-0.731534307,0.631554961,0.092465654,-0.406347631,-0.176089596,0.43776491,0.400541623,-0.194246889,0.485385106,0.716983823,-0.243631982,-0.645110849,-0.80991971,-0.617500459,-0.241895894,0.867384267,-0.845002033,0.184121626,3.750079753,-0.389783013,-0.278251058,2.125478754,-0.196969566,-0.536307139,0.190376098,0.355425934,-0.316418889,-0.145414205,-0.279902838,-0.364569977,-0.308493913,-0.092504391,-0.126525961,-0.12395688,0.144206076,0.134576536,0.238863209,-0.287846062,9.951602928,0.14854471,0.408075712,0.121471373,-0.089353675,-0.170190485,-0.109455259,0.155818564,-0.520064992,1.68813894,0.471319924,-0.045837616,0.40337716,-0.417030276,-0.40157654,1.194585989,-0.304455142,-0.004080787,-0.737306471,0.067096227,0.045125209,0.148474509,-0.165914344,0.137808013,-0.328669165,-0.267296765,0.585124803,-0.545797546,-0.435714933,-0.293275388,0.247174079,-0.046087825,0.356430773,0.487134608,-0.213488216,-0.143647386,0.166540381,-0.222924808,0.2700452,0.181616365,0.001915234,-0.303110338,-0.186417851,0.119037839,-0.286902013,0.703443628,-0.276524739,0.077555412,-0.196383037,-0.494863864,-0.066635537,-0.021740554,0.267461298,0.376170001,0.142646371,0.099332948,-0.052962847,-0.521262005,-0.510639059,0.683561443,0.442239803,0.170024642,-0.071900487,0.472525853,-0.154986384,0.046096681,-0.025037357,-0.059521263,-0.260696819,0.191360746,0.041189965,1.522230867,-0.082906177,-0.685478987,-0.476625355,-0.399939482,0.324435404,0.851747392,-0.477483868,0.722084556,-0.070754733,-0.242086028,-0.191769863,0.667719317,-0.27414163,2.872400845,-1.159275788,-0.235242471,-0.504047732,-0.246048575,-1.038284672,-0.502297319,-0.523242654,1.49847928,0.908855261,0.100850846,-0.179840691,-0.345689322,-0.355839569,-0.767521329,-0.451116954,0.213751164,-0.165822566,-0.051675107,-0.548976061,1.198178751,0.586833587,-0.481630803,-0.026025156,-0.967995,0.793121823,2.13039724,0.040871854,0.051161531,-0.373230066,-0.369609684,-0.599813646,0.009603038,0.095960674,-0.019385641,-0.362560994,0.804432269,-0.553862686,-0.628693726,-0.28931292,-0.472814958,-0.495920773,0.145800475,-0.093152204,-0.261362009,-0.339792192,1.004297438,-0.442440756,1.118021694,-0.303232015,-0.38616483,0.104331759,-0.407354292,-0.507826347,0.516220276,0.512014038,-0.49076898,0.639067948,-0.423723327,-0.209658044
hsa.mir.195,-0.828317025,-1.220458347,-0.701546682,-1.012788967,-0.274395954,-1.206611753,0.208899164,-0.294366464,1.056005471,0.510579343,-0.392016964,-1.0851244,0.780917808,-0.307504014,0.489108225,0.657459431,0.129727086,0.071378377,-0.206951876,1.036658594,0.113601402,2.168144024,2.15866967,0.297114387,-0.529176266,-2.486413544,2.310993586,-0.247431029,-0.673588621,-0.701389349,1.458743419,1.526546181,-0.101793645,1.679105963,1.607969961,0.778611903,1.750165942,-1.697941227,-0.668170883,1.287281525,-1.23609,-0.101859405,0.57258148,-0.946783653,0.049744961,-0.906289073,0.490391286,-1.71418239,-0.193572204,-0.449264639,-1.23785677,-0.934393656,1.0059511,-0.303516317,0.779509056,0.319611136,-0.424495861,-1.159318434,1.443085439,-0.159382637,-0.255233362,-0.199447357,-0.881058707,0.495519496,0.780776732,0.451393711,1.141743463,0.225842284,0.168748859,0.454877435,-2.191252168,-1.55443732,-0.213501009,-0.188195373,0.4815224,-0.395519033,-0.437569051,-0.675301954,-0.040709781,-2.029870236,0.243710043,0.865542083,-1.015620733,-1.014853742,0.029745838,0.248280378,0.162028878,0.205474958,-0.381858993,-0.976992065,-0.819919618,-0.195647027,-0.314352069,-0.185195118,0.762913739,0.222618988,-0.375668524,-0.467457632,1.069293067,0.147233765,0.037132814,2.105188908,-0.027373529,0.76746458,1.046576135,-0.357545493,0.234826873,-0.470125637,-2.912903814,0.777402958,-0.378348274,-0.991920785,-1.661725619,-1.858353885,-0.492909814,1.213040988,0.596389357,1.298843189,0.562249314,-1.050802431,0.729794388,0.847484546,-0.155580747,0.769190668,-0.937597468,1.643229051,0.221431404,0.234969143,-1.229713671,-0.587395424,0.181435647,-0.777676497,1.521841477,1.737125786,0.238228008,3.898989844,0.298143474,-0.006017015,0.296672475,0.544127255,-1.364275276,-0.906698421,0.434625372,0.529658625,0.343073361,-0.174961412,-0.063042846,-0.538447948,-1.232078459,0.641781388,0.6917688,0.265711505,0.339190248,-0.776283327,0.46715121,0.743972317,-1.695022,0.92232024,-0.131707371,0.87599545,-0.631398169,-1.44100874,-0.009591217,1.530452332,0.056478206,0.308201631,-1.125197882,-0.664319585,-0.24841756,-0.264192567,0.780865071,1.479423459,-0.545310925,-1.132760137,-0.169955056,-0.210362455,2.629164469,-0.302518816,-0.022169722,-0.26654997,-0.210474681,1.021833453,-0.577596286,0.166884309,-1.993100579,0.657713621,1.286142362,1.823858791,0.912200875,0.95700087,0.460407468,-0.362059203,-0.205516057,0.057310868,0.092670985,-0.767850623,0.082719833,-3.139443314,-0.130286794,1.545956316,-0.71170841,1.324608596,0.026018713,-0.211562105,0.507961213,0.230134572,1.464079718,0.966442065,0.210191231,0.256773515,-1.609000634,-1.05469466,-1.496325482,-0.460424215,1.018150723,-0.584908373,-1.014121562,-0.024851745,0.214495014,-0.09781673,-1.254146292,0.17413596,-1.392368306,-0.205487161,-1.948504353,0.521799903,-0.889956239,0.294075021,1.282928312,0.915277375,-1.362215362,-1.516557507,-0.312387493,-1.998090609,-0.60803851,0.404173132,0.081648702,-0.347731277,-0.860528782,-0.120797892,-1.744729429,-0.801796843,0.020494776,0.401371176
hsa.mir.486.1,0.536988702,0.327723547,-0.377269296,0.130756642,0.685446011,0.661381317,-0.564664746,0.271161052,-0.252216147,-0.644541864,-0.22267022,0.599828787,0.426443765,-0.320756054,0.074843372,-0.030631006,-0.117835249,0.024398631,-0.271117876,0.055942367,-0.418806275,-0.462389487,-0.075512074,-0.152318357,-0.40686143,1.079597932,-0.352556393,-0.765144165,0.377283586,-0.382523766,-0.166800782,-0.558639433,0.325614687,-0.853026465,0.543418015,-0.301504239,-0.074944423,-0.25353558,0.987164618,0.537920908,0.441241448,0.658462815,-0.147591352,-0.555771481,0.049073625,-0.655557778,-0.072082519,0.507648474,0.605746386,0.230401881,1.053894309,0.100436756,-0.361607729,-0.34347144,-0.564903948,0.15017352,0.240789891,0.732277356,0.150767938,-0.380937021,-0.08035195,-0.206450333,0.102389663,-0.255020023,-0.029373433,-0.053974013,-0.071627482,-0.132519259,-0.186402868,-0.316936191,-0.313511377,-0.039737951,-0.391259701,0.041423588,-0.404213806,-0.264267682,-0.266200232,-0.518988266,-0.345745256,2.58043746,-0.114495857,0.07516647,2.050128653,-0.18990591,0.120256937,0.071130446,0.110549491,-0.352589208,-0.26536971,-0.290470545,-0.043428806,-0.403201545,-0.201304584,-0.272012933,-0.22408265,-0.100740408,2.390233623,-0.156054908,-0.016963839,0.376628721,-0.331336018,-0.412938609,-0.303423493,-0.158783964,-0.220741457,-0.157337571,0.124605058,0.261434855,0.79087909,0.127803153,-0.311217565,-0.647972337,-0.58935819,-0.33772307,0.205077071,-0.705544118,-0.092817567,2.871926057,-0.221211343,0.382786167,0.398288206,-0.02656147,-0.070128022,-0.055863974,-0.044386932,0.075353709,-0.552935743,-0.292205094,-0.157205817,-0.508469102,-0.386958546,0.112406735,0.37301453,0.143752682,-0.312571022,-0.065640219,-0.155685744,-0.278354758,-0.360636792,-0.07199601,-0.03664968,-0.219452305,-0.366431404,-0.569906962,0.008126552,-0.224866682,0.02629201,-0.495765341,0.194627334,-0.143564138,-0.238823823,-0.012086761,-0.10502305,0.167407098,0.65789572,0.52588688,-0.346381273,-0.035702377,0.001562122,0.004660263,-0.111522381,0.072696507,-0.02744286,0.849873136,0.128449067,-0.110980712,-0.13946734,-0.346615929,0.796070941,0.035994838,-0.153185958,-0.133395723,2.30157822,-0.18843169,-0.161898393,0.010092393,0.152279245,0.486624696,-1.13e-05,-0.084150819,0.156786947,-0.150785385,-0.007609658,-0.001681492,3.321114492,-0.247752869,-0.457689804,-0.146855769,-0.273687299,-0.41168003,-0.557622501,0.566941305,-0.00010399,-0.078011056,-0.203996914,-0.096645508,-0.011306605,-0.134659309,-0.355877475,-0.128488991,0.269688978,-0.444101731,-0.255998737,-0.088446995,0.413941704,-0.204658313,-0.056657118,0.909011542,-0.68778689,0.785315356,0.382447787,0.001937801,-0.443460099,0.605467244,-0.365678933,-0.413676973,-0.370300847,-0.173639834,-0.029656318,-0.432490807,0.668208611,-0.425916798,0.29424637,-0.43670473,-0.197930956,-0.303992892,0.22367395,-0.135595691,0.005620216,-0.207571651,0.536125762,-0.263819761,0.016283899,-0.153263029,-0.497550273,-0.077595702,-0.382219684,-0.406543197,-0.128657461,0.306963603,-0.483394972,-0.015087976,-0.434704361,-0.404154939
hsa.mir.234,0.0,0.0,0.0,0.0,0.0,0.0,0.0,0.0,0.0,0.0,0.0,0.0,0.0,0.0,0.0,0.0,0.0,0.0,0.0,0.0,0.0,0.0,0.0,0.0,0.0,0.0,0.0,0.0,0.0,0.0,0.0,0.0,0.0,0.0,0.0,0.0,0.0,0.0,0.0,0.0,0.0,0.0,0.0,0.0,0.0,0.0,0.0,0.0,0.0,0.0,0.0,0.0,0.0,0.0,0.0,0.0,0.0,0.0,0.0,0.0,0.0,0.0,0.0,0.0,0.0,0.0,0.0,0.0,0.0,0.0,0.0,0.0,0.0,0.0,0.0,0.0,0.0,0.0,0.0,0.0,0.0,0.0,0.0,0.0,0.0,0.0,0.0,0.0,0.0,0.0,0.0,0.0,0.0,0.0,0.0,0.0,0.0,0.0,0.0,0.0,0.0,0.0,0.0,0.0,0.0,0.0,0.0,0.0,0.0,0.0,0.0,0.0,0.0,0.0,0.0,0.0,0.0,0.0,0.0,0.0,0.0,0.0,0.0,0.0,0.0,0.0,0.0,0.0,0.0,0.0,0.0,0.0,0.0,0.0,0.0,0.0,0.0,0.0,0.0,0.0,0.0,0.0,0.0,0.0,0.0,0.0,0.0,0.0,0.0,0.0,0.0,0.0,0.0,0.0,0.0,0.0,0.0,0.0,0.0,0.0,0.0,0.0,0.0,0.0,0.0,0.0,0.0,0.0,0.0,0.0,0.0,0.0,0.0,0.0,0.0,0.0,0.0,0.0,0.0,0.0,0.0,0.0,0.0,0.0,0.0,0.0,0.0,0.0,0.0,0.0,0.0,0.0,0.0,0.0,0.0,0.0,0.0,0.0,0.0,0.0,0.0,0.0,0.0,0.0,0.0,0.0,0.0,0.0,0.0,0.0,0.0,0.0,0.0,0.0,0.0,0.0,0.0,0.0,0.0,0.0,0.0,0.0,0.0,0.0,0.0,0.0,0.0,0.0,0.0,0.0,0.0,0.0,0.0,0.0,0.0,0.0,0.0,0.0,0.0,0.0,0.0,0.0,0.0,0.0
hsa.mir.1270,0.986877271,0.906740827,0.229812743,0.712398128,-0.996417335,-0.44854594,0.882649301,0.707706797,-0.885937206,1.654993788,-0.121146034,-1.139947373,-0.430642214,-0.341264322,-1.174035282,-0.780218016,-0.974943068,-0.619620649,0.441701702,-0.738063295,0.406839759,-0.585738291,0.817747352,1.039104355,-0.485645681,-0.415907124,-0.291542637,-0.215465681,-0.422388108,-0.426646064,0.149074792,0.308821021,-0.397355865,0.810993288,0.00648475,-0.196195179,0.041769432,-0.519120439,-0.543404404,1.452387212,-0.090406398,-1.216045058,1.673195518,-0.965080012,-1.031294675,-1.197791451,-0.407726499,0.218844048,-0.420218282,-0.204875042,-0.354040895,0.073014902,-0.568054549,-0.131071575,-0.163108557,-0.589969414,-0.555458084,-0.442731402,-0.394214994,-0.287443017,0.124570289,-0.450087849,-0.118536125,-1.144903458,-0.860692265,-0.952657525,-1.192057963,-1.372368534,1.701407552,-0.076940922,-1.077508568,0.120320625,-0.109209869,0.903264364,-0.087423795,-0.000587751,-1.217382889,0.701068874,-0.385689286,1.754149444,0.528184131,-0.622899377,0.773720663,-1.695639274,-0.121180442,-0.348815031,-0.092267969,0.083199079,-0.291031905,0.321307223,-0.171378451,0.500835253,-0.457673582,-0.799019342,-1.106759424,-0.669091616,-0.811346176,0.281960594,-1.039701374,-1.053515983,-0.24364586,-1.000896285,0.242715672,0.883369054,-0.258569645,-0.748863575,-0.74525561,0.032193009,0.053468965,0.749950863,-1.120910686,-0.696007732,-0.083107014,0.012677914,-0.759454679,0.615878223,0.857807121,-0.985770831,-0.836440945,-0.861370055,-0.964681859,-0.907714376,-0.942906826,-0.675062293,-0.737151609,-1.68770102,0.641229529,0.419386605,0.116955757,0.501516196,0.633390019,-0.070614348,0.217605861,-0.132580254,-1.287460542,-0.658264102,0.046482807,-1.046608534,0.12430462,-0.811070559,-0.481633334,0.477915914,0.613110337,-1.503661677,1.42238497,0.452237441,-0.776848563,0.405720018,-1.31624172,-0.978684207,0.299370883,-0.130786876,0.209598949,-0.851885085,0.90438149,-0.090595831,1.245275013,2.245377109,0.649670856,-0.682154244,0.25692881,1.43891033,0.714395198,0.399036298,-0.891365502,-0.205683839,-0.576761211,-0.43682644,-1.003417826,-0.453375359,-1.221358005,-0.029422918,-0.904513989,-0.204592353,0.120584446,1.455702529,-1.083261591,-0.443439261,-0.522262995,0.064192465,-0.178153492,0.61610329,-0.396204331,0.054012347,-0.330628262,-0.291362971,-0.320742057,-1.151194534,-0.017450588,0.467033658,-0.89836503,-0.726882529,0.858911811,-0.698766659,-0.297067206,0.151657044,-0.180031785,-0.900467801,1.687976393,-0.63327815,-0.935752513,-0.927418125,-1.122080785,-0.160167428,-1.338576277,0.597470456,-0.226646606,-1.618667979,1.177266819,-1.082422017,-1.731973658,-0.235580395,-0.022872496,-0.12647094,0.151331672,-1.307843046,0.460143213,-0.034015419,-0.966655202,-1.051467369,0.168862077,1.088112628,-0.215719179,-1.310168367,1.205084689,-0.640745666,-0.612982407,0.103742372,-0.295212523,-0.031125214,0.73019372,-0.67270527,-0.478808955,-0.655455446,-1.448457067,0.264090175,-0.666843713,-0.59457687,0.723421648,-0.152125978,0.871143322,1.618418207,0.386098211,0.54425129
hsa.mir.312,0.0,0.0,0.0,0.0,0.0,0.0,0.0,0.0,0.0,0.0,0.0,0.0,0.0,0.0,0.0,0.0,0.0,0.0,0.0,0.0,0.0,0.0,0.0,0.0,0.0,0.0,0.0,0.0,0.0,0.0,0.0,0.0,0.0,0.0,0.0,0.0,0.0,0.0,0.0,0.0,0.0,0.0,0.0,0.0,0.0,0.0,0.0,0.0,0.0,0.0,0.0,0.0,0.0,0.0,0.0,0.0,0.0,0.0,0.0,0.0,0.0,0.0,0.0,0.0,0.0,0.0,0.0,0.0,0.0,0.0,0.0,0.0,0.0,0.0,0.0,0.0,0.0,0.0,0.0,0.0,0.0,0.0,0.0,0.0,0.0,0.0,0.0,0.0,0.0,0.0,0.0,0.0,0.0,0.0,0.0,0.0,0.0,0.0,0.0,0.0,0.0,0.0,0.0,0.0,0.0,0.0,0.0,0.0,0.0,0.0,0.0,0.0,0.0,0.0,0.0,0.0,0.0,0.0,0.0,0.0,0.0,0.0,0.0,0.0,0.0,0.0,0.0,0.0,0.0,0.0,0.0,0.0,0.0,0.0,0.0,0.0,0.0,0.0,0.0,0.0,0.0,0.0,0.0,0.0,0.0,0.0,0.0,0.0,0.0,0.0,0.0,0.0,0.0,0.0,0.0,0.0,0.0,0.0,0.0,0.0,0.0,0.0,0.0,0.0,0.0,0.0,0.0,0.0,0.0,0.0,0.0,0.0,0.0,0.0,0.0,0.0,0.0,0.0,0.0,0.0,0.0,0.0,0.0,0.0,0.0,0.0,0.0,0.0,0.0,0.0,0.0,0.0,0.0,0.0,0.0,0.0,0.0,0.0,0.0,0.0,0.0,0.0,0.0,0.0,0.0,0.0,0.0,0.0,0.0,0.0,0.0,0.0,0.0,0.0,0.0,0.0,0.0,0.0,0.0,0.0,0.0,0.0,0.0,0.0,0.0,0.0,0.0,0.0,0.0,0.0,0.0,0.0,0.0,0.0,0.0,0.0,0.0,0.0,0.0,0.0,0.0,0.0,0.0,0.0
hsa.mir.1287,-0.448340821,-1.298786685,1.103711829,-1.222032564,-0.150207008,-0.391647731,-0.719720194,-1.097673291,0.052133691,-0.452301002,0.084346896,-1.043329719,1.885364886,1.385099196,0.175671733,0.34406577,-0.742863859,0.410037245,0.216215672,1.45275131,0.547747056,0.273515823,-0.083047426,0.040691507,-0.198146706,0.424659587,0.046412599,0.710810447,1.180976708,-1.126498674,-0.892312219,0.442314017,0.785543515,0.507951549,-0.043271178,-1.039165942,1.456421487,-0.622467457,-2.038548984,0.902831479,-0.314578411,-0.733551303,0.427087327,0.848712371,0.232934528,1.141204135,0.363029387,-0.233585267,-0.526315904,-0.730630426,0.658665959,0.742970702,2.514130594,-1.388514579,-0.994993401,1.337113413,0.213082928,-1.037157505,-0.424142201,3.598260921,-0.030073228,0.008497834,0.569733246,0.379894007,-0.001816925,0.449879091,0.287206653,1.403358653,0.132073177,1.125370861,-1.71391137,-2.328083853,0.779937504,-0.048710581,1.125103704,1.190659826,0.831351586,-0.287354394,-0.515491382,0.237925869,0.013359438,-0.156200822,0.30229314,-0.829610177,-0.103952947,1.044716107,-0.906399536,-0.384171816,-1.295841033,-0.456508918,-1.462282302,1.267105041,-0.905071104,0.110385571,0.094642121,0.882139201,0.822470302,-0.470521813,-0.034925525,-0.500215478,0.937776899,0.657482486,0.127902039,1.036934316,1.721919688,0.287523609,0.046412599,-0.818503073,-0.859962935,0.742529682,-0.243203403,-0.400228778,0.292941465,-1.615037221,-0.317854723,0.13503788,0.073652007,-0.342700142,-0.644472951,0.614841197,0.776664162,0.276052965,0.439439274,-0.404452682,0.667344074,-0.479185821,0.964481591,-1.254112868,0.12667296,-0.296050384,-0.09283825,-1.045383485,-0.890543014,-0.074109443,1.098118601,-0.028969324,0.394834804,-1.187656108,0.192896353,0.621288858,-0.631846867,-1.101816048,0.343015466,-0.868704439,-0.283700367,-0.35076005,0.17963757,0.277755938,-1.357369459,-1.631385556,0.735190984,0.7284068,0.350156705,-1.681410707,-1.21131944,0.313299781,-0.467401648,-1.634279688,0.343448831,0.283252389,-0.936921574,-2.134114524,-1.0101468,0.672172708,-0.748704355,0.997124428,1.046009804,1.470767902,-0.957885771,-0.974619525,-0.85149541,0.138280441,0.099390574,-1.032877418,0.075683672,-1.42144999,-0.526455918,0.652178918,-0.609477601,-0.74341879,0.67129305,1.132566463,0.252778166,-2.193303368,-0.621433038,1.32073809,-1.325272328,-1.572285394,1.275200961,-0.027519257,0.431966393,0.862988192,-1.093751012,-0.191854784,1.240699249,2.610586881,0.273192645,-0.302039708,-0.650349491,0.289525364,0.760423147,1.502737419,-1.332719412,1.387594536,-1.046171996,0.06522889,-0.160663307,-0.095347478,-0.278508912,0.670850385,-1.264538251,-0.466962142,0.151447567,0.754970557,0.693635813,-0.261527903,-0.269971399,0.617674134,-0.719249744,0.955714493,1.135639116,0.620255274,1.476633093,0.290853671,-1.084845616,0.23986787,0.925207871,-0.656693849,0.047201401,1.514656718,-0.212856338,-0.146486891,-0.327924983,0.633799153,0.719629498,1.068301712,1.342766527,1.296272925,-1.177562848,0.019173191,-0.153146088,0.185781943,0.320821999,1.125877384
hsa.mir.1247,0.614744192,0.419849129,0.311501967,0.290871317,-0.345333296,1.170296547,1.639591427,0.537075669,-0.904088806,-0.134128969,0.896292736,0.76740842,0.682469934,-0.376840245,0.170081276,-0.112374559,0.604161755,-2.43061715,-0.732541222,-3.286467838,-0.845471259,-1.732845537,-1.453108805,-0.952459642,-0.905117931,2.1180401,-0.080367404,-0.501908668,0.383628617,0.375586759,1.613560054,-0.612036656,0.698702123,-1.143098271,0.499492941,0.904054594,-1.769228268,-1.585522671,1.867367068,-0.686428442,0.049286323,-0.159555955,0.639186045,1.04947361,-0.657313468,-0.086468139,-1.144111704,0.088533142,-0.096514503,-0.196806114,0.016799005,0.909329168,-1.42218052,-0.398093047,0.580854813,-1.116751329,-2.043908946,-0.299258474,0.349777048,0.084632496,1.313692788,-0.400330591,0.575922222,-0.402060942,0.514892524,0.417979739,-0.117209059,-1.784773816,0.433354888,0.474252199,0.358737387,-0.357089743,-0.447953705,0.819792265,-0.086822059,0.553270254,-0.978507753,-0.020055446,0.695473618,-0.067203236,0.769512436,0.291536173,-0.402160042,0.640607179,0.573523746,-0.531048562,5.755255354,0.139863223,-1.535707728,0.279378844,0.353189798,-0.610082065,-0.052794165,0.805638145,0.196340551,0.593897502,0.632377975,-0.303377214,0.005962571,1.793717195,0.096346725,-0.369662544,0.050706411,0.708215234,-2.835289715,-0.135663586,-0.707915721,0.040329384,-0.549315369,0.191583313,0.778736487,-1.02085138,-0.480493122,0.327065844,1.009537071,-0.195261017,-0.105657387,-0.645258284,0.793168609,0.996209412,0.351693886,-0.138515082,0.034204177,1.426959559,0.704129615,0.032287245,-0.319026386,-0.620653312,-1.133498071,0.930064634,-0.067063973,-0.110394525,5.525264679,0.884305493,0.712085338,-0.475129517,-1.205001037,-0.357293528,0.40344381,-0.419716843,0.259979422,-0.552864542,1.204811552,0.422218128,-0.262413493,-0.083183033,0.542926647,1.330656597,1.594227826,0.168021383,-0.034668339,0.33209987,-0.383027676,0.072304839,1.117292941,0.878137862,0.706402988,-1.567484193,-1.033398962,-0.73396796,-0.373407395,1.90795051,0.082894019,-0.126684549,0.866839086,-0.592780514,0.444219082,-0.220906246,0.500492738,0.998210985,0.380595436,-0.175709929,-0.193907263,0.224155646,-0.231245202,-0.329617677,-2.042587089,0.604997369,0.068384336,0.049037331,0.121624473,0.10198936,-1.464126463,-0.736213481,-0.214237681,-0.318207697,0.209752067,0.175137121,0.070933582,-0.337955284,1.077931275,-1.406979703,0.212607262,0.309161774,-0.046932633,-0.318319013,-0.954566666,0.379152109,0.107460191,-0.42563296,-0.12535904,0.188839324,0.58689026,-0.024156197,-0.330529918,-0.839557776,0.203215292,-0.108331251,-0.566154766,-1.016986526,1.606159551,0.563685669,0.167449949,0.900215892,0.25041832,1.062368724,1.231779134,-0.609702796,0.243195973,-0.623532997,0.278178307,-0.750493488,-0.487139103,-0.684451863,1.161916105,-1.121024967,0.308772156,-0.917626266,0.66376195,0.320573324,-0.427143274,-0.157961541,-0.800709616,-0.267832019,0.514408756,0.130600933,-0.748547527,-1.339281311,0.056168667,1.036117986,-0.75680309,-0.398076029,0.671491994,0.563127759
hsa.mir.628,0.953804812,1.308950933,-0.282539967,0.028037976,0.875295961,0.470706904,-0.401225233,0.129588421,-0.526620788,-0.861315974,0.065263061,0.890107635,0.228660222,-0.596878884,-0.096264208,-0.164434223,0.680639525,0.174714659,0.057671125,0.133327408,-0.786720751,-0.215767141,-0.0012725,0.477947275,-0.928476909,-0.230103455,2.573656619,0.094581678,0.831479541,0.202351802,0.842020335,-0.133057499,0.737218399,-0.664803272,1.245573992,-0.20268853,-0.306094124,-0.3718,2.04726247,-0.775983956,0.694441983,0.931671692,-0.641799762,-0.934910665,1.765369325,-0.166112159,-0.450115847,-0.106529349,1.222655195,0.795359015,3.159185822,0.341833255,-0.414472847,1.021253129,-0.59705933,0.397488862,-0.637740979,2.197577042,0.934649172,-0.529086026,-0.215815193,-0.514703217,-0.23567684,-0.291602448,-0.328931778,0.147578095,-0.126599184,-0.192043083,-0.136529144,-0.32302592,-0.670737871,-0.649511668,-0.26685934,0.144563277,-0.624445481,-0.777230285,-0.200452754,-0.108106374,-0.428324983,2.557002794,-0.877150084,0.087238213,1.442061678,-0.185957185,-0.05761597,0.591160252,-0.251170573,-0.547394785,-0.272012713,-0.262227485,-0.242872476,-0.203515608,0.01291629,-0.039483951,-0.259504128,0.198388244,2.506044663,0.009494271,0.137735472,0.462506097,-0.154156945,-0.376904254,-0.421846509,-0.204339842,-0.556052469,-0.011549709,0.15734374,0.230074895,1.772063382,-0.125216839,-0.805998171,-1.067676259,-0.025296837,-0.394613756,-0.384854932,-0.190828439,0.207003783,4.334973527,-0.293827036,2.190782733,0.252139313,-0.262873914,-0.069947444,0.481122685,0.160973658,0.660106415,-0.687992526,0.168378056,-0.046792549,-0.481000758,-0.92545378,-0.104883606,0.324745809,-0.443749319,-0.775738278,-0.059205588,-0.403770192,-0.418741713,-0.171295761,-0.523978438,-0.118535865,-0.312857848,-0.05367274,-0.997203121,0.050983042,0.113960264,0.635599558,-0.271386561,0.872946139,-0.450219483,0.3932605,-0.359393799,0.65168273,0.50646141,0.007053067,0.444426716,-0.309561639,-0.191273621,0.386749495,-0.020771242,0.095111489,0.524334195,-0.03385234,1.01157829,0.41361379,0.435968705,-0.072729753,-0.115657012,0.62657323,-0.126372328,0.562359462,-0.04933238,-0.481432179,-0.230908157,-0.157492118,-0.031441688,0.833947437,-0.138257282,0.433101226,-0.299097399,-0.107586584,1.675125058,-0.836550271,0.262581515,2.644649463,1.116812815,-0.462576836,-0.183214263,-0.448243247,0.383842477,-0.697664386,-0.04715884,0.321836844,0.149988934,-0.633774306,-0.260920578,-0.098142139,-0.181192344,-0.654330553,-0.091803032,0.072913408,-0.356931235,-0.832871793,0.219578073,0.336547269,-0.267085723,0.19497176,0.979588465,-1.254740996,1.200910539,0.657872907,0.577347368,-0.580631617,0.752040839,-0.636060216,-0.942794097,0.113227311,0.814329368,-0.242502073,-0.286563341,1.022803952,-0.24951965,-0.669633346,-0.266241956,-1.243153156,-0.375387231,-0.304991054,0.407014466,0.72717986,0.03952983,2.78736697,-0.124697878,0.1264188,-0.789870721,-0.654323529,0.188642249,0.365384703,0.193358971,0.78111674,0.799097968,-0.735785656,-0.544554505,-0.45559636,-0.198924425
hsa.mir.3651,-0.624732184,-0.802680636,0.805945892,-0.541341684,-0.778968068,-0.506646021,-0.00587069,-0.119322722,1.485759685,0.670120483,-0.473910095,0.38390135,-0.142097831,0.639474609,-0.28055362,-0.077277401,-0.37224017,3.172811068,-0.160772379,-0.353084542,-0.322128535,0.164477894,-0.746480911,-0.615480316,2.412992245,-0.966453838,-0.081751411,-0.161060374,-0.527842553,-1.139714793,-0.631837517,1.598515387,-0.698057854,0.028543953,-0.565168835,-0.204459459,1.617104574,1.502006414,0.570547144,-0.697614263,-1.272386925,-1.163681454,1.25530935,-0.038192676,1.777546132,0.941782922,-0.333736466,-0.028172165,-0.786488372,0.202503329,-0.446612689,-1.071069934,1.586777767,0.624947529,-1.035304242,0.781048372,-0.068193914,-0.11205836,-0.195507494,0.672169227,0.155948972,2.500496584,-0.215791359,1.808324418,1.03870579,-0.159776837,-0.598081159,2.653948605,-0.230155116,3.185480537,3.138282981,0.39535042,-0.062366012,-0.465139822,0.940958546,0.204508313,0.320235361,-0.067231019,-0.897172168,-0.93391213,-0.584767949,0.402446593,-1.088683167,4.245938869,0.391053515,-0.414005682,-0.642204874,-0.425832143,0.974270917,-0.473421683,2.13871222,0.965628871,-0.417931001,1.319731281,0.400434246,-0.030774013,-0.367500418,-0.314224036,-0.552323882,-0.909058159,0.500784935,3.677335264,0.576732703,-0.050646662,1.932298405,-0.894661277,-0.488548308,-0.826000052,-0.632014388,0.103608177,0.5491493,5.075550258,0.872327629,1.778758303,-1.169895165,-0.201649394,0.587924583,-0.24127363,1.605203349,-0.753762216,1.19960185,1.856203672,-0.412918634,-0.789505501,-0.451184524,-0.503466085,-0.108556598,0.173292764,-0.814681897,-0.937396929,-0.004916927,-0.598249282,0.955613859,0.776130656,0.314488533,0.276656852,1.442284828,1.764118451,-0.510697672,0.305730753,-0.265445552,-0.697161504,-0.21666273,0.686491046,-0.367421611,-0.312957473,0.848857484,-0.318978535,-0.547625683,-0.321631851,-0.723622621,-0.238621562,-0.829760125,1.124465416,-0.310376754,-0.455335326,0.643542879,-0.293757583,-0.498536958,-0.418342667,-1.091452752,-0.761598081,-0.482873298,0.216081936,-0.624660509,-0.427779543,-0.840854778,0.787965438,-0.791821655,0.375185372,-0.096578115,-0.311624554,0.396832118,-0.893199028,-0.523838455,-0.719666047,-0.840207586,-0.27553235,-0.261603275,-0.70639995,1.874691618,-0.507345025,-1.103437339,-0.925958545,-1.55421275,-0.696666201,-0.493315319,-0.667760219,-0.569951418,-0.391799753,-0.414188498,0.530839009,-1.2334267,1.229936671,0.00037023,0.302649278,1.573788673,-0.224285479,0.131917332,0.802372126,0.347251069,0.725858542,0.213687442,0.507685901,0.528121696,-0.157040227,-0.213058886,-0.303642821,0.493131195,-0.896951046,-1.202838253,-0.979506817,0.043261951,-0.986420986,-0.302914083,1.860833495,-0.906799239,-0.657534672,-0.520313279,-0.107191328,-0.291555673,-0.358045059,-0.337117999,1.820635732,0.056536751,1.401510437,-0.407014978,0.106348445,-1.000421317,-0.642148867,0.394220616,1.097182332,-1.198123617,2.026398097,2.680949124,0.048885567,-0.661592166,0.572213097,-0.246921562,0.488855503,0.544123554,-1.169574708,-0.711020548,-0.347825935
hsa.mir.598,2.182792404,0.917075418,-0.705618938,1.788338574,1.491600156,0.163526394,-0.400094908,-0.167881851,-0.518069553,-0.396255152,0.012220093,0.00234339,-0.310406003,-0.089771502,-0.484151078,0.1192519,0.082469551,1.515865962,0.230878396,0.499700881,0.315275649,-0.364258322,0.276348138,0.137698406,0.387618305,1.156640712,0.793789867,-0.401173957,1.379154559,0.292703448,0.280313378,-1.268728827,0.531641108,-1.620885282,0.218293348,0.97725449,-0.387523575,-1.612825665,3.961944075,0.944624063,0.982093243,-0.12845655,-0.180353691,-0.163041023,1.752672435,-0.192437013,0.378571661,-0.293517484,0.583803852,0.021834846,3.704719752,0.225426548,-0.393111465,1.002827125,-0.383962053,0.349919813,0.548227662,1.399401561,0.27473859,-0.78644126,-0.405901129,-1.523231327,-0.015228707,0.402655426,0.136150693,-0.020725989,0.284019118,0.304903181,-0.253628586,0.351119939,-0.030391147,0.549766609,-0.606782271,0.006025235,0.367972804,0.257809587,-0.708753411,-0.490396295,-0.763459473,4.369679021,0.176668758,-0.279399075,1.791340258,-0.668282265,-0.277282569,0.088342178,-0.132298261,-0.41747205,0.220751808,-0.311530792,0.257331968,-0.03718489,0.151523358,-0.317421612,-0.1634019,0.044770398,1.796736162,-0.097620045,-0.056077367,0.396761142,0.138595885,1.320320964,-0.298767615,0.109786857,-0.278623121,-0.283371855,-0.130867997,-0.184119122,1.898311808,0.426047459,-0.402804642,0.691162578,-0.304305052,-0.348701825,1.924947516,0.081858576,-0.764311377,0.062314971,-0.479074882,1.153432927,0.02304209,-0.16228543,-0.040985952,0.574985013,-0.137800562,0.218360415,-0.447804378,-0.307956804,-0.157652424,-0.478111821,-0.343356703,0.001426941,0.218751219,0.054437254,-0.730851033,0.208241556,-0.479439482,0.163056646,0.490003108,-0.037794144,0.621848988,-0.372695406,-0.359417212,-1.107001563,0.534064031,-0.763811725,0.644924235,-0.407753492,0.56280875,0.121159712,0.038222322,0.08133781,0.447695741,-0.267249181,-1.134219495,0.02955668,-0.182629497,-0.183267194,-0.127395599,0.368403881,-0.186054129,-0.313615248,0.332457318,0.37069788,0.355290031,0.584826415,-0.088195817,-0.195396421,0.452304239,0.096542739,-0.001315785,-0.335949088,-0.433546392,-0.238962475,-0.613836362,-0.275522958,0.758713565,-0.865318938,-0.235798616,0.001613506,-0.231075496,-0.137945323,0.177725231,1.175064548,6.139639334,0.498713454,-0.277618161,-0.123589094,-0.963839808,-0.787383843,0.13166266,0.195307202,0.806354201,0.2646962,0.285030582,0.108743674,0.226396042,-0.775261144,-0.743964176,-0.015724612,-0.369201517,-0.015077348,-0.112167152,0.609405167,1.655569034,-0.06069654,-0.040916081,0.36880086,-1.343508005,1.932331637,0.033187153,0.30489154,-0.132990936,0.37504742,-0.938955393,-0.887569474,0.184812596,0.39609036,-0.257907714,-0.375039032,0.697850632,-0.955200064,0.280184807,-0.063341212,-1.129663783,0.496716494,0.284487099,1.007990984,0.717760629,0.008295456,4.084852488,-0.449224273,0.646636338,-1.335627106,-0.71608682,0.24384355,-0.86956901,-0.212610751,0.78308909,1.788648833,-1.093171379,0.17895366,-0.254455228,-0.144118996
hsa.mir.30a,0.17423611,-0.141146141,0.596151288,0.25995188,0.251791625,-1.117950308,-1.183390423,-1.161058842,0.816756809,-0.952036973,1.420530739,-1.035047696,0.032288972,0.40805695,-0.278600451,0.050602777,-0.391536243,-1.328393063,-0.076158339,-0.251991389,0.868901058,1.482080218,-0.61502734,1.517497367,-0.484334927,-1.113907738,0.049141173,-1.018956118,0.410390178,-1.096279923,-0.108853957,-0.277152426,1.039223008,0.638959887,-0.282938282,-1.010793676,0.891908783,1.678509586,-1.321410565,1.766991284,0.059655012,-0.83271852,-0.396142871,-0.961038819,-0.924801581,0.711563672,0.068118571,0.251562532,0.415300618,0.236980405,-0.585912737,-0.882324804,0.655608544,-0.926940057,-0.896035911,-0.063397052,0.369205933,-0.059273748,-0.523706717,0.806652192,-0.607841881,-0.514218761,-0.738970336,-0.135413449,1.084738141,-0.042731138,-0.844435533,0.153763742,1.144171229,1.521419967,-0.092219298,-2.384814351,-0.122567996,0.384243646,-0.348765681,-0.756184576,1.049372756,-1.177681208,-0.987781568,0.230428772,-0.259585353,0.173584157,0.284477089,-0.038023325,-0.104451803,-0.393540205,-1.169052142,-1.778573342,-0.94318487,1.137140707,-0.301576747,1.929422131,1.096379237,-0.11773053,0.783790368,0.968054381,-0.88444835,0.275482974,-1.224139442,-0.565472974,-0.075666587,0.306726454,1.395420001,0.879704054,0.041958798,0.376075354,0.7456698,-0.745638784,1.497021668,0.413058364,0.039154153,0.276386823,-1.237318606,-2.396770798,0.664162611,0.931109001,0.126829025,-0.17518533,-0.751582887,0.935247316,1.160254253,-1.434774462,0.542825821,0.06656393,-0.308934481,-0.32676673,0.414867449,-0.080053238,-0.063380752,-1.386753991,-0.043812192,-0.480367562,-1.977394336,-0.353646093,1.430403015,-1.201305902,0.202618204,-0.684165923,-0.350431745,1.212113268,-0.584008957,-2.084706464,0.797058514,-1.421861247,-0.475255388,-0.549145319,-0.28657913,0.467493407,-1.131596743,-1.900436965,-0.025335584,0.816300464,0.318184499,0.096655256,-1.615906397,0.276531621,-2.731420572,-1.473214046,0.010056543,-0.446058079,-0.855636234,-1.030250002,1.021088492,-0.128047003,0.019177466,-0.056061341,0.300874281,0.945952889,0.339337892,1.203312592,-0.581493375,1.444056959,0.812790314,-1.272284731,0.341910048,-0.309188787,0.752433213,3.809363191,1.907732678,1.770064115,0.69260684,2.183616695,-1.269652571,-1.655158323,-1.552871687,0.251230354,0.82165986,0.595570183,-0.174351479,-0.006908456,2.013395539,-0.382301776,-0.177877213,-0.716903824,-0.540257387,0.271542964,1.528716552,0.354991952,-0.092128841,-0.416563452,0.332107342,2.78760998,-0.747446172,1.368986294,-0.775666712,-0.91286719,-0.175363451,-1.844281691,0.346043833,3.841432545,-1.748306029,0.064212598,-0.217034558,0.367902602,1.394424633,0.295039068,-1.785277755,0.140131368,-0.308743745,-0.905433355,0.524372838,1.505464617,0.154761534,-1.104083102,-1.166586987,-0.763372785,1.487315611,0.052427388,0.108346994,0.493168105,-0.26913753,-0.93429556,-0.175863641,-0.806991102,-0.068572465,0.301079781,-0.510000879,1.443140216,0.144527892,0.504879602,-0.306512343,-0.833287052,-0.310149767,-0.318619614
hsa.mir.124,-0.590095855,-1.014346537,-0.403664243,-0.948318566,-0.437824386,-0.444092007,0.450018287,0.47405893,-0.187529607,0.416212432,-0.177445229,0.414171418,0.465255595,1.632945227,0.305141232,-0.14673501,-0.354189269,0.025152483,1.075742926,-0.563821594,1.439594664,0.09339119,-0.631273603,-1.129837013,0.621061027,0.051686724,0.630824559,0.53966031,0.025261306,-1.87267101,-1.242262331,0.498140683,0.019154884,0.245953272,-1.235072055,-0.474109617,-0.080233405,0.396626906,0.955844776,-1.447209378,-1.899910672,0.178672403,0.137326424,-0.081287583,-0.188781245,-0.106085133,-0.862362506,3.828568207,0.224605339,-1.257117404,-1.504837659,-1.223603882,0.190146513,-1.245792558,1.312119656,0.034996996,0.562151148,3.446526227,-1.915113268,2.360334548,1.368895345,1.857223502,-0.132320019,0.010154023,-0.183125976,-0.067121491,-0.437894885,1.561171163,0.271296541,-0.529244117,0.232076932,0.475693325,0.535670039,0.151832575,0.374291474,0.21191846,0.471871304,0.509929825,0.890613782,-0.591755956,-0.362788269,0.148219073,-0.816481652,0.271919969,0.539738585,-0.4742663,-0.206236371,0.697039099,-0.376111858,0.530278785,-0.498026712,-0.241976458,0.073320276,-0.039499044,-0.3093877,-0.03336122,1.80347256,-1.016997419,-0.66648001,-0.045293075,-0.289177701,-0.510307518,1.134981348,0.060667598,0.588474671,-0.608484733,-0.683002415,-0.136931344,-0.139987789,0.020341555,-0.076699357,0.600072512,0.547478009,-0.340487256,-0.208161677,-1.033326079,-0.348779143,-1.098098551,-0.075604109,-0.298626701,-0.280723123,-0.41305229,-0.061786681,-0.952206823,0.717433213,-1.554066672,0.833374203,-0.276431295,0.053709395,0.132066498,5.82963121,1.658033481,1.803236903,0.471682917,0.697333881,0.247454222,-0.085095146,1.4197731,-0.415495303,0.395664885,-0.460456217,-0.14857312,0.484645731,0.847620438,0.346876702,-0.787565659,0.819771611,1.772872369,0.577215552,-0.017905507,-0.457790735,-0.517883117,-0.735045034,2.37125283,2.3057308,-0.570664436,0.276934003,-0.386426392,-0.216877509,-0.288504108,-0.073571234,-0.506769614,0.338776725,-1.051544645,-0.488280224,0.921895177,-0.47256666,-0.801178608,0.646057868,-0.246343127,0.60862554,0.097563252,1.330763361,-0.243387576,-0.881471895,0.560531378,-0.752647774,0.640796977,0.22871385,0.239609444,-0.497178753,0.14219835,0.312180965,1.123260281,-0.0252037,-1.066068975,-1.014446519,-0.798731987,-0.542200016,0.351108161,0.365992504,0.261849994,0.725373473,-0.293183866,-1.234627355,-0.593021635,-0.989311649,5.81551398,-0.399900722,-0.288518332,-0.186735767,-0.533879429,-0.904451992,-1.234255552,-0.951413776,-0.571223188,-0.24543021,-0.068232518,-0.098176403,-1.143248873,0.103803352,0.313343684,0.63394056,-0.881876284,-0.403537592,0.016636183,-0.252049973,-1.435897145,-0.338325767,-0.321275288,-0.351415826,-0.75327199,-0.280252716,-0.150041435,0.683120707,0.240914235,0.187335211,-0.676695523,-0.461321824,-0.067206382,-1.096480135,-0.648774884,0.025011539,-0.220563954,0.907582785,-0.012239226,0.689420913,0.245666048,-0.316963849,-0.171950702,0.019463503,0.159316156,-0.591092082,-0.571668127
hsa.mir.128b,0.0,0.0,0.0,0.0,0.0,0.0,0.0,0.0,0.0,0.0,0.0,0.0,0.0,0.0,0.0,0.0,0.0,0.0,0.0,0.0,0.0,0.0,0.0,0.0,0.0,0.0,0.0,0.0,0.0,0.0,0.0,0.0,0.0,0.0,0.0,0.0,0.0,0.0,0.0,0.0,0.0,0.0,0.0,0.0,0.0,0.0,0.0,0.0,0.0,0.0,0.0,0.0,0.0,0.0,0.0,0.0,0.0,0.0,0.0,0.0,0.0,0.0,0.0,0.0,0.0,0.0,0.0,0.0,0.0,0.0,0.0,0.0,0.0,0.0,0.0,0.0,0.0,0.0,0.0,0.0,0.0,0.0,0.0,0.0,0.0,0.0,0.0,0.0,0.0,0.0,0.0,0.0,0.0,0.0,0.0,0.0,0.0,0.0,0.0,0.0,0.0,0.0,0.0,0.0,0.0,0.0,0.0,0.0,0.0,0.0,0.0,0.0,0.0,0.0,0.0,0.0,0.0,0.0,0.0,0.0,0.0,0.0,0.0,0.0,0.0,0.0,0.0,0.0,0.0,0.0,0.0,0.0,0.0,0.0,0.0,0.0,0.0,0.0,0.0,0.0,0.0,0.0,0.0,0.0,0.0,0.0,0.0,0.0,0.0,0.0,0.0,0.0,0.0,0.0,0.0,0.0,0.0,0.0,0.0,0.0,0.0,0.0,0.0,0.0,0.0,0.0,0.0,0.0,0.0,0.0,0.0,0.0,0.0,0.0,0.0,0.0,0.0,0.0,0.0,0.0,0.0,0.0,0.0,0.0,0.0,0.0,0.0,0.0,0.0,0.0,0.0,0.0,0.0,0.0,0.0,0.0,0.0,0.0,0.0,0.0,0.0,0.0,0.0,0.0,0.0,0.0,0.0,0.0,0.0,0.0,0.0,0.0,0.0,0.0,0.0,0.0,0.0,0.0,0.0,0.0,0.0,0.0,0.0,0.0,0.0,0.0,0.0,0.0,0.0,0.0,0.0,0.0,0.0,0.0,0.0,0.0,0.0,0.0,0.0,0.0,0.0,0.0,0.0,0.0
hsa.mir.379,0.456792275,0.529932374,0.297919269,3.005539944,-0.180430088,0.151033677,1.454460875,-0.186032327,1.090704017,-2.651212991,0.591294311,0.46859822,-1.996026558,-0.452774707,-0.168954801,-0.134688752,-0.254976172,-0.319911394,-1.918627287,-0.8318371,-2.014822269,-0.105853644,1.718770319,0.792833192,-0.336606196,-0.096901293,-0.432021451,-0.152645343,0.520466036,2.183449327,1.493565741,-1.381186937,1.087106257,-0.288766164,0.822484814,-2.127758004,-0.639183804,0.125960913,-0.026638287,0.31391436,1.671195208,-1.673511718,-0.044332804,0.231512097,0.186732164,-0.745736229,0.70498235,-0.674561006,0.229441632,0.040463641,0.906236891,0.048382929,-2.354507314,0.026835093,0.251206889,-2.519988559,-1.589884588,0.08641989,-0.103321788,-1.590162724,-2.085750309,-1.329323394,-1.904629331,-0.997301993,-0.490074119,0.606351386,-0.041513692,-1.227395085,0.15316617,-1.97869955,-1.167940614,-0.122366961,-0.248198167,0.080930631,-0.426604522,0.627847478,0.936716944,-1.107207414,0.7070091,-1.298037629,-0.098970754,-0.334072687,0.04585087,1.156304335,-0.293543645,0.794772773,-2.777926734,0.166071904,-0.499997927,-0.41738684,0.953044163,-0.757195251,0.522948093,0.2763058,-0.390552406,0.096216488,0.185090969,1.494812824,0.800643506,0.65322978,-1.171824519,-1.554087647,-0.49581992,-0.204528902,-0.64286259,0.418546629,-0.509271851,-0.453051327,-0.658062387,0.177084146,-0.157011734,-0.964237511,-1.283494971,0.124582096,0.266157595,0.653600406,-0.391443406,0.255929144,0.970467428,1.467812173,0.149491971,0.308006899,0.58858735,-0.406512987,0.706672389,1.055658636,-0.48407568,0.725662809,0.928320292,-1.756021476,-0.083116822,-1.215060302,-3.64186081,-0.255869419,0.182520328,-2.737714506,0.313230974,-0.409822152,0.324753661,0.648551417,0.125771802,-0.622816503,0.325938577,0.88101839,0.920179144,0.378370116,-1.179406435,-0.227311541,-0.100328807,0.086335204,0.414069378,0.16245128,0.325454006,0.069834465,-0.999228513,-0.336599315,-0.047382158,-1.871137128,-0.850882811,-0.455414969,1.870860727,1.636851062,0.666103461,0.327309247,1.955474144,0.678238265,1.030387551,-0.290541201,0.135696087,0.029934631,0.546248592,0.081727399,-0.921281624,0.523686488,1.205374084,-1.296073846,0.1609308,-0.215975312,0.035226605,-0.668493209,-0.137023883,-0.914084086,-0.98440827,0.286909717,0.074722841,0.955750407,0.756709209,0.66809493,0.351905583,0.157540872,0.916765559,-0.174796285,-0.252464029,0.619932775,0.322328208,-0.519529951,1.028537055,1.076526714,-0.557701279,-0.905990632,-0.049404134,0.588826137,1.220331021,0.533081213,-0.039146881,-0.906942017,-0.048205558,-0.489603459,0.28068366,0.241017229,-0.79269174,0.035017553,-0.295052354,0.519280999,-0.287243816,0.369954632,0.175905623,0.976545359,0.036812695,-0.483623243,0.269536551,-0.802846984,-0.324062329,-0.016867995,-0.239331798,-1.026461756,0.136229835,1.491278261,0.393404563,0.06832312,0.39650738,0.534270766,-0.755843293,-0.114820905,-0.694201414,0.351814402,-0.97254472,1.167467932,-0.639266239,-0.357785609,-0.961843515,-0.963271694,0.334899159,-0.521458099
hsa.mir.122a,0.0,0.0,0.0,0.0,0.0,0.0,0.0,0.0,0.0,0.0,0.0,0.0,0.0,0.0,0.0,0.0,0.0,0.0,0.0,0.0,0.0,0.0,0.0,0.0,0.0,0.0,0.0,0.0,0.0,0.0,0.0,0.0,0.0,0.0,0.0,0.0,0.0,0.0,0.0,0.0,0.0,0.0,0.0,0.0,0.0,0.0,0.0,0.0,0.0,0.0,0.0,0.0,0.0,0.0,0.0,0.0,0.0,0.0,0.0,0.0,0.0,0.0,0.0,0.0,0.0,0.0,0.0,0.0,0.0,0.0,0.0,0.0,0.0,0.0,0.0,0.0,0.0,0.0,0.0,0.0,0.0,0.0,0.0,0.0,0.0,0.0,0.0,0.0,0.0,0.0,0.0,0.0,0.0,0.0,0.0,0.0,0.0,0.0,0.0,0.0,0.0,0.0,0.0,0.0,0.0,0.0,0.0,0.0,0.0,0.0,0.0,0.0,0.0,0.0,0.0,0.0,0.0,0.0,0.0,0.0,0.0,0.0,0.0,0.0,0.0,0.0,0.0,0.0,0.0,0.0,0.0,0.0,0.0,0.0,0.0,0.0,0.0,0.0,0.0,0.0,0.0,0.0,0.0,0.0,0.0,0.0,0.0,0.0,0.0,0.0,0.0,0.0,0.0,0.0,0.0,0.0,0.0,0.0,0.0,0.0,0.0,0.0,0.0,0.0,0.0,0.0,0.0,0.0,0.0,0.0,0.0,0.0,0.0,0.0,0.0,0.0,0.0,0.0,0.0,0.0,0.0,0.0,0.0,0.0,0.0,0.0,0.0,0.0,0.0,0.0,0.0,0.0,0.0,0.0,0.0,0.0,0.0,0.0,0.0,0.0,0.0,0.0,0.0,0.0,0.0,0.0,0.0,0.0,0.0,0.0,0.0,0.0,0.0,0.0,0.0,0.0,0.0,0.0,0.0,0.0,0.0,0.0,0.0,0.0,0.0,0.0,0.0,0.0,0.0,0.0,0.0,0.0,0.0,0.0,0.0,0.0,0.0,0.0,0.0,0.0,0.0,0.0,0.0,0.0
hsa.mir.193b,0.681178484,-1.089186155,0.695955201,-0.017447358,0.161912871,0.05392392,-0.596279993,-1.815356678,-0.503947497,0.402680192,0.665982032,-0.425032688,1.170074055,1.466261076,0.844963051,0.087696185,0.528908617,0.597808052,0.194316185,0.567847226,1.328903433,-0.202649082,-1.351980006,-0.852706258,0.493699769,-0.754766933,0.364577011,0.295722506,0.763094012,-1.117579038,0.060255795,0.634676661,1.097377803,0.605050494,-0.062970163,-0.104186496,0.722132475,-1.453164677,-0.517308616,0.31085156,-0.476309567,-0.116074413,1.168822109,0.546774535,-0.625761784,1.433765518,1.152669456,0.924060703,0.175770757,-0.024685781,0.132829088,-0.832107169,1.02544513,-1.709625526,0.346134549,0.807262487,0.770205276,0.215681299,-0.59319494,1.474794468,0.214939226,0.689638288,0.145217849,0.390689673,0.427477913,0.728205164,0.43617243,1.21793521,0.003774076,0.682614393,-1.245489906,-0.189845021,1.434886536,0.388899981,0.682565362,-0.134740841,-0.226027263,-0.022315731,0.354595011,0.751346211,1.40818302,-0.540207043,0.343888404,-0.417740557,0.536258967,-0.591578003,-2.173882207,-0.431252409,-1.41097112,-0.255103358,-0.65421527,1.045305794,-0.472854983,0.952264439,0.655247833,0.944667655,0.538800237,-1.40318307,0.396859243,-1.500275555,0.261736151,0.677318612,0.726032471,0.749907926,0.158185827,0.467845772,0.705582057,-0.813603113,0.349454867,0.57055839,-0.432048183,0.434638829,0.381777903,-0.89134984,0.618438744,0.364234778,0.066635134,-1.325648548,0.401163157,-0.380454581,-0.013123964,0.350691367,0.599116279,0.511400401,1.20448436,-1.254400812,0.5623285,0.334355024,-0.15181343,0.12951334,0.161508779,0.961561737,-1.964814079,0.069196655,0.960167208,0.679338271,-0.36648234,0.463515446,0.068800872,0.486406056,0.31442361,-0.665478851,0.431648114,-1.063590678,-2.195480754,0.366678303,0.788532785,0.80120084,-0.375362121,-1.056838736,-1.363868294,0.837711392,0.784771921,-0.417073003,-0.85486548,-1.486143083,-1.112629085,-1.69076774,-0.492445987,0.130742727,-0.344646342,-0.592867069,0.154522904,0.047962696,0.14292925,0.172071479,-0.630355216,0.808656986,-1.035215071,-0.907341808,-0.140655683,0.379185832,-0.27899596,-1.436562321,0.440260369,-1.776485565,-0.47746336,0.511102885,-1.494147077,-0.462981586,-0.978602643,0.896286812,0.37250766,-0.325905379,0.139594894,0.974014257,-2.441401644,-2.445225819,0.455813804,0.357155571,-0.463459759,0.066057832,0.200713006,0.603748957,0.965826277,0.545873253,-0.127091484,-0.010494161,0.223809245,0.484507677,0.676294673,0.579666534,-0.888438253,0.050789813,-1.202671968,-0.169815764,-0.025068048,-0.46213066,-1.261126434,0.736346928,-0.143925653,0.642461526,1.013017569,0.08362522,1.030086851,0.482815132,-0.76654175,-0.949762623,-0.420076484,0.686578178,1.593340412,0.344960368,0.557605828,0.197692717,-0.432881363,0.329253528,0.651933501,-1.750300179,0.981841924,1.357617156,-0.535046269,-1.229516108,-0.12192564,0.24841542,1.363381612,1.100011262,0.918212972,0.165150058,-0.368992923,0.649317985,-0.086666581,-0.70237388,0.29709123,0.823784625
hsa.mir.350,0.0,0.0,0.0,0.0,0.0,0.0,0.0,0.0,0.0,0.0,0.0,0.0,0.0,0.0,0.0,0.0,0.0,0.0,0.0,0.0,0.0,0.0,0.0,0.0,0.0,0.0,0.0,0.0,0.0,0.0,0.0,0.0,0.0,0.0,0.0,0.0,0.0,0.0,0.0,0.0,0.0,0.0,0.0,0.0,0.0,0.0,0.0,0.0,0.0,0.0,0.0,0.0,0.0,0.0,0.0,0.0,0.0,0.0,0.0,0.0,0.0,0.0,0.0,0.0,0.0,0.0,0.0,0.0,0.0,0.0,0.0,0.0,0.0,0.0,0.0,0.0,0.0,0.0,0.0,0.0,0.0,0.0,0.0,0.0,0.0,0.0,0.0,0.0,0.0,0.0,0.0,0.0,0.0,0.0,0.0,0.0,0.0,0.0,0.0,0.0,0.0,0.0,0.0,0.0,0.0,0.0,0.0,0.0,0.0,0.0,0.0,0.0,0.0,0.0,0.0,0.0,0.0,0.0,0.0,0.0,0.0,0.0,0.0,0.0,0.0,0.0,0.0,0.0,0.0,0.0,0.0,0.0,0.0,0.0,0.0,0.0,0.0,0.0,0.0,0.0,0.0,0.0,0.0,0.0,0.0,0.0,0.0,0.0,0.0,0.0,0.0,0.0,0.0,0.0,0.0,0.0,0.0,0.0,0.0,0.0,0.0,0.0,0.0,0.0,0.0,0.0,0.0,0.0,0.0,0.0,0.0,0.0,0.0,0.0,0.0,0.0,0.0,0.0,0.0,0.0,0.0,0.0,0.0,0.0,0.0,0.0,0.0,0.0,0.0,0.0,0.0,0.0,0.0,0.0,0.0,0.0,0.0,0.0,0.0,0.0,0.0,0.0,0.0,0.0,0.0,0.0,0.0,0.0,0.0,0.0,0.0,0.0,0.0,0.0,0.0,0.0,0.0,0.0,0.0,0.0,0.0,0.0,0.0,0.0,0.0,0.0,0.0,0.0,0.0,0.0,0.0,0.0,0.0,0.0,0.0,0.0,0.0,0.0,0.0,0.0,0.0,0.0,0.0,0.0
hsa.mir.382,1.375522604,1.43781562,0.311270163,2.679129736,-0.098274004,0.736079394,-0.330953222,-1.252119872,-0.444319474,-0.977461305,-0.787790156,0.498478051,-0.223853214,-1.060183662,-0.70204992,-0.140039225,-0.501625641,-0.418499732,-0.329138618,-0.348358197,-0.024806455,-0.022361743,0.994823492,-0.287793509,-1.342367946,1.32692245,-0.378527329,-0.806047681,1.214786816,0.714955652,-0.128893926,-1.389286908,-0.49501967,-0.834438794,0.364876361,-0.23771418,-0.096518318,-0.115194942,1.015222222,2.339504563,0.088716719,-0.486146515,-0.684862193,-0.490820715,-0.165989924,1.169395608,-0.219660099,-0.38202752,0.882819029,-0.333164675,1.795275768,0.997877424,-1.392679156,0.870359092,-0.339695222,-1.059453872,-0.379185477,-0.309858,1.528027375,-0.643633754,-1.030145668,-0.921842601,-0.239930511,-0.332983662,-0.470459713,0.169711744,0.221984756,-0.782589195,-0.069045854,-1.067485096,-0.871639634,-0.74005916,-0.375098979,-0.66581913,-0.552826765,-0.301247172,0.6215757,-0.824654289,-0.545443884,5.123050561,-0.291020805,-1.376484508,0.306653087,-0.169533983,-0.740963757,1.01400403,-0.392280302,-0.67760378,0.064444657,-0.113040397,-0.207234789,-0.209454106,-0.051749403,2.517242321,-0.413974025,-0.42018897,-0.205232172,1.32154139,0.11677768,-0.060993211,-0.570140405,-0.576047861,0.208099865,0.511323075,0.755070674,3.263613502,-0.096436173,-0.395507166,0.793146744,-0.171433352,-0.158768826,-0.800969861,-0.54921065,-0.842656008,0.692425755,-0.649470381,-0.341785143,-1.355742501,-0.379222609,-0.2251499,0.158683762,-0.309865832,0.662973919,0.381842228,-0.588120538,0.783534972,-0.171529499,-0.071808557,0.103862674,-0.235906562,-0.374264331,-0.472361239,-0.256529857,-0.463798907,-0.09871444,-0.411510382,0.093347466,-0.123168477,0.82502174,0.479648239,0.017039881,0.418021766,-0.05042146,0.124186543,1.118195031,0.77313622,-0.385351362,-1.050813661,-0.98725925,-0.023556773,0.331294557,-0.840409762,1.969267167,0.675312191,0.10312278,-0.143011163,-0.864785621,-0.105934842,-0.394625631,0.455737753,0.493280791,-0.113461454,0.857025053,-0.122501038,1.099431452,-0.226890953,1.124485517,-0.021894363,-0.591266569,-0.550800273,0.42072547,0.072130929,-0.31124408,2.086794348,0.544786981,-0.21469112,-0.843817125,-0.568488066,-0.552636545,-0.346820471,-0.538941012,-0.566634025,0.333305636,-0.786546364,2.778917857,0.525354551,0.947110763,0.364563464,-0.303025075,-0.059978994,-0.581733805,-0.138918492,-0.537903434,0.738471494,-0.103065837,0.31972679,1.800674963,-0.478036482,-0.631158403,0.740684374,-0.298861592,-0.164321558,-0.474914492,0.169205905,1.043406324,-0.966530217,-0.437326973,0.942710321,0.426427591,0.853827041,2.281417106,0.765203085,-0.719597747,2.852371021,-0.030167125,0.008570296,0.208955435,1.539982203,-0.084347768,0.030811386,1.543936667,-0.982555384,-0.221764853,0.014030796,0.088216886,-0.640292525,0.643354156,-0.328560756,1.041002427,0.019280685,0.82559557,-0.505303942,0.453226642,-1.464215133,-0.899745143,0.130677221,0.061366551,-1.114943163,0.585027965,-0.576801675,-0.13304387,0.163821443,0.368542898,-0.590965567
hsa.mir.484,0.915398432,0.219178722,0.301870901,0.173073947,0.276058865,-0.208946352,-0.3029802,0.2222149,-0.253868628,-0.295000093,-0.014692284,0.13730141,0.582551871,0.057300439,-0.243281678,-0.370176994,0.01771306,0.833805655,-0.343404,-0.104397862,-0.284160632,-0.354380063,-0.016983869,-0.140727834,-0.433263674,0.224238609,0.121417133,0.267647549,0.018127079,0.590499388,-0.27144131,0.025374902,0.452416541,-0.362776789,-0.056211931,-0.445378179,0.304528184,0.952041629,0.220884106,-0.375080362,-0.282530038,-0.044325763,-0.479740471,-0.082393659,0.241439301,-0.017720332,-0.222921579,0.029380424,0.079766887,-0.403582887,1.376384233,-0.392629183,0.235331119,-0.309154179,0.004403206,0.780177481,0.29658917,1.010343702,0.028544702,-0.312332996,-0.126173736,-0.232091184,0.020676602,0.221898231,-0.03151224,-0.073756556,0.083886358,0.900235008,-0.292466096,0.426987395,0.015081731,0.024348517,-0.247961234,-0.532861844,-0.231340916,-0.304294665,-0.085765673,-0.602931628,-0.357958157,1.464242919,-0.108793955,-0.182857086,0.076070132,-0.157170085,-0.132575317,-0.203303837,-0.276330585,-0.335982602,-0.126063949,-0.210310042,-0.254448724,-0.014889424,-0.176496681,-0.035866937,-0.08563656,-0.228263062,1.77596937,-0.109314595,0.006060835,0.126417715,-0.205378786,2.514328591,-0.205240082,-0.257196257,0.158128956,-0.202967317,-0.096290913,0.099781264,0.027332357,-0.230956254,-0.424774925,0.78339973,-0.286376844,-0.213065899,0.530638951,-0.582026912,-0.113525581,2.067224238,-0.146609612,-0.020341023,-0.343870966,-0.059541172,-0.119421999,-0.01358916,-0.067278918,0.27050057,-0.40433606,-0.148521296,-0.155561932,-0.195447861,-0.477335757,-0.098715967,0.499036146,0.069104894,-0.120337618,0.39185002,-0.372811017,-0.071986041,-0.388077557,-0.430605158,-0.372944317,-0.205877727,-0.455785813,0.236553352,-0.417494773,-0.253703869,-0.182795746,-0.336819016,0.261982642,-0.043160598,0.018109484,-0.069525307,-0.095869928,0.041169436,1.327776601,0.405475716,0.14938801,-0.194808249,0.133018556,-0.038734759,-0.21031775,-0.32961628,-0.084981692,0.472336422,0.028573198,-0.238983871,-0.025935852,-0.271979705,0.713279084,0.184861296,-0.089343886,-0.075582069,-0.299841006,-0.100861096,-0.341085262,-0.167847546,-0.04573654,-0.164803972,-0.160421395,-0.11744982,0.05171114,-0.19598255,0.048394944,-0.090682643,0.840424006,-0.255846668,-0.449011432,-0.273761677,-0.295066929,-0.455026807,-0.333624604,0.562678048,0.581684075,0.435978528,-0.298389584,-0.013275336,-0.010042305,-0.069791308,0.03231509,-0.297791943,-0.267486185,0.399747595,-0.071528177,-0.008137805,0.103860266,-0.1493089,-0.154061008,0.57428392,-0.349403814,-0.179422297,0.337112,0.199882098,-0.154665175,-0.133983704,-0.476124838,-0.40325482,-0.460298989,-0.205043914,-0.061987258,-0.155360951,0.466555599,-0.208684851,-0.024402463,0.124892964,-0.334939981,0.264754262,0.070398648,-0.583493954,0.820362559,-0.000764002,0.016659429,-0.102967387,-0.008777603,-0.229252187,-0.203583018,-0.245299526,-0.258556704,-0.324156271,0.065859907,0.705624183,-0.254311852,0.22327868,-0.105477008,-0.09390333
hsa.mir.432,-0.26161551,-0.294296191,0.011342161,1.430397213,-0.389605518,-0.57967969,-0.165514177,-0.458878816,-0.042787128,0.233901386,-0.292814934,1.54112816,0.092751425,1.275499155,0.628808137,-0.356671056,-0.678145878,2.514080438,-0.387551911,-0.425048035,0.837216801,-0.21703005,-0.624253231,-0.569021482,3.105800763,-0.07718109,-0.168754075,-0.293059437,0.066143119,-0.275626757,-0.37820711,1.088003642,0.198300377,-0.112276638,-0.330673075,-0.232421259,0.07445463,3.29792985,0.99266632,-1.12119488,-0.073520896,-0.507845322,-0.141065703,0.053059847,0.027443051,0.129439441,0.084158004,-0.020453731,-0.169166464,-0.140931239,0.031148586,-0.834525806,0.817579307,2.807948113,-0.630059229,3.255631356,4.534104489,0.717207951,0.02954245,-0.208375969,0.527364479,2.303305152,-0.127258622,0.525562056,0.238155992,0.258273125,-0.486699037,2.591569598,-0.13227037,1.633171786,1.086859428,0.871844701,-0.037876963,-0.4191273,0.381423374,0.559989955,-0.272105751,-0.266313394,-0.39540946,3.511965103,-0.622728815,-0.07437742,-0.141840759,-0.418618981,-0.212043881,-0.428961333,-0.195589403,-0.107108473,0.232428009,-0.338063228,-0.552579969,-0.182363418,-0.511473356,-0.308014744,-0.326137568,-0.063139568,-0.207892579,-0.284138088,-0.39982822,-0.436254232,0.734147901,2.133885932,0.411411614,-0.288057148,1.187170477,-0.207192482,-0.34969808,-0.184800806,-0.476896569,-0.121906199,0.72981244,2.959036926,0.496352956,-0.313063339,-0.080411098,-0.266933971,-0.122786236,1.017356782,-0.105084547,-0.215656624,-0.242732993,0.83368815,0.004021808,-0.883740945,0.06701304,-0.761325406,-0.23586956,-0.01107128,-0.227858993,-0.515902196,0.355241557,-0.004114892,2.394130417,0.518376177,0.72407793,1.460037907,0.134650378,0.642317476,-0.308950238,-0.171796541,-0.421097185,-0.19505519,-0.253995017,0.523508882,0.19902214,-0.214525916,-0.293840858,0.245860531,-0.542432965,0.071589218,-0.28247031,-0.826108367,-0.48788439,0.103118815,-0.179630658,-0.291343775,0.845948527,-0.299883128,0.122315393,-0.375836619,-0.601898755,-0.515522561,-0.264333799,0.094558347,-0.27209971,-0.298606885,-0.785885236,-0.130696213,-0.259417982,-0.107685079,-0.054690654,-0.360227287,-0.044278311,-0.565342887,-0.52987883,-0.415623992,-0.461822369,-0.888932425,-0.416485322,-0.072887021,-0.713925844,-0.221211293,0.037963189,-0.454020701,-0.151373696,0.123875873,-0.613277716,0.002796749,-0.212775047,-0.394867376,-0.030948399,-0.207933439,-0.387001605,-0.568289396,-0.762240858,-0.552028031,-0.07918685,0.450326703,-0.102489352,0.435595416,-0.457608055,0.679213047,0.382240038,0.893863792,0.013568684,-0.623673749,-0.20003182,0.111978252,0.258142349,0.150474172,0.343328005,-0.371614543,-0.595928884,-0.654437027,-0.349406423,0.110319417,-0.328116974,-0.838915787,0.052879186,0.50627457,-0.797505941,-0.122607684,-0.327117168,0.808899838,-0.367383035,0.581623119,-0.083311446,-0.371589307,-0.341071047,-0.311445185,0.821049463,-0.484917577,-0.48462913,0.617820676,1.089838224,0.272660454,0.165508692,0.381526886,-0.168413092,-0.547569773,-0.193760924,-0.746895999,0.128093108,-0.735184549
hsa.mir.766,-1.493442828,-0.441677368,-0.016869735,0.905142799,-0.854016456,-0.219636942,0.515278954,0.744399078,-0.217469281,1.416133699,0.26779891,0.194924401,0.517293142,0.073411703,0.102576104,-0.319462036,-0.508311101,-0.183258309,-0.705317076,-0.27017344,-0.866947628,2.372183439,-0.229332775,-0.855797758,0.60456992,-3.218679909,0.19927317,0.110115712,-1.365249528,0.665649455,-2.180484075,1.109095208,-1.392873967,0.789143634,-2.251957908,0.228307679,0.349409369,-1.96596026,0.024368297,-2.751750752,-1.49784419,-0.528598358,-0.225043148,-0.076733169,-0.089408977,-0.157718003,1.750902186,0.319801363,-0.17184418,-0.597344481,-0.411333182,3.159582531,0.143843528,1.79759953,-0.505676688,1.165981028,3.626673674,0.069574071,-0.576807223,0.591189523,-0.068729282,2.267887184,-0.210082036,0.838613982,0.287715877,0.318881256,-0.128239088,0.408396579,-0.024077897,0.486801723,-0.484042681,-0.674888608,-0.121826761,-0.346917132,1.120762707,0.262569826,0.965228426,0.414601251,-0.125603467,-0.080508013,-0.255980313,0.03592354,-0.537634712,-0.048397909,0.625906047,0.377329356,-0.247003143,1.307995339,-0.82146145,-0.151977321,-0.77635167,0.044251054,-0.394974605,0.453724114,0.394132434,-0.931258788,0.649167982,-0.361485319,-0.262905158,-0.542382143,-0.149577998,2.568654798,-0.688339365,0.124488393,1.245929063,-0.079047411,-0.275934435,-0.58860783,-1.609552005,0.228800065,0.174137738,1.640713078,-0.35950505,0.010016073,-0.524383901,0.284212497,-0.215426169,2.038595812,-0.059625911,-0.515407213,-0.823843359,0.421196514,-0.197499393,-0.40526642,-0.503922939,0.30451779,0.583006093,-0.509698418,-0.119947889,-1.251748703,-0.701937366,-0.417787505,0.980304198,1.905902143,0.609506812,3.676823273,0.903903301,1.456394846,0.637106228,0.120718019,-0.933195452,-0.354242,-0.065568907,4.138313199,0.740019632,0.03115632,0.805310126,-0.926306377,0.285806785,0.220071528,1.034817343,0.669126013,-0.068718184,-0.186118999,-0.6915089,0.29501829,-0.272043944,-0.362638949,-0.375424933,1.571796941,0.164953661,-0.905926685,-0.301667634,0.807326637,-0.568911248,-0.203990339,0.00058788,-0.120352755,-0.550571219,-0.321367287,1.271783587,0.243423861,-0.042875577,-0.337207781,-0.582292632,-0.757291353,0.127300244,-0.513307264,-0.929768981,-0.479573634,-0.112441386,0.054675783,0.073473735,0.149457905,-1.026121253,0.428470397,1.561098275,0.356030286,-0.249873327,0.826196037,-0.296550416,-0.301894916,-0.391575725,0.220486542,0.496432033,-0.125028229,-0.55830228,-0.990691919,-0.37196961,0.300770218,-0.358964261,-0.512887619,0.239160846,0.772095865,0.15914404,-0.001644537,0.029580033,-0.30721501,1.656771852,1.296166026,-0.383617438,-0.254865251,-0.593765124,-0.999613097,-0.321182939,-0.28478318,-0.370441098,0.635984785,-0.87891478,0.290524978,-0.795508193,-0.295569213,-0.623729407,-0.317251851,0.329890382,-0.181040257,-0.211249517,-0.282860828,-0.617524524,-0.253085907,-0.760318892,-0.282783789,-0.471730598,0.401449317,1.336908846,0.934094777,0.055100219,-0.153796072,-0.273349012,-0.462187045,0.026468533,-0.600738426,1.240068452,0.707825781
hsa.mir.28,-0.14438901,0.418930629,0.15423112,-0.056566926,0.341534414,1.159404198,-1.232071718,0.613066645,-1.406711538,-0.249962875,0.353764195,0.594167539,-0.928371844,-0.883723847,0.206494573,0.085031685,-0.418586592,1.469632039,0.355313665,0.077420335,-3.182921051,-0.541223507,-0.716061193,-0.749163339,-1.929888472,1.082365058,0.015120194,0.599857296,-1.569410994,-1.136192464,0.472736577,-0.63685262,-0.047724867,0.165669177,1.156067507,-0.545222267,-1.118034972,-2.621914363,0.800243878,0.300680935,0.010310272,-0.389791183,0.789898676,-0.357431023,0.628719943,0.241511146,-0.7848726,-1.893005053,-1.086151883,-0.179098553,-1.125291628,-0.670047236,-2.133163918,0.589482973,0.868845321,-2.097484594,-2.786626558,-0.443217319,1.921747112,-1.180203787,-0.730718361,-0.674044011,-0.431084266,-0.428999106,0.55446554,-0.054543669,-0.274226526,-2.146090484,0.025658943,-0.42491406,-2.29233178,0.716691857,-0.625932984,0.832714345,0.283023852,0.451129827,-0.071969062,0.300950107,-0.651855543,0.211299224,-0.419980002,-0.021505198,-0.418219728,-0.407471049,0.231095828,-0.250512165,0.877844785,-0.129310786,0.610059688,1.300279864,0.857362171,-0.775689729,0.54935512,0.597122849,0.626794789,0.287871936,-0.639627918,-0.135044791,0.030993207,1.623607022,0.685812413,0.70047767,-0.986466028,-0.479650555,-1.801991127,0.090229892,0.727687351,1.06366223,0.490627874,0.750827861,0.270357963,-2.198224652,-1.110475414,-0.615020201,-0.022962535,0.086623672,-0.19038788,-0.562709835,-0.70843601,0.251737163,1.398023699,-0.14570199,-0.961813589,0.744053883,-1.15094803,1.487400073,0.475887264,-0.163541257,-0.877226548,0.357921052,0.681298199,-0.8668459,-0.191630464,0.871265106,-0.528590778,0.86226658,-0.240768595,-1.067232654,-2.167873494,-0.573619279,-0.159308504,-0.090493472,0.374972975,0.233674693,1.376495139,-0.625107548,0.247947656,-0.250438046,1.300424813,0.502048602,0.264603027,-0.54803131,2.116425568,-0.878927957,0.678545503,1.584618216,1.790011003,2.062079239,0.40912421,-0.697359947,-0.137232875,-0.461942647,0.569135514,1.088054156,-0.047724867,-0.689086452,-0.024364201,-0.557174883,0.575712295,1.086244249,0.106464638,-0.258773988,-0.692642615,-0.209036753,-0.3671033,1.771373314,2.318341232,-0.289668263,-0.141511102,0.268531467,0.003972317,-0.013448059,-0.267539091,0.920630654,0.166833308,-0.271639568,0.149979642,0.785490696,-0.705317442,-0.100047518,0.470423765,-0.990107232,0.46415573,0.197113747,0.436349542,-0.72360624,-0.122007141,-1.349062485,-0.134857886,0.169390927,-0.249250703,-1.461779679,-0.655669671,-0.404894412,0.6540846,0.904947414,0.135524393,-0.209377397,-0.094031985,1.506437632,0.945909644,0.243482972,-0.587483524,-0.568431092,-0.015673051,-0.300036702,0.448943096,0.905723848,0.043468187,-0.820422308,-1.077052634,0.06574768,-0.220570147,-0.900021144,1.240832549,-0.354303159,-0.037178233,0.777437339,-0.842853612,-0.742012001,-0.135912614,-0.101765514,0.132534825,-1.30671144,-1.975949829,-1.112787606,-0.539929903,-1.104825166,0.720084532,0.114204164,-0.072487199,1.199472728,0.311173665,-1.209260032
hsa.mir.145,0.345488498,2.056987583,0.25371635,-0.086306946,-0.363258245,0.682767446,1.009319721,0.417058486,-0.649366461,0.427728313,0.082591824,0.23222534,-2.72573106,-1.12600677,-1.09014071,-0.05834171,-0.374734726,1.222028327,-0.028828546,-0.716477477,-1.390859678,-0.205733039,-1.493168905,0.124386199,-1.418430005,1.867443944,-0.760263964,1.429059238,-0.38980793,1.647815145,-0.539859344,-0.544198802,0.225749728,-2.220566748,-1.140188439,0.713349015,-2.24429271,-0.049080986,1.090689224,0.302627473,0.372232357,0.73121625,-1.37751457,1.498536036,1.0998601,-1.293457835,-0.119302263,-0.641234485,-0.23775916,-0.391385356,-0.014545085,0.48804266,-2.511417344,1.056598565,-0.044577597,-1.951864092,-2.316068891,-0.129162493,0.647122042,-2.818605421,-0.02511018,-2.246998982,-0.107067793,-1.061050584,0.644605197,-0.31028655,-0.517877726,0.286013048,-0.49878154,-1.668964178,-2.051342225,0.536136763,-0.26363823,0.612198763,-0.127968462,0.336330902,0.125313428,0.10095946,0.13235248,-0.618586978,0.312864742,-0.621742845,-0.147447003,0.757221611,-0.509738978,-0.373897578,-3.825425518,0.444899596,-0.185067361,0.67757608,0.436039097,-0.960589245,1.121746732,0.159384072,-0.727476168,-0.895175242,-0.119078396,1.069436054,-0.867425665,0.322181963,-0.558474621,-1.65290454,-0.452801583,-0.251636901,-0.369924835,0.128377104,0.909342366,0.266260975,-0.61349008,0.554752932,0.856050744,-0.706202715,-0.73360446,0.363644482,0.23676589,-0.161574108,0.761643837,3.204112429,0.92668524,-0.158680527,-0.45035481,0.579893624,0.108746824,-0.804612403,-0.025240617,0.111425672,-0.533625657,0.697196662,-0.619480038,0.141975404,-0.785963609,-0.179724404,-5.424336478,-1.780253622,-0.381918267,-0.403545271,1.321817301,-1.224637265,0.788977468,0.237863379,0.499537562,1.926135984,0.623950952,0.446097878,1.144991736,-0.153534958,0.419201598,1.361641434,3.150607875,0.165711005,-0.156650463,-0.176022802,-0.562091016,-0.002722933,0.911390104,-0.508462588,0.328934816,0.401680314,0.234803101,0.020471027,0.354473683,1.853740596,-0.98083524,0.11961295,0.874388043,-0.145987785,0.539848457,-0.779319796,-0.158331843,1.149340372,0.87584519,-0.49492312,1.350692182,1.587748484,-0.606330122,-0.204142609,0.50851245,-0.931410529,0.929374758,0.538626258,0.475649448,-0.433036272,-0.132445029,0.097975284,0.485155871,-1.133651041,0.239842899,1.005665028,-0.094944565,-0.208275831,-0.122538754,-0.413460743,0.708915504,-0.0607596,0.829907927,-0.573104639,-0.153083766,1.321490258,-0.107451621,-0.158496615,-0.863950075,-1.7296582,1.111720031,-0.412236824,0.957528317,-0.736697074,-0.050199041,0.308372744,0.494717084,0.949816643,0.563512662,0.412990591,-1.385473904,-0.405923386,-0.198732836,-0.562511947,1.282106057,0.828987896,-0.486920756,-0.0754462,0.317261195,-0.907454672,-0.38017346,-0.290400205,1.423756436,-0.505250733,-0.239695624,0.326462852,-2.076601491,-0.753020724,0.61804873,0.619562492,0.880110063,-0.048714337,-0.629604934,-0.40675369,0.383472631,-1.04090733,-0.251448455,-1.189165668,-0.022265603,1.007492397,-0.146760073,-0.152397137
hsa.let.7c,0.913471,0.056562006,0.312009709,0.328520982,0.120624622,-0.103152383,0.007721531,0.169463472,-0.099645505,-0.778724698,0.451816515,-0.658078446,1.077504919,-1.028898594,0.30007781,0.469132838,0.244910426,-0.13042456,-0.395344003,1.458779817,-0.425818984,0.999805881,-0.294512228,-0.682119054,-1.182615521,-0.009568673,0.166520464,-0.264592589,0.185087586,0.128821734,-1.370031138,-0.044079462,-0.137938545,0.000713103,-0.367409619,0.338437398,0.096138916,0.202576202,-2.070585522,0.319922125,0.264363051,-2.239710169,0.502457981,0.060511173,1.795464038,0.194322271,0.177785528,-0.108045983,0.714726337,0.666105845,-0.038720573,-0.503157989,-1.200342231,0.073162699,0.642091763,-2.069741601,-1.084999999,0.26379694,0.199471102,0.00403778,0.647804496,-0.616221401,-1.261546856,-0.044005702,0.303213008,-1.227990181,0.523907978,-6.065277367,0.129273265,-0.861213947,0.47146349,-0.090235555,0.321718422,0.099443142,0.236624236,-0.594672303,-0.397872271,-0.587459697,-0.673845988,0.106226341,-0.455557137,-0.091125801,-0.360623789,-1.172483784,-1.149714344,-0.561756816,-4.250710415,-0.988602984,-0.016700111,0.805827568,0.106827131,-0.057455862,0.176582257,-0.474339158,0.128580375,0.153246365,-0.793825014,0.821610103,0.548991714,0.396820222,0.491895927,1.892515154,0.149824586,-0.545575509,-0.519745054,-0.765649547,0.665014361,-0.147408465,-0.060668054,1.544632402,0.575511632,-0.438923909,-1.052706175,-0.711531805,0.148776731,0.457267,0.735818365,-2.810899679,-0.205704744,-0.308423178,0.554020084,0.212928506,-0.415321757,-0.34280995,0.107955277,1.298651825,0.606590766,-0.633476471,0.030721415,-0.822002122,0.304432327,0.472583644,-5.688147322,0.765956395,0.675279683,0.396907043,-0.61589431,0.013403402,-0.507854282,0.052372845,-0.191247923,-0.439676851,0.177539832,0.413567543,0.354408728,0.144778786,-0.669782778,0.249770062,0.293132194,-0.97803773,0.097911319,-0.217850666,2.376964484,-0.35482659,0.935915363,1.207423312,0.671547949,0.592452102,0.317226145,0.251116176,0.376215396,0.098649593,-0.369658031,0.550565429,-0.276624271,0.159026492,-0.050883956,-0.086735288,1.094683482,0.663026377,-0.234163641,1.091964778,-0.498647942,0.060955232,-0.167100532,0.903548753,0.33264928,0.38003486,1.202370479,0.849912836,0.427023421,0.022198527,-0.554592745,0.362231562,0.15474528,-0.057675097,2.074651523,0.499396332,-0.146719376,0.567144404,0.357952884,0.740167717,-0.016369918,-0.232129331,-0.246348107,-0.1603135,-0.103961087,-0.217454183,-0.506372358,-0.139932149,0.078497467,-0.246883811,0.039213505,-0.039293507,0.302369186,0.200723963,0.056557913,0.046279255,1.449626251,-0.412417456,-1.076918523,-0.265082356,-0.100001883,0.20871537,0.433740996,-0.283710228,-1.11172455,1.626283936,0.321084105,-0.144034684,-0.064503566,0.613241566,0.244373423,-0.505842339,-0.238948232,0.240552335,0.488606092,2.127999787,0.217200914,-0.265235547,-0.19671621,-0.667891327,-0.123652294,-0.358366605,-0.535558629,-0.290336695,0.214243157,-0.124019376,0.112460955,0.498789937,-0.48924306,-0.276635527,-1.428767302,0.142302919
hsa.mir.216,0.0,0.0,0.0,0.0,0.0,0.0,0.0,0.0,0.0,0.0,0.0,0.0,0.0,0.0,0.0,0.0,0.0,0.0,0.0,0.0,0.0,0.0,0.0,0.0,0.0,0.0,0.0,0.0,0.0,0.0,0.0,0.0,0.0,0.0,0.0,0.0,0.0,0.0,0.0,0.0,0.0,0.0,0.0,0.0,0.0,0.0,0.0,0.0,0.0,0.0,0.0,0.0,0.0,0.0,0.0,0.0,0.0,0.0,0.0,0.0,0.0,0.0,0.0,0.0,0.0,0.0,0.0,0.0,0.0,0.0,0.0,0.0,0.0,0.0,0.0,0.0,0.0,0.0,0.0,0.0,0.0,0.0,0.0,0.0,0.0,0.0,0.0,0.0,0.0,0.0,0.0,0.0,0.0,0.0,0.0,0.0,0.0,0.0,0.0,0.0,0.0,0.0,0.0,0.0,0.0,0.0,0.0,0.0,0.0,0.0,0.0,0.0,0.0,0.0,0.0,0.0,0.0,0.0,0.0,0.0,0.0,0.0,0.0,0.0,0.0,0.0,0.0,0.0,0.0,0.0,0.0,0.0,0.0,0.0,0.0,0.0,0.0,0.0,0.0,0.0,0.0,0.0,0.0,0.0,0.0,0.0,0.0,0.0,0.0,0.0,0.0,0.0,0.0,0.0,0.0,0.0,0.0,0.0,0.0,0.0,0.0,0.0,0.0,0.0,0.0,0.0,0.0,0.0,0.0,0.0,0.0,0.0,0.0,0.0,0.0,0.0,0.0,0.0,0.0,0.0,0.0,0.0,0.0,0.0,0.0,0.0,0.0,0.0,0.0,0.0,0.0,0.0,0.0,0.0,0.0,0.0,0.0,0.0,0.0,0.0,0.0,0.0,0.0,0.0,0.0,0.0,0.0,0.0,0.0,0.0,0.0,0.0,0.0,0.0,0.0,0.0,0.0,0.0,0.0,0.0,0.0,0.0,0.0,0.0,0.0,0.0,0.0,0.0,0.0,0.0,0.0,0.0,0.0,0.0,0.0,0.0,0.0,0.0,0.0,0.0,0.0,0.0,0.0,0.0
hsa.mir.344,0.0,0.0,0.0,0.0,0.0,0.0,0.0,0.0,0.0,0.0,0.0,0.0,0.0,0.0,0.0,0.0,0.0,0.0,0.0,0.0,0.0,0.0,0.0,0.0,0.0,0.0,0.0,0.0,0.0,0.0,0.0,0.0,0.0,0.0,0.0,0.0,0.0,0.0,0.0,0.0,0.0,0.0,0.0,0.0,0.0,0.0,0.0,0.0,0.0,0.0,0.0,0.0,0.0,0.0,0.0,0.0,0.0,0.0,0.0,0.0,0.0,0.0,0.0,0.0,0.0,0.0,0.0,0.0,0.0,0.0,0.0,0.0,0.0,0.0,0.0,0.0,0.0,0.0,0.0,0.0,0.0,0.0,0.0,0.0,0.0,0.0,0.0,0.0,0.0,0.0,0.0,0.0,0.0,0.0,0.0,0.0,0.0,0.0,0.0,0.0,0.0,0.0,0.0,0.0,0.0,0.0,0.0,0.0,0.0,0.0,0.0,0.0,0.0,0.0,0.0,0.0,0.0,0.0,0.0,0.0,0.0,0.0,0.0,0.0,0.0,0.0,0.0,0.0,0.0,0.0,0.0,0.0,0.0,0.0,0.0,0.0,0.0,0.0,0.0,0.0,0.0,0.0,0.0,0.0,0.0,0.0,0.0,0.0,0.0,0.0,0.0,0.0,0.0,0.0,0.0,0.0,0.0,0.0,0.0,0.0,0.0,0.0,0.0,0.0,0.0,0.0,0.0,0.0,0.0,0.0,0.0,0.0,0.0,0.0,0.0,0.0,0.0,0.0,0.0,0.0,0.0,0.0,0.0,0.0,0.0,0.0,0.0,0.0,0.0,0.0,0.0,0.0,0.0,0.0,0.0,0.0,0.0,0.0,0.0,0.0,0.0,0.0,0.0,0.0,0.0,0.0,0.0,0.0,0.0,0.0,0.0,0.0,0.0,0.0,0.0,0.0,0.0,0.0,0.0,0.0,0.0,0.0,0.0,0.0,0.0,0.0,0.0,0.0,0.0,0.0,0.0,0.0,0.0,0.0,0.0,0.0,0.0,0.0,0.0,0.0,0.0,0.0,0.0,0.0
hsa.mir.496,-0.129413655,-0.501927587,-0.107807149,0.235864803,-0.843741325,0.009681043,0.104391552,0.057054469,0.329883811,0.697370247,-0.814139508,0.071713436,-0.102656746,2.10740422,0.354375315,-0.873702705,-0.351916518,0.017994489,-0.732744614,-0.446790534,0.095040099,-0.268571278,-0.391898029,-0.359345811,1.250464449,-0.481104446,0.855426954,-0.046903944,-0.987805944,-0.345536551,-1.494488207,1.49976369,-0.942408081,2.363106822,0.742640899,-0.498478604,0.788749232,1.959968875,3.719760925,-1.488181403,-1.112333017,-0.940784554,0.1561045,0.068920546,0.1784639,0.516809528,-1.021764512,-0.316009502,-1.082824523,-0.472518058,0.688956485,0.103461132,1.822144876,1.364464176,-0.801976792,0.477011635,0.958344079,0.224284203,-0.134182352,0.538933026,0.669576231,1.72793099,0.469392401,0.564911397,0.057639334,0.074756164,-0.365213772,2.181142722,-0.128244742,1.877914592,1.94886328,0.84136568,0.096413387,-0.500475641,0.835070208,0.064682179,-0.02628232,0.104033229,-0.36750588,3.525729717,-0.783364036,-0.298574584,0.272600879,-0.456320279,0.31391644,-0.005034939,-0.53638082,0.690265413,0.226021383,-0.258954411,-0.648181154,-0.215074178,-0.244999628,0.055638636,-0.092951311,-0.522970241,-1.417513352,-0.274715098,-0.460641123,-0.922031139,0.964575847,1.598448004,0.757337632,-0.074940563,1.578736201,-0.504391664,-0.37996104,-0.35638928,-0.669260189,-0.537838749,0.751313411,3.951909204,0.392106887,0.558817807,0.087737993,-0.127932284,-0.323675282,-1.273744545,0.062573786,0.106627545,-0.124873226,0.864444657,0.832571282,-0.562692114,-0.198497697,0.344599781,0.362909575,-0.025865011,-0.060288928,-0.185522397,0.137176051,-0.094407792,0.744240107,-0.054142032,0.596198351,0.651817413,0.487220139,1.289060392,0.188341537,0.352677142,-0.238764491,-0.433701435,-0.235974313,1.546794467,-0.36497202,-0.28311039,0.1951428,-0.126869181,-0.402436501,-0.31877462,-0.431718138,-0.64838154,-0.731275231,0.205262954,-0.188216493,-0.468789288,0.803612378,-0.007010053,-0.246678358,0.139374458,-0.419435726,-0.525889345,0.055185032,-0.756511579,-0.269981335,-0.046167247,-0.418615262,0.046338715,-0.881429853,0.081103519,0.581414533,-0.154059339,-0.122135722,-0.719005574,-0.271154577,0.002709634,-0.196417369,-0.616033805,-0.497661144,-0.175827954,-0.712393023,-0.509381977,0.301404751,-0.185198862,6.977742736,-0.665432758,-0.495409174,-0.595695493,-0.744528602,0.035889809,-0.157541238,-0.011248663,-0.377517682,0.925933492,-0.637502972,-0.443090545,-0.394698969,0.632926888,0.249679693,-0.052921587,-1.046569665,0.414733404,0.127185029,-0.053423062,0.614781755,0.0563471,-0.283927886,0.072241613,0.711554026,-0.619902067,0.330949918,0.005279497,-0.597092369,-1.028138168,0.755671658,0.340590191,0.064179135,0.043568198,-0.076048084,-0.048776652,-0.587231161,0.13176173,-0.490878606,0.400392368,-0.07852252,0.507477725,-0.755683589,0.027874035,0.195818932,-0.347752237,1.563465876,-0.065132065,-0.300581299,0.77189913,1.738969369,0.281880093,-1.30531114,-0.217354309,-0.209023328,-0.419376571,0.310588746,-0.461009405,0.06102397,-0.196037645
hsa.mir.356,0.0,0.0,0.0,0.0,0.0,0.0,0.0,0.0,0.0,0.0,0.0,0.0,0.0,0.0,0.0,0.0,0.0,0.0,0.0,0.0,0.0,0.0,0.0,0.0,0.0,0.0,0.0,0.0,0.0,0.0,0.0,0.0,0.0,0.0,0.0,0.0,0.0,0.0,0.0,0.0,0.0,0.0,0.0,0.0,0.0,0.0,0.0,0.0,0.0,0.0,0.0,0.0,0.0,0.0,0.0,0.0,0.0,0.0,0.0,0.0,0.0,0.0,0.0,0.0,0.0,0.0,0.0,0.0,0.0,0.0,0.0,0.0,0.0,0.0,0.0,0.0,0.0,0.0,0.0,0.0,0.0,0.0,0.0,0.0,0.0,0.0,0.0,0.0,0.0,0.0,0.0,0.0,0.0,0.0,0.0,0.0,0.0,0.0,0.0,0.0,0.0,0.0,0.0,0.0,0.0,0.0,0.0,0.0,0.0,0.0,0.0,0.0,0.0,0.0,0.0,0.0,0.0,0.0,0.0,0.0,0.0,0.0,0.0,0.0,0.0,0.0,0.0,0.0,0.0,0.0,0.0,0.0,0.0,0.0,0.0,0.0,0.0,0.0,0.0,0.0,0.0,0.0,0.0,0.0,0.0,0.0,0.0,0.0,0.0,0.0,0.0,0.0,0.0,0.0,0.0,0.0,0.0,0.0,0.0,0.0,0.0,0.0,0.0,0.0,0.0,0.0,0.0,0.0,0.0,0.0,0.0,0.0,0.0,0.0,0.0,0.0,0.0,0.0,0.0,0.0,0.0,0.0,0.0,0.0,0.0,0.0,0.0,0.0,0.0,0.0,0.0,0.0,0.0,0.0,0.0,0.0,0.0,0.0,0.0,0.0,0.0,0.0,0.0,0.0,0.0,0.0,0.0,0.0,0.0,0.0,0.0,0.0,0.0,0.0,0.0,0.0,0.0,0.0,0.0,0.0,0.0,0.0,0.0,0.0,0.0,0.0,0.0,0.0,0.0,0.0,0.0,0.0,0.0,0.0,0.0,0.0,0.0,0.0,0.0,0.0,0.0,0.0,0.0,0.0
hsa.mir.154.2,0.922816587,0.127503447,0.125671165,0.976737418,0.598448138,0.222500806,0.026655343,-0.505161638,-0.210454771,-0.33033861,-0.333767654,-0.349741599,-0.207627475,-0.537299175,-0.321857887,-0.073512494,-0.278426183,-0.525566044,-0.52930708,-0.222464993,0.026243134,-0.231957406,1.905863518,1.569498026,-0.402352366,0.396011914,-0.209041123,-0.563023274,-0.030966639,0.156071794,-0.343008993,-0.050156305,-0.60742162,-0.424994837,-0.179806581,-0.207724315,-0.561364241,-0.633651538,-0.13972026,-0.252339566,-0.05280887,-0.790042501,-0.237451658,0.317758652,-0.578361939,1.070567609,-0.319296685,-0.24960083,-0.353490932,-0.25267534,0.165881232,-0.18133198,-0.23675026,-0.016884357,-0.100503963,-0.252146904,-0.409802195,0.082893857,0.335578717,0.051661628,-1.839573732,-0.727089015,-0.072143883,-0.892989397,-0.978321187,0.205765256,0.777420022,-1.872395406,0.3160623,-2.033134967,-1.666120154,-1.68340631,0.564894692,0.074744389,-0.076486559,0.387582929,0.490338007,-0.237924833,-0.087200926,0.535868395,-0.054177756,-0.930175835,-0.161452531,-0.416498391,-0.249091678,0.754918622,-0.671406384,-0.217068264,-0.480698241,-0.766859847,1.002395545,0.321011785,-0.610964884,0.209476788,-0.281057179,-0.137025062,-1.680974375,5.123421789,4.533643555,-0.166265249,-1.689998305,-2.00470473,1.280312532,1.408489184,2.216034237,4.804912615,4.801776018,-0.944682467,-0.581470543,0.328734923,-0.336283765,-0.79837201,-0.955450363,-1.055586271,-0.214332509,2.037925048,0.065349114,-1.695182335,-0.125167422,-0.142265241,-0.460642291,-1.489617486,3.688144141,0.553786968,-0.586687324,0.07207031,1.299956121,-0.455252143,-0.095554169,-0.33783326,-0.014375044,-0.889418859,-1.923790963,-1.479364463,0.091046616,-2.215838609,1.84067162,-0.377897374,1.487503522,1.724593571,4.397332087,1.099243236,0.480017544,-0.235959632,0.494653908,2.353459301,-0.566009859,-0.296515254,0.231037245,-0.665148393,1.436320838,0.758771209,0.136705984,-0.973802968,-0.402061472,-0.943606271,-1.43842696,-1.379336842,-0.288007009,-0.329574649,0.427783085,-0.088363592,0.108092838,-1.832519696,3.328021861,1.099131014,3.083700831,0.463478028,-1.923469792,-0.747960133,0.129681824,2.064562752,-0.040606721,4.22699366,2.134202816,-0.732918007,-0.209041123,0.478766726,-0.102722939,-0.078191166,0.322397705,0.838928278,-0.124750033,-1.324484719,0.941502292,3.282347826,0.568284468,0.073396941,1.056201095,0.68055868,1.661579298,-0.900568985,-0.64338912,-0.65899573,1.986928835,2.922969475,5.107429469,1.506614345,-0.568115368,-0.732203641,-0.376878777,-0.434040731,-0.451850854,-0.212526067,0.388591496,-0.361504666,-0.284868154,-0.447712039,-0.030349649,-0.73537379,0.113602796,-0.058575099,-0.372875323,1.014637568,-0.209041123,-0.117377445,-0.41831247,-0.196211618,-0.022492054,0.172629826,-0.313326298,0.106746667,-0.837895238,-0.767153393,-0.198115171,-0.764205161,0.640590731,0.499835167,-0.125455761,-0.472706113,-0.050645047,-0.467777839,0.724689904,-0.755479183,-0.65642144,1.318428482,0.352296136,0.552487621,-1.013525256,-0.915170227,-0.400471724,-0.203749731,0.484196028,1.320993078
hsa.mir.154.3,0.397489609,0.426711747,-0.694224628,-0.676138315,-0.080033352,0.594654891,-0.053187471,1.404902994,0.129160959,-1.470681003,-0.069740156,-0.467594355,-0.962281464,-1.032422055,-0.568780516,0.276685681,0.232110616,-1.601595108,-0.022817096,-0.194540271,-0.863138963,0.16593253,1.067300715,0.395163487,-0.989566299,-0.119525852,0.026860973,-0.107926444,-0.029034843,1.919351496,0.091787215,-0.062611149,-0.076430209,0.264591902,-0.118834092,-0.504037453,-0.067470535,-1.065321485,-0.721558527,1.534457229,1.336781978,0.027348166,0.109630718,0.237927006,-0.453826006,-0.289580802,-0.66125416,-0.550267881,0.649315241,0.091782599,0.228472029,0.55330053,-0.436493528,-0.48727372,1.293350783,-1.412800057,-1.477160635,-0.476370876,-0.921519624,0.319210777,-2.479545727,-1.576520871,-0.307171183,-0.922636726,-0.75763462,0.467508727,0.479256324,-3.891452328,-0.048074122,-2.410992093,-0.83531743,-0.102164828,-0.250284581,-0.036624021,-1.475744726,-1.127467066,0.511862029,0.09691406,-0.030206451,-0.62900437,-0.482875007,-0.126093695,-0.396167707,-0.738157197,-0.694324097,0.695729094,-3.025871846,-0.23767728,0.5584254,0.403617432,1.082955139,-0.431478575,-0.154529911,0.80640419,0.066547508,-0.09553319,0.673708411,0.801230904,2.785009735,-0.289724236,-1.495587819,-1.390848118,0.321111082,0.328190492,0.739178201,1.625984878,1.325138143,-0.582132392,1.468831871,-0.125880406,-0.062355006,-2.534857312,-1.244634122,-0.364234165,-0.239486261,1.919122621,0.309517327,-1.31372739,-0.098603187,1.559642903,-0.473891071,-0.380362068,0.137388809,0.680902309,-0.453798829,0.841190179,-0.093567883,-0.387050817,0.151927795,1.313904314,-0.444747813,-0.250386538,-3.770116951,-0.321737116,-0.781193848,-1.888607963,0.102037866,0.053091303,0.094324747,0.647495441,-0.416258136,1.521240547,-0.329256192,1.658575539,0.770909557,0.462617047,-1.588940417,-1.103534294,-0.13122928,0.225430625,-0.325145334,-1.089414205,1.411569527,-1.176105545,-0.48079393,-0.436516998,0.429046948,0.036311461,-0.379142548,-0.254667408,1.593113205,2.04757591,-0.038615881,-0.29852592,0.928880353,0.521773505,0.370574659,-0.008113715,-0.590145353,-1.154367879,1.037478053,1.344028677,-1.277314691,1.34399301,0.948418447,-0.626169199,-0.44164938,-0.484524389,0.123946036,-0.306880807,0.192007383,-0.328536978,-0.749538857,-0.326051273,0.766300783,1.504298057,0.868984168,1.332436315,1.081695766,1.433822248,1.639379152,0.450668983,-0.241732798,1.189018429,1.737464773,0.334212193,1.869240263,0.00664713,-0.061687104,-0.382089727,0.049830571,-0.090481323,-0.031178676,0.20896604,1.390316119,-0.606274935,-0.077701358,0.169903286,-0.30088736,-0.984827643,2.984353726,0.400556561,-0.462238952,0.53100231,0.848160283,0.277341705,0.633345327,0.046955475,0.707383402,0.13950752,-0.35412987,0.784312373,-0.485008296,-0.190093604,0.512432838,-0.023310358,0.167237986,0.989658512,0.683610673,-0.168501855,0.369700533,0.396464413,0.252883801,-1.783827379,-1.570372951,0.517596232,1.000730211,0.670902789,-0.427123215,-0.537281553,-0.594761697,-0.107012351,1.012611064,0.774882984
hsa.mir.131a,0.0,0.0,0.0,0.0,0.0,0.0,0.0,0.0,0.0,0.0,0.0,0.0,0.0,0.0,0.0,0.0,0.0,0.0,0.0,0.0,0.0,0.0,0.0,0.0,0.0,0.0,0.0,0.0,0.0,0.0,0.0,0.0,0.0,0.0,0.0,0.0,0.0,0.0,0.0,0.0,0.0,0.0,0.0,0.0,0.0,0.0,0.0,0.0,0.0,0.0,0.0,0.0,0.0,0.0,0.0,0.0,0.0,0.0,0.0,0.0,0.0,0.0,0.0,0.0,0.0,0.0,0.0,0.0,0.0,0.0,0.0,0.0,0.0,0.0,0.0,0.0,0.0,0.0,0.0,0.0,0.0,0.0,0.0,0.0,0.0,0.0,0.0,0.0,0.0,0.0,0.0,0.0,0.0,0.0,0.0,0.0,0.0,0.0,0.0,0.0,0.0,0.0,0.0,0.0,0.0,0.0,0.0,0.0,0.0,0.0,0.0,0.0,0.0,0.0,0.0,0.0,0.0,0.0,0.0,0.0,0.0,0.0,0.0,0.0,0.0,0.0,0.0,0.0,0.0,0.0,0.0,0.0,0.0,0.0,0.0,0.0,0.0,0.0,0.0,0.0,0.0,0.0,0.0,0.0,0.0,0.0,0.0,0.0,0.0,0.0,0.0,0.0,0.0,0.0,0.0,0.0,0.0,0.0,0.0,0.0,0.0,0.0,0.0,0.0,0.0,0.0,0.0,0.0,0.0,0.0,0.0,0.0,0.0,0.0,0.0,0.0,0.0,0.0,0.0,0.0,0.0,0.0,0.0,0.0,0.0,0.0,0.0,0.0,0.0,0.0,0.0,0.0,0.0,0.0,0.0,0.0,0.0,0.0,0.0,0.0,0.0,0.0,0.0,0.0,0.0,0.0,0.0,0.0,0.0,0.0,0.0,0.0,0.0,0.0,0.0,0.0,0.0,0.0,0.0,0.0,0.0,0.0,0.0,0.0,0.0,0.0,0.0,0.0,0.0,0.0,0.0,0.0,0.0,0.0,0.0,0.0,0.0,0.0,0.0,0.0,0.0,0.0,0.0,0.0
hsa.mir.156,0.0,0.0,0.0,0.0,0.0,0.0,0.0,0.0,0.0,0.0,0.0,0.0,0.0,0.0,0.0,0.0,0.0,0.0,0.0,0.0,0.0,0.0,0.0,0.0,0.0,0.0,0.0,0.0,0.0,0.0,0.0,0.0,0.0,0.0,0.0,0.0,0.0,0.0,0.0,0.0,0.0,0.0,0.0,0.0,0.0,0.0,0.0,0.0,0.0,0.0,0.0,0.0,0.0,0.0,0.0,0.0,0.0,0.0,0.0,0.0,0.0,0.0,0.0,0.0,0.0,0.0,0.0,0.0,0.0,0.0,0.0,0.0,0.0,0.0,0.0,0.0,0.0,0.0,0.0,0.0,0.0,0.0,0.0,0.0,0.0,0.0,0.0,0.0,0.0,0.0,0.0,0.0,0.0,0.0,0.0,0.0,0.0,0.0,0.0,0.0,0.0,0.0,0.0,0.0,0.0,0.0,0.0,0.0,0.0,0.0,0.0,0.0,0.0,0.0,0.0,0.0,0.0,0.0,0.0,0.0,0.0,0.0,0.0,0.0,0.0,0.0,0.0,0.0,0.0,0.0,0.0,0.0,0.0,0.0,0.0,0.0,0.0,0.0,0.0,0.0,0.0,0.0,0.0,0.0,0.0,0.0,0.0,0.0,0.0,0.0,0.0,0.0,0.0,0.0,0.0,0.0,0.0,0.0,0.0,0.0,0.0,0.0,0.0,0.0,0.0,0.0,0.0,0.0,0.0,0.0,0.0,0.0,0.0,0.0,0.0,0.0,0.0,0.0,0.0,0.0,0.0,0.0,0.0,0.0,0.0,0.0,0.0,0.0,0.0,0.0,0.0,0.0,0.0,0.0,0.0,0.0,0.0,0.0,0.0,0.0,0.0,0.0,0.0,0.0,0.0,0.0,0.0,0.0,0.0,0.0,0.0,0.0,0.0,0.0,0.0,0.0,0.0,0.0,0.0,0.0,0.0,0.0,0.0,0.0,0.0,0.0,0.0,0.0,0.0,0.0,0.0,0.0,0.0,0.0,0.0,0.0,0.0,0.0,0.0,0.0,0.0,0.0,0.0,0.0
hsa.mir.102b,1.553293585,0.036937819,-0.89701671,0.374636323,1.454756579,0.510031388,0.223917725,0.360096402,-0.283297577,-0.598217642,0.977488916,0.156998186,0.079580396,-0.484214073,0.086962149,0.116220275,0.090354158,0.770589831,-0.21402964,-0.117239463,-0.904686607,-0.856369724,1.394744933,0.368075625,-0.692173501,0.526203577,-0.342557148,-0.179764805,1.830175518,1.181855415,-0.456330302,-0.918278191,0.247227738,-0.498730007,2.411364688,0.21944898,-0.105587505,-0.084338583,1.305365227,0.367623901,0.266651214,-0.711544757,-0.004674088,1.401614091,-0.088657439,-0.401690848,-0.041055657,-0.47648279,-0.839218424,0.365004252,0.93224226,4.761438623,-1.015800406,0.60915849,-1.20125648,1.671796086,0.439326227,0.557716545,1.467727029,-0.5783747,-0.441531938,-0.872791851,-0.342585704,-0.232077542,-0.406790995,-0.355234166,0.677940506,-0.510524539,-0.425896493,0.001649349,0.25727359,-0.312086573,-0.890192692,-0.466385334,-0.798817233,-0.373953263,0.235663577,-0.273373513,1.513172239,3.945349185,-0.212923247,0.052807983,0.05357482,0.36746702,-0.678123715,0.412507395,-1.132239186,0.341791188,-0.072458603,-0.017151626,0.732193971,-0.202251589,0.152168879,0.000711236,-0.060315143,-0.169791782,-1.332531331,0.874808502,0.949671922,0.106099082,0.02333535,-0.054020863,-0.16182644,-0.775557457,-0.840834783,0.708619978,1.043234315,-0.537649054,1.227501986,-0.613160812,0.028061406,-0.217578912,-0.744157185,-0.571347016,1.487738427,1.725344188,-0.633919378,-1.536841497,0.256952586,1.085964176,0.310497839,2.086607666,0.146083554,2.39626518,-0.060704951,1.834770076,0.331373919,-0.003389426,-0.008435811,-0.096462051,-0.337994216,-0.372537338,-0.737354775,-0.361486419,-0.542096617,-0.757841723,-0.394805708,0.132097857,-0.383875638,-0.300400417,0.931139069,0.075974644,-0.285657946,1.461276471,-0.52078008,0.203598073,-1.385091671,-0.793970387,-0.473986721,-0.42080372,-0.33759508,-0.292241751,0.626996351,-0.640173395,4.521793174,-0.216115497,-0.020123215,-0.582523543,-0.045384017,-0.378497423,-0.316362654,1.148277904,0.226566356,-0.920707042,-0.088221021,-0.465944158,0.281127634,-0.34006581,-0.096031392,-0.192769701,0.301908307,-0.172874113,-0.27908886,1.091461623,-0.65374365,-0.377091942,-0.357278643,-0.421055376,0.096482714,0.229694326,0.063175162,-0.348333236,0.9457303,-0.166010846,1.390874833,0.885649732,2.225562932,0.364187193,0.322099531,-1.152569296,-0.387706855,0.447959929,0.264545012,-0.357007113,-1.098990787,-0.014814936,0.666447956,-0.286495409,-0.112353015,-0.4489109,0.550564444,-0.052430518,2.084104312,0.331007745,1.116512252,-0.464709674,-0.416910719,-0.175233131,0.027113877,-0.599024625,1.635737724,0.846014116,0.136967927,2.851689271,-0.172654626,-0.323181721,0.664519494,0.142417267,0.639567459,0.591051742,0.17654868,0.259588746,-0.274263784,0.322297086,0.543193002,0.401469182,0.061034661,-0.024103102,2.27464486,-0.847531357,1.128105703,-0.42831653,0.2890845,-0.915953296,-1.125134795,-1.055475464,0.647442153,-1.112494104,-0.051030267,0.404809207,0.687325255,0.434226314,0.044741564,-0.628932999
hsa.mir.1271,0.046206463,-0.039893236,-0.19959228,-0.110302531,-0.844779252,-0.440232725,1.474107197,0.198978951,-0.916876042,1.075894172,-0.377807444,-0.92767236,-0.306769959,0.580633677,-0.795754975,-0.889861943,0.028555235,0.209822897,0.662123397,-0.349663757,-0.355307396,-0.4301305,-0.106433085,-0.165634476,-0.421925621,1.033984785,-0.219746783,2.161821258,-0.283193821,0.213175649,-0.163861778,0.141145636,-0.182613378,0.058572185,0.406017522,-0.231580482,-0.354317705,-0.367647801,-0.325736764,-0.088978903,-0.328957442,0.990576369,0.203377831,-0.909116196,-0.908024795,-0.824624667,-0.10680844,-0.122352724,-0.563649369,-0.413059631,0.102173315,-0.002856606,-0.626450492,-0.459970055,0.334988263,-0.621813627,-0.217116533,-0.148110223,-0.443782655,-0.281146601,0.195267299,-0.589930132,2.04467454,-0.795732329,-0.987512715,-1.473564402,-0.958835152,-1.049860453,1.433092331,-0.904156923,-1.22100696,-0.977183729,0.272985851,0.920099202,-0.372887848,0.088358887,-1.147799024,0.733297022,-1.104578998,0.228994856,0.541749678,-1.129843098,-0.423770194,-0.88663401,-0.302642583,-0.861552339,-1.741306827,0.797368919,-0.874880399,-0.21834204,-0.685796575,0.360443327,-0.478378159,-0.414678743,0.269572114,-0.228346488,0.695252653,1.075219318,-1.026097168,-1.365664051,0.345289729,-0.697340084,-0.355187255,0.808971167,0.923813107,0.47376707,0.549348041,2.335387641,0.637232757,-0.499577333,-1.291689114,-0.680934493,2.295312226,0.796406789,-1.377848792,0.41260288,-0.778654819,0.342476566,-1.523690638,-2.231821246,-1.041328676,-1.384440566,-1.215911156,-0.146884717,0.42840298,-1.117039569,-0.146250949,0.563507078,-0.393539632,0.477762942,0.029839967,1.4644782,-1.679879169,0.146633482,-0.552668586,0.385329825,0.325852678,-0.468753137,2.25953906,-0.853303722,-0.177763191,2.376862651,-0.823133742,-0.021031894,0.611401102,0.582203474,0.354506648,0.005983956,-0.338506656,3.080333857,-0.336625403,-0.414842176,0.254916137,-1.618926235,2.441401642,-0.339521006,-1.092486679,1.146002065,1.569604359,0.788421272,-0.252663186,0.383457053,-0.098935486,-1.124925921,-0.82000432,-0.221120595,0.177289777,0.912245362,-1.108650999,-0.758325956,-0.196842811,-0.182613378,0.928358169,2.960972071,0.65387982,2.487928648,-0.923767776,-0.930233477,-0.880650845,1.19556274,-0.451519802,-0.408368879,1.919686712,0.425420388,-0.827252561,-1.009639748,-0.712968869,-1.324378359,0.892034903,0.439750043,-2.177835006,-0.226005161,0.564114738,-1.268492957,0.615993811,0.581724071,-0.555758506,-0.960906774,-0.010432833,0.069344483,-1.304978063,-1.351394291,-1.223781651,-0.411471067,-1.617691795,0.771454893,-0.182613378,-1.494674794,0.06594033,0.381910264,0.967491567,-1.20626758,0.028088676,-1.634952744,0.0017099,-1.341744726,0.177067692,-0.28351258,-0.968929093,0.200978944,0.093896778,0.464657989,-0.54764644,-1.337826738,0.225979453,0.765763176,0.192530196,-0.256893788,0.500756097,-0.076472238,-0.041935949,-1.027434843,0.221684271,-0.942045819,-0.174844019,-0.408549485,-1.455617429,-1.127655543,1.83569791,-0.916207797,0.542273802,2.49693043,0.003529923,-0.539869958
hsa.mir.254,0.0,0.0,0.0,0.0,0.0,0.0,0.0,0.0,0.0,0.0,0.0,0.0,0.0,0.0,0.0,0.0,0.0,0.0,0.0,0.0,0.0,0.0,0.0,0.0,0.0,0.0,0.0,0.0,0.0,0.0,0.0,0.0,0.0,0.0,0.0,0.0,0.0,0.0,0.0,0.0,0.0,0.0,0.0,0.0,0.0,0.0,0.0,0.0,0.0,0.0,0.0,0.0,0.0,0.0,0.0,0.0,0.0,0.0,0.0,0.0,0.0,0.0,0.0,0.0,0.0,0.0,0.0,0.0,0.0,0.0,0.0,0.0,0.0,0.0,0.0,0.0,0.0,0.0,0.0,0.0,0.0,0.0,0.0,0.0,0.0,0.0,0.0,0.0,0.0,0.0,0.0,0.0,0.0,0.0,0.0,0.0,0.0,0.0,0.0,0.0,0.0,0.0,0.0,0.0,0.0,0.0,0.0,0.0,0.0,0.0,0.0,0.0,0.0,0.0,0.0,0.0,0.0,0.0,0.0,0.0,0.0,0.0,0.0,0.0,0.0,0.0,0.0,0.0,0.0,0.0,0.0,0.0,0.0,0.0,0.0,0.0,0.0,0.0,0.0,0.0,0.0,0.0,0.0,0.0,0.0,0.0,0.0,0.0,0.0,0.0,0.0,0.0,0.0,0.0,0.0,0.0,0.0,0.0,0.0,0.0,0.0,0.0,0.0,0.0,0.0,0.0,0.0,0.0,0.0,0.0,0.0,0.0,0.0,0.0,0.0,0.0,0.0,0.0,0.0,0.0,0.0,0.0,0.0,0.0,0.0,0.0,0.0,0.0,0.0,0.0,0.0,0.0,0.0,0.0,0.0,0.0,0.0,0.0,0.0,0.0,0.0,0.0,0.0,0.0,0.0,0.0,0.0,0.0,0.0,0.0,0.0,0.0,0.0,0.0,0.0,0.0,0.0,0.0,0.0,0.0,0.0,0.0,0.0,0.0,0.0,0.0,0.0,0.0,0.0,0.0,0.0,0.0,0.0,0.0,0.0,0.0,0.0,0.0,0.0,0.0,0.0,0.0,0.0,0.0
hsa.mir.128,-0.758129927,-0.047089667,0.685956833,-0.640065851,-1.025307114,-0.945090161,-0.03603268,-0.68142829,0.868346635,0.7631672,-0.375339484,-0.023281707,-0.063195772,1.388544667,0.305380633,0.294301961,-0.738469864,2.857069152,-0.567074967,-0.599497465,0.219073102,0.137776832,-0.512612418,-0.664633771,5.23812997,-1.219555006,0.832924787,0.396649782,-0.700064863,-1.178744059,-0.900037918,1.78027909,-0.788897227,0.148262326,-0.202176306,-0.546957045,3.038222997,2.308485102,-0.392752727,-1.749862709,-1.209652668,-0.757410196,-0.05481791,-0.218470415,-0.461226957,0.192594741,-0.492695282,-0.197121741,-1.060885795,-0.315658091,0.427011496,-1.050486011,2.585403252,2.206331769,-0.432673745,2.53960107,0.891074696,1.070070521,0.338044298,-0.314238007,-0.044785709,2.970034938,-0.305534506,1.29074629,0.583200181,0.201442416,0.044439258,3.922255387,-0.150448677,3.443433126,2.405221192,0.324877614,0.068802491,-0.491388873,0.638337642,0.158895451,-0.260825798,-0.021727291,2.182060486,1.558360412,-0.297986659,-0.272063392,0.447280553,0.326720282,-0.03290179,0.095272725,-0.12338881,-0.200762956,0.680193214,-0.57870297,-0.281593606,-0.051579724,-0.300967886,-0.478443056,0.102991377,-0.37471512,-0.990746331,-0.16091307,-0.428224151,-0.447890885,0.58380503,4.033301837,0.688613846,-0.347963255,1.447057901,-0.646373848,-0.221950951,-0.389357455,-0.296676365,0.214383725,0.720489683,6.222948886,0.303274149,0.317671651,-0.31878843,-0.41639597,-0.206076439,-0.215120091,0.061315748,0.428868572,-0.263460422,1.267898491,-0.296576927,-0.5877635,-0.698879802,-0.050684664,0.165328552,-0.080186844,-0.524873852,-0.441998413,0.00215623,-0.403652508,0.279505834,0.662818063,0.550381486,0.252973817,0.57222934,1.123139397,-0.180609978,0.105432694,-0.315952761,-0.523096877,0.010602277,0.463332589,-0.329962865,-0.152165933,-0.281245327,-0.328836941,0.005327218,-0.30696852,-0.587814655,-0.54502267,-0.761959502,0.266419874,-0.400567675,-0.331466628,0.856447807,-0.248583685,-0.288729124,0.065118539,-0.278988226,-0.323230269,-0.198672944,-0.095267296,-0.219180247,-0.499343836,-0.837758446,-0.039535378,-0.329476232,-0.190935288,-0.506781544,-0.361478023,0.011108078,-0.571804119,-0.402547079,-0.44585266,-0.218196426,-0.607005625,-0.104322629,-0.09207175,-0.329123517,-1.050309257,0.205544112,-0.076427785,1.191437521,-0.562536523,-0.072686534,0.403203617,-0.223237408,-0.695450867,3.906714098,-0.203702918,0.150081529,0.574382098,-0.475736499,-0.254791305,-0.069337635,0.283569017,-0.199752828,0.735072535,-0.203313238,0.865277181,0.638385552,0.232581824,-0.235828139,-0.443721586,0.40704314,-0.657091914,0.262786608,-0.683880624,-0.324294871,-0.03943182,-0.349677127,-0.279603614,0.120910646,0.886595226,-0.410690912,-0.522596006,-0.443113491,0.524166293,-1.323569114,-0.193780062,-0.532585891,1.690218118,-0.537027835,1.594806439,-0.133396672,0.302108734,-0.081560499,-0.204414717,0.242751085,0.206098291,-0.543950281,1.039464531,2.180248884,0.467959057,-0.289866655,0.374170449,-0.461880582,0.17315361,0.153009334,0.281256083,-0.164796723,-0.219771539
hsa.mir.148a,-0.513420079,1.748708348,0.85384568,-0.684232873,-0.633568148,2.007902321,0.009113462,3.097498208,-0.058338908,-0.468045932,-0.609290447,3.432807093,-0.68803839,-0.212174607,-0.300709413,-0.638534151,0.387269444,-0.442143064,0.663023874,-0.592421058,-0.611957928,-0.627567668,-0.699772965,2.458322228,-0.047403051,0.837987978,-0.400789331,-0.44325487,1.225126069,-0.373212351,0.925098777,-0.364978671,-0.490645711,-0.445902709,-0.305112836,2.333433089,-0.451008477,-0.462983657,-0.335433094,-0.400688372,0.191415116,0.365131985,-0.173652615,1.165476423,0.302405601,-0.904017068,-0.31349286,-0.391164366,1.686753137,-0.205036389,-0.275818309,-0.103554732,-0.481388578,-0.42237871,1.055214343,-0.518119647,-0.477636773,-0.469066725,-0.334949863,-0.439964314,0.366542734,-0.439098704,-0.229176878,-0.452169242,-0.548710318,-0.560967456,-0.051986421,-0.728645134,-0.645344453,-0.689515937,-0.362160731,0.970683878,-0.484059909,-0.724761097,0.362771534,-0.368120113,1.720806399,0.112993961,-0.173457636,-0.572369039,-0.919304465,1.735982282,-0.616777179,-0.143638786,-0.969374333,-0.621797669,-0.941607797,0.350058959,-0.039224529,1.150557282,-0.698979587,-0.630384946,2.340592728,0.909445118,-0.368637581,-0.732465407,-0.722206104,-0.684225554,-0.513805438,2.221806147,-0.361525769,-0.610597917,-0.623138449,-0.704850037,-0.68788029,-0.281503128,-0.707513573,0.71313884,2.097079026,0.598451376,-0.487233977,-0.698153376,-0.405448869,1.269168335,-0.604981464,0.84928134,0.700197579,-1.209380753,1.214873582,3.369185289,0.767097925,2.162717504,0.341426941,-0.669065467,-0.296148242,2.58738451,-0.774002174,-0.458633573,0.353198013,3.358440934,-0.440778821,-0.204022774,-0.564378855,-0.535452766,-0.209333167,-0.520918655,-0.569044677,-0.019586821,0.1580416,0.311720141,-0.154273632,0.525389596,-0.505388845,-0.362160731,1.473943315,-0.180018858,-0.48193053,1.779823979,0.035945327,-0.689908755,-0.110556974,-0.442285533,-0.431314948,0.810515758,0.313740966,-0.588285826,5.166441394,-0.027203329,0.489290201,0.053057114,0.412995619,2.051108769,-0.627119453,-0.267307314,-0.451637992,-0.488484921,-0.338387511,-0.531577573,3.098342671,-0.670822363,-0.391407185,-0.712790513,0.192826798,-0.538671366,-0.678788789,0.201397015,0.783383858,-0.902159142,1.912819204,0.056977742,0.167346078,-0.779330323,-1.646492971,0.104585306,1.158783613,-1.242716926,1.394896324,-0.896841435,-1.285529075,-1.309741221,-0.242166282,-0.770302574,1.17851147,-0.805851077,-1.616817242,-0.606634985,-0.573928704,-0.045196121,-0.172713136,-0.390574124,-0.554768388,-0.92651782,3.76736788,-0.91385365,1.352309585,0.344339089,-0.070609674,-0.681681395,-0.559150248,0.268714184,2.638037414,1.062926048,-0.486262172,-0.839889992,-0.912018952,-0.163526751,0.892077353,-0.559089751,1.371251786,-0.635573381,-0.912492014,-0.014500573,0.455569392,-0.84793235,-0.379188499,-0.930367161,0.020411444,2.518253822,-0.762570588,-0.625430157,3.024878942,2.67829927,-0.560089665,-0.621878027,-0.898278197,-1.664945411,-1.422072766,-1.232554397,0.43540944,0.235256756,0.552535332,-0.482205545,-1.603052429,-0.798773838
hsa.mir.148a.1,0.0,0.0,0.0,0.0,0.0,0.0,0.0,0.0,0.0,0.0,0.0,0.0,0.0,0.0,0.0,0.0,0.0,0.0,0.0,0.0,0.0,0.0,0.0,0.0,0.0,0.0,0.0,0.0,0.0,0.0,0.0,0.0,0.0,0.0,0.0,0.0,0.0,0.0,0.0,0.0,0.0,0.0,0.0,0.0,0.0,0.0,0.0,0.0,0.0,0.0,0.0,0.0,0.0,0.0,0.0,0.0,0.0,0.0,0.0,0.0,0.0,0.0,0.0,0.0,0.0,0.0,0.0,0.0,0.0,0.0,0.0,0.0,0.0,0.0,0.0,0.0,0.0,0.0,0.0,0.0,0.0,0.0,0.0,0.0,0.0,0.0,0.0,0.0,0.0,0.0,0.0,0.0,0.0,0.0,0.0,0.0,0.0,0.0,0.0,0.0,0.0,0.0,0.0,0.0,0.0,0.0,0.0,0.0,0.0,0.0,0.0,0.0,0.0,0.0,0.0,0.0,0.0,0.0,0.0,0.0,0.0,0.0,0.0,0.0,0.0,0.0,0.0,0.0,0.0,0.0,0.0,0.0,0.0,0.0,0.0,0.0,0.0,0.0,0.0,0.0,0.0,0.0,0.0,0.0,0.0,0.0,0.0,0.0,0.0,0.0,0.0,0.0,0.0,0.0,0.0,0.0,0.0,0.0,0.0,0.0,0.0,0.0,0.0,0.0,0.0,0.0,0.0,0.0,0.0,0.0,0.0,0.0,0.0,0.0,0.0,0.0,0.0,0.0,0.0,0.0,0.0,0.0,0.0,0.0,0.0,0.0,0.0,0.0,0.0,0.0,0.0,0.0,0.0,0.0,0.0,0.0,0.0,0.0,0.0,0.0,0.0,0.0,0.0,0.0,0.0,0.0,0.0,0.0,0.0,0.0,0.0,0.0,0.0,0.0,0.0,0.0,0.0,0.0,0.0,0.0,0.0,0.0,0.0,0.0,0.0,0.0,0.0,0.0,0.0,0.0,0.0,0.0,0.0,0.0,0.0,0.0,0.0,0.0,0.0,0.0,0.0,0.0,0.0,0.0
hsa.mir.3653,0.777006359,1.335412834,-0.382600523,0.318502015,0.585346466,1.5443505,-0.789463554,1.174727629,-0.591728656,-0.659290311,0.004059835,0.050179137,0.013204468,-0.916951385,-0.410158232,-0.129974084,1.166970621,-0.658668089,0.333119728,-0.149225336,-0.217518139,-0.273454903,0.185758569,-0.131516421,-0.411028579,1.249258546,-1.213653415,0.047607873,0.242629405,-0.261687941,-0.340974648,-0.93019989,1.226766901,-0.117635974,-0.243405122,0.341652054,-1.040688042,-0.290126758,1.164636408,-0.328057083,-0.096405282,2.10535139,-0.804383368,0.630957587,1.215858443,-0.76645655,1.326557729,1.162286232,0.457153033,-0.48309859,1.858151631,5.140043359,-1.150005741,0.920931098,-0.87349113,1.940666595,1.571234386,-0.88309883,0.523042083,-1.280708895,-0.256901412,-0.971649178,0.229985376,-0.373740432,-0.468867294,0.124877925,-0.047148379,-0.856424764,-0.417735691,-0.531026665,-0.705129444,0.274932901,-0.372191919,0.197314475,-0.875971515,-0.496914619,0.151739624,-0.248405727,0.200294528,2.269969606,-0.573002814,-0.322655988,0.41111417,0.092488857,-0.016503989,0.094217795,-0.37149667,-0.205434612,-0.369376045,0.297044751,0.362811384,-0.496071358,-0.567226659,-0.001483603,0.002936601,-0.14014886,3.524881808,0.206019707,0.21991716,0.583902235,-0.076890594,-0.916951511,-0.497851868,-0.180787086,-0.762683842,-0.071032012,0.595128485,-0.139787289,1.890543708,-0.294774069,-0.214103292,-1.10600087,-0.283068944,-0.110243411,0.929216983,-0.259337871,-0.15100493,2.367359446,-0.507939378,0.517457991,0.519705191,-0.032905143,0.164600602,0.509867841,-0.318271061,-0.05100289,-0.437495134,-0.478717139,0.006453587,1.107666998,-0.255980196,-0.108745515,-0.379787367,-0.765175369,-0.57148952,-0.40168709,-0.621334867,-0.34258301,-0.074946645,-0.20467514,0.540955323,1.151216876,0.275076599,-0.068367306,-0.715040776,-0.316076659,-0.372900901,0.187967337,1.664474071,-0.293518074,-0.279996695,-0.44792124,0.031531261,-0.367751769,0.493924807,-0.283558532,-0.473438169,-0.226941772,-0.201805495,-0.025658848,0.168464365,3.106795177,-0.088437091,0.133732085,0.287444307,-0.434531297,0.688448755,-0.240118974,0.692722408,-0.218771086,-0.208778429,-0.38999818,-0.615449482,0.357036436,-0.138150019,-0.244191768,0.334776438,-0.61931869,0.09105455,-0.634773217,-0.026221883,-0.49867488,0.166298968,-0.056058396,0.897064012,0.215205879,-0.304416588,1.892458215,-0.680524421,-0.254754851,-0.514551042,0.242818382,0.738966659,0.102083487,0.614335987,-0.358156184,0.049661606,0.07817011,-0.139857716,-0.538505569,-0.042867013,-0.735227659,-0.036453753,-0.29298793,1.511014659,-0.634743715,-0.391159,-0.019224425,-0.83667095,0.080804019,3.214849285,1.699987571,-0.55229912,0.30121311,-0.836914264,-0.702566965,0.821919893,0.873169267,0.084292458,0.423207466,0.642974144,-0.242420297,-0.35843044,-0.250819999,0.639252024,-0.229746435,0.422595811,-1.022891452,0.628535844,-0.695568299,-0.131041618,-0.060161421,0.346166293,-0.894882535,1.096041006,-0.328800494,-0.503247245,-0.34965294,-0.298901278,-0.718070793,-0.211382253,0.069441726,0.208442424,-0.268704274
hsa.mir.301b,-0.161975368,0.12924786,0.185106388,-0.091925802,-0.282952824,-0.138938676,-1.062064308,2.063286897,-0.844927214,-1.282007572,-0.116156785,0.55337209,0.569818796,-0.367947665,0.181966546,-0.232318866,0.276657939,-0.494873258,1.587783517,0.141712807,-1.593586584,-0.092084744,-0.42549439,-1.599439945,0.738859949,0.4204898,-0.448156865,-0.493292738,-0.267954405,0.96874088,0.241267688,-0.902211403,0.120687681,0.202234497,-0.795398395,0.306950237,-0.369986158,0.576920244,1.67668589,-0.632226428,-0.380024487,0.125084964,-0.31152829,1.533464011,-0.173514718,0.702484537,0.070047083,-0.517676143,-0.462413465,-0.359450755,-1.406391314,-0.546661682,-0.147726864,-0.250088251,1.597333652,1.645522345,-0.682449227,-0.576213892,-0.830001587,0.328243396,-1.195779826,1.349722353,0.104115424,-0.581422209,-0.366657524,-0.460303931,0.581219247,-0.072067287,0.154170142,-0.535541437,-1.841766882,4.819718616,0.329492264,0.513043159,0.142303631,0.701243481,0.939958762,-0.641414015,0.179690936,-1.96750672,-0.67611576,-0.164037907,-0.127648819,-0.378527102,-0.280347637,1.181097888,-1.761661344,-0.469158205,-0.371036472,0.971016102,-0.593174865,-0.334270612,-0.675262302,1.174468826,0.454653908,1.127421554,-0.335038342,-1.325692033,1.803347171,0.736674382,0.409255287,0.174935417,-0.527458441,-0.529961888,-0.64547564,0.10184293,1.355421183,0.598861837,0.347236779,0.766261595,0.318602354,-0.495524911,-0.095571459,0.056470156,0.518850434,-0.613440018,-0.167754608,-0.107527117,-0.816569561,-0.359806059,0.574445401,-0.393717885,-0.246290986,0.783740798,-0.179186679,0.616985822,-0.535239942,-0.322912971,-0.263998752,0.037527667,-0.620456633,0.334490221,-1.704543887,0.389956078,1.039404257,-0.80699462,-0.791768165,-0.024663392,-0.643026879,-0.493693303,-1.380145947,0.773651168,-0.635537011,0.367095325,-1.413051019,0.420447311,0.591124723,3.12348762,1.988772242,-0.051257696,0.076144054,-0.564746523,1.082749429,0.889055567,1.526606608,1.228633982,1.509921777,-0.42711943,-0.141768213,-0.11846883,0.528701422,2.113699795,-1.064795228,0.115341853,-0.20874896,-0.867961727,-0.358792634,-0.230379661,2.741965131,1.174973326,1.255213545,0.369517345,-0.049544951,-0.045182525,-0.123018606,-0.192656578,3.724688792,0.655506983,-0.057852429,0.096219087,0.406019332,-0.191611727,-1.057219802,2.40629138,-1.628545802,2.43218221,0.832441777,-1.062221854,-0.050986884,-0.848843804,0.537688139,-0.167464549,0.997198032,1.580294105,-0.898440585,-0.594010269,-0.756477406,-0.063238325,-0.925860813,0.558470475,0.105067948,0.603922105,1.625855622,-0.845726156,0.012557809,-0.216447929,-0.02090175,0.379222095,-1.318598773,0.182125711,2.439469628,0.668569029,-0.224864441,1.214544254,-0.906177582,-0.850832981,0.674937329,0.213376596,-0.414319713,-0.701919264,-0.211057751,-0.590000049,-0.092374975,-0.200124061,0.044957898,-1.681278522,0.238465827,-0.664656174,0.939775709,0.789650354,-0.880351987,-0.447754221,0.758858265,-0.680092716,-0.216752237,-1.23478859,-0.484888678,1.429981155,0.840466548,0.025899963,-0.379923424,-0.797676543,-2.005685875,-0.799794935
hsa.mir.105a,0.460167758,-0.040098037,-0.232763898,-0.62002135,1.280814006,0.352895649,-0.319597288,0.150011993,-0.365986957,-1.308623978,-0.462678136,-0.76228422,0.144151009,0.47121443,-0.455723235,0.088753289,-0.14092178,0.079427271,0.581145232,0.395520502,-1.345355055,0.564008555,1.005037293,0.216104439,0.349150022,-0.64740297,1.375044275,0.001659331,0.235385322,0.823442043,-0.205237409,-0.360389198,-0.252284166,1.740783882,0.740670377,-0.13736972,-0.013489427,-1.078013435,-0.610731629,-0.149486656,-0.131988382,-0.765858535,-0.136025381,0.638140173,0.508164274,1.275302539,-0.380725889,-1.554775945,-1.319307521,0.231664608,-0.242882223,-0.51478224,-1.036526375,-0.167582352,0.697002206,-1.541894597,-3.013464971,0.071805294,0.597886874,-0.610792502,-0.496313949,-1.224553904,-1.612763192,-1.157193732,-0.681643037,0.4598318,-0.399307089,-1.043804713,-0.004146271,-0.166345107,-2.384913496,-1.916927246,-0.292761822,0.55429558,-0.495552846,0.41277179,0.663845357,-0.646421584,-0.962474904,-1.441524447,-0.859080604,-0.629968508,-0.427805713,-0.892546695,-1.068189445,0.996943018,-0.122202069,-0.253936044,-1.050770842,-0.939482053,0.166285356,-0.339104088,-0.881266195,1.026491824,0.508349774,0.216042316,-0.96520347,-1.219254294,0.629639,1.47751525,0.647013929,0.76859226,0.065717676,-0.371007043,-1.460976938,0.294443451,0.094816856,1.036148895,0.935264907,0.444219169,0.175027154,-2.508118927,-0.443485434,-0.001272757,-0.426321918,0.002885897,-1.760600272,-0.33606719,-0.72456421,1.296698551,2.794098362,1.445074652,-0.324933568,1.976879994,0.206032313,-0.389494155,0.547987192,-0.101852366,0.097543258,-0.206310721,0.134483476,-1.357965581,0.657191108,1.858820933,0.467527826,-0.694015197,-0.211637255,-0.326860265,0.344951449,-0.52606782,-1.240960559,-0.329884753,-0.383722731,1.419824481,-0.384052157,-0.554095265,-0.992401205,-1.176475127,-0.4314803,-0.043168645,0.43231425,-0.294263931,3.740933483,-0.173190481,0.633369893,2.495607218,-1.35568265,1.762463854,0.111938805,-0.68216504,1.416350215,0.666674336,-0.353955869,1.680625025,1.5256514,-0.506630778,-0.200649791,-0.352162494,1.608487079,0.537040704,2.508119026,-0.211808471,-0.675748551,0.121859338,-0.228482155,1.465256975,3.788403235,0.050057572,0.203887012,0.225222674,0.78316531,-0.319117052,-0.933923698,1.531402976,-0.037195484,0.799433301,0.973028306,0.143679445,-0.702402397,1.023963218,0.559323151,2.108520919,-0.287433082,2.281875436,0.381551853,0.162900509,-2.049425737,-0.699676131,-0.697317902,0.303809365,0.994440936,-0.365144341,-0.25426173,0.35515697,0.447924939,0.578563416,0.290094613,0.96323761,-0.201297025,2.266778387,2.50357985,-0.31647388,-1.677229111,0.407825776,-0.156094898,-0.888377543,0.498657226,2.50695658,-0.423447697,-0.453186674,-0.08225813,-0.365227543,-0.293417098,-1.850923075,1.392426169,-0.986431089,-0.288209053,0.090425231,0.127629878,0.035864725,-0.752762494,0.529849265,-0.506980319,-0.738517133,-1.168670148,-0.975195789,-1.455289138,-0.966135489,0.330674889,1.435735791,-1.023642851,-0.81012308,-1.129311959,0.082610232
hsa.mir.1.2,-0.397892746,1.760737203,-0.252517576,0.127282502,-0.439736772,-0.103185607,-0.259862544,-0.223519042,-0.617945842,0.024655349,-0.17253656,0.708686221,0.693540875,-0.642261516,-0.071209121,-0.418327008,-0.489071893,0.057734856,-0.389049847,-0.011886497,-0.238741971,-0.654996629,0.205499412,1.31615973,-0.712524422,2.236844665,0.679237091,0.437056074,1.892470177,-0.688583986,0.228189972,0.426627,0.135585832,-0.915410371,1.746247009,-1.092988383,-0.724618416,-0.176951203,0.55246843,-1.094068513,0.528367511,0.070851867,-0.926363917,-0.322588784,1.139956622,-1.036139388,0.022704275,0.694825184,0.163531729,0.567545511,0.248321038,0.525990998,0.068469589,-0.996324998,-0.574249984,0.522024013,-0.304007543,1.07904953,0.598369461,-0.636147353,-0.461774852,-0.442227372,0.327969602,-0.205746832,-0.111416252,-0.537553742,0.443837213,-0.224024233,-0.140740284,-0.351523657,-0.034773834,0.013046063,-0.548004587,-0.004916487,-0.403926836,0.028311204,-0.482543078,0.214906672,-0.512813062,7.762355482,-0.139883556,0.25117879,-0.071731382,-0.370326509,-0.499819834,0.284162232,-0.439023625,0.0507684,-0.270829704,-0.085276589,0.017135935,-0.370491063,-0.302519141,-0.100062185,-0.093176362,-0.266030658,1.173637582,-0.205999043,-0.378397734,0.26494989,-0.335649829,-0.230391951,-0.736282115,0.421639545,0.1448562,1.138653383,-0.229174451,0.256212627,1.030507056,-0.493714387,-0.557234659,-0.30232978,-0.963024271,0.062519098,0.111737782,-0.505924693,-0.05672707,2.90325522,-1.086604701,-0.752836406,0.122005744,-0.203857629,-0.120534252,0.062128777,-0.006800696,0.168005696,-0.504223647,-0.435223797,-0.272412633,-0.189371535,-0.307767649,-0.426367214,0.786045424,-0.255685589,-0.813211848,-0.490602844,-0.739516994,-0.328220058,0.527306619,-0.677156995,-0.287224282,-0.153536246,0.101103117,-0.645369002,-0.020013562,0.315949175,-0.663887057,0.605235122,0.86164602,0.843236441,-0.136574775,-0.253056795,-0.349758068,-0.914275828,8.469816031,0.067213319,-0.263302384,-0.248398196,0.181043081,0.259062711,0.589639516,5.038467161,0.511519371,0.174370027,0.064641792,-0.255204141,-0.445011291,-0.400647744,0.14944049,0.828515514,1.141710864,-0.405120116,-0.103358304,1.528634396,-0.394874736,0.937605456,-0.190843889,-0.464518517,-0.135361557,-0.133551685,-0.526596251,0.122871749,0.982776061,-0.399440179,4.343733247,0.139920374,-0.195777855,-0.44770474,-0.711708941,0.30049582,-0.37112811,0.360599646,0.359108011,-0.517293395,0.807310935,-0.094037819,-0.066071635,-0.330657155,-0.370615014,0.005426064,-0.578056164,-0.338391269,-0.582225522,-0.415279336,1.2218213,-0.016387523,-0.848440381,0.552385334,-0.654150479,0.393481789,0.523209626,0.362563732,-0.692339489,0.537835929,-0.470182615,-0.822084885,0.363926253,0.394097051,-0.476037824,-0.588844527,1.026016523,0.115703577,-0.009424565,-0.450101793,0.952260862,-0.5554045,-0.592917692,-0.205894806,0.220385173,-0.435547728,4.205708726,-0.479677043,-0.121035008,-0.894006666,-0.329523045,-0.36412883,-0.979312066,1.154439316,0.809855501,-0.546940379,-0.964942283,2.758846863,2.425468357,-0.880383974
hsa.mir.24.1,0.77781422,0.699055255,0.087565837,-0.410186597,-0.015424729,-0.372508159,0.575898286,-0.197263222,-0.180246622,1.330184538,0.093780624,-0.588909179,-0.423291048,-0.682333563,0.073201361,-0.105607987,-0.583108865,-0.426482183,1.085368624,-0.558376728,0.010546041,-0.091837067,0.145597373,0.435080183,-0.33505492,-0.239046449,0.234049914,-0.144824513,0.024110603,-0.327038089,0.67575411,0.235342068,-0.366992559,0.537712809,-0.193781249,0.292530829,-0.352273295,-0.235449053,-0.236069335,0.504827203,-0.132768724,-0.202633062,1.499487594,-0.488917871,-0.659031375,-0.44685086,-0.173884607,0.259304807,-0.075481288,0.45781231,-0.026974849,-0.264513258,-0.321954953,-0.061288401,0.715847546,-0.27552034,-0.307507306,-0.232374223,-0.289489099,-0.254299171,0.976880119,0.307180226,-0.734862603,-0.475988941,-0.599206164,-1.141197174,-0.257607073,-1.06764225,0.345483086,-1.313052737,1.429660304,-0.121492288,-0.687780962,-0.354977143,-0.394842499,-0.578191151,-1.082159533,0.949479418,0.641100494,-0.062052174,0.257130153,0.459097543,0.13578954,0.244558639,-0.152135743,-0.581482321,4.461262997,0.110239649,0.331272252,0.198194467,-0.258953881,0.142952027,0.44250476,-0.593531913,-0.475701569,-0.200483741,-1.525598885,-0.116445426,-1.127059661,-0.794868463,-0.027905927,-1.196877419,0.284623065,0.131040842,-0.516900908,0.530437696,-1.425148269,0.514595092,0.489441075,-0.648542037,-1.012414334,-1.035047956,-0.200188497,-0.21855756,0.033462444,0.614266245,0.036324667,-1.610665582,0.025656081,0.464241806,-0.244413172,-1.368779635,-0.994299282,-0.547705991,0.4299029,-1.762834275,0.895081535,-0.108557519,0.44107043,1.098571226,0.309252833,1.144042495,5.990839204,0.519921471,-0.768797544,-1.417265982,0.031207902,-0.210287559,0.568777058,-0.250543888,1.152831434,0.685861196,-0.154910059,-0.921745018,1.81963011,-0.046986716,-0.383593937,0.635706771,0.434912286,0.134911722,0.352669718,-0.289232969,0.198432761,-0.359245747,0.565276383,0.247343183,0.143676017,0.75846437,0.165728129,-0.569031097,0.402434429,-0.785390777,0.147824617,-1.409512923,-1.380176554,-0.120751035,0.036498809,0.211719359,-0.848528412,-0.122860947,-0.8231582,-0.178191011,-0.088626948,1.099487635,0.262229909,2.069967736,0.218268533,-0.803032082,0.238787661,0.098515987,-0.465602037,0.090512532,-0.264117483,0.969318218,0.75836642,-1.278973572,0.05727537,-0.724826121,0.031017492,0.933638047,0.785108879,-0.892354778,0.612130189,-1.301076509,-1.002287505,-0.426052133,-0.600305994,0.118738774,0.824730514,-0.557562385,-0.571231956,-0.947924952,-1.206259677,-0.918910936,-1.352321547,0.563747338,-0.006444701,-0.069730292,1.358273487,-1.479528879,-0.145056321,-0.180238764,0.991316789,-0.260956854,-0.720079875,-0.194191679,0.327887107,0.084945638,0.122825618,-1.171288622,-0.335193255,0.799978063,-0.172969648,-0.85170159,1.057881627,0.152441933,-0.162231508,0.300799979,-1.63710829,-0.755828646,0.830503308,-0.079035905,-0.129701916,-0.10600376,-1.13586935,-1.099492896,0.394138599,0.63889386,-0.511547274,-0.18808273,0.580278745,1.454447963,-0.057321587,0.915847796
hsa.mir.176,0.0,0.0,0.0,0.0,0.0,0.0,0.0,0.0,0.0,0.0,0.0,0.0,0.0,0.0,0.0,0.0,0.0,0.0,0.0,0.0,0.0,0.0,0.0,0.0,0.0,0.0,0.0,0.0,0.0,0.0,0.0,0.0,0.0,0.0,0.0,0.0,0.0,0.0,0.0,0.0,0.0,0.0,0.0,0.0,0.0,0.0,0.0,0.0,0.0,0.0,0.0,0.0,0.0,0.0,0.0,0.0,0.0,0.0,0.0,0.0,0.0,0.0,0.0,0.0,0.0,0.0,0.0,0.0,0.0,0.0,0.0,0.0,0.0,0.0,0.0,0.0,0.0,0.0,0.0,0.0,0.0,0.0,0.0,0.0,0.0,0.0,0.0,0.0,0.0,0.0,0.0,0.0,0.0,0.0,0.0,0.0,0.0,0.0,0.0,0.0,0.0,0.0,0.0,0.0,0.0,0.0,0.0,0.0,0.0,0.0,0.0,0.0,0.0,0.0,0.0,0.0,0.0,0.0,0.0,0.0,0.0,0.0,0.0,0.0,0.0,0.0,0.0,0.0,0.0,0.0,0.0,0.0,0.0,0.0,0.0,0.0,0.0,0.0,0.0,0.0,0.0,0.0,0.0,0.0,0.0,0.0,0.0,0.0,0.0,0.0,0.0,0.0,0.0,0.0,0.0,0.0,0.0,0.0,0.0,0.0,0.0,0.0,0.0,0.0,0.0,0.0,0.0,0.0,0.0,0.0,0.0,0.0,0.0,0.0,0.0,0.0,0.0,0.0,0.0,0.0,0.0,0.0,0.0,0.0,0.0,0.0,0.0,0.0,0.0,0.0,0.0,0.0,0.0,0.0,0.0,0.0,0.0,0.0,0.0,0.0,0.0,0.0,0.0,0.0,0.0,0.0,0.0,0.0,0.0,0.0,0.0,0.0,0.0,0.0,0.0,0.0,0.0,0.0,0.0,0.0,0.0,0.0,0.0,0.0,0.0,0.0,0.0,0.0,0.0,0.0,0.0,0.0,0.0,0.0,0.0,0.0,0.0,0.0,0.0,0.0,0.0,0.0,0.0,0.0
hsa.mir.124a,0.0,0.0,0.0,0.0,0.0,0.0,0.0,0.0,0.0,0.0,0.0,0.0,0.0,0.0,0.0,0.0,0.0,0.0,0.0,0.0,0.0,0.0,0.0,0.0,0.0,0.0,0.0,0.0,0.0,0.0,0.0,0.0,0.0,0.0,0.0,0.0,0.0,0.0,0.0,0.0,0.0,0.0,0.0,0.0,0.0,0.0,0.0,0.0,0.0,0.0,0.0,0.0,0.0,0.0,0.0,0.0,0.0,0.0,0.0,0.0,0.0,0.0,0.0,0.0,0.0,0.0,0.0,0.0,0.0,0.0,0.0,0.0,0.0,0.0,0.0,0.0,0.0,0.0,0.0,0.0,0.0,0.0,0.0,0.0,0.0,0.0,0.0,0.0,0.0,0.0,0.0,0.0,0.0,0.0,0.0,0.0,0.0,0.0,0.0,0.0,0.0,0.0,0.0,0.0,0.0,0.0,0.0,0.0,0.0,0.0,0.0,0.0,0.0,0.0,0.0,0.0,0.0,0.0,0.0,0.0,0.0,0.0,0.0,0.0,0.0,0.0,0.0,0.0,0.0,0.0,0.0,0.0,0.0,0.0,0.0,0.0,0.0,0.0,0.0,0.0,0.0,0.0,0.0,0.0,0.0,0.0,0.0,0.0,0.0,0.0,0.0,0.0,0.0,0.0,0.0,0.0,0.0,0.0,0.0,0.0,0.0,0.0,0.0,0.0,0.0,0.0,0.0,0.0,0.0,0.0,0.0,0.0,0.0,0.0,0.0,0.0,0.0,0.0,0.0,0.0,0.0,0.0,0.0,0.0,0.0,0.0,0.0,0.0,0.0,0.0,0.0,0.0,0.0,0.0,0.0,0.0,0.0,0.0,0.0,0.0,0.0,0.0,0.0,0.0,0.0,0.0,0.0,0.0,0.0,0.0,0.0,0.0,0.0,0.0,0.0,0.0,0.0,0.0,0.0,0.0,0.0,0.0,0.0,0.0,0.0,0.0,0.0,0.0,0.0,0.0,0.0,0.0,0.0,0.0,0.0,0.0,0.0,0.0,0.0,0.0,0.0,0.0,0.0,0.0
hsa.mir.284,0.0,0.0,0.0,0.0,0.0,0.0,0.0,0.0,0.0,0.0,0.0,0.0,0.0,0.0,0.0,0.0,0.0,0.0,0.0,0.0,0.0,0.0,0.0,0.0,0.0,0.0,0.0,0.0,0.0,0.0,0.0,0.0,0.0,0.0,0.0,0.0,0.0,0.0,0.0,0.0,0.0,0.0,0.0,0.0,0.0,0.0,0.0,0.0,0.0,0.0,0.0,0.0,0.0,0.0,0.0,0.0,0.0,0.0,0.0,0.0,0.0,0.0,0.0,0.0,0.0,0.0,0.0,0.0,0.0,0.0,0.0,0.0,0.0,0.0,0.0,0.0,0.0,0.0,0.0,0.0,0.0,0.0,0.0,0.0,0.0,0.0,0.0,0.0,0.0,0.0,0.0,0.0,0.0,0.0,0.0,0.0,0.0,0.0,0.0,0.0,0.0,0.0,0.0,0.0,0.0,0.0,0.0,0.0,0.0,0.0,0.0,0.0,0.0,0.0,0.0,0.0,0.0,0.0,0.0,0.0,0.0,0.0,0.0,0.0,0.0,0.0,0.0,0.0,0.0,0.0,0.0,0.0,0.0,0.0,0.0,0.0,0.0,0.0,0.0,0.0,0.0,0.0,0.0,0.0,0.0,0.0,0.0,0.0,0.0,0.0,0.0,0.0,0.0,0.0,0.0,0.0,0.0,0.0,0.0,0.0,0.0,0.0,0.0,0.0,0.0,0.0,0.0,0.0,0.0,0.0,0.0,0.0,0.0,0.0,0.0,0.0,0.0,0.0,0.0,0.0,0.0,0.0,0.0,0.0,0.0,0.0,0.0,0.0,0.0,0.0,0.0,0.0,0.0,0.0,0.0,0.0,0.0,0.0,0.0,0.0,0.0,0.0,0.0,0.0,0.0,0.0,0.0,0.0,0.0,0.0,0.0,0.0,0.0,0.0,0.0,0.0,0.0,0.0,0.0,0.0,0.0,0.0,0.0,0.0,0.0,0.0,0.0,0.0,0.0,0.0,0.0,0.0,0.0,0.0,0.0,0.0,0.0,0.0,0.0,0.0,0.0,0.0,0.0,0.0
hsa.mir.34a,-1.497402194,1.358869672,-0.244474339,1.566668859,-0.01263165,0.646228209,-0.319634236,0.336205657,-0.304744956,-0.683794587,-0.196557723,1.343696692,0.570715091,0.581779412,0.321536041,0.078877681,0.997262945,-0.322162455,-0.478242994,-0.291272454,-1.014117669,-0.461698655,-0.794495498,-0.729012493,-0.183854227,0.99223737,0.178693461,2.311683162,-0.209401015,0.125868291,-0.661100631,-0.643854835,0.156808129,-0.835130091,0.076587427,0.356615536,-0.47834716,0.738785753,0.327460401,-1.092997476,-0.096767106,0.349878853,-0.365030529,0.235328606,-0.388012946,0.117245615,-0.32276427,-0.048772865,-0.172682637,-0.143162006,-1.404687469,-1.565312134,-0.708049716,-0.861546999,0.905982789,-0.866178053,-0.655018579,-0.348538265,0.584421487,-0.157074117,-0.24631599,0.306330551,-0.053096164,-1.186145561,0.04128974,0.472891628,0.693878593,-0.778933173,-1.246388018,-0.284050213,-0.577796742,-0.160546513,-0.409795938,0.004841769,-0.337700634,0.04936027,0.362430795,-0.290457844,-0.186083138,-0.031512624,-0.581574848,-0.453354069,-0.849026633,0.203945966,-0.096751931,0.466364486,1.123795638,-0.149230153,-1.28698909,-0.117986802,1.350393644,-1.042269712,-0.568773345,0.987677697,-0.518388173,-0.178459406,-1.191737558,-0.398689827,0.002675269,2.428249512,-0.070326565,0.074796984,-0.206413104,-0.294149724,-0.01826755,0.297886116,-0.08880887,0.383211499,0.348554948,-0.327453452,0.202386255,0.041529161,-0.840481881,-1.391370782,0.413788691,-0.703680227,-1.00533077,0.418376601,0.093920656,-1.427198969,0.588770731,0.440259983,0.765393266,2.125092299,0.340374513,0.46749344,-0.324391467,-0.15799598,-0.600990403,0.043917843,-0.350888069,-0.163434771,2.217815258,0.213739109,-0.214129823,-0.233989254,-0.372868586,-0.540375924,-0.022643159,-0.069185088,-0.295010654,0.287638693,-0.344682381,0.150140703,-0.592019121,-0.49817157,0.359044951,0.313201983,0.727484271,-0.052076879,-0.300270519,-0.527777027,0.765792144,0.379553443,1.81843035,0.02403585,-0.123214905,-0.238830075,0.393345493,-0.16900088,0.157127554,4.007924657,0.132536931,-0.261365087,0.931829515,-0.130319355,0.761030062,-0.205385118,2.470347923,0.339066391,0.264274514,-0.192100514,0.028040135,0.65854802,-0.52608739,0.481648006,1.206639222,-0.160766441,0.708817059,0.0652936,1.16212325,0.366323904,0.961543421,0.303775342,1.630529225,0.080211286,1.204766275,0.870775482,-1.061067294,-0.990816705,0.322053417,0.352485963,-0.094028851,1.97105468,0.953595971,0.027864857,0.351913634,0.496854969,-0.582098407,-0.062871276,-0.454185632,0.161800808,1.482378718,-0.454760079,1.741806444,-0.308450426,-0.28283645,-0.529085986,-0.508406678,1.765475985,0.551411554,0.861564115,-0.428628631,0.937107045,0.015947126,-0.379908422,0.511465551,0.880167848,-0.184071638,0.349993451,-0.846876646,-0.40275921,-0.152850235,0.018674067,0.149385879,-0.252609568,-0.440455212,0.496346091,0.899274934,-0.083843451,-0.477742063,0.038339318,0.467714627,-0.268449567,0.11788887,-0.91095377,0.270370477,-1.594088193,0.418021143,0.157947285,-1.350468654,-1.267411268,-1.467264196,-2.37627825
hsa.mir.160a,0.0,0.0,0.0,0.0,0.0,0.0,0.0,0.0,0.0,0.0,0.0,0.0,0.0,0.0,0.0,0.0,0.0,0.0,0.0,0.0,0.0,0.0,0.0,0.0,0.0,0.0,0.0,0.0,0.0,0.0,0.0,0.0,0.0,0.0,0.0,0.0,0.0,0.0,0.0,0.0,0.0,0.0,0.0,0.0,0.0,0.0,0.0,0.0,0.0,0.0,0.0,0.0,0.0,0.0,0.0,0.0,0.0,0.0,0.0,0.0,0.0,0.0,0.0,0.0,0.0,0.0,0.0,0.0,0.0,0.0,0.0,0.0,0.0,0.0,0.0,0.0,0.0,0.0,0.0,0.0,0.0,0.0,0.0,0.0,0.0,0.0,0.0,0.0,0.0,0.0,0.0,0.0,0.0,0.0,0.0,0.0,0.0,0.0,0.0,0.0,0.0,0.0,0.0,0.0,0.0,0.0,0.0,0.0,0.0,0.0,0.0,0.0,0.0,0.0,0.0,0.0,0.0,0.0,0.0,0.0,0.0,0.0,0.0,0.0,0.0,0.0,0.0,0.0,0.0,0.0,0.0,0.0,0.0,0.0,0.0,0.0,0.0,0.0,0.0,0.0,0.0,0.0,0.0,0.0,0.0,0.0,0.0,0.0,0.0,0.0,0.0,0.0,0.0,0.0,0.0,0.0,0.0,0.0,0.0,0.0,0.0,0.0,0.0,0.0,0.0,0.0,0.0,0.0,0.0,0.0,0.0,0.0,0.0,0.0,0.0,0.0,0.0,0.0,0.0,0.0,0.0,0.0,0.0,0.0,0.0,0.0,0.0,0.0,0.0,0.0,0.0,0.0,0.0,0.0,0.0,0.0,0.0,0.0,0.0,0.0,0.0,0.0,0.0,0.0,0.0,0.0,0.0,0.0,0.0,0.0,0.0,0.0,0.0,0.0,0.0,0.0,0.0,0.0,0.0,0.0,0.0,0.0,0.0,0.0,0.0,0.0,0.0,0.0,0.0,0.0,0.0,0.0,0.0,0.0,0.0,0.0,0.0,0.0,0.0,0.0,0.0,0.0,0.0,0.0
hsa.mir.226,0.0,0.0,0.0,0.0,0.0,0.0,0.0,0.0,0.0,0.0,0.0,0.0,0.0,0.0,0.0,0.0,0.0,0.0,0.0,0.0,0.0,0.0,0.0,0.0,0.0,0.0,0.0,0.0,0.0,0.0,0.0,0.0,0.0,0.0,0.0,0.0,0.0,0.0,0.0,0.0,0.0,0.0,0.0,0.0,0.0,0.0,0.0,0.0,0.0,0.0,0.0,0.0,0.0,0.0,0.0,0.0,0.0,0.0,0.0,0.0,0.0,0.0,0.0,0.0,0.0,0.0,0.0,0.0,0.0,0.0,0.0,0.0,0.0,0.0,0.0,0.0,0.0,0.0,0.0,0.0,0.0,0.0,0.0,0.0,0.0,0.0,0.0,0.0,0.0,0.0,0.0,0.0,0.0,0.0,0.0,0.0,0.0,0.0,0.0,0.0,0.0,0.0,0.0,0.0,0.0,0.0,0.0,0.0,0.0,0.0,0.0,0.0,0.0,0.0,0.0,0.0,0.0,0.0,0.0,0.0,0.0,0.0,0.0,0.0,0.0,0.0,0.0,0.0,0.0,0.0,0.0,0.0,0.0,0.0,0.0,0.0,0.0,0.0,0.0,0.0,0.0,0.0,0.0,0.0,0.0,0.0,0.0,0.0,0.0,0.0,0.0,0.0,0.0,0.0,0.0,0.0,0.0,0.0,0.0,0.0,0.0,0.0,0.0,0.0,0.0,0.0,0.0,0.0,0.0,0.0,0.0,0.0,0.0,0.0,0.0,0.0,0.0,0.0,0.0,0.0,0.0,0.0,0.0,0.0,0.0,0.0,0.0,0.0,0.0,0.0,0.0,0.0,0.0,0.0,0.0,0.0,0.0,0.0,0.0,0.0,0.0,0.0,0.0,0.0,0.0,0.0,0.0,0.0,0.0,0.0,0.0,0.0,0.0,0.0,0.0,0.0,0.0,0.0,0.0,0.0,0.0,0.0,0.0,0.0,0.0,0.0,0.0,0.0,0.0,0.0,0.0,0.0,0.0,0.0,0.0,0.0,0.0,0.0,0.0,0.0,0.0,0.0,0.0,0.0
hsa.mir.26a.1,-0.554689362,-0.70930702,-0.602087113,-0.640201027,0.157529745,-0.143495089,-0.171838074,0.17304995,-0.30369954,-0.223145574,-0.135708138,0.605831931,0.308610612,-0.230514181,-0.2244765,-0.154648921,0.163876698,0.318917002,-0.156397068,-0.330174055,-0.279756478,-0.157703392,-0.131388943,0.390706339,-0.798600958,0.918182999,-0.36641098,-0.489931851,0.785441145,0.206896357,-0.153161502,-0.435053829,-0.029468179,-0.029989515,0.014645322,-0.747467367,-0.25698436,-0.184488527,-0.16501396,-0.035487857,0.304006223,0.01839296,0.356189707,-0.320309256,0.33016997,-0.53224086,1.740984344,0.86464314,0.034926786,-0.278102421,-0.114822172,4.668643367,-0.372548989,0.406949314,-0.517672992,1.488693522,1.822336689,-0.269567357,0.585218699,-0.560225098,-0.193314334,-0.43344695,-0.290584424,-0.669961684,-0.658106713,-0.499569642,-0.625332989,0.239362843,0.327856691,-0.220329266,-0.553833125,-0.180528948,-0.701944527,-0.035219887,-0.272620851,0.16390922,0.661310877,-0.046163251,-0.602706243,1.607113637,0.495836854,0.346504947,-0.022847594,-0.498042695,-0.05424803,0.050492553,0.188013399,-0.104076657,-0.70904382,0.406618015,-0.164783723,0.033921294,-0.369072844,0.488015353,-0.568729745,0.355755883,1.67249564,-0.020273909,-0.691771241,0.194647696,0.015278638,-0.218698863,-0.582790644,0.006749564,0.053530207,-0.239021447,-0.183411503,0.341531554,0.287172231,-0.204699323,-0.680312666,-0.809017273,-0.164119414,-0.271412648,-0.896436141,-0.46551393,-0.328537228,3.452263528,-1.029631616,-0.849298908,0.083580907,-0.365137274,-0.445505822,0.143867426,-0.613633123,-0.398615406,0.0266563,-0.121004756,-0.139515673,-0.503480011,-0.082749472,-0.701804445,1.280236996,-0.434371613,-0.500990385,-0.592155796,-0.135935954,-0.423915533,-0.426309059,-0.268952546,-0.462846218,0.180257982,-0.444146844,-0.104807874,0.583612453,-0.574979316,-0.275139805,0.034687274,-0.265827656,-0.013954619,-0.085384324,-0.346808898,0.041385933,-0.434300652,-0.07722514,0.089858597,-0.060626308,0.866009377,0.418326259,-0.438336713,-0.024238987,0.650108671,-0.291475803,0.591439,-0.368721323,-0.261699481,-0.189458165,-0.190295316,-0.281807562,0.082446809,-0.108146077,-0.088040695,-0.225535956,-0.340176175,0.343272159,1.263240629,-0.443446987,0.078192828,-0.231538546,-0.292665134,1.081779808,0.165995135,-0.037549469,-0.643315756,-0.73499342,-0.281553789,-0.088164676,-0.484768986,-0.785897084,-0.280556403,-0.998467147,0.04671827,-0.043208081,-0.288974982,0.345368517,0.381050557,-0.080595825,-0.209059599,-0.048631905,-0.404262151,-0.456869302,-0.472376641,-0.716770158,-0.169202111,-0.659800078,0.140759664,-0.587745949,-0.562196809,-0.185626181,0.510706439,0.97516862,-0.133266813,-0.542224904,-0.025050683,-0.043375159,-0.802715268,0.393880241,0.267199389,-0.816343326,0.112564033,1.089678818,-0.062817124,0.274578909,-0.448260466,0.541792856,-0.394298238,0.014565402,-0.143989317,-0.395398374,-0.264325864,-0.273192504,-0.504883157,0.365884712,-0.427043426,-0.730992839,-0.620461776,-0.560617084,-0.45046474,0.193998697,0.077337195,0.598188235,1.699728671,-0.207922402,-0.594089576
hsa.mir.299,0.29915032,1.014547678,-0.196287932,0.160285623,0.259467503,-0.107891434,-0.202621502,0.213784081,-0.517252784,-0.27268912,-0.046654818,0.34943591,0.35658762,-0.449833448,-0.045455538,-0.071926674,0.091373215,0.051682092,0.07563514,0.111344339,0.144210768,-0.326604339,-0.372752,-0.433745303,-0.548528012,0.038370386,0.441153263,-0.236126354,-0.201868493,-0.445805323,-0.15282325,0.022296347,0.65201899,-0.486229747,0.545480114,-0.387795852,-0.875932218,-0.263692153,-0.083688185,0.136658345,0.001120513,0.467244444,-0.646467171,-0.654987353,1.448845586,-0.323494294,-0.021722805,-0.270198732,-0.162893597,-0.259640748,0.979198516,0.088529881,-0.083884827,0.273660295,-0.121832771,0.334344401,0.183196024,-0.152050112,0.098608283,-0.163254081,-0.020966936,-0.316813296,-0.346873205,-0.171001485,-0.305712487,-0.646947583,0.044226114,-0.504907051,-0.112985275,-1.044837579,2.944462165,0.378520169,0.267164718,-0.02986224,0.023578734,-0.260933392,-0.259731386,-0.36115202,-0.203667918,1.129308055,-0.489832389,0.716684283,0.05051693,-0.029751291,-0.274818155,-0.276184159,11.86801032,-0.738198056,-0.525164813,0.002185022,-0.627505235,0.166396072,-0.088319385,-0.400926219,-0.251459868,0.096597445,5.161691585,-0.702539509,-0.440586515,-0.167115998,-0.457062059,-1.084949397,0.100928883,0.242912855,-0.831686507,0.220051124,-0.838225048,0.167570637,0.269072835,-0.074042051,-0.62252029,-0.865811189,-0.024461897,-1.014813449,0.413033473,-0.439495857,-0.588917135,4.290190007,-0.62397911,0.373252253,-0.335612911,-0.782112058,-0.283424908,-0.174389078,0.638604351,-0.265380535,0.14317819,-0.287635328,0.334200792,-0.551116342,-0.511873598,1.011387836,4.521939514,-0.060011368,0.141916529,-0.64740908,-0.331878508,-0.572253325,0.266602899,-0.09335459,1.19132056,-0.095994244,-0.266302572,-0.812519152,-0.340879824,0.02375918,0.324945875,0.194067279,0.812144783,-0.373279083,-0.120394402,0.151546693,-0.359924891,-0.374846299,-0.208572106,-0.092808113,-0.402016885,-0.822833909,0.027347176,0.324795096,0.015916741,-0.002897182,0.015956932,0.26073157,-0.566219401,0.37763156,0.338061212,0.25500827,0.86977386,-0.368930909,-0.257319858,-0.134057996,0.057124247,1.708754244,-0.070670106,-0.328906822,-0.119443584,0.315541597,-0.074346962,-0.01908192,-0.369152328,0.460542469,0.49162549,0.818177265,3.463523205,-0.746366438,-0.685899011,-0.415343432,0.004345158,-0.26133025,0.679043882,-0.227609682,0.036030017,-0.87739281,-0.727176938,0.126122905,-0.614826632,0.006830131,-0.355002014,-0.305059222,0.440699101,-0.316953426,-0.66215863,-0.267924387,-0.060801441,-0.13346198,-0.284724817,3.890985104,-0.586863145,0.73011681,-0.18939422,0.316535254,0.387332169,0.246668643,-0.608075377,-0.47643622,-0.491864666,0.09022396,-0.166127622,-0.642508676,0.536559798,-0.532864747,-0.298687687,-0.607216897,-0.476203853,-0.442807214,0.541643828,-0.819981392,0.499276316,-0.172148193,0.490508785,-0.456693364,-0.308991302,-0.892760356,-0.615596111,-0.7575608,1.725395737,0.735608943,-0.381385725,-0.203330119,-0.175122175,-0.138492515,-0.634476946,0.202688177
hsa.mir.366,0.0,0.0,0.0,0.0,0.0,0.0,0.0,0.0,0.0,0.0,0.0,0.0,0.0,0.0,0.0,0.0,0.0,0.0,0.0,0.0,0.0,0.0,0.0,0.0,0.0,0.0,0.0,0.0,0.0,0.0,0.0,0.0,0.0,0.0,0.0,0.0,0.0,0.0,0.0,0.0,0.0,0.0,0.0,0.0,0.0,0.0,0.0,0.0,0.0,0.0,0.0,0.0,0.0,0.0,0.0,0.0,0.0,0.0,0.0,0.0,0.0,0.0,0.0,0.0,0.0,0.0,0.0,0.0,0.0,0.0,0.0,0.0,0.0,0.0,0.0,0.0,0.0,0.0,0.0,0.0,0.0,0.0,0.0,0.0,0.0,0.0,0.0,0.0,0.0,0.0,0.0,0.0,0.0,0.0,0.0,0.0,0.0,0.0,0.0,0.0,0.0,0.0,0.0,0.0,0.0,0.0,0.0,0.0,0.0,0.0,0.0,0.0,0.0,0.0,0.0,0.0,0.0,0.0,0.0,0.0,0.0,0.0,0.0,0.0,0.0,0.0,0.0,0.0,0.0,0.0,0.0,0.0,0.0,0.0,0.0,0.0,0.0,0.0,0.0,0.0,0.0,0.0,0.0,0.0,0.0,0.0,0.0,0.0,0.0,0.0,0.0,0.0,0.0,0.0,0.0,0.0,0.0,0.0,0.0,0.0,0.0,0.0,0.0,0.0,0.0,0.0,0.0,0.0,0.0,0.0,0.0,0.0,0.0,0.0,0.0,0.0,0.0,0.0,0.0,0.0,0.0,0.0,0.0,0.0,0.0,0.0,0.0,0.0,0.0,0.0,0.0,0.0,0.0,0.0,0.0,0.0,0.0,0.0,0.0,0.0,0.0,0.0,0.0,0.0,0.0,0.0,0.0,0.0,0.0,0.0,0.0,0.0,0.0,0.0,0.0,0.0,0.0,0.0,0.0,0.0,0.0,0.0,0.0,0.0,0.0,0.0,0.0,0.0,0.0,0.0,0.0,0.0,0.0,0.0,0.0,0.0,0.0,0.0,0.0,0.0,0.0,0.0,0.0,0.0
hsa.mir.135b,1.800336252,-1.215602531,0.143882967,2.948583014,0.464877269,-1.132672851,-1.872285491,-1.642891897,-0.413802126,-1.658160389,0.724769152,-1.076275501,0.243841431,2.018280373,-0.118224876,0.252892458,-0.005177429,-2.034731821,-0.519858547,1.125239272,0.876311535,0.697475782,1.713883842,-0.91324184,-0.520260235,0.568122932,-0.724496737,-0.851910635,0.019460156,1.238050673,0.204406518,-0.390725093,1.138893001,-0.381907136,0.572196829,-0.821977241,-0.028638598,0.723186137,-1.984177318,0.529892778,0.359896186,-1.076909581,0.520247979,-1.498134329,-1.066263557,0.716025602,-0.020602608,0.692496444,-0.100619892,0.201084638,-0.084748021,-1.788091445,0.590824851,-0.015965701,-0.079456651,-0.163655542,-0.287301705,0.11277406,-0.305917674,0.812649915,0.562666821,0.325248726,-1.537440685,-0.578358401,-0.014687017,0.300642706,-0.362736843,0.304078459,-1.239038036,1.378969053,-0.258759535,-1.243032738,1.215798158,-0.934276163,-1.119909806,-1.173300941,-0.618144913,-1.883398072,-1.417512528,-0.133264715,0.437816674,0.006839831,-0.261479838,0.511903201,-0.032033497,1.568597535,3.65321008,-2.295140575,-0.262584214,-1.401104302,0.573135999,0.374114912,0.298532792,1.203189921,0.600839917,0.153025695,-0.572039128,0.313122697,0.512099275,0.46100167,0.596671249,0.848187733,-0.293778264,-0.096810635,-1.728179933,-0.120930469,-0.83747587,0.134984206,-0.277818455,0.158577434,-1.16551453,-0.842946487,-0.833627275,-0.314293634,0.843019768,1.077196926,-1.097800226,0.412871784,0.634539746,0.261724435,1.168290953,1.162273685,-0.113885572,0.343878069,-0.587228705,0.780064738,-0.475266667,-0.045851265,0.511752446,-2.239092765,-0.648571277,-1.151058483,1.142706559,-0.050429358,0.152778643,1.19921834,-0.963345147,-0.14028471,-1.366749792,0.01490473,-1.294096621,-1.807612319,-1.16542304,-0.442581954,-1.076889912,-0.067021065,-1.442429208,-1.941262474,-2.398632013,-1.524043953,-0.49688041,0.691151962,1.663480509,0.53655404,-2.462302832,0.977637871,0.55149241,-0.958784907,-1.129049993,-0.740460253,0.360524042,-2.456960708,0.616799398,1.082829378,0.335378011,0.100471206,0.670649574,-0.667714404,0.599764437,0.468472377,0.625068968,0.838907626,-1.519349193,-1.552729791,0.453167929,-0.589737988,-1.284238335,1.998385443,-0.317148606,-0.151402861,-0.401288964,0.616323245,-0.255232817,-1.811032316,-1.886180568,1.340463201,1.149874526,1.290356474,0.239188576,0.804523557,-0.238791575,1.070526726,-0.676837816,-0.48657594,-0.078687549,-0.49695388,-0.439456818,0.459381176,-0.593893467,-0.06261626,0.868538364,1.58647517,1.193126618,1.366359059,1.196906688,-1.872345755,-1.548986476,-0.148914439,-0.409604363,0.711293313,-0.360369748,-0.413273483,0.214322888,0.62786167,1.155917147,0.75552472,-1.183723085,0.866297861,0.364254552,0.689728666,0.570891759,-0.038260465,-0.131224165,0.019494684,-0.55597528,-0.654659988,0.618643778,1.707957952,0.89367726,0.730122355,-2.319860247,-0.52483533,-0.73764486,-0.881918526,-1.181179849,-1.143213574,0.388409719,1.190470785,0.70929043,1.336531462,-0.696346975,-0.947386962,-0.265614689,-0.661931919
hsa.mir.135b.1,0.0,0.0,0.0,0.0,0.0,0.0,0.0,0.0,0.0,0.0,0.0,0.0,0.0,0.0,0.0,0.0,0.0,0.0,0.0,0.0,0.0,0.0,0.0,0.0,0.0,0.0,0.0,0.0,0.0,0.0,0.0,0.0,0.0,0.0,0.0,0.0,0.0,0.0,0.0,0.0,0.0,0.0,0.0,0.0,0.0,0.0,0.0,0.0,0.0,0.0,0.0,0.0,0.0,0.0,0.0,0.0,0.0,0.0,0.0,0.0,0.0,0.0,0.0,0.0,0.0,0.0,0.0,0.0,0.0,0.0,0.0,0.0,0.0,0.0,0.0,0.0,0.0,0.0,0.0,0.0,0.0,0.0,0.0,0.0,0.0,0.0,0.0,0.0,0.0,0.0,0.0,0.0,0.0,0.0,0.0,0.0,0.0,0.0,0.0,0.0,0.0,0.0,0.0,0.0,0.0,0.0,0.0,0.0,0.0,0.0,0.0,0.0,0.0,0.0,0.0,0.0,0.0,0.0,0.0,0.0,0.0,0.0,0.0,0.0,0.0,0.0,0.0,0.0,0.0,0.0,0.0,0.0,0.0,0.0,0.0,0.0,0.0,0.0,0.0,0.0,0.0,0.0,0.0,0.0,0.0,0.0,0.0,0.0,0.0,0.0,0.0,0.0,0.0,0.0,0.0,0.0,0.0,0.0,0.0,0.0,0.0,0.0,0.0,0.0,0.0,0.0,0.0,0.0,0.0,0.0,0.0,0.0,0.0,0.0,0.0,0.0,0.0,0.0,0.0,0.0,0.0,0.0,0.0,0.0,0.0,0.0,0.0,0.0,0.0,0.0,0.0,0.0,0.0,0.0,0.0,0.0,0.0,0.0,0.0,0.0,0.0,0.0,0.0,0.0,0.0,0.0,0.0,0.0,0.0,0.0,0.0,0.0,0.0,0.0,0.0,0.0,0.0,0.0,0.0,0.0,0.0,0.0,0.0,0.0,0.0,0.0,0.0,0.0,0.0,0.0,0.0,0.0,0.0,0.0,0.0,0.0,0.0,0.0,0.0,0.0,0.0,0.0,0.0,0.0
hsa.mir.500a,1.526976538,0.713439775,0.212954377,0.20549953,0.540677901,0.332891104,-0.128256901,-0.410784553,-0.444197718,0.528226095,0.041297207,0.055781346,-0.541527208,-0.905938516,-0.40290393,-0.182786284,-0.471726705,-0.176185593,0.064265991,-0.327474095,0.264998433,-0.27400681,-0.017013643,0.14133899,-0.569173976,0.604296522,0.265125796,-0.747494565,0.497811769,-0.527454495,0.320831366,0.63356196,-0.639916346,-0.167802162,-0.850176706,-0.015755866,-0.403580742,0.010408073,0.166434831,0.223807358,-0.59490647,-0.437757068,0.206919187,-0.575601694,0.403153732,0.008857444,0.91204782,0.914582335,-0.074698684,0.293638917,0.526428304,3.149106767,-0.748668829,2.222645752,-0.854566634,0.722522083,0.841067852,0.027950836,1.316068995,-1.18593816,0.167010273,-0.667848558,-0.665400565,-0.59434882,-0.422358105,-0.758384264,-0.538819821,-0.612025399,0.557469313,-0.792639196,1.087090274,0.260082529,3.333409968,-0.198093376,-0.527296802,-0.222499675,-0.900174485,0.133040203,0.26700745,3.6047731,0.202923363,-0.398027578,-0.174713193,0.366247753,0.385851604,0.014582273,-0.074001208,-0.167165159,-0.088253428,-0.000371989,-0.221062961,0.460679138,0.486354618,-0.202856824,-0.293792119,-0.126831776,-0.548193205,0.109647548,-0.418653292,-0.933922237,-0.595653264,-0.534280937,0.035959826,0.32904212,-0.461345016,0.293098802,-0.79046458,-0.3332014,1.141261147,-0.65076791,-0.306958081,-0.444216229,-0.520738057,-0.049150337,-0.334730077,0.187806474,-0.633018477,-0.327219046,0.420016056,0.876931946,-0.399250387,-0.769410365,-0.584292899,-0.359887764,0.801840554,0.078239811,0.230975943,-0.021419982,0.175487094,0.029234736,-0.292193828,0.35522584,-0.370405229,-0.341449608,-0.591240436,-1.040978998,0.14218605,-0.374387265,0.319462886,-0.245000968,1.058185756,0.410498161,-0.33475411,-0.862598672,1.016402174,0.291124781,-0.415698708,-0.118469239,0.355751642,-0.128548649,0.066811967,-0.127893956,-0.342211654,-0.430966717,-0.327000271,-0.331558983,-0.591490598,-0.180830533,0.356254626,-0.446600802,0.283028191,-0.549248076,0.337105021,-0.910714097,-0.725218581,0.001218588,0.59806048,0.157775372,-0.659459097,-0.750710799,-0.05212855,0.225496489,-0.387053078,0.636939964,0.784630564,1.164257453,-0.537017235,-0.474283919,-0.246919127,-0.315522106,-0.470198139,-0.13630884,0.942907398,-0.23048523,1.491654271,-0.046738574,-0.406404502,-0.51586489,-0.235827517,0.013966496,0.62180185,-0.056911034,0.433800813,-0.512536692,-0.571889362,-0.188255576,-0.383866418,0.000510849,-0.037072503,-0.700196994,0.063812565,-0.597905927,-0.481797243,-0.516038387,0.47095606,-0.047858641,-0.150106456,0.073656367,0.145893596,-0.119683644,-0.202499963,0.167681811,0.439542441,-0.552552702,-0.702221861,-0.451651498,0.060674358,-0.35290223,-0.521027734,-0.245497914,1.948994372,0.112853897,-0.529085352,-0.422876819,0.834716679,0.087657698,-0.262144032,0.172652464,-0.557957838,-0.236281459,1.087251161,-0.401581785,-0.037090544,-0.241107655,-0.622907366,-0.207235467,-0.164422841,0.327487229,-0.536112343,-0.190017773,-0.117219,0.89972867,0.259175869,0.593113934
hsa.mir.6510,1.367836091,0.63191692,-0.328520254,2.162653569,1.146108202,0.358527494,-0.227874988,-0.324266363,-0.555878415,0.289369164,-0.894759611,0.228950834,-0.05164522,0.16345856,-0.749784625,-0.106539066,-0.021787732,0.811619748,-0.500500188,0.46198717,-0.304582469,-0.477609019,-0.102001462,0.209560133,0.083220134,0.743382258,-1.545470519,-1.693437064,0.575235983,0.705999412,0.519473425,0.075939057,-1.491289004,0.573470857,0.771319394,-0.702454517,-0.013470823,-0.276770605,-0.126238534,0.619211641,0.894709957,-1.030321237,-0.280321204,0.26448101,1.12841749,0.659314249,-0.732301432,0.16189179,0.142071841,0.497610186,1.921489052,-0.010338795,-0.114621215,0.783838656,-0.35119518,0.379180548,0.352190755,1.795312538,0.322799068,0.152222313,0.116182471,0.706185261,0.360992024,0.459204098,0.243366254,0.018372552,-0.132845702,1.469157577,-0.256242235,1.707210622,1.512516771,0.757258605,0.090788518,-0.133410859,0.094865976,0.357369289,0.098124495,-0.574882725,0.28045618,6.626009548,0.048585616,-1.416406679,0.072266339,-0.176059719,-0.099688835,0.199775263,0.013414632,-0.223443635,0.498179021,-0.103272916,0.174785714,0.045277155,0.195164219,0.197701433,-0.059539775,0.387039266,-1.107311275,-0.357541609,-0.13694502,0.573104813,0.999424715,1.761682997,1.457520248,0.330465463,0.818794427,0.042911372,-0.471927167,0.062141425,1.59912399,-0.836734179,0.201413183,2.019310406,0.197201078,-0.142501937,0.256383517,-0.223092724,-0.203963562,-2.015270095,-0.596074179,1.22775128,-0.031968136,0.119398343,-0.473161544,-0.680119025,0.145699873,0.668177124,-0.047645594,-0.364614682,-0.510177315,0.052417279,1.049951168,0.31110154,0.206403535,-0.359325631,-0.042630167,0.673829824,-0.331012382,0.627730584,0.234575747,-0.210543615,0.117230201,0.07142676,0.104657488,0.18862986,-0.073154963,-0.33238809,-0.228324415,0.868761441,0.157958164,0.519833626,0.581920122,0.219222274,0.111061487,0.711791509,-0.255714366,-0.391691178,0.409179745,-0.22707812,-0.286069854,-0.608440381,0.081696809,-0.07158855,-0.071561666,-0.667624376,0.530588099,0.09832077,-0.404850046,0.010576134,-0.730028174,0.054986105,0.135315102,-0.284575032,-0.283863541,0.342788429,-0.526358197,-0.125540917,-0.287425784,-1.06664454,-0.649148061,-0.907878921,-0.608333647,-0.410353343,0.246962316,0.121441276,9.62162953,0.689276095,0.008517689,-1.271319851,1.373686453,-0.357757809,-0.86303102,-0.39677395,0.604747457,0.34367013,-0.432085928,-0.21257957,-0.523522831,0.773303979,-0.2335395,-0.193652126,-0.39543864,-0.251581565,0.597518129,-0.637836272,1.676282095,0.488221333,-0.394924622,-0.211285415,-0.751126114,0.735332562,1.670411724,0.105605188,-0.161357307,-0.20817512,-0.382922194,-0.049783344,0.613312516,0.112431374,0.864558752,0.217863654,1.208839264,-0.039594028,-0.245180866,0.785262876,-0.537423014,0.376286265,0.035887546,0.500142229,-0.391396472,-0.00762187,3.621059567,-0.096914234,-0.562943711,-0.163838673,0.678064924,0.772851252,-0.499512552,-0.924795402,0.575354551,0.48613487,0.643747918,0.311857149,0.121523145,-0.227598737
hsa.mir.196b,0.187148374,0.868969557,-0.030264281,-0.457809769,-0.22823726,0.894640381,-0.238579159,4.922259502,-0.191360243,-0.341052783,-0.344346777,-0.461932832,-0.07538811,0.481311973,-0.176095332,-0.457169014,-0.343129542,-0.471206914,-0.46115011,0.717672372,-0.162700582,-0.112085196,-0.033397403,-0.507285568,-0.161176571,-0.565086722,-0.031486391,-0.189993045,-0.291579399,-0.20906628,-0.136264192,0.043077213,-0.283184352,-0.308530274,0.201700489,0.272352268,-0.307327883,-0.314389584,-0.237134059,-0.456601422,0.13348048,-0.358344526,-0.140239195,3.326107848,0.962246658,-0.313178965,-0.385792927,-0.197983637,0.411642327,-0.267314132,0.215504484,0.006922788,-0.271589184,-0.322218314,-0.445148053,-0.516197736,-0.071081678,0.412386445,-0.025832241,0.003342153,-0.102927826,-0.340796479,-0.036023769,-0.398553875,-0.379582171,0.524642546,1.410405331,-0.301374798,-0.171756751,-0.144698238,-0.089020882,-0.419336336,-0.265326474,-0.236972456,0.846545091,-0.314843273,-0.296292933,1.079856154,1.264813499,0.579032378,-0.417254722,-0.30044691,-0.158500576,-0.464155034,-0.250797634,-0.348378324,-0.526772076,-0.501894733,-0.336341269,-0.335008428,-0.183360458,0.06207561,-0.50658357,0.472361376,-0.451006716,0.055974387,1.871541909,-0.593893199,-0.322129524,0.180451307,-0.258325351,0.016327217,-0.176119383,-0.439159691,0.012375449,-0.45518339,-0.443573325,0.053469155,-0.198028482,-0.138060381,-0.414225915,0.486245875,-0.25426392,3.230127277,-0.544665522,0.035111099,-0.098711085,-0.50146145,1.052732384,0.149443123,-0.067534624,-0.373996677,-0.462561655,-0.412839023,-0.268133995,2.368024359,0.87181541,-0.153563819,0.429323504,0.836933611,-0.482587645,-0.454813254,-0.606420522,-0.040772664,-0.458057922,0.854978231,-0.101718166,0.288199714,0.643043621,2.183756193,-0.406286473,-0.226102314,-0.460042627,-0.173928139,-0.140570261,-0.719157108,-0.247517941,-0.191456343,-0.277512807,0.486816801,-0.680356196,-0.628158352,-0.251426341,0.165133367,-0.375346318,-0.63443491,0.087064162,4.562699703,1.758953052,0.600326004,-0.104694482,0.67214862,-0.436094578,-0.174942402,-0.427201657,-0.448215639,-0.652948976,-0.410384094,0.326056734,-0.593930399,-0.644621433,0.45727301,1.523462372,-0.464084526,0.42680627,0.508841383,-0.347631442,-0.238185742,-0.636922357,2.584727285,1.986571193,0.063898504,-0.130786574,-0.449354352,0.94381953,-0.689733609,-0.329794915,-0.669135799,-0.256293748,-0.407608341,-0.36948135,-0.250670142,1.793896561,-0.585886286,0.057792465,-0.458621468,1.167922513,-0.78355115,-0.095396627,-0.015410084,-0.633411628,-0.541027287,-0.122604676,-0.393317575,-0.280013357,-0.446511633,-0.473370896,-0.379811459,-0.328863952,-0.400348634,4.023565444,-0.442223762,-0.105838069,-0.120093954,-0.192466884,-0.442921228,-0.052850389,-0.147007431,0.12720033,0.125859118,-0.230415867,-0.418939113,-0.191406784,-0.241172333,-0.498898303,-0.424757546,0.742519721,-0.206640077,-0.249877644,-0.152581265,0.396442867,-0.431365875,0.503632784,-0.279878653,-0.409452076,-0.064325186,-0.013258545,-0.40986415,1.585990119,-0.186735868,-0.45190134,0.103245748,-0.620211356,-0.59971845
hsa.mir.148b,-0.972211247,-1.010217747,0.464576091,-0.341152856,-0.633880144,-0.408301585,-0.244050683,-0.558731132,0.179748582,-0.069106555,-0.157190278,1.032373571,0.067484011,0.765182052,-0.084120113,0.165971682,-0.26911902,1.961508749,-0.278210746,-0.124370099,-0.238299909,0.305296528,-0.337916954,-0.728859183,2.735550166,-0.97968682,0.297815775,-0.030043884,-1.181487711,-1.301253562,-0.632693805,0.911114156,-0.513238436,0.420400778,-0.59035022,-0.450405495,1.515381909,2.435256961,2.236562341,-0.47667713,-1.70433348,-0.756695841,-0.042758152,0.791075704,-1.130759675,0.351946195,-0.490393999,-0.360312651,-1.161380805,-0.408265639,-0.524807869,-0.920663675,1.346853027,0.229379174,-0.523434233,1.406505771,0.999393262,-0.14650442,0.284846957,0.004204809,-0.128076536,1.903270546,-0.26990947,0.537145362,0.177063809,0.080040362,-0.49278327,2.790338305,-0.070494171,1.968758515,1.695239683,0.434177598,-0.10101583,-0.396856619,0.421811458,-0.443048358,-0.393063208,0.045645637,-0.355535617,0.539253534,-0.545231191,-0.575965996,0.532949141,-0.049771686,-0.527843115,0.579714357,0.024743973,0.04848016,0.150388362,-0.486604028,-0.453819932,0.013689525,-0.607164876,-0.572317521,0.067785729,-0.049489738,-1.466687547,0.05276946,-0.20225075,-0.039820894,0.516779408,2.468077244,0.324314347,-0.632002654,1.583740709,-0.644559835,-0.253613059,-0.288333198,-1.059766322,0.010287834,0.488107703,3.401221772,0.954259465,0.555095453,-0.76905244,-0.137886686,-0.407894547,-1.16636921,0.120117149,-0.968136741,2.644608144,0.602248457,0.07384983,-0.696511634,-0.652540877,1.383875754,0.164203478,0.08513555,-0.65343271,-0.353867916,-0.267250097,-0.306333764,1.739838486,0.281610694,0.318637154,0.866095055,0.14271899,1.801459994,-0.263627173,-0.149179346,-0.682838825,-0.521984122,-0.273854848,1.144355126,-0.478223226,-0.597494574,-0.642566122,-0.469739979,-1.012950365,0.816160969,-0.345134382,-0.39535886,-0.12182715,0.121248585,-0.622528656,2.375881138,0.039009788,-0.156220169,-0.373275367,0.258850448,-0.114053676,-0.552872874,-0.278118741,0.076991129,-0.403395416,-0.413743834,-0.740351782,-0.444304952,-0.833895336,-0.23560753,-0.018882641,-0.129876984,-0.198091458,-0.578338941,-0.720496489,-0.220629523,-0.09421749,-0.540359524,0.093075051,-0.451184098,-0.260884986,-0.168544684,-0.724681934,-0.159488832,-1.369659415,-0.238105094,-0.170744141,1.130253239,-0.28168785,-0.018356747,-0.461384207,1.123724548,-0.31127316,0.887798591,0.120026002,-0.317752779,-0.229961419,-0.194828489,-0.051060254,0.316047948,-0.467782003,0.453177408,1.411848603,0.508878456,0.035478938,-0.653530664,-0.254481534,-0.318268609,1.513073657,3.212432745,-0.274469764,-0.885528909,-0.313457678,-0.937226826,0.273603011,0.337863986,-0.345024051,1.520041498,0.509603587,0.768159397,-1.669115516,-0.078421051,-0.735068379,1.15224843,0.307908505,-0.000624368,-0.849883448,-0.064997147,0.229333157,0.131847199,-0.44338486,0.4905979,-0.860260324,0.458235168,1.068865971,-0.085477891,-0.395590288,0.334547042,1.302114621,-0.483745553,0.271484596,-0.308597499,-0.22382685,-0.190780411
hsa.mir.148b.1,0.0,0.0,0.0,0.0,0.0,0.0,0.0,0.0,0.0,0.0,0.0,0.0,0.0,0.0,0.0,0.0,0.0,0.0,0.0,0.0,0.0,0.0,0.0,0.0,0.0,0.0,0.0,0.0,0.0,0.0,0.0,0.0,0.0,0.0,0.0,0.0,0.0,0.0,0.0,0.0,0.0,0.0,0.0,0.0,0.0,0.0,0.0,0.0,0.0,0.0,0.0,0.0,0.0,0.0,0.0,0.0,0.0,0.0,0.0,0.0,0.0,0.0,0.0,0.0,0.0,0.0,0.0,0.0,0.0,0.0,0.0,0.0,0.0,0.0,0.0,0.0,0.0,0.0,0.0,0.0,0.0,0.0,0.0,0.0,0.0,0.0,0.0,0.0,0.0,0.0,0.0,0.0,0.0,0.0,0.0,0.0,0.0,0.0,0.0,0.0,0.0,0.0,0.0,0.0,0.0,0.0,0.0,0.0,0.0,0.0,0.0,0.0,0.0,0.0,0.0,0.0,0.0,0.0,0.0,0.0,0.0,0.0,0.0,0.0,0.0,0.0,0.0,0.0,0.0,0.0,0.0,0.0,0.0,0.0,0.0,0.0,0.0,0.0,0.0,0.0,0.0,0.0,0.0,0.0,0.0,0.0,0.0,0.0,0.0,0.0,0.0,0.0,0.0,0.0,0.0,0.0,0.0,0.0,0.0,0.0,0.0,0.0,0.0,0.0,0.0,0.0,0.0,0.0,0.0,0.0,0.0,0.0,0.0,0.0,0.0,0.0,0.0,0.0,0.0,0.0,0.0,0.0,0.0,0.0,0.0,0.0,0.0,0.0,0.0,0.0,0.0,0.0,0.0,0.0,0.0,0.0,0.0,0.0,0.0,0.0,0.0,0.0,0.0,0.0,0.0,0.0,0.0,0.0,0.0,0.0,0.0,0.0,0.0,0.0,0.0,0.0,0.0,0.0,0.0,0.0,0.0,0.0,0.0,0.0,0.0,0.0,0.0,0.0,0.0,0.0,0.0,0.0,0.0,0.0,0.0,0.0,0.0,0.0,0.0,0.0,0.0,0.0,0.0,0.0
hsa.mir.135a,0.0,0.0,0.0,0.0,0.0,0.0,0.0,0.0,0.0,0.0,0.0,0.0,0.0,0.0,0.0,0.0,0.0,0.0,0.0,0.0,0.0,0.0,0.0,0.0,0.0,0.0,0.0,0.0,0.0,0.0,0.0,0.0,0.0,0.0,0.0,0.0,0.0,0.0,0.0,0.0,0.0,0.0,0.0,0.0,0.0,0.0,0.0,0.0,0.0,0.0,0.0,0.0,0.0,0.0,0.0,0.0,0.0,0.0,0.0,0.0,0.0,0.0,0.0,0.0,0.0,0.0,0.0,0.0,0.0,0.0,0.0,0.0,0.0,0.0,0.0,0.0,0.0,0.0,0.0,0.0,0.0,0.0,0.0,0.0,0.0,0.0,0.0,0.0,0.0,0.0,0.0,0.0,0.0,0.0,0.0,0.0,0.0,0.0,0.0,0.0,0.0,0.0,0.0,0.0,0.0,0.0,0.0,0.0,0.0,0.0,0.0,0.0,0.0,0.0,0.0,0.0,0.0,0.0,0.0,0.0,0.0,0.0,0.0,0.0,0.0,0.0,0.0,0.0,0.0,0.0,0.0,0.0,0.0,0.0,0.0,0.0,0.0,0.0,0.0,0.0,0.0,0.0,0.0,0.0,0.0,0.0,0.0,0.0,0.0,0.0,0.0,0.0,0.0,0.0,0.0,0.0,0.0,0.0,0.0,0.0,0.0,0.0,0.0,0.0,0.0,0.0,0.0,0.0,0.0,0.0,0.0,0.0,0.0,0.0,0.0,0.0,0.0,0.0,0.0,0.0,0.0,0.0,0.0,0.0,0.0,0.0,0.0,0.0,0.0,0.0,0.0,0.0,0.0,0.0,0.0,0.0,0.0,0.0,0.0,0.0,0.0,0.0,0.0,0.0,0.0,0.0,0.0,0.0,0.0,0.0,0.0,0.0,0.0,0.0,0.0,0.0,0.0,0.0,0.0,0.0,0.0,0.0,0.0,0.0,0.0,0.0,0.0,0.0,0.0,0.0,0.0,0.0,0.0,0.0,0.0,0.0,0.0,0.0,0.0,0.0,0.0,0.0,0.0,0.0
hsa.mir.3074,0.192632473,-0.339337255,1.320297134,-0.034783948,0.403478543,-1.952244246,-2.073470655,-2.022921244,1.061576947,-1.300962495,1.71418917,-1.294281659,1.0381625,0.224214169,0.269518266,0.381446366,0.03203376,-0.911803353,0.290858984,-0.116570233,0.98640197,1.497030835,-0.507818938,1.850557965,-0.4043491,-2.135067606,0.672091184,-1.726116479,0.308470826,-2.132752676,0.208755321,-0.029360063,1.142882671,0.782699001,0.031492807,-0.628787251,0.941651435,0.50806919,-2.911575213,0.774331335,0.09149806,-1.832157196,0.155990903,-1.333354682,-1.180217109,0.842756416,0.562744644,0.317426067,0.98878765,0.777994052,-0.586526832,-1.379200458,1.440784215,-0.155432085,-1.799013498,1.042676781,0.146944509,0.663779224,-0.244691455,0.663078147,-0.177824769,-0.602344684,-0.709539911,0.549699761,1.541149086,0.347482731,-1.297752486,1.086830356,1.224941523,0.745265697,-0.255500718,-2.435862366,-1.192820573,-0.537897493,-0.971703035,-1.02569805,0.820766098,-0.901238138,-0.426909782,0.954018416,0.193105805,0.931658369,0.991782449,0.667840995,0.366791645,-0.507537289,-2.442583565,-1.828372942,-0.704886078,1.135527753,-0.4923442,1.902619196,1.3381912,0.010884788,0.897584006,0.955035495,-0.958680006,0.006661964,-1.169255545,-0.692589003,0.318586245,0.918924265,1.065068262,0.702826969,-0.576895478,0.371135892,0.698552321,-0.618122851,-0.269210287,-0.683819893,-0.799980394,0.15187501,-0.755611382,-1.746747711,0.738328358,1.098809214,0.252783515,-0.353894261,-0.477094211,1.289882666,0.71629394,-0.893506962,0.4773101,0.113130883,0.184987728,-0.125173013,-0.844242098,-0.271312589,0.288541694,-0.383159381,-0.564152521,-0.221692851,-2.408597692,-0.031268924,0.359307596,-0.3079962,0.508525853,-0.455110027,-0.202521095,1.101221567,-0.518881497,-1.889093443,0.153152778,-1.450102096,-0.965287169,-0.603364854,-1.269358856,-0.359177936,-2.192178485,-1.58185269,-0.776421887,-0.309545251,0.486284568,0.385453903,-2.060050447,0.415039044,-2.3325238,-0.964478973,-0.011706258,-0.076767727,-0.928072221,-1.901424388,0.971093159,0.226278017,0.077328276,0.102296527,0.067747192,0.775656512,-0.21922101,0.87820524,-1.40117079,1.100076239,-0.161892058,-1.401153761,0.456655552,-0.703117309,0.538421896,0.526328804,0.544883054,0.302066743,-0.723377293,0.839478587,-0.879750675,-1.423128757,-0.559476159,-0.431775668,0.038922903,-0.39137122,0.152323161,-0.068152761,1.794610799,0.341081066,0.607522301,-0.556847178,-0.304856194,0.294472726,0.941486399,0.494442095,1.039852775,-0.644517917,0.879938958,1.198124251,0.506223338,-0.053099093,-1.009835144,-0.48893527,0.761155015,-1.379578556,0.453143463,-0.484927053,-2.263123301,0.916388126,-0.034355466,0.731576202,1.447365522,0.648800917,-1.400105867,0.194660077,0.497593005,-0.181202794,1.345285926,0.73628731,0.932960325,0.334363326,-1.551114789,0.704755358,0.489778705,-0.379590151,-0.156458891,1.166634636,0.266195466,-1.224989833,-1.039160481,-0.125719683,1.103809511,0.181285046,-0.677947163,1.465408462,-0.456003698,0.611069893,0.174602771,-0.645679685,-0.178922599,0.183200376
hsa.mir.1.1,-0.522709251,0.184516237,0.666620158,0.217959377,-1.115969168,0.56042436,-1.166205316,1.669858868,-0.497666782,1.562944505,-0.086748458,0.269119597,-0.481701803,-0.544169389,0.051080073,0.051991053,0.980869606,-0.802990054,1.316635276,-0.601295789,-0.273484827,0.231730407,-0.428855893,-0.372233532,-0.847884706,-0.177267318,-0.152098054,-0.737515492,0.52162472,0.889991266,0.816538578,-0.08951425,0.284504068,0.212616509,0.625905301,-1.389812248,-0.803758427,-1.2699441,-0.088858605,0.263163285,0.088986124,0.959509562,0.851910587,0.466198348,-0.436789073,0.110068309,-1.495081565,-1.744638083,-0.442178757,-0.747581843,-1.036633352,-0.539213782,0.106073345,0.217735149,0.527128627,0.747701819,-2.199099609,-1.027279686,0.248925514,0.592926784,0.481111339,-1.600580198,0.145315893,-1.492791358,-0.336649804,-0.20004122,-0.475866509,-0.786655372,0.14905519,0.263326153,-4.847183411,-0.377525616,-0.665873169,-0.265976477,-0.70207647,-0.408610568,0.244546862,0.517912686,-0.499498757,-0.028681591,-0.253292448,-0.360114718,-0.513121029,0.116652422,-0.090709905,0.119567388,2.700722858,-0.137054736,0.416901418,0.612698364,0.880515315,-0.355393085,-0.219420094,0.284011892,-0.518331409,0.033096791,-0.183143837,-1.393831732,-0.176356899,0.595590675,0.447734672,0.324223643,-0.570313051,-0.040003545,-0.276918463,0.905269992,-1.243313811,0.276270295,0.814985313,-0.541558422,0.233512035,-1.131019115,0.124466787,0.362751989,0.160094962,0.978613839,-0.896610187,0.782994805,0.961673506,0.509334685,1.00226217,0.108613704,-1.141392395,0.839530973,-0.295248778,-0.369420093,0.288989587,-0.017362276,-0.445148913,1.27378806,0.290744077,-0.418658405,2.86610043,0.399050708,-1.258248994,-1.348281435,0.156262533,-0.381698658,-0.168529006,0.417447454,0.080261236,0.81068903,-0.262657813,0.558313465,0.584599381,-0.791445847,-0.938466049,-1.235764941,-0.950085332,0.520517709,-0.388405701,-0.812615034,0.429880138,-1.90914002,-0.004503411,0.387731206,0.646331924,1.192885141,0.012283114,-1.534909175,0.404135021,-0.56995621,0.164935639,-0.422656444,-0.715859344,-0.086820312,0.962167116,-0.399231801,0.188229249,-0.173075928,0.505055732,0.16186005,-0.50140452,-0.609682829,-0.225721589,0.54569435,0.856738651,-0.416457473,-0.361338238,-0.469033836,-0.474635259,0.636719328,-0.366928441,1.225879201,0.608033583,-0.260035127,0.448800852,0.480574301,-0.911797255,0.589673034,0.136381322,-0.116338181,-0.146739685,0.478322502,0.200168531,0.142963377,0.134372453,-1.982227919,0.143147128,0.192698955,-0.636670541,-0.567598022,-0.012450285,0.363970792,0.901281615,-0.188330758,-0.611327813,-1.023362685,-0.130360286,1.740313826,-0.377342178,1.123443022,-0.185256789,-0.622921226,0.929939517,0.594218148,0.506866285,0.43493189,0.25387364,-0.362898817,0.255496328,1.38193012,0.463226737,-0.412403642,1.243948218,-0.270536552,-0.230779346,0.505421259,-0.653472194,0.201056758,0.704431954,-0.348723113,-0.525444373,-0.886609602,-1.034054739,-0.768459852,-1.109037939,-0.195689414,0.810808822,-0.386088656,-0.196352457,-0.041380664,1.200873282,-0.187801179
hsa.mir.154a,0.0,0.0,0.0,0.0,0.0,0.0,0.0,0.0,0.0,0.0,0.0,0.0,0.0,0.0,0.0,0.0,0.0,0.0,0.0,0.0,0.0,0.0,0.0,0.0,0.0,0.0,0.0,0.0,0.0,0.0,0.0,0.0,0.0,0.0,0.0,0.0,0.0,0.0,0.0,0.0,0.0,0.0,0.0,0.0,0.0,0.0,0.0,0.0,0.0,0.0,0.0,0.0,0.0,0.0,0.0,0.0,0.0,0.0,0.0,0.0,0.0,0.0,0.0,0.0,0.0,0.0,0.0,0.0,0.0,0.0,0.0,0.0,0.0,0.0,0.0,0.0,0.0,0.0,0.0,0.0,0.0,0.0,0.0,0.0,0.0,0.0,0.0,0.0,0.0,0.0,0.0,0.0,0.0,0.0,0.0,0.0,0.0,0.0,0.0,0.0,0.0,0.0,0.0,0.0,0.0,0.0,0.0,0.0,0.0,0.0,0.0,0.0,0.0,0.0,0.0,0.0,0.0,0.0,0.0,0.0,0.0,0.0,0.0,0.0,0.0,0.0,0.0,0.0,0.0,0.0,0.0,0.0,0.0,0.0,0.0,0.0,0.0,0.0,0.0,0.0,0.0,0.0,0.0,0.0,0.0,0.0,0.0,0.0,0.0,0.0,0.0,0.0,0.0,0.0,0.0,0.0,0.0,0.0,0.0,0.0,0.0,0.0,0.0,0.0,0.0,0.0,0.0,0.0,0.0,0.0,0.0,0.0,0.0,0.0,0.0,0.0,0.0,0.0,0.0,0.0,0.0,0.0,0.0,0.0,0.0,0.0,0.0,0.0,0.0,0.0,0.0,0.0,0.0,0.0,0.0,0.0,0.0,0.0,0.0,0.0,0.0,0.0,0.0,0.0,0.0,0.0,0.0,0.0,0.0,0.0,0.0,0.0,0.0,0.0,0.0,0.0,0.0,0.0,0.0,0.0,0.0,0.0,0.0,0.0,0.0,0.0,0.0,0.0,0.0,0.0,0.0,0.0,0.0,0.0,0.0,0.0,0.0,0.0,0.0,0.0,0.0,0.0,0.0,0.0
hsa.mir.107,0.721843547,0.301520049,-0.711993334,1.011722897,0.210713403,-0.238475108,-0.320441926,-0.286492666,0.007750947,-0.43827758,0.164386906,-1.837516281,-0.634262791,-2.449416245,0.258763954,0.611405646,0.571568261,0.02118078,-0.441574544,1.691885374,-0.104528184,1.070995076,-0.419229383,0.320076743,-0.919109645,0.464285732,-0.009886114,-0.226745472,1.011825353,1.343235006,-0.820633898,-0.606430389,0.026547095,-0.566301385,0.638906301,0.173343803,-0.428420455,0.777492763,-2.731922005,0.017319156,0.901367632,-1.586789295,-0.026988173,-0.89128038,1.309046076,-0.27919108,0.028743263,-0.943801721,0.018901292,0.145327303,-0.131369525,-1.258467855,-2.143487466,-0.186281603,1.446256917,-1.71412711,-0.664555013,-0.584244138,1.865611896,-0.896952782,0.218173448,-0.029090319,-1.676191348,-0.546317879,0.273538433,-1.822037427,1.539603732,-3.35466303,0.153600057,-1.377430928,-0.120779227,-2.162394887,-0.951901043,-0.573934269,-0.346539246,-0.748113986,-0.199507552,-0.194195817,-0.372877227,0.242936068,-0.903999527,0.369441128,0.349948529,0.383804631,0.064669652,-0.524833087,-4.136361853,-0.355246797,1.326366237,1.333548322,0.076140699,-0.9024988,1.292241906,-0.616139362,-0.716365651,-0.173110072,-1.738875785,0.936376514,0.349413421,0.56222819,-0.245194124,1.497098424,-0.701840428,-2.056408938,-1.73173605,-1.37324032,1.116902723,-0.466557104,-0.76996577,1.248285351,0.224345535,-1.92908431,-1.410089076,-0.400943965,0.805441368,0.593655589,0.778265488,-0.724556942,0.937246685,-0.005982109,0.960827929,-0.273729391,-0.91626166,0.057725436,0.600247085,1.168360748,-0.247665892,-0.447830401,0.170812194,-0.396389025,-0.45096096,-0.136211687,-6.591043256,0.964510336,-0.551269199,0.780428537,-1.265584342,0.779715707,-1.823681195,-0.975781905,-0.183601356,-1.016445622,-0.702015933,0.473093487,0.069466172,-0.267393764,-1.022032363,-0.429807879,0.711838396,-0.466996622,0.22627468,0.058795293,0.854431355,0.386130932,1.213725484,1.409861369,0.520969848,0.856168022,0.140656087,0.193878925,0.930186445,-0.047387035,-1.436207008,0.656418039,0.482215114,-0.697508671,0.134615917,-0.528028694,1.201079475,0.681689316,0.069334471,1.935544161,-1.121743093,-1.204060271,0.837359585,1.130090507,1.799773322,0.84299759,0.974952446,0.656962068,-0.172721692,-0.231968049,-0.006287728,0.789550344,0.961845693,-0.948127171,2.828350137,0.819344667,-0.128729838,0.715475829,-0.818927701,0.37020942,0.178617933,-0.113034626,-0.976410857,-1.103457152,-0.734437509,-0.239216336,0.498737504,0.076026459,0.483545868,-0.281530282,1.394647911,0.418961701,0.944916219,0.47466146,0.062138133,-0.622500035,1.263359756,-1.275089427,-1.077576636,0.097246174,0.587313187,0.859825041,-0.267304822,-0.650441577,-1.643060763,0.506763957,1.018894657,-0.371268657,-0.209452898,0.397917653,0.395141869,-0.163811895,0.138097846,-0.285941629,0.452372662,2.583804872,-0.278221119,-0.255423556,0.275543564,-1.552356288,-0.17255235,-0.457448684,-0.667171492,-0.26289508,-0.331278957,-0.816614644,-0.091221997,0.508243673,-1.079125509,0.238911769,-1.628433075,-0.046956004
hsa.mir.298,0.0,0.0,0.0,0.0,0.0,0.0,0.0,0.0,0.0,0.0,0.0,0.0,0.0,0.0,0.0,0.0,0.0,0.0,0.0,0.0,0.0,0.0,0.0,0.0,0.0,0.0,0.0,0.0,0.0,0.0,0.0,0.0,0.0,0.0,0.0,0.0,0.0,0.0,0.0,0.0,0.0,0.0,0.0,0.0,0.0,0.0,0.0,0.0,0.0,0.0,0.0,0.0,0.0,0.0,0.0,0.0,0.0,0.0,0.0,0.0,0.0,0.0,0.0,0.0,0.0,0.0,0.0,0.0,0.0,0.0,0.0,0.0,0.0,0.0,0.0,0.0,0.0,0.0,0.0,0.0,0.0,0.0,0.0,0.0,0.0,0.0,0.0,0.0,0.0,0.0,0.0,0.0,0.0,0.0,0.0,0.0,0.0,0.0,0.0,0.0,0.0,0.0,0.0,0.0,0.0,0.0,0.0,0.0,0.0,0.0,0.0,0.0,0.0,0.0,0.0,0.0,0.0,0.0,0.0,0.0,0.0,0.0,0.0,0.0,0.0,0.0,0.0,0.0,0.0,0.0,0.0,0.0,0.0,0.0,0.0,0.0,0.0,0.0,0.0,0.0,0.0,0.0,0.0,0.0,0.0,0.0,0.0,0.0,0.0,0.0,0.0,0.0,0.0,0.0,0.0,0.0,0.0,0.0,0.0,0.0,0.0,0.0,0.0,0.0,0.0,0.0,0.0,0.0,0.0,0.0,0.0,0.0,0.0,0.0,0.0,0.0,0.0,0.0,0.0,0.0,0.0,0.0,0.0,0.0,0.0,0.0,0.0,0.0,0.0,0.0,0.0,0.0,0.0,0.0,0.0,0.0,0.0,0.0,0.0,0.0,0.0,0.0,0.0,0.0,0.0,0.0,0.0,0.0,0.0,0.0,0.0,0.0,0.0,0.0,0.0,0.0,0.0,0.0,0.0,0.0,0.0,0.0,0.0,0.0,0.0,0.0,0.0,0.0,0.0,0.0,0.0,0.0,0.0,0.0,0.0,0.0,0.0,0.0,0.0,0.0,0.0,0.0,0.0,0.0
hsa.mir.6842,-0.362410077,-0.382001074,-0.63635764,-0.53660935,-0.896848941,-0.358204871,-0.625039059,-0.193741229,-0.429501388,-0.205225341,0.194027881,0.544071513,1.669023294,-0.502640574,0.220090121,1.625008659,0.448470724,-0.116742509,0.242903902,0.313731642,-0.258220939,1.003818954,0.137542195,0.022981648,-0.717451125,1.212811826,-0.022588943,-0.158265385,-0.30117753,0.683683112,0.800872767,-0.982314179,-0.667288225,-0.199215916,-0.411428633,0.813197263,-0.29749483,-0.355165319,0.516966919,0.307776421,1.59212449,0.626808961,-1.303760911,-0.135338354,0.890302014,-0.839498902,-0.224530166,-0.790977306,0.766712805,-0.134373114,2.063870271,0.924072841,-0.617505016,2.039527701,-0.268171508,-0.168394755,2.073442576,0.947064385,0.384471614,-0.746249758,-0.749580562,-0.433395892,-0.272690918,-0.025866342,0.366579259,0.329302826,1.211900661,0.305961936,0.143517234,-0.295392443,-0.540834159,-1.212747331,-1.361848242,-0.279049085,-1.204001059,-0.659735834,0.095177768,-0.22608865,0.957654254,7.589469527,-0.608831016,-0.290000576,1.64464567,0.014769899,0.539911348,0.105279819,-0.566579732,-0.679943092,0.170031956,0.366814598,0.035427758,-0.174880263,0.277376187,0.055151845,-0.189939574,-0.833827282,0.293151199,0.344846734,0.477356694,-0.014137273,-0.039355066,-0.077795142,-0.467683908,-0.274497882,-0.877681205,0.741728882,0.380763605,-0.080366933,1.586820305,-0.160459107,0.230304429,-0.461689633,-1.083881731,0.201789829,0.840814832,1.388798094,-0.312299458,1.33094098,0.955701427,1.886711174,1.0645162,-0.268139738,2.041334946,1.076708752,-0.591266979,0.399869788,-0.385265138,-0.083349514,-0.245476273,-0.04907358,-1.13672764,-0.542833972,-0.951170256,-0.483908354,-1.231416918,-0.557927042,-0.710050238,-0.277606357,-0.010879692,-0.322931061,0.307786125,0.229327323,-0.431626814,-0.455171619,0.027477046,-0.208675425,-1.321409433,-0.587081591,-0.179377023,0.841526448,-1.707137406,-0.901294739,0.616235323,0.053773545,-0.96993081,0.211490599,-0.220828858,-0.403479564,-0.113145698,-0.287149269,0.238473406,0.782298534,-0.503358998,-0.123133873,0.60453556,-0.68511423,-0.235819289,-0.694016696,-0.295362661,0.813019521,-0.928856115,-0.119897127,-0.695879053,0.895060611,-0.212218291,-0.022705457,2.481173663,-0.607843342,0.632723269,-0.091001886,0.318841119,-0.133785489,0.617349927,0.215265844,2.135310576,0.046970203,0.378538653,1.816818243,-0.399402736,-0.251382671,-0.044160367,0.746580262,1.411264884,0.355153544,1.139895164,-0.69519147,-0.241919315,-0.910229126,0.684086965,0.014118949,-0.02944569,0.533205392,2.555590391,0.534903666,0.565123587,-0.123190865,-0.252520855,0.208677071,-0.500805535,0.956982492,1.302171373,1.047598227,-0.634671555,2.731414067,-0.357745582,0.235332037,0.70622278,0.742658807,0.495004264,0.072350587,0.60257882,0.203207485,-0.073746476,-0.499240329,0.611403892,-0.194355503,-0.318381415,-0.866734166,0.885270623,-0.339622318,2.599755752,-0.063910584,-0.488277448,0.14754351,-0.31390214,-1.123823688,-0.611254178,-0.126959929,-0.902626334,0.30023879,-0.746209969,0.371078331,-0.23351718,-0.328248149
hsa.mir.174,0.0,0.0,0.0,0.0,0.0,0.0,0.0,0.0,0.0,0.0,0.0,0.0,0.0,0.0,0.0,0.0,0.0,0.0,0.0,0.0,0.0,0.0,0.0,0.0,0.0,0.0,0.0,0.0,0.0,0.0,0.0,0.0,0.0,0.0,0.0,0.0,0.0,0.0,0.0,0.0,0.0,0.0,0.0,0.0,0.0,0.0,0.0,0.0,0.0,0.0,0.0,0.0,0.0,0.0,0.0,0.0,0.0,0.0,0.0,0.0,0.0,0.0,0.0,0.0,0.0,0.0,0.0,0.0,0.0,0.0,0.0,0.0,0.0,0.0,0.0,0.0,0.0,0.0,0.0,0.0,0.0,0.0,0.0,0.0,0.0,0.0,0.0,0.0,0.0,0.0,0.0,0.0,0.0,0.0,0.0,0.0,0.0,0.0,0.0,0.0,0.0,0.0,0.0,0.0,0.0,0.0,0.0,0.0,0.0,0.0,0.0,0.0,0.0,0.0,0.0,0.0,0.0,0.0,0.0,0.0,0.0,0.0,0.0,0.0,0.0,0.0,0.0,0.0,0.0,0.0,0.0,0.0,0.0,0.0,0.0,0.0,0.0,0.0,0.0,0.0,0.0,0.0,0.0,0.0,0.0,0.0,0.0,0.0,0.0,0.0,0.0,0.0,0.0,0.0,0.0,0.0,0.0,0.0,0.0,0.0,0.0,0.0,0.0,0.0,0.0,0.0,0.0,0.0,0.0,0.0,0.0,0.0,0.0,0.0,0.0,0.0,0.0,0.0,0.0,0.0,0.0,0.0,0.0,0.0,0.0,0.0,0.0,0.0,0.0,0.0,0.0,0.0,0.0,0.0,0.0,0.0,0.0,0.0,0.0,0.0,0.0,0.0,0.0,0.0,0.0,0.0,0.0,0.0,0.0,0.0,0.0,0.0,0.0,0.0,0.0,0.0,0.0,0.0,0.0,0.0,0.0,0.0,0.0,0.0,0.0,0.0,0.0,0.0,0.0,0.0,0.0,0.0,0.0,0.0,0.0,0.0,0.0,0.0,0.0,0.0,0.0,0.0,0.0,0.0
hsa.mir.181a.2,1.945077041,3.144140407,1.789545902,-0.655074434,0.642688096,-0.203258379,-0.861164808,2.483651823,-0.818223045,2.54175001,-0.444809105,-0.476927285,-0.446938181,0.649511807,0.789086836,-0.53876618,2.203041267,-0.616331784,-0.528734209,4.117102202,0.035939542,-0.84265506,-0.879464307,-0.840743475,-0.102635425,-0.330766227,-0.357466493,-0.441902731,-0.179599456,-0.246833658,1.533460608,-0.025017985,-0.446220414,-0.428907892,2.981855297,-0.066597461,-0.277484709,-0.338818647,0.043993137,-0.422683815,-0.452986329,1.980641899,1.072867579,0.390072999,2.487639849,-0.141503015,-0.334640155,0.053176197,0.154309945,0.179455678,1.105534523,1.308382874,-0.390496811,1.027050838,-0.353254978,-0.322262608,-0.409211165,2.31577038,-0.279863633,-0.385428754,-0.344590663,-0.13745582,1.878310695,-0.368700658,-0.626404016,0.31161566,-0.372858138,-0.824524759,-0.839671675,-1.20462617,-1.256869987,2.733600951,-0.316511693,1.315096646,-0.757488871,0.641799167,3.280172236,-0.599273777,-0.806759035,-0.461236709,0.371915022,-1.040291665,2.981734411,-0.515449398,-0.981442016,-0.855124673,-0.157429194,2.417077897,0.795281741,-0.665171954,3.370223848,-0.795981828,-0.265574403,-0.707309441,1.600571791,-0.306933108,0.092007804,2.606882401,-0.673499996,2.155094249,-0.441174225,-0.940940896,-1.232567773,1.172643103,-0.7996342,-0.857408158,-0.989046794,-0.823311351,0.398343703,-0.757225126,-0.819916026,-0.783479566,-0.66848411,0.588724379,-0.749946121,-0.257903635,-1.114570079,-0.847742407,-0.209447184,0.814904382,-0.101355334,-1.218573727,-1.220600976,-0.293280011,-0.195502491,0.774006808,-0.687055069,1.708866481,0.338055516,1.377532689,-0.418065734,-0.716372678,-0.726102299,-1.236283741,0.306452216,0.75699605,0.593667659,-0.715945334,-0.355055014,0.197052248,0.666239472,-0.266619039,1.023810936,-1.075056259,-0.773715753,0.020085659,-0.211815657,-0.475668065,0.852327116,1.26341888,0.824834977,0.797588487,-0.177219765,0.689833905,-1.335533926,-1.191262961,0.031318175,0.645080986,0.033727967,0.248384357,0.53685919,-0.123864855,0.104139564,0.017979695,0.813882384,1.109244977,-0.486194374,-1.011524458,-1.09445143,0.970862208,-0.749765068,-1.223578674,-0.323867103,-1.260092412,0.552148967,1.821721441,-0.790759655,-0.202795984,-0.729075931,-0.019042619,-0.536105296,-0.189298332,-0.665954311,0.07429346,-0.063807448,-0.702560054,-0.828090308,-0.83233251,-0.662211969,-0.759628847,0.280663355,-0.977625798,-0.005512239,-1.158085314,-0.112050463,0.842280644,1.545851436,-0.836554434,-0.793619904,-0.423271875,-0.000718751,-0.710204438,0.425636232,1.435102193,-0.124378802,0.834552178,-0.050502288,0.188987446,-0.886159081,-1.022458204,1.228049426,-0.808886085,-0.303620094,-0.95584279,-0.88072234,-0.621711646,-0.424248762,0.094831831,-0.346799047,1.267333097,-0.419204577,0.140727693,-0.274962305,1.31225718,1.828976516,-0.681641772,-0.399266824,-1.043950433,-0.692868716,0.852798833,2.397538528,1.499039248,-0.547099244,-0.568810024,-0.945216001,-0.866235044,-1.102722577,0.275108727,1.494819595,-0.332962338,0.029212538,1.801612457,2.000767825,0.323987216
hsa.mir.1249,2.167100648,0.575932331,0.018380304,0.120524262,-0.826328811,0.072965595,-0.114496389,-0.110594448,-0.778301132,0.965801533,0.125470993,-1.458059861,-1.103826409,-0.085254006,-0.294432712,-0.367060837,-0.651653709,-1.754886271,0.01908361,-0.235747009,-0.233609945,-0.354149568,0.357552865,1.987143649,-0.703125827,-0.566406486,0.220099208,-0.80916074,0.414766372,-0.644018343,1.128235872,-0.687379591,0.575854565,0.757713364,-0.233522888,-0.155630442,-0.943255618,-2.136382237,-1.298474443,0.270376962,0.059020181,-1.473693268,1.307042929,-0.478955088,-0.446465546,-1.067863379,-1.029440614,0.394476673,0.520785861,0.895245021,-0.856139902,-1.366092584,0.075611091,0.95573344,1.492730403,-0.18674888,-0.803043303,0.217706923,-0.796483033,-0.638404993,2.605425823,-0.817441692,-0.220841926,-0.812888894,-0.076653278,0.92529269,-0.192781731,0.290729853,0.932823018,0.722594774,-1.780799861,-1.408375461,-1.453504925,-0.544118182,0.288182117,-1.229576529,-1.068000099,0.029585308,0.074302098,1.453932974,0.359517983,0.154163205,0.076300294,-0.923525848,1.085670534,-0.687646471,0.382679309,0.322455992,0.573077198,-0.885705097,-0.088130447,-0.397178222,-0.676216926,-0.220907747,-0.379137412,-0.696254854,-0.482324566,-0.2832408,0.261424602,0.342488028,0.362318622,-0.283520752,-0.471514836,0.241123792,-1.329464068,-0.402353296,-1.029926535,0.728494749,-0.064943068,-0.962295318,-1.156549974,-1.551271643,-1.052654986,-0.98141108,-0.092346785,0.737974246,-0.335157404,0.38054853,-0.096081259,-0.962555505,0.619361664,-0.229313499,-0.585395725,0.809916177,1.088931624,-1.055369768,1.092314973,0.576045609,-0.372248584,0.70757966,0.507424036,0.251886987,-1.228116468,0.645745984,-0.821432631,0.453789,-0.357156404,-1.540834106,-0.245184388,-0.751017002,-0.920029198,-0.722359085,-0.853872018,-1.390348168,1.095218114,-0.286929872,-1.109924397,0.809532937,-1.07929306,-0.178394673,0.579763586,-0.901161149,0.276985481,-0.372356706,0.414235297,0.574446046,0.676869562,0.738490776,0.058474666,-0.74419932,0.376988076,-0.501145234,0.616522791,0.533118585,-0.661705425,-0.683966355,-0.598185522,-0.86365565,0.46082908,0.708038207,-0.867509458,0.217573693,-0.08055457,-1.413552084,-0.306717478,1.739434545,0.051017833,-0.923596681,-1.005076284,0.064329191,-0.719377648,0.226759464,-0.82568006,-0.277735022,-0.036505009,-0.46883801,0.372883481,-0.41515238,0.401012179,0.636841794,-0.312632042,-0.798476326,0.623542921,0.649205061,-0.893921505,-0.90071779,-0.242236285,-0.818941781,1.170287849,-0.656471677,-1.08200693,-0.119924752,-0.119870441,-0.188921064,-1.3796287,0.539100147,-0.116991731,-0.512573474,0.629535092,0.35948625,-1.059716383,-0.455971474,0.244065978,-0.876143496,-0.654590277,-1.142321329,-0.344417612,0.743081078,-0.685421932,-0.553831099,1.151916024,1.175700405,-0.695455917,-1.18838995,-0.514166634,0.84250329,-0.32802216,1.658159295,0.012659199,0.135962329,1.946034184,0.640423643,-1.145292593,-0.690427822,-1.433721376,-0.291160572,-1.117652042,-0.538666369,-0.280745102,0.920393711,-0.821069347,1.296473515,0.378584575,0.864776429
hsa.mir.29b.2,1.25064239,0.22639362,-1.1158931,0.228857578,0.895056668,0.561070575,-0.152981057,-0.425778248,0.248356608,-1.084880373,0.027203962,-0.160567626,0.33302038,-0.511760422,-0.300065474,-0.568339245,-0.222275894,0.964160025,-0.016428454,-0.423502938,0.760777104,0.325947109,0.922504345,1.103875137,-0.838326811,2.702218525,1.685005216,-0.769931626,2.126532648,1.344850001,1.798470495,-0.212906249,-0.408046198,-1.01682445,0.965859072,1.021034206,-0.697117979,0.067582333,1.812391344,0.81523784,2.69526046,0.164334873,-1.029419636,0.090616695,0.708901087,0.104866375,-0.66979693,1.499332406,-0.060425174,0.643130005,-0.05938055,-0.651328473,0.842357698,-0.467221227,0.513396565,-0.483096805,-0.572719807,1.704507371,-0.09258339,-0.650053322,-0.349484569,-0.724448898,-0.019143823,-0.244454596,0.132056706,0.609387589,1.051606627,-0.017670965,-0.121621628,-0.635515118,-0.28417888,0.458521668,-0.827400594,-0.492884592,-0.772083142,-0.825391801,0.827515705,-0.439749384,0.14577769,8.409402824,0.995907068,-0.093182132,-0.000111513,-0.533843541,-0.228015501,-0.178308263,0.48390278,-0.746320282,-0.341643689,0.035735818,0.698822101,0.0231884,0.261740871,0.338868878,-0.084949344,-0.238480483,-0.604771583,0.422805955,0.961313308,0.319380997,-0.033485736,-0.161951533,-0.004155871,-0.135578152,-0.04344412,0.68546832,-0.391435202,-0.172740468,1.334905532,0.511719795,-0.565567565,0.11477328,-0.729258504,-0.705967628,0.228181529,-0.180838401,-0.037067758,-1.286810442,-0.519800605,2.150065539,0.808400356,-0.205200381,0.726801486,-0.383943092,-0.101463566,-0.398938238,-0.391308125,0.330644317,-0.217761804,-0.737376152,-0.642030583,-0.473656282,-0.686919784,-0.322231722,-0.845475928,-0.582552216,-0.001194509,-0.102108616,-0.354930098,-0.23998288,-0.18474251,0.126408794,-0.103597727,-0.54104616,-0.045005862,0.040735534,-0.218149823,-0.380221674,0.027080954,-0.293443568,0.183611828,0.268326697,0.74836326,0.659532256,0.019021169,1.407981807,-0.738393733,0.132851223,-0.025740686,-0.298222895,1.674394319,-0.445372614,0.223935574,-0.725020822,0.941951852,-0.202525071,0.166660425,-0.386368048,-0.437603669,0.522355015,1.071389281,-0.273958565,-0.516346402,0.185844023,1.503252138,0.173589873,0.962732462,-0.41020693,0.696708801,-0.275115631,-0.325152374,-0.530213705,0.160677343,0.297599644,6.767147329,1.978415028,0.06568342,-0.009422688,-0.853979505,0.511386109,0.001333988,-0.006807421,0.47858653,0.830934571,-0.767497566,-0.731439962,0.326051031,-1.006432256,-0.131423734,-0.83818265,-0.33026896,-0.442630315,-0.05261091,-0.378652064,2.711314549,-0.121800588,-0.738106062,1.006874692,-0.356239755,1.079197476,1.308813527,-0.381494847,-0.499852727,-0.33034357,-0.051913842,-0.521380534,-0.121524382,1.368612272,0.385944977,-0.481380471,1.103456703,-0.205725278,0.472434154,0.365764683,-0.389827399,-0.342519424,-0.126159187,0.856025158,0.180357378,-0.492565135,4.854692826,-0.665137037,1.332439528,-1.236240755,0.30983554,-0.268422825,-0.671501642,1.179892116,1.088347316,0.094327435,-0.105956503,0.346137901,0.403700428,-1.107896999
hsa.mir.141,-1.209226796,0.312432151,-0.29912852,1.112289837,1.746123091,1.232315668,-0.751123478,0.95826305,1.063048101,-0.868409398,0.459046012,-0.172066498,-0.369593738,-0.267476983,0.155221346,0.822782097,0.79701936,-2.57394745,-0.28859246,0.169799157,-0.94151053,-0.249848462,-0.561410967,0.607884284,-1.572268281,1.333973953,0.648655313,1.416815991,-0.382310295,0.704523247,-0.660083381,-0.758397666,1.189845379,0.39622583,-1.268034263,0.070278796,-0.263260951,-0.457115582,-0.611074226,0.373495044,1.668049748,1.145975191,-0.00364037,0.450129537,-0.193811678,0.950762092,-0.253592485,-1.069039688,0.62876154,0.640661609,-0.218958995,1.59175797,0.163024313,-0.530847402,0.312237767,-1.757378783,-1.404460838,-1.107268574,-0.030768008,1.006739126,-0.830580592,-1.38015605,0.226631736,0.525969577,-0.443582847,0.529186811,1.091399186,-0.811810995,0.143853409,-0.947949402,-1.776262322,0.917375259,1.22820183,1.141641926,0.76280282,1.278335512,0.453393999,-0.630162957,-0.152281591,-1.053977137,0.329315757,0.371977863,0.026229507,0.706333227,-0.419310131,0.518604547,-2.509825803,0.433037612,-0.339115125,0.970270749,1.340935507,0.637838853,0.275721155,-0.375629758,-0.61043612,-0.617786866,0.572867874,0.746363385,1.412391766,-0.635391103,-0.815458585,-1.022419451,-0.202809456,0.470562215,0.658691747,0.317411845,0.607406575,-0.383165293,-0.181222087,1.918506204,2.454029997,-0.924549251,-0.678175201,0.230970717,0.851841834,-0.033776562,0.8008685,-0.1254285,-0.757235754,0.38056272,0.226827865,-0.147313988,1.46655354,-0.749168594,0.484292028,0.395616391,0.929454158,-0.000126596,0.537848614,-1.467919423,1.530982051,-0.346281512,-3.549539943,-0.006664422,0.814354402,-1.002934966,-0.064755685,0.328545601,-0.13517474,0.804353523,-0.008023258,-2.679785932,1.728835612,-0.70688981,0.896739553,0.473993362,-1.506452491,1.356246582,2.488566401,-1.704821096,1.512281272,1.988011681,-0.089672839,-0.382766167,-0.208410139,0.268541231,-0.074230053,-0.927460736,0.536654884,0.545874796,-0.044973322,-0.955433715,0.141298059,-0.519496401,1.65494624,-0.027778759,1.576209095,-0.139409297,-0.067967485,0.007433828,0.161610726,0.48787596,0.160838055,1.910863283,0.546807561,-1.010078159,-0.291374794,-0.079052963,0.805347328,-0.037858119,0.74167456,0.189161534,1.321885965,0.066027024,0.11677821,1.556527187,0.389754448,1.02670241,0.731931044,0.004425858,-0.357684918,-0.24110543,0.359743775,-0.729148376,0.929981114,0.402115438,0.942296876,1.138175987,-0.267668251,-1.019085608,0.242014989,-0.202283615,-0.406260574,0.065569756,0.577392853,-0.540575495,-0.314270209,-0.24095987,0.183075724,-1.217225087,-1.611881057,0.355886262,-0.770464032,0.480405856,-0.138393996,0.769657494,0.575603395,-0.547026754,-0.355274321,-0.989956674,1.620056777,-1.403988614,0.314873817,-0.504616075,0.146388366,-1.096617215,-0.469754019,0.02943945,0.369913839,0.563996477,0.02114909,-0.15494368,0.253330793,0.920818935,0.125539727,0.657500088,0.044033735,0.045737634,-0.537345056,0.373796963,-1.051822728,-0.77850819,0.522469033,-0.040965406
hsa.mir.508,1.096116466,0.565120447,-0.264182786,0.304538597,0.842117214,1.363847675,-0.347290817,0.098670252,-1.279682466,-0.824799273,0.056031234,1.58784816,1.793367444,-1.028424429,-0.332622761,-0.533870512,0.573696924,0.525171672,0.396311736,-0.419935348,0.24386158,-0.741854277,0.155149558,-0.26699521,-0.08394945,-0.285128686,0.455763308,-0.516766076,0.848933139,0.023079181,-0.147742846,-0.232858366,1.356674587,-0.888645358,1.947442099,-0.326005715,-0.791036397,-0.891060144,0.889700081,1.045688344,0.414166503,0.12067443,-1.425897427,-0.625289522,1.760519371,-0.841507408,0.274026316,0.919180168,0.033162247,-0.495840573,3.966776763,1.351348786,-0.624555776,1.078829756,-0.070164445,1.587181152,3.859176004,-0.07121472,-0.243207807,-0.96746517,-0.210894981,-1.289438085,0.059612849,-0.072766394,-0.287261689,0.447920877,-0.053021071,0.180954008,0.044693785,-0.825670328,-0.634377734,0.175917555,-1.233659136,-0.487592042,-1.133882486,-0.967330476,0.11465424,-0.843368906,0.431406771,6.739396514,-0.919123909,-0.50326459,-0.275874505,0.108101837,0.470921066,0.382797417,-0.068278878,-1.158014039,-0.72645966,0.531634226,0.206110172,-0.500267857,-0.498606236,-0.115162426,-0.363232275,0.131614361,3.546987966,-0.315527267,0.165639462,0.838559249,-0.606495025,-0.852214332,-0.498676028,0.120132418,-0.464180005,-0.238902086,0.168057221,0.359591743,1.730894252,-0.064893168,0.386553842,-1.307178753,-1.236423401,0.070741181,0.738798686,-0.282129597,-0.222386024,1.752039869,0.883095848,0.391077701,-0.127888734,-0.461162256,-0.146951163,0.415682911,0.007956548,0.44771601,-1.351138314,-0.112692038,0.551171629,-0.00123299,-0.793218336,-0.567842405,0.895577913,-0.332774739,-0.320862049,-0.03271304,-0.227424234,-0.380236583,-0.194800646,-0.055072587,0.001364489,0.131080173,-0.540566511,-1.014478664,-0.477660675,-0.033131055,0.12109506,-0.25906724,0.497932221,0.266570746,0.390151942,0.001091347,2.557935495,0.026299501,0.964643364,0.59317621,-0.775069892,0.043611796,-0.147047898,0.213905662,-0.025239588,0.695758178,-0.140390338,0.643986043,0.781115386,0.121389236,0.425635873,-0.342295516,1.346108404,-0.117808602,0.191812971,-0.263228826,1.428298479,-0.269926262,-0.245186257,0.379395143,0.560387072,-0.125761779,0.179616082,-0.552227774,-0.341366643,-0.266293596,0.562864944,0.589042105,4.667939277,-0.162955029,-0.336342104,0.04004978,-0.095823762,-0.56320782,-0.238681074,1.581703014,0.702846646,0.106563355,0.094805457,-0.224290691,-0.151142946,0.019520039,-0.834514478,-0.835543718,-0.417093666,-0.391168272,-0.361773545,0.168752609,1.3052855,0.927063053,-0.790513744,0.751103027,-0.960739514,1.85975784,1.333774066,0.931957387,-0.624540149,0.644616208,-0.449310157,-1.204171047,0.669713377,1.015656088,-0.099195841,-0.131902813,1.850773986,-0.476636384,0.33401535,-0.127370991,-0.117785711,-0.561335366,-0.366415634,-0.131347808,-0.624341669,0.042651171,2.54394734,-0.389876288,0.969909731,-1.242148616,-0.757499862,0.720436194,-0.405744861,-0.937303707,0.27682475,0.000263441,-1.426388187,0.547602807,0.030287974,-0.2104136
