,TCGA.CS.4938.01,TCGA.CS.4941.01,TCGA.CS.4942.01,TCGA.CS.4943.01,TCGA.CS.4944.01,TCGA.CS.5390.01,TCGA.CS.5393.01,TCGA.CS.5394.01,TCGA.CS.5395.01,TCGA.CS.5396.01,TCGA.CS.5397.01,TCGA.CS.6186.01,TCGA.CS.6188.01,TCGA.CS.6290.01,TCGA.CS.6665.01,TCGA.CS.6666.01,TCGA.CS.6667.01,TCGA.CS.6668.01,TCGA.CS.6669.01,TCGA.CS.6670.01,TCGA.DB.5270.01,TCGA.DB.5273.01,TCGA.DB.5274.01,TCGA.DB.5275.01,TCGA.DB.5276.01,TCGA.DB.5277.01,TCGA.DB.5278.01,TCGA.DB.5279.01,TCGA.DB.5280.01,TCGA.DB.5281.01,TCGA.DB.A4X9.01,TCGA.DB.A4XA.01,TCGA.DB.A4XB.01,TCGA.DB.A4XC.01,TCGA.DB.A4XD.01,TCGA.DB.A4XE.01,TCGA.DB.A4XF.01,TCGA.DB.A4XG.01,TCGA.DB.A4XH.01,TCGA.DB.A64L.01,TCGA.DB.A64O.01,TCGA.DB.A64P.01,TCGA.DB.A64Q.01,TCGA.DB.A64R.01,TCGA.DB.A64S.01,TCGA.DB.A64U.01,TCGA.DB.A64V.01,TCGA.DB.A64W.01,TCGA.DB.A64X.01,TCGA.DB.A75K.01,TCGA.DB.A75L.01,TCGA.DB.A75O.01,TCGA.DB.A75P.01,TCGA.DH.5140.01,TCGA.DH.5141.01,TCGA.DH.5142.01,TCGA.DH.5143.01,TCGA.DH.5144.01,TCGA.DH.A669.01,TCGA.DH.A66B.01,TCGA.DH.A66D.01,TCGA.DH.A66F.01,TCGA.DH.A66G.01,TCGA.DH.A7UR.01,TCGA.DH.A7US.01,TCGA.DH.A7UT.01,TCGA.DH.A7UU.01,TCGA.DH.A7UV.01,TCGA.DU.5847.01,TCGA.DU.5849.01,TCGA.DU.5851.01,TCGA.DU.5852.01,TCGA.DU.5853.01,TCGA.DU.5854.01,TCGA.DU.5855.01,TCGA.DU.5870.01,TCGA.DU.5871.01,TCGA.DU.5872.01,TCGA.DU.5874.01,TCGA.DU.6392.01,TCGA.DU.6393.01,TCGA.DU.6394.01,TCGA.DU.6395.01,TCGA.DU.6396.01,TCGA.DU.6397.01,TCGA.DU.6399.01,TCGA.DU.6400.01,TCGA.DU.6401.01,TCGA.DU.6402.01,TCGA.DU.6403.01,TCGA.DU.6404.01,TCGA.DU.6405.01,TCGA.DU.6406.01,TCGA.DU.6407.01,TCGA.DU.6408.01,TCGA.DU.6410.01,TCGA.DU.6542.01,TCGA.DU.7006.01,TCGA.DU.7007.01,TCGA.DU.7008.01,TCGA.DU.7009.01,TCGA.DU.7010.01,TCGA.DU.7012.01,TCGA.DU.7013.01,TCGA.DU.7015.01,TCGA.DU.7018.01,TCGA.DU.7019.01,TCGA.DU.7290.01,TCGA.DU.7292.01,TCGA.DU.7294.01,TCGA.DU.7298.01,TCGA.DU.7299.01,TCGA.DU.7300.01,TCGA.DU.7301.01,TCGA.DU.7302.01,TCGA.DU.7304.01,TCGA.DU.7306.01,TCGA.DU.7309.01,TCGA.DU.8158.01,TCGA.DU.8161.01,TCGA.DU.8162.01,TCGA.DU.8163.01,TCGA.DU.8164.01,TCGA.DU.8165.01,TCGA.DU.8166.01,TCGA.DU.8167.01,TCGA.DU.8168.01,TCGA.DU.A5TP.01,TCGA.DU.A5TR.01,TCGA.DU.A5TS.01,TCGA.DU.A5TT.01,TCGA.DU.A5TU.01,TCGA.DU.A5TW.01,TCGA.DU.A5TY.01,TCGA.DU.A6S2.01,TCGA.DU.A6S3.01,TCGA.DU.A6S6.01,TCGA.DU.A6S7.01,TCGA.DU.A6S8.01,TCGA.DU.A76K.01,TCGA.DU.A76L.01,TCGA.DU.A76O.01,TCGA.DU.A76R.01,TCGA.DU.A7T6.01,TCGA.DU.A7T8.01,TCGA.DU.A7TA.01,TCGA.DU.A7TB.01,TCGA.DU.A7TC.01,TCGA.DU.A7TD.01,TCGA.DU.A7TG.01,TCGA.DU.A7TJ.01,TCGA.E1.5302.01,TCGA.E1.5303.01,TCGA.E1.5304.01,TCGA.E1.5305.01,TCGA.E1.5307.01,TCGA.E1.5311.01,TCGA.E1.5318.01,TCGA.E1.5319.01,TCGA.E1.5322.01,TCGA.E1.A7YO.01,TCGA.E1.A7YV.01,TCGA.E1.A7YW.01,TCGA.E1.A7Z6.01,TCGA.EZ.7264.01,TCGA.F6.A8O3.01,TCGA.F6.A8O4.01,TCGA.FG.5962.01,TCGA.FG.5963.01,TCGA.FG.5964.01,TCGA.FG.5965.01,TCGA.FG.6688.01,TCGA.FG.6689.01,TCGA.FG.6690.01,TCGA.FG.6691.01,TCGA.FG.6692.01,TCGA.FG.7634.01,TCGA.FG.7636.01,TCGA.FG.7638.01,TCGA.FG.7641.01,TCGA.FG.7643.01,TCGA.FG.8181.01,TCGA.FG.8182.01,TCGA.FG.8185.01,TCGA.FG.8186.01,TCGA.FG.8187.01,TCGA.FG.8188.01,TCGA.FG.8189.01,TCGA.FG.8191.01,TCGA.FG.A4MT.01,TCGA.FG.A4MU.01,TCGA.FG.A4MW.01,TCGA.FG.A4MX.01,TCGA.FG.A4MY.01,TCGA.FG.A60J.01,TCGA.FG.A60K.01,TCGA.FG.A60L.01,TCGA.FG.A6IZ.01,TCGA.FG.A6J1.01,TCGA.FG.A6J3.01,TCGA.FG.A70Y.01,TCGA.FG.A70Z.01,TCGA.FG.A710.01,TCGA.FG.A711.01,TCGA.FG.A713.01,TCGA.FG.A87N.01,TCGA.FG.A87Q.01,TCGA.FN.7833.01,TCGA.HT.7467.01,TCGA.HT.7468.01,TCGA.HT.7469.01,TCGA.HT.7470.01,TCGA.HT.7471.01,TCGA.HT.7472.01,TCGA.HT.7473.01,TCGA.HT.7474.01,TCGA.HT.7475.01,TCGA.HT.7476.01,TCGA.HT.7477.01,TCGA.HT.7478.01,TCGA.HT.7479.01,TCGA.HT.7480.01,TCGA.HT.7481.01,TCGA.HT.7482.01,TCGA.HT.7483.01,TCGA.HT.7485.01,TCGA.HT.7601.01,TCGA.HT.7602.01,TCGA.HT.7603.01,TCGA.HT.7604.01,TCGA.HT.7605.01,TCGA.HT.7606.01,TCGA.HT.7607.01,TCGA.HT.7608.01,TCGA.HT.7609.01,TCGA.HT.7610.01,TCGA.HT.7611.01,TCGA.HT.7616.01,TCGA.HT.7620.01,TCGA.HT.7676.01,TCGA.HT.7677.01,TCGA.HT.7680.01,TCGA.HT.7681.01,TCGA.HT.7684.01,TCGA.HT.7686.01,TCGA.HT.7687.01,TCGA.HT.7688.01
hsa.mir.110,0.0,0.0,0.0,0.0,0.0,0.0,0.0,0.0,0.0,0.0,0.0,0.0,0.0,0.0,0.0,0.0,0.0,0.0,0.0,0.0,0.0,0.0,0.0,0.0,0.0,0.0,0.0,0.0,0.0,0.0,0.0,0.0,0.0,0.0,0.0,0.0,0.0,0.0,0.0,0.0,0.0,0.0,0.0,0.0,0.0,0.0,0.0,0.0,0.0,0.0,0.0,0.0,0.0,0.0,0.0,0.0,0.0,0.0,0.0,0.0,0.0,0.0,0.0,0.0,0.0,0.0,0.0,0.0,0.0,0.0,0.0,0.0,0.0,0.0,0.0,0.0,0.0,0.0,0.0,0.0,0.0,0.0,0.0,0.0,0.0,0.0,0.0,0.0,0.0,0.0,0.0,0.0,0.0,0.0,0.0,0.0,0.0,0.0,0.0,0.0,0.0,0.0,0.0,0.0,0.0,0.0,0.0,0.0,0.0,0.0,0.0,0.0,0.0,0.0,0.0,0.0,0.0,0.0,0.0,0.0,0.0,0.0,0.0,0.0,0.0,0.0,0.0,0.0,0.0,0.0,0.0,0.0,0.0,0.0,0.0,0.0,0.0,0.0,0.0,0.0,0.0,0.0,0.0,0.0,0.0,0.0,0.0,0.0,0.0,0.0,0.0,0.0,0.0,0.0,0.0,0.0,0.0,0.0,0.0,0.0,0.0,0.0,0.0,0.0,0.0,0.0,0.0,0.0,0.0,0.0,0.0,0.0,0.0,0.0,0.0,0.0,0.0,0.0,0.0,0.0,0.0,0.0,0.0,0.0,0.0,0.0,0.0,0.0,0.0,0.0,0.0,0.0,0.0,0.0,0.0,0.0,0.0,0.0,0.0,0.0,0.0,0.0,0.0,0.0,0.0,0.0,0.0,0.0,0.0,0.0,0.0,0.0,0.0,0.0,0.0,0.0,0.0,0.0,0.0,0.0,0.0,0.0,0.0,0.0,0.0,0.0,0.0,0.0,0.0,0.0,0.0,0.0,0.0,0.0,0.0,0.0,0.0,0.0,0.0,0.0,0.0,0.0,0.0,0.0,0.0,0.0,0.0
hsa.mir.616,-0.923011697,-0.309827183,0.773307856,1.193449363,0.154355426,0.444708901,0.390440545,0.550378248,-0.368669909,0.467519303,-2.123659391,0.711589923,-1.16338428,-0.797649123,-1.812086571,0.95089593,-0.921255961,1.318870377,-2.866499333,-0.650978301,-0.33745583,0.512685814,-0.550986332,0.028550647,-1.146623081,0.565953272,-0.944078898,-0.719725905,-2.250643982,-1.873048399,1.919127895,0.930096953,1.183733931,1.293395094,1.955817349,2.255518871,0.854188767,1.063683928,-0.635887389,0.57410686,0.057441943,0.377804216,1.151208321,0.822065437,0.738882053,0.764996398,0.482631996,1.486982694,0.759887962,0.834927612,-0.749454314,-0.037841911,-1.304634699,-0.302043322,-2.59268265,1.194452541,0.060345816,-0.620255094,2.221962833,0.931430051,1.055568696,0.594974811,0.211271289,0.155478983,0.96294201,0.081002878,0.29214693,0.193823282,0.181049589,-1.079508852,-2.155353425,-0.660070044,-1.125692819,-0.995614946,-0.521251785,-1.419016572,-1.290565591,-1.650849262,-1.28827457,-1.291133779,-1.065437702,-0.142398135,-0.628574244,-0.446731064,-1.404127092,-0.373047448,-1.277450057,-1.362287354,-1.751731586,-0.589237471,-1.171998668,-1.311237871,-0.32270339,-0.10651286,0.340515412,-0.286127776,0.106068577,-0.500835386,-0.606369239,1.18014658,0.400742007,1.440960715,-1.140350267,0.352403578,0.855117944,0.96942161,-0.610061783,0.182463445,-0.433433146,-0.801095289,-0.162237639,0.124689051,-0.639091947,0.821283656,0.104814429,-0.969234636,0.186735818,-1.151526969,-0.754086493,-0.722083655,-2.333936023,-0.04706951,-0.4086468,0.979551852,0.409558193,-0.984082046,0.166464222,0.418929894,0.579707649,0.439610194,1.439536323,1.950574829,2.782723982,1.060800927,-0.348768236,-0.180735989,0.268293956,0.638252892,0.250664858,0.374587075,0.721482404,-0.010245547,-0.067548547,0.958690035,0.843084539,0.865084525,0.143108211,-0.098621048,1.067294386,-1.639169061,1.212111881,0.77839328,0.762830453,-1.019423852,0.157076893,0.239990495,-2.201054535,-1.386121969,-0.57222907,0.998642144,-0.380237404,1.222779736,0.757706881,0.002680667,0.675181255,-1.321406428,-1.181603788,-2.387715684,-1.916638689,-1.414263877,-0.69439364,-2.089297529,-0.435563935,0.211750633,0.997444091,0.393580891,0.599689085,0.603365318,-1.071420495,-1.152504882,-1.307611654,-2.527566051,-0.35135096,-0.115155896,0.222811182,-1.288983351,0.088233947,-1.668693714,-0.482795855,2.086730586,1.195168799,0.639715172,0.290246661,0.853102107,0.59676171,1.988442379,0.169865394,1.310657377,0.459272854,0.568559752,-0.363657774,0.423955092,0.496643499,1.445509724,-1.601146776,1.393326374,-0.160784451,0.531556321,-0.918171158,0.625409056,1.386566772,-0.533883442,-0.56648919,0.089466518,0.222522627,-1.818093038,0.25156131,-1.752562338,2.488617121,0.310066894,0.012797174,-0.370314697,0.175001215,-0.011668476,-0.055483651,-0.30918526,0.058223737,-0.255911031,-0.88053799,2.251708093,-0.577740874,1.071784335,-1.296936529,-0.773080861,0.367573284,0.243969772,-0.088730341,-0.750039558,-0.665117959,0.336849387,-0.152351596,-0.992517371,-1.154934588,-1.013257727,0.184518983,-0.20932137,-1.416410395
hsa.mir.335,-2.181181167,-2.144025274,-0.353801293,0.724571682,0.223039299,0.825853708,0.69845757,1.505819588,-1.697090599,1.600213171,-2.123693075,-2.953600774,-2.335786604,-0.557913579,-0.960479434,-0.4838976,-0.324620803,-0.461039883,1.320216424,1.057034867,0.979268979,1.149602741,0.848099027,-0.124240275,0.834142415,0.074245615,0.632742254,0.327541483,-0.332525218,1.141415331,0.182298993,1.214287472,1.079537017,-0.670376624,0.775867147,0.943957422,0.543845007,0.971805848,0.79524122,0.150738981,-2.296765115,0.675160498,1.184939971,0.9462011,0.22624351,0.748859748,0.525685336,0.949861477,0.565541318,0.300725608,0.561508877,-0.03716791,0.876012456,-0.436729725,1.874095545,0.27326677,0.946750947,-0.091245319,0.592145054,-0.853763679,0.534075467,0.369665756,1.441425177,-0.1617415,0.713574191,0.546451161,-0.12230269,0.275532784,-2.495205777,-1.133902262,-0.578677964,-2.1585327,-0.761431033,-1.324893008,-1.378132941,0.024237693,-0.531138467,-1.669556313,-0.727281336,-0.713565553,-1.146166335,-1.374336467,-0.132775492,-1.177365669,-0.858368859,-0.382671275,-1.284324979,-0.801379771,-0.996051645,-1.050622667,-0.606036075,-3.662648412,-3.959322081,-0.5829955,-0.97610333,-1.149544641,0.161632512,-1.643901587,-1.234841616,0.262793847,0.971877917,0.015799401,-2.445063163,-1.994094284,0.387507548,0.722985522,-0.010035238,-0.942886351,0.129380848,0.74405248,0.014947064,0.456389237,-0.018126617,-1.445912028,-0.169818976,-0.411750189,0.026982884,0.014841058,-2.151213539,-2.045769924,0.550232284,0.291313053,-0.037412869,-1.970171388,-0.197360654,0.146874136,-0.307094992,-0.238649505,-0.071996429,1.141226268,-0.561786127,-0.514589582,0.582742747,-0.668407412,0.754911253,0.799117839,0.925200078,0.537842774,0.210744936,-0.044040563,-1.015830292,0.599694901,-0.007674766,0.107044495,0.506248491,1.193027093,1.497277942,0.73639226,-1.638103614,0.866884147,-0.537342627,0.419320428,0.029907737,-0.618773785,0.305435502,-0.439067404,0.587519779,0.445729789,-0.234518065,0.221223456,-0.512221353,-1.860109572,0.343075787,0.037394665,0.322605497,0.767690389,0.824738328,-1.107299011,-0.859449678,-0.39008417,-1.195106827,-1.294072039,0.481953371,0.944203041,0.53979228,-2.081992558,-0.302009701,0.476067229,0.157608364,-0.330007708,0.123091507,-0.002814928,0.603272314,-0.923873985,0.228597808,0.026722371,0.118638284,1.294891552,0.073853961,1.086352778,-1.072007307,0.53135274,0.599662197,0.98635807,0.403928903,0.535519824,0.199784677,0.511805428,0.105674827,-0.684391728,0.587777743,-0.93832746,0.177103699,0.656834434,1.10963965,0.864110099,-0.535216244,0.067773054,1.936834652,0.815857046,-1.835750087,0.728015615,-1.40878988,-0.246685541,-0.391089886,-0.575997933,0.171133354,-0.538104652,0.454971055,0.727699541,1.574378163,0.012764126,1.379077711,-0.126506625,-0.232501832,-0.734064035,0.564044264,0.751603179,0.246775394,0.798470993,0.659858407,-0.971683327,1.198843991,0.477837368,-0.167389216,0.999625486,-0.892433352,-0.937576115,0.605847036,0.090197554,0.486826654,-0.295025902,0.504958384,0.061469361,-0.911082409,-0.92147576,0.271645483
hsa.mir.485,1.413757309,1.108388785,0.854626462,0.305214577,0.622698505,0.297882826,1.222338936,-0.374687703,0.835290404,-0.773338689,0.056337812,0.304024937,0.223653516,-0.258101587,1.666079558,0.77733254,0.602589049,-0.751472079,-2.719128352,0.067965435,-0.584545936,-0.228310113,0.137204059,-1.675456383,-0.546993615,-0.10901541,0.099279334,0.668497171,0.231007636,1.210617791,0.465348436,-0.236473047,0.264395565,0.081110063,-0.327511608,-0.396906573,-0.606213498,-0.159762305,-2.65713059,-0.296650396,-0.263445931,-4.142515622,-0.630712857,-1.254664657,-0.49587775,-0.643179932,0.133212954,0.879895808,-0.050053135,-0.174252418,1.108449899,-4.087036319,-1.390075223,2.104524333,1.177492646,-0.237766715,0.082935209,1.155727017,0.493587072,0.147371576,-1.062532871,-1.319802416,-0.801878251,0.109953333,-0.325982079,-0.9317288,0.117325124,-0.459352224,2.570658854,-0.147094387,-0.774310416,0.282306756,-0.431179844,0.360810305,1.092709588,1.06454743,1.20850087,1.00018157,2.191785719,2.729344221,2.578842152,0.15649724,1.496194002,0.701264474,0.185892306,1.872008825,2.057985556,2.191944611,1.556792438,3.197813328,1.422235492,1.257468757,2.553999166,1.579913869,-0.82212643,1.503986422,-1.092353527,0.287119978,0.149189745,-0.902693426,-0.565713218,0.046094229,0.011446104,1.277488911,-0.227796964,0.855779719,-1.116749773,0.214298517,0.04016542,0.635593301,-0.165050336,0.556766954,-1.09661688,-0.066354644,-0.42733681,-0.219873586,-0.56308667,-0.386356456,0.342865301,1.262678186,-0.183121489,-0.289110946,-0.929912716,1.863930443,0.413645371,0.177353195,-0.301107742,0.285143031,-2.080897181,-0.418363154,-0.308327913,0.295609972,1.811254438,2.875854855,1.012710515,0.384906768,-0.250397982,1.319464273,-0.55674701,-0.056440071,1.397042152,-0.157875195,-0.792599817,0.381435947,0.431584617,0.993828297,-1.088161305,-0.8522484,-1.281532357,-1.287240775,0.525737221,-1.051961253,-0.750212276,2.704382599,-0.229274189,-0.41301279,0.767239556,1.804072213,0.468402885,-0.092486352,-0.128791874,0.151987496,-0.864660073,-1.719860076,0.168573929,-0.969216646,-0.266926766,-0.26180808,1.169125801,0.63796229,1.066650066,0.664755911,-1.112494029,-0.516516172,1.107682284,1.230820173,0.942742851,-0.324550767,-0.053727762,-1.262486649,-0.966602366,-0.219940602,-0.291486314,0.009693964,-0.130249159,-0.615399562,0.408319594,-0.66961456,0.554185157,0.091108111,0.561483709,0.468132267,0.058661579,0.498106014,-0.185869325,0.522380373,0.056318175,0.486644867,-0.438107971,-0.358153427,0.441856284,0.66723953,-0.03765211,-0.556546553,-0.578018235,0.635227512,0.419932801,0.0467474,-0.974758116,0.326647466,1.245894643,0.144944456,1.10952065,-2.543183753,0.679387677,0.202471259,-0.383018462,0.449046741,1.030941199,-1.026689699,1.155338154,-0.217090779,-0.678028763,-0.324589313,0.270704487,-0.644260744,-0.264874029,-0.810491319,-0.601941338,0.235709414,-1.100660365,1.308428102,-0.135663827,-1.172994591,0.445606849,-1.1836349,1.192876219,-0.162776112,-0.870635924,1.471144273,-0.276417655,0.068624758,-0.751694466,-0.198720553,-0.613827205,0.256345661,-0.353301877
hsa.mir.33a,0.697477756,1.562176882,1.872504618,1.723341667,1.248210618,0.963788627,1.411241236,2.593057196,-0.616813984,1.144530283,-0.004681804,0.149062353,-0.248187402,-0.250235234,-0.05263189,0.821393267,1.912299403,-0.99389404,0.091611086,-1.377010888,1.100386907,2.420202412,1.399412363,0.800255157,2.257118852,1.351596709,0.141575213,-0.805024955,2.108955639,4.177550286,-0.776408157,0.086108372,0.112708019,-0.195114722,0.689534195,-0.294220334,1.216781832,-0.04324306,-0.753997921,-1.935280931,-0.57123444,-1.683751902,-1.059181108,-0.41683525,1.500302936,0.167771475,-1.050503984,-1.3995338,0.293852712,-0.522843036,0.373782981,-1.163250675,-0.721782948,2.325246296,2.483653993,0.952200362,2.367188011,-0.055765988,-0.461841443,1.078817053,0.941973246,-0.006983089,0.594387935,-2.012767269,-1.03644359,0.630864521,1.26623067,-0.351505372,-1.617267593,-0.391743005,0.101164368,-0.418025434,-1.171057247,-0.031998792,0.076271998,-1.497505275,1.222132029,0.737836501,0.412058172,-0.209208525,-0.507212308,-0.72328539,0.669444853,0.723218881,-0.54233134,0.054156659,-0.995260952,1.994625644,0.158363674,0.355003191,-0.130739532,0.136076584,0.191318551,0.236688572,-1.514847575,-0.650781662,0.696311119,0.658995831,0.913298775,-0.677859151,-0.648799184,0.551434949,-0.535937309,-0.618198424,0.600404757,-0.598017939,1.503404758,-0.446474232,-0.355451693,-0.85629274,1.068153559,1.107415698,0.197758021,0.492543144,-1.191187929,0.168996921,0.785370454,0.601160226,-1.261357609,-0.320910422,-0.297825476,-0.287642972,-0.652978058,0.716075382,-0.143749822,0.407269063,-0.700980556,0.404937237,-0.938333382,0.786528716,-0.412684631,-0.871831335,1.38845976,0.550462113,-0.021179824,0.021122637,-0.289743694,0.702529924,-1.014984045,-0.424954372,0.462763541,0.681623547,-1.056658163,-0.270362237,-0.747093862,0.463283677,-0.365272375,0.108428842,-0.792236523,-0.936288407,-0.443844822,1.481316443,0.715257836,3.333229773,0.408344529,0.27918353,1.264432695,1.829754862,-0.330969765,1.891891904,-0.631011161,-0.252870781,-0.384780013,0.265494973,-0.900939762,-0.489311178,0.129153362,-0.521040572,0.544195739,-3.793769772,-1.492790618,-1.49307847,0.171845949,-1.786222666,0.617072749,-0.912097245,0.405072982,0.921834511,0.115794345,-1.801215398,-1.016558181,0.249224025,0.441251881,1.095861667,-0.579245171,-0.370859001,1.051548339,0.285336515,0.89868353,1.605902958,-0.084362526,-0.290564336,2.101579245,1.760679323,-0.093199722,-0.55311064,-0.205140797,-4.283336035,-1.770128807,0.131779432,1.41172408,-0.338100507,-1.473900023,0.518508613,-0.330164727,0.589165635,-0.24846691,1.384997075,0.978875667,0.07008163,-0.158020388,0.491160433,-0.90573209,0.379982619,-0.096767426,-0.143821428,-0.069757459,0.822388471,0.649058526,0.931235797,1.104709038,-0.936551249,0.461064035,0.75495264,1.500773031,0.024551651,0.917145768,-0.276774296,-0.032536201,0.776829095,-0.426589426,0.68297551,0.292874638,-0.855139842,1.115119704,0.692064071,1.192164596,-0.817422033,-0.215574591,0.837958688,-0.990975252,-1.21270828,-0.349803803,0.337361743,1.023674557,-0.245430593,-0.014190254
hsa.mir.101b,0.0,0.0,0.0,0.0,0.0,0.0,0.0,0.0,0.0,0.0,0.0,0.0,0.0,0.0,0.0,0.0,0.0,0.0,0.0,0.0,0.0,0.0,0.0,0.0,0.0,0.0,0.0,0.0,0.0,0.0,0.0,0.0,0.0,0.0,0.0,0.0,0.0,0.0,0.0,0.0,0.0,0.0,0.0,0.0,0.0,0.0,0.0,0.0,0.0,0.0,0.0,0.0,0.0,0.0,0.0,0.0,0.0,0.0,0.0,0.0,0.0,0.0,0.0,0.0,0.0,0.0,0.0,0.0,0.0,0.0,0.0,0.0,0.0,0.0,0.0,0.0,0.0,0.0,0.0,0.0,0.0,0.0,0.0,0.0,0.0,0.0,0.0,0.0,0.0,0.0,0.0,0.0,0.0,0.0,0.0,0.0,0.0,0.0,0.0,0.0,0.0,0.0,0.0,0.0,0.0,0.0,0.0,0.0,0.0,0.0,0.0,0.0,0.0,0.0,0.0,0.0,0.0,0.0,0.0,0.0,0.0,0.0,0.0,0.0,0.0,0.0,0.0,0.0,0.0,0.0,0.0,0.0,0.0,0.0,0.0,0.0,0.0,0.0,0.0,0.0,0.0,0.0,0.0,0.0,0.0,0.0,0.0,0.0,0.0,0.0,0.0,0.0,0.0,0.0,0.0,0.0,0.0,0.0,0.0,0.0,0.0,0.0,0.0,0.0,0.0,0.0,0.0,0.0,0.0,0.0,0.0,0.0,0.0,0.0,0.0,0.0,0.0,0.0,0.0,0.0,0.0,0.0,0.0,0.0,0.0,0.0,0.0,0.0,0.0,0.0,0.0,0.0,0.0,0.0,0.0,0.0,0.0,0.0,0.0,0.0,0.0,0.0,0.0,0.0,0.0,0.0,0.0,0.0,0.0,0.0,0.0,0.0,0.0,0.0,0.0,0.0,0.0,0.0,0.0,0.0,0.0,0.0,0.0,0.0,0.0,0.0,0.0,0.0,0.0,0.0,0.0,0.0,0.0,0.0,0.0,0.0,0.0,0.0,0.0,0.0,0.0,0.0,0.0,0.0,0.0,0.0,0.0
hsa.mir.181b.2,-0.153555154,1.41452548,-0.550927336,0.511098116,0.46829964,1.372041692,0.276257661,1.245650164,0.517022268,0.73122594,-1.027728835,1.486430915,-0.241910883,-0.083636641,0.637174923,1.04831109,0.747967268,0.861983818,-1.86738256,0.272309813,-0.722044079,-0.988791167,1.755314547,-1.004840483,-0.515480472,-1.253333598,-0.907430697,1.020411891,0.301354858,0.440245992,-1.145771031,-0.380320452,-0.674200931,0.806865269,-0.974787266,-2.027075285,-0.111494095,0.685827024,0.283332508,2.338167252,-0.744049455,0.280629409,-0.123751862,-1.283647775,-0.909130913,-1.095611021,0.133373976,-0.109741647,-1.132563016,1.691010855,0.208769586,-2.225005725,-0.515069533,1.372195263,1.46851142,-0.877783873,-0.47424548,0.794191788,1.817088531,0.083990821,-1.948260883,-0.570924469,-1.268191601,0.857516352,-0.871961515,-0.431436931,-1.351298041,0.66356958,0.928496564,-0.140053823,0.09682197,-0.548120065,0.278215737,0.65720904,0.70583379,-0.600914001,-0.013219213,0.774363343,0.984391077,0.820639341,1.298504733,0.393737757,-0.023445455,-0.26417915,0.311213077,-0.163189727,0.170102173,0.987777202,0.710586128,0.501005523,-0.297805119,0.116827139,0.875156494,-0.584607636,0.057029971,-0.473501433,-0.019937133,0.581997826,-0.629470131,-0.855211699,0.160278699,0.227751886,0.847863384,0.698344433,1.054630393,1.736931957,0.303027055,0.741432918,-0.707877494,0.674577254,-0.145071806,-0.631869042,0.461178391,0.22357034,0.075797824,0.47667624,-0.356727167,0.04260768,-0.218079829,0.153988987,-0.797820285,-0.336227553,-0.080817451,1.600391311,-0.650845112,0.183861655,0.660968733,-1.31921395,0.566638703,-1.384795725,-0.673848762,-2.02499856,-0.10589582,-0.039067211,2.289151254,0.534101805,-0.933069142,0.839014445,0.126003006,0.130422229,1.266744858,-0.502167942,-0.560100883,0.15892273,1.017864988,-2.012482977,0.688846838,-0.140330529,1.564630325,0.494898088,0.642643041,-1.502541312,-0.036791538,2.072019792,0.666793261,0.015850444,1.4865866,3.55886771,0.517002486,-0.518758166,0.449180001,2.896970229,-1.814926047,-1.718676453,1.508427207,0.730282822,-0.144826666,0.029845927,-0.625014877,0.288892535,1.882251622,0.423428697,-0.020412168,0.440043025,0.364682946,2.990736504,0.771334085,-0.790828285,-0.929202359,-0.665800718,-0.21621045,-0.867864094,-0.251596203,0.19377557,0.414851384,-0.842252089,0.141272138,-1.805443963,-0.189766342,0.544134585,1.367672956,0.688893139,-0.78936407,0.089424982,-2.436011398,2.70389576,-1.346113958,0.068669792,1.953493231,-0.231547865,-1.240326885,-1.303204445,-0.26839406,-2.929612146,-1.075113571,-0.997640462,0.020099575,-0.595991272,0.908379345,1.087395857,0.936721873,-0.690386881,-0.269140059,-2.048213909,-0.846994129,-1.499251906,1.148325806,0.927978053,0.601640797,0.713327334,-0.080900262,-1.037251722,0.081998956,-1.120361282,0.312412945,-0.696231489,-0.407220479,-0.203583711,-0.462581298,0.195097911,-0.92461364,1.335608325,-0.643832472,-0.562524467,-0.569801168,0.291533718,-1.801651326,0.89334311,-0.126423389,0.351459094,0.821263689,-0.862707826,-0.666227102,-0.754577984,-0.809475961,0.363127786,-1.278790724
hsa.mir.652,0.0,0.0,0.0,0.0,0.0,0.0,0.0,0.0,0.0,0.0,0.0,0.0,0.0,0.0,0.0,0.0,0.0,0.0,0.0,0.0,0.0,0.0,0.0,0.0,0.0,0.0,0.0,0.0,0.0,0.0,0.0,0.0,0.0,0.0,0.0,0.0,0.0,0.0,0.0,0.0,0.0,0.0,0.0,0.0,0.0,0.0,0.0,0.0,0.0,0.0,0.0,0.0,0.0,0.0,0.0,0.0,0.0,0.0,0.0,0.0,0.0,0.0,0.0,0.0,0.0,0.0,0.0,0.0,0.0,0.0,0.0,0.0,0.0,0.0,0.0,0.0,0.0,0.0,0.0,0.0,0.0,0.0,0.0,0.0,0.0,0.0,0.0,0.0,0.0,0.0,0.0,0.0,0.0,0.0,0.0,0.0,0.0,0.0,0.0,0.0,0.0,0.0,0.0,0.0,0.0,0.0,0.0,0.0,0.0,0.0,0.0,0.0,0.0,0.0,0.0,0.0,0.0,0.0,0.0,0.0,0.0,0.0,0.0,0.0,0.0,0.0,0.0,0.0,0.0,0.0,0.0,0.0,0.0,0.0,0.0,0.0,0.0,0.0,0.0,0.0,0.0,0.0,0.0,0.0,0.0,0.0,0.0,0.0,0.0,0.0,0.0,0.0,0.0,0.0,0.0,0.0,0.0,0.0,0.0,0.0,0.0,0.0,0.0,0.0,0.0,0.0,0.0,0.0,0.0,0.0,0.0,0.0,0.0,0.0,0.0,0.0,0.0,0.0,0.0,0.0,0.0,0.0,0.0,0.0,0.0,0.0,0.0,0.0,0.0,0.0,0.0,0.0,0.0,0.0,0.0,0.0,0.0,0.0,0.0,0.0,0.0,0.0,0.0,0.0,0.0,0.0,0.0,0.0,0.0,0.0,0.0,0.0,0.0,0.0,0.0,0.0,0.0,0.0,0.0,0.0,0.0,0.0,0.0,0.0,0.0,0.0,0.0,0.0,0.0,0.0,0.0,0.0,0.0,0.0,0.0,0.0,0.0,0.0,0.0,0.0,0.0,0.0,0.0,0.0,0.0,0.0,0.0
hsa.mir.147a,0.0,0.0,0.0,0.0,0.0,0.0,0.0,0.0,0.0,0.0,0.0,0.0,0.0,0.0,0.0,0.0,0.0,0.0,0.0,0.0,0.0,0.0,0.0,0.0,0.0,0.0,0.0,0.0,0.0,0.0,0.0,0.0,0.0,0.0,0.0,0.0,0.0,0.0,0.0,0.0,0.0,0.0,0.0,0.0,0.0,0.0,0.0,0.0,0.0,0.0,0.0,0.0,0.0,0.0,0.0,0.0,0.0,0.0,0.0,0.0,0.0,0.0,0.0,0.0,0.0,0.0,0.0,0.0,0.0,0.0,0.0,0.0,0.0,0.0,0.0,0.0,0.0,0.0,0.0,0.0,0.0,0.0,0.0,0.0,0.0,0.0,0.0,0.0,0.0,0.0,0.0,0.0,0.0,0.0,0.0,0.0,0.0,0.0,0.0,0.0,0.0,0.0,0.0,0.0,0.0,0.0,0.0,0.0,0.0,0.0,0.0,0.0,0.0,0.0,0.0,0.0,0.0,0.0,0.0,0.0,0.0,0.0,0.0,0.0,0.0,0.0,0.0,0.0,0.0,0.0,0.0,0.0,0.0,0.0,0.0,0.0,0.0,0.0,0.0,0.0,0.0,0.0,0.0,0.0,0.0,0.0,0.0,0.0,0.0,0.0,0.0,0.0,0.0,0.0,0.0,0.0,0.0,0.0,0.0,0.0,0.0,0.0,0.0,0.0,0.0,0.0,0.0,0.0,0.0,0.0,0.0,0.0,0.0,0.0,0.0,0.0,0.0,0.0,0.0,0.0,0.0,0.0,0.0,0.0,0.0,0.0,0.0,0.0,0.0,0.0,0.0,0.0,0.0,0.0,0.0,0.0,0.0,0.0,0.0,0.0,0.0,0.0,0.0,0.0,0.0,0.0,0.0,0.0,0.0,0.0,0.0,0.0,0.0,0.0,0.0,0.0,0.0,0.0,0.0,0.0,0.0,0.0,0.0,0.0,0.0,0.0,0.0,0.0,0.0,0.0,0.0,0.0,0.0,0.0,0.0,0.0,0.0,0.0,0.0,0.0,0.0,0.0,0.0,0.0,0.0,0.0,0.0
hsa.mir.119a,0.0,0.0,0.0,0.0,0.0,0.0,0.0,0.0,0.0,0.0,0.0,0.0,0.0,0.0,0.0,0.0,0.0,0.0,0.0,0.0,0.0,0.0,0.0,0.0,0.0,0.0,0.0,0.0,0.0,0.0,0.0,0.0,0.0,0.0,0.0,0.0,0.0,0.0,0.0,0.0,0.0,0.0,0.0,0.0,0.0,0.0,0.0,0.0,0.0,0.0,0.0,0.0,0.0,0.0,0.0,0.0,0.0,0.0,0.0,0.0,0.0,0.0,0.0,0.0,0.0,0.0,0.0,0.0,0.0,0.0,0.0,0.0,0.0,0.0,0.0,0.0,0.0,0.0,0.0,0.0,0.0,0.0,0.0,0.0,0.0,0.0,0.0,0.0,0.0,0.0,0.0,0.0,0.0,0.0,0.0,0.0,0.0,0.0,0.0,0.0,0.0,0.0,0.0,0.0,0.0,0.0,0.0,0.0,0.0,0.0,0.0,0.0,0.0,0.0,0.0,0.0,0.0,0.0,0.0,0.0,0.0,0.0,0.0,0.0,0.0,0.0,0.0,0.0,0.0,0.0,0.0,0.0,0.0,0.0,0.0,0.0,0.0,0.0,0.0,0.0,0.0,0.0,0.0,0.0,0.0,0.0,0.0,0.0,0.0,0.0,0.0,0.0,0.0,0.0,0.0,0.0,0.0,0.0,0.0,0.0,0.0,0.0,0.0,0.0,0.0,0.0,0.0,0.0,0.0,0.0,0.0,0.0,0.0,0.0,0.0,0.0,0.0,0.0,0.0,0.0,0.0,0.0,0.0,0.0,0.0,0.0,0.0,0.0,0.0,0.0,0.0,0.0,0.0,0.0,0.0,0.0,0.0,0.0,0.0,0.0,0.0,0.0,0.0,0.0,0.0,0.0,0.0,0.0,0.0,0.0,0.0,0.0,0.0,0.0,0.0,0.0,0.0,0.0,0.0,0.0,0.0,0.0,0.0,0.0,0.0,0.0,0.0,0.0,0.0,0.0,0.0,0.0,0.0,0.0,0.0,0.0,0.0,0.0,0.0,0.0,0.0,0.0,0.0,0.0,0.0,0.0,0.0
hsa.mir.344,0.0,0.0,0.0,0.0,0.0,0.0,0.0,0.0,0.0,0.0,0.0,0.0,0.0,0.0,0.0,0.0,0.0,0.0,0.0,0.0,0.0,0.0,0.0,0.0,0.0,0.0,0.0,0.0,0.0,0.0,0.0,0.0,0.0,0.0,0.0,0.0,0.0,0.0,0.0,0.0,0.0,0.0,0.0,0.0,0.0,0.0,0.0,0.0,0.0,0.0,0.0,0.0,0.0,0.0,0.0,0.0,0.0,0.0,0.0,0.0,0.0,0.0,0.0,0.0,0.0,0.0,0.0,0.0,0.0,0.0,0.0,0.0,0.0,0.0,0.0,0.0,0.0,0.0,0.0,0.0,0.0,0.0,0.0,0.0,0.0,0.0,0.0,0.0,0.0,0.0,0.0,0.0,0.0,0.0,0.0,0.0,0.0,0.0,0.0,0.0,0.0,0.0,0.0,0.0,0.0,0.0,0.0,0.0,0.0,0.0,0.0,0.0,0.0,0.0,0.0,0.0,0.0,0.0,0.0,0.0,0.0,0.0,0.0,0.0,0.0,0.0,0.0,0.0,0.0,0.0,0.0,0.0,0.0,0.0,0.0,0.0,0.0,0.0,0.0,0.0,0.0,0.0,0.0,0.0,0.0,0.0,0.0,0.0,0.0,0.0,0.0,0.0,0.0,0.0,0.0,0.0,0.0,0.0,0.0,0.0,0.0,0.0,0.0,0.0,0.0,0.0,0.0,0.0,0.0,0.0,0.0,0.0,0.0,0.0,0.0,0.0,0.0,0.0,0.0,0.0,0.0,0.0,0.0,0.0,0.0,0.0,0.0,0.0,0.0,0.0,0.0,0.0,0.0,0.0,0.0,0.0,0.0,0.0,0.0,0.0,0.0,0.0,0.0,0.0,0.0,0.0,0.0,0.0,0.0,0.0,0.0,0.0,0.0,0.0,0.0,0.0,0.0,0.0,0.0,0.0,0.0,0.0,0.0,0.0,0.0,0.0,0.0,0.0,0.0,0.0,0.0,0.0,0.0,0.0,0.0,0.0,0.0,0.0,0.0,0.0,0.0,0.0,0.0,0.0,0.0,0.0,0.0
hsa.mir.136,-0.492263476,-0.69062246,-1.10722266,-1.071715124,-0.865935126,-0.73013037,-0.235241188,-1.416862532,-0.971130855,-1.921977214,2.103887011,-0.339782511,0.315327231,-0.217744893,0.116549501,-1.155252427,-1.182547394,0.083829336,2.530018375,0.788094704,-0.353904141,-1.425523189,-1.291001074,-1.63398192,-0.034368514,-0.898297262,0.931695173,0.13914302,-2.470099426,0.37206242,0.472677611,-0.282470107,-1.081178782,-0.046344359,-0.542904508,1.564920901,0.279837602,0.774007409,-0.334026212,0.850050127,-0.814320399,-0.275799458,0.08417221,0.195936229,-1.261166239,0.002873052,-0.089475527,1.134219382,-0.627034717,0.530267464,-0.385331292,0.927854993,1.664553895,-1.15710582,-2.012697792,-0.737375781,0.162867159,-0.838007989,-1.237363892,-1.203657165,-0.710781186,-0.292475001,1.300984915,-0.402188944,0.038623242,0.052429013,-0.906868792,-1.512750688,0.142834815,0.53910796,1.506341384,1.233350805,-0.023269108,-0.735871946,-0.608341304,-0.073001383,0.949249139,-0.573592486,0.115159993,1.492559651,-0.645956032,-0.492929099,-0.779404188,0.081682959,-0.196095124,-0.665089435,0.063916855,-1.373420869,-0.156101346,0.368020019,-0.301077906,-1.019798271,0.10851927,-1.105026458,-0.336621268,0.474029528,0.753616397,-0.364629555,-0.55973027,0.133046628,0.800764296,0.48194388,0.138060898,-0.265608447,-0.501855299,-0.729555423,1.345317732,0.772657641,1.539982621,-0.04836278,1.171810572,-0.008565426,0.761023105,-0.524577509,2.23422876,0.624637861,-0.914116276,1.146600525,1.089514491,0.03791981,2.590457265,-0.11950898,0.347301426,-0.665179213,0.606749521,0.811018074,1.127921744,0.647281524,-0.992252276,-0.584868986,0.031545998,0.468715267,-0.663044402,-0.869576005,1.257169529,1.251673369,0.697676656,-0.48598457,-0.197133948,0.310929628,0.761198997,0.648192229,0.445499569,0.125977342,-1.677852718,-1.292803687,0.398591881,0.665476139,-2.175868861,0.99396793,-0.989964587,0.667705624,-1.235940886,-2.806163832,0.742337118,0.688094685,-0.051038057,-2.50079115,0.082943207,-0.884912905,1.141481236,0.391415196,-0.901260457,-0.71225953,-0.157154522,-0.028278977,0.292413304,1.397547537,-0.600096491,0.958418502,0.990600221,-0.178440802,0.846780468,-1.150349194,-1.085057259,-1.441671656,-0.393572606,-0.412604264,0.460646127,1.479426109,0.272759026,2.629932558,-0.268422296,-0.578112115,0.844559164,0.54924509,-0.901417635,2.329340939,-0.155475397,-0.870645128,-0.71677054,0.44896027,-0.695269042,-1.062269336,-0.418294879,-0.733765044,-0.618146426,-0.559599446,-0.69698347,-2.104237193,-0.291787568,0.836042389,1.046370781,0.356736899,2.653198472,0.658122622,0.680689421,-0.655990811,1.786542973,-1.034214967,-1.092591486,1.405771684,0.280229699,1.118531714,-0.824709174,1.030491235,0.176416564,1.1971245,-1.803763242,0.449271691,-0.521400555,0.791357057,1.508727183,-0.695417872,1.198029101,-0.065968602,0.940886605,0.014366902,1.227208289,-0.76932967,1.273455201,-0.296849932,1.025262263,-0.725093383,-0.545824831,1.568070961,-0.421836325,-0.368017458,0.719020459,-1.181143553,-0.553203081,-0.918984548,0.479368361,-0.950089342,-0.653240508,0.678786722,0.514614104
hsa.mir.136.1,0.0,0.0,0.0,0.0,0.0,0.0,0.0,0.0,0.0,0.0,0.0,0.0,0.0,0.0,0.0,0.0,0.0,0.0,0.0,0.0,0.0,0.0,0.0,0.0,0.0,0.0,0.0,0.0,0.0,0.0,0.0,0.0,0.0,0.0,0.0,0.0,0.0,0.0,0.0,0.0,0.0,0.0,0.0,0.0,0.0,0.0,0.0,0.0,0.0,0.0,0.0,0.0,0.0,0.0,0.0,0.0,0.0,0.0,0.0,0.0,0.0,0.0,0.0,0.0,0.0,0.0,0.0,0.0,0.0,0.0,0.0,0.0,0.0,0.0,0.0,0.0,0.0,0.0,0.0,0.0,0.0,0.0,0.0,0.0,0.0,0.0,0.0,0.0,0.0,0.0,0.0,0.0,0.0,0.0,0.0,0.0,0.0,0.0,0.0,0.0,0.0,0.0,0.0,0.0,0.0,0.0,0.0,0.0,0.0,0.0,0.0,0.0,0.0,0.0,0.0,0.0,0.0,0.0,0.0,0.0,0.0,0.0,0.0,0.0,0.0,0.0,0.0,0.0,0.0,0.0,0.0,0.0,0.0,0.0,0.0,0.0,0.0,0.0,0.0,0.0,0.0,0.0,0.0,0.0,0.0,0.0,0.0,0.0,0.0,0.0,0.0,0.0,0.0,0.0,0.0,0.0,0.0,0.0,0.0,0.0,0.0,0.0,0.0,0.0,0.0,0.0,0.0,0.0,0.0,0.0,0.0,0.0,0.0,0.0,0.0,0.0,0.0,0.0,0.0,0.0,0.0,0.0,0.0,0.0,0.0,0.0,0.0,0.0,0.0,0.0,0.0,0.0,0.0,0.0,0.0,0.0,0.0,0.0,0.0,0.0,0.0,0.0,0.0,0.0,0.0,0.0,0.0,0.0,0.0,0.0,0.0,0.0,0.0,0.0,0.0,0.0,0.0,0.0,0.0,0.0,0.0,0.0,0.0,0.0,0.0,0.0,0.0,0.0,0.0,0.0,0.0,0.0,0.0,0.0,0.0,0.0,0.0,0.0,0.0,0.0,0.0,0.0,0.0,0.0,0.0,0.0,0.0
hsa.mir.3651,0.578359935,-1.480507718,0.125760029,1.468281716,1.139367738,-0.234768135,1.865000298,0.045007926,1.107037721,-0.130737528,-1.27451114,0.152873097,-1.212531483,1.017506378,0.258628582,0.501752823,1.769810661,-0.342117818,-1.39604256,0.795672524,-0.627079988,-0.344764696,-0.189470301,0.864037984,-0.224032043,-0.549865571,0.369506264,0.70868355,1.43485953,1.025738011,-0.113221272,0.294016749,-0.586770066,0.751840705,0.315130508,-0.938178781,0.301440505,-0.498900806,0.272520753,-0.60436954,-0.662708687,0.308781897,0.03322339,0.521790403,0.302577782,1.183442387,0.336746791,-0.701741442,1.044560286,-0.172883734,1.815330511,-0.176240367,-1.160805836,-0.22848747,1.678181662,-0.520230358,0.163382156,0.815828961,0.662198312,-0.065371917,-0.020843228,0.691773707,-1.029506471,-0.943799161,1.249921111,-0.192724603,0.887911599,2.367035634,0.14583757,0.247990553,-0.402300166,-1.093393502,0.375796467,-0.069866087,0.569684002,0.718757011,1.421831874,1.118207618,-0.114400051,-0.959300421,0.431382362,0.470047849,1.206414937,0.965259517,0.230259133,1.315799812,0.370050717,1.190170151,-1.315835948,-0.600028125,-0.243951542,-0.141871271,-0.26679907,-0.678607044,-0.267013595,-0.812587378,-0.749684171,-2.025113866,-0.209077182,-0.455938475,0.418708947,0.845956703,-0.95706187,-2.011260036,-0.114591653,-0.530020905,0.109206575,-0.966831637,-2.020973061,0.939392318,0.122654088,0.12604494,-1.357727199,1.512596168,-1.489453359,0.479556538,0.185768213,-0.664989274,-1.186596695,-0.876463594,-0.338610255,1.902262768,-0.795948101,-0.654525727,0.283554224,2.802783262,-1.550852938,0.461931026,1.884901056,1.261670784,0.878298478,0.159486406,1.302434006,-2.156944802,-0.601399134,1.180193188,-0.749162711,0.536661989,0.183192004,-1.22164672,-0.625398913,1.728679497,0.145143903,-1.206197761,-0.298683491,1.793637121,-0.466285976,0.089649794,-0.149191789,-0.964542073,-2.094031028,-0.587373166,1.056341209,1.436882881,-0.627788041,-0.379142692,0.346728756,2.232625681,-0.330426228,-0.158419182,-1.758232514,-0.320226303,-0.20541048,-0.793286022,-0.25241616,-0.330633615,-1.141397983,-0.547726631,0.613049899,-0.146261128,0.044292881,-0.552929116,0.538835763,1.209105177,0.643917013,-0.940346213,-0.421592612,0.166696288,-0.724948901,-1.04750333,-1.05523104,-1.61363155,1.189285503,-0.152370589,-0.031296977,0.877232829,0.657458222,-1.758744334,-0.269896336,0.035593276,-0.066838359,-0.612223687,0.572427193,1.045036741,0.926433246,0.079939275,0.72312059,-0.165130476,0.721594904,-0.274873712,-0.186507381,-2.156330318,0.222540328,-0.166820362,-1.32418075,-0.754231221,0.130560693,0.9435936,0.022674344,0.247473541,1.151780428,-0.026485869,-1.227070605,-0.069095235,0.111434398,-0.805209266,-0.193461373,0.555613228,0.716839609,-0.842973763,1.27266598,-0.313909726,-0.407341445,0.026275633,-0.110829086,0.14673733,-0.573888365,1.173397576,-1.455048603,-0.185830909,-0.412564453,0.778510732,-1.417170778,-0.20049304,0.344419526,-0.837878786,0.592078473,-0.599522503,1.162232629,2.508226027,-0.137160281,-0.162881453,-0.447960537,-0.166960637,0.046048052,-0.56317969,-1.705524182
hsa.mir.7705,0.0,0.0,0.0,0.0,0.0,0.0,0.0,0.0,0.0,0.0,0.0,0.0,0.0,0.0,0.0,0.0,0.0,0.0,0.0,0.0,0.0,0.0,0.0,0.0,0.0,0.0,0.0,0.0,0.0,0.0,0.0,0.0,0.0,0.0,0.0,0.0,0.0,0.0,0.0,0.0,0.0,0.0,0.0,0.0,0.0,0.0,0.0,0.0,0.0,0.0,0.0,0.0,0.0,0.0,0.0,0.0,0.0,0.0,0.0,0.0,0.0,0.0,0.0,0.0,0.0,0.0,0.0,0.0,0.0,0.0,0.0,0.0,0.0,0.0,0.0,0.0,0.0,0.0,0.0,0.0,0.0,0.0,0.0,0.0,0.0,0.0,0.0,0.0,0.0,0.0,0.0,0.0,0.0,0.0,0.0,0.0,0.0,0.0,0.0,0.0,0.0,0.0,0.0,0.0,0.0,0.0,0.0,0.0,0.0,0.0,0.0,0.0,0.0,0.0,0.0,0.0,0.0,0.0,0.0,0.0,0.0,0.0,0.0,0.0,0.0,0.0,0.0,0.0,0.0,0.0,0.0,0.0,0.0,0.0,0.0,0.0,0.0,0.0,0.0,0.0,0.0,0.0,0.0,0.0,0.0,0.0,0.0,0.0,0.0,0.0,0.0,0.0,0.0,0.0,0.0,0.0,0.0,0.0,0.0,0.0,0.0,0.0,0.0,0.0,0.0,0.0,0.0,0.0,0.0,0.0,0.0,0.0,0.0,0.0,0.0,0.0,0.0,0.0,0.0,0.0,0.0,0.0,0.0,0.0,0.0,0.0,0.0,0.0,0.0,0.0,0.0,0.0,0.0,0.0,0.0,0.0,0.0,0.0,0.0,0.0,0.0,0.0,0.0,0.0,0.0,0.0,0.0,0.0,0.0,0.0,0.0,0.0,0.0,0.0,0.0,0.0,0.0,0.0,0.0,0.0,0.0,0.0,0.0,0.0,0.0,0.0,0.0,0.0,0.0,0.0,0.0,0.0,0.0,0.0,0.0,0.0,0.0,0.0,0.0,0.0,0.0,0.0,0.0,0.0,0.0,0.0,0.0
hsa.mir.153.1,0.062937058,1.276856981,0.217505808,-0.381944399,1.346268312,0.063637122,-1.15228341,-1.124673836,1.894208214,-0.044670079,0.506473681,0.543427409,1.379892217,0.426286824,-1.383170348,-1.407904591,-0.611972818,-1.405007903,-0.164205887,0.051629427,0.428542062,1.223802355,-0.441952145,-0.070675078,-0.377385911,0.846177784,0.81148425,-0.250819274,1.063841333,-0.879647977,-0.490494519,-0.053093268,0.317737883,-0.076838397,0.088390702,0.630436054,-0.541680405,-0.135998962,-0.831569038,0.113157691,1.684726337,-0.424096249,-0.28619961,-0.365816501,0.43404381,0.101715613,0.457113521,-1.145259615,-1.628594976,-0.908085535,-1.812073218,0.544539824,0.741384299,1.337750002,0.294368314,-0.397646745,0.727122044,0.44250251,0.485009258,-0.813292081,0.596807691,0.017620639,0.218064898,-0.744769209,0.942699994,-0.818301952,-1.111531578,-0.895551411,0.61457188,-0.417144214,-0.475610504,1.065039672,0.044885636,1.546504798,-1.193968496,0.650958283,-0.407666003,-0.056363465,-1.771907087,-0.633981064,-0.89509226,-2.401592699,0.464202479,0.20522129,0.330663037,-0.978794689,-1.111186101,-0.480291312,2.224488274,1.561627001,-0.190682813,2.132975557,1.212922562,-0.271158574,-0.08355011,-1.757077415,-0.63550692,2.416463742,0.968633788,-0.168484829,-0.52422361,-1.187645614,1.526631397,2.432626977,0.237890554,-0.319524173,-0.66580291,0.385195725,1.34321716,-0.22543514,-0.443966498,-1.625992294,0.163591911,-1.335790417,0.175775317,-1.151804057,-0.262745053,-0.448190188,1.179738582,0.571622888,0.234572003,0.182071769,-1.761636097,1.712956389,0.349755405,-0.903684654,-1.082765178,0.924190221,0.911076202,-0.430035722,1.385856037,-0.208673894,-0.320195755,5.139297316,0.378359168,-0.66819285,-0.557024757,-0.941392179,-0.228256341,1.375183032,1.401901641,0.176077792,0.810703108,-0.76619673,0.329636035,1.337401017,0.311980092,0.048704064,1.788116548,0.093562603,-0.259609097,0.53327986,-0.705377465,-0.727845709,-0.933214403,-0.43288626,-0.220677317,-1.62815757,0.156937615,0.001389144,-0.889898993,0.517771077,0.399275404,0.331969394,-0.149559294,-0.387285664,-1.135352563,-0.806406464,0.128197145,-0.694690664,0.281627747,1.528992718,-0.585431133,-0.212440168,0.328981969,1.36621871,-0.122898985,-0.098619689,0.16712413,-0.243399217,-0.334456539,0.463430234,0.54473823,-0.911264214,0.012229732,0.634834655,-0.453625189,-0.049996381,0.355131874,-0.538384391,1.459346092,0.51278625,-0.936596263,-0.212793637,-0.338525728,1.343953351,-0.214654773,-1.368398132,0.359898322,0.675372473,-0.597305904,1.739336122,-0.271661113,-0.395890068,-0.086536767,0.890129387,0.965164593,0.69126029,-0.935693166,0.129833631,-0.139285033,-0.304539215,-0.748976706,0.831452979,1.468478638,-0.806085744,-0.770569175,-0.99810393,-0.283247137,0.172219926,-0.118202552,-0.034959547,-0.550454775,0.12307187,0.088470808,-0.193615205,0.302442213,0.493937252,-0.40978389,-0.195895464,0.001062436,-1.099135377,0.295836475,0.189684084,-0.453773516,-0.398712468,-0.137325932,0.732038597,-0.925696083,0.690582765,0.524091617,1.904765315,0.73917137,0.223737223,-0.248446842,-0.481289164,-0.730935793
hsa.mir.124,0.0,0.0,0.0,0.0,0.0,0.0,0.0,0.0,0.0,0.0,0.0,0.0,0.0,0.0,0.0,0.0,0.0,0.0,0.0,0.0,0.0,0.0,0.0,0.0,0.0,0.0,0.0,0.0,0.0,0.0,0.0,0.0,0.0,0.0,0.0,0.0,0.0,0.0,0.0,0.0,0.0,0.0,0.0,0.0,0.0,0.0,0.0,0.0,0.0,0.0,0.0,0.0,0.0,0.0,0.0,0.0,0.0,0.0,0.0,0.0,0.0,0.0,0.0,0.0,0.0,0.0,0.0,0.0,0.0,0.0,0.0,0.0,0.0,0.0,0.0,0.0,0.0,0.0,0.0,0.0,0.0,0.0,0.0,0.0,0.0,0.0,0.0,0.0,0.0,0.0,0.0,0.0,0.0,0.0,0.0,0.0,0.0,0.0,0.0,0.0,0.0,0.0,0.0,0.0,0.0,0.0,0.0,0.0,0.0,0.0,0.0,0.0,0.0,0.0,0.0,0.0,0.0,0.0,0.0,0.0,0.0,0.0,0.0,0.0,0.0,0.0,0.0,0.0,0.0,0.0,0.0,0.0,0.0,0.0,0.0,0.0,0.0,0.0,0.0,0.0,0.0,0.0,0.0,0.0,0.0,0.0,0.0,0.0,0.0,0.0,0.0,0.0,0.0,0.0,0.0,0.0,0.0,0.0,0.0,0.0,0.0,0.0,0.0,0.0,0.0,0.0,0.0,0.0,0.0,0.0,0.0,0.0,0.0,0.0,0.0,0.0,0.0,0.0,0.0,0.0,0.0,0.0,0.0,0.0,0.0,0.0,0.0,0.0,0.0,0.0,0.0,0.0,0.0,0.0,0.0,0.0,0.0,0.0,0.0,0.0,0.0,0.0,0.0,0.0,0.0,0.0,0.0,0.0,0.0,0.0,0.0,0.0,0.0,0.0,0.0,0.0,0.0,0.0,0.0,0.0,0.0,0.0,0.0,0.0,0.0,0.0,0.0,0.0,0.0,0.0,0.0,0.0,0.0,0.0,0.0,0.0,0.0,0.0,0.0,0.0,0.0,0.0,0.0,0.0,0.0,0.0,0.0
hsa.mir.3130.2,0.07610096,0.06645174,0.199390713,0.303676556,0.314521122,-0.178722731,-0.157344335,0.262011088,-0.511285675,0.810295852,-0.073914315,2.900025097,-0.220586798,-0.640020927,-1.893579465,1.363001943,0.369948053,-0.468070289,1.508476862,0.034821431,0.674310632,0.880132219,-0.787175469,0.645759906,0.911419695,1.544964156,-0.396072835,-0.678464095,0.161507191,1.119827869,-0.401059953,-0.437605224,1.126941352,2.165068064,0.192381124,-0.40228951,-0.757722945,-0.728396552,-1.125020307,0.788528052,-0.240816261,-0.503395532,-1.386171908,-0.693478409,-0.471175104,-0.770753936,-0.802901119,-0.046171078,-0.814214325,-0.332020274,0.640026292,-0.360535002,0.026523004,1.195814574,0.147648224,1.82842189,-0.065366742,-0.341369319,-0.526709887,0.146390254,-0.882272567,-1.575141743,-0.017421302,0.544727471,0.103548267,-0.247464973,-0.875175935,-1.343518718,-0.376689108,-0.884954196,-4.6e-05,-0.19555196,-0.968017413,-0.405711111,-1.850222972,-1.871169892,-1.22522668,-2.394480616,-0.393227519,-2.014572402,-1.017138263,0.057601925,-0.991259622,0.13776741,-1.061759016,-0.79175285,-2.025090102,-1.632447261,-1.064868845,-1.810882271,-0.841967611,-1.546091391,-1.307880919,-0.96471697,0.405395335,-0.998990548,-0.540124172,0.492631141,0.638127626,0.103334147,-0.262420415,-0.357413261,-0.013806187,0.303361095,0.869834865,-0.673704831,-0.069035997,-0.325926654,1.467717487,0.042779388,0.588477628,0.380969725,0.970942911,0.940291014,0.727452731,-0.154435394,-0.493870674,1.069455735,0.153852883,-0.675417119,0.934611224,0.688750009,1.319473049,0.631927121,0.863810948,-0.608405986,-0.48368544,-0.698889863,2.213769968,-0.36279888,-1.134516956,-1.672508719,-0.402856739,-0.17201888,-0.139615651,0.583855038,-0.187587779,0.913087249,-0.158408425,0.609458451,-0.113158227,0.052139983,-1.121444451,0.561498531,-0.348693475,-0.256732658,2.747384216,0.72324133,1.598663831,-0.076965082,-0.670741879,0.325010278,1.212171622,0.593980549,0.404047784,-0.398037479,-0.430923924,2.290008681,0.528858605,0.822207536,-0.931596954,1.301535168,-0.524965326,-0.900474044,-0.143069212,-0.509942555,0.478972263,-0.45850295,-0.648919182,-1.033302846,-0.002805625,-1.06666923,0.263024942,2.203489268,0.759262099,-0.437709915,0.916658964,1.046489355,0.749649869,1.031884764,1.723558934,1.954032924,0.441036846,0.892656666,0.319340964,-0.747855975,0.41043606,1.299259694,0.173720396,1.018517625,-0.536828501,0.466841844,-0.159209269,-0.105785624,-1.119897948,-1.175446719,-0.551611703,-1.260156541,-1.410612556,-0.658350589,0.038181645,-0.617751668,-0.609469865,0.144498322,1.193533821,-0.209924111,-1.575115414,1.058508104,1.363758356,-0.228912568,1.882604631,1.104836308,0.210347393,0.40967764,-0.56427807,1.281609732,0.312204875,0.321233521,2.937131933,2.595239066,-0.258075685,0.262087985,1.392563036,0.411271129,1.109425342,0.388078081,1.249056843,0.498459888,1.424689623,1.482384012,1.075842007,-0.086607758,1.319465164,0.375110864,1.048124732,3.581350288,0.334627303,0.581901975,0.188975882,0.052713747,1.123604475,-1.491541343,0.670370913,-0.405827195,0.61221696,-0.05623842,0.670422785
hsa.mir.1296,0.256170331,-1.380533565,-0.727072881,-1.288304854,-1.064011297,-0.355805886,-0.305097631,0.095702869,-0.95259766,-1.203272827,0.883596441,-0.128556066,0.0420347,0.102423273,-0.611736614,-1.407566432,0.140407837,1.099965435,2.136466439,1.060387354,-0.120095641,-0.978123008,-0.768388207,-0.736097164,-0.497550428,-0.970912486,1.066432267,-0.003804852,-1.624264419,-1.043306222,1.104090632,-0.050766964,-0.301643231,-0.378966061,0.246623576,0.021752955,-0.019430353,0.247032267,0.365697195,0.065268432,-0.496417684,-0.038843231,0.299467835,1.025414268,-0.572876925,-0.081875469,-0.29269461,0.752919125,-0.196407423,0.237642378,0.034432822,0.173119693,0.989916483,-2.160969758,-1.451013493,-1.059535135,-0.110738938,0.345603283,-1.106018239,-0.637812694,-0.346112439,-0.333229724,-0.131656282,0.339813024,0.384336538,-1.082880398,-0.588177424,-1.069739645,-0.919594236,0.968693707,1.201156017,-0.212223873,0.958802958,-1.015424382,0.41941766,0.901534838,0.801226958,0.021839875,0.283229827,0.158489903,0.628085174,0.271603132,0.422183083,0.201367998,0.917100906,0.262817364,0.973657412,0.229270003,-0.177380298,0.428265672,-0.74924483,-0.752954844,-0.421242838,0.121420818,-0.383079642,1.504804113,0.155032195,-1.315464458,-1.753635449,0.631145071,0.727684117,-0.630788763,-0.283021605,-0.924953913,0.347326597,-0.093193003,0.124483593,-1.107387695,1.014006559,0.928105868,0.953377725,0.362284186,0.819876115,-0.832512227,0.775794664,-0.215136753,0.429257907,1.392038476,-1.138020668,0.082426796,1.745152973,0.213253035,1.84347795,-1.019357875,1.729894944,0.452103714,1.039303344,-0.788336883,-1.686471577,-0.668245233,-1.05052197,-0.910175601,-0.845254479,-2.154714474,0.721122049,1.38529951,1.55946454,-0.532137797,-0.057223002,0.530190992,-1.650499495,0.572898715,0.134362486,0.49250176,-0.518083178,0.246785891,0.121221398,-0.010948233,-2.515079877,1.136111688,-1.930900366,-0.811765207,-1.329453495,-3.225938824,0.496118789,0.860824806,-1.068583673,-1.842922573,0.38959988,-1.294192434,0.004286417,-1.362585527,-0.198011292,0.30799556,0.384211816,0.239287244,0.780533646,1.806688086,-0.216665747,0.457704665,0.759212449,-0.939247166,0.809861659,0.176453848,0.137385433,-2.202652393,-0.156467381,0.409164848,0.701592593,1.501690846,1.089457581,2.903741994,0.57585686,0.607232326,1.154256348,0.785047988,-0.161404898,1.476754827,-0.072374066,0.384103951,-2.238381254,-0.583585066,-0.273936063,-1.615221071,-0.053741717,0.048598968,-1.039571762,0.059123944,-0.016710205,-2.058129998,-0.484245141,0.172777792,1.079855596,1.14718149,1.494667884,-0.890832795,0.23033388,0.282815479,0.779476745,-0.106529326,-1.075634059,1.091829271,1.414882947,0.242635617,-0.66946134,1.181926118,1.092883412,0.913466311,-1.407948685,-0.711537362,-1.052026654,1.335233713,0.984825591,-0.222503737,0.190748184,0.70273501,0.159537737,-0.231516625,1.399039295,0.321921634,1.245740922,-0.802568678,1.436403522,0.306912713,-0.619647601,1.664592996,-0.757300122,0.414357493,0.609553188,0.346096271,1.432114595,-0.886378202,1.09627457,0.685976929,0.37577348,0.920114182,1.798991718
hsa.mir.484,0.923679825,0.395845763,1.538690617,0.733472786,0.088140886,-1.177229238,0.951526019,-2.083962767,0.974656021,0.404373694,-0.299648842,0.565749531,-0.144336684,-0.777579965,1.748622324,1.371968714,0.989650964,0.131404307,-2.722293492,-0.707761142,-1.006249018,0.591168226,0.908080287,-1.000641517,-1.254967964,-1.706852042,0.330648663,0.406604347,1.331893635,1.540077603,0.657896043,0.231229094,0.227154104,-0.533742613,-0.752952808,0.059761616,-0.562479454,-0.26849454,-1.758706259,-0.554544803,-0.710725505,-1.545067861,-0.458701511,-0.517463866,-0.066634546,-1.01484874,-1.136872563,0.383469861,0.179868347,-1.603818171,1.114558551,-1.615812024,-2.223043538,2.123427947,1.339070018,-0.431246041,-0.781639962,1.075988814,0.280177237,-0.457657272,-0.207809998,-1.554544804,-1.078991874,-0.075022263,-0.068162748,0.113279634,0.494059083,0.764911303,2.344983155,-0.165100293,-1.39114963,-0.728317635,0.56706331,-0.504413166,1.222861371,0.340943271,0.093564539,1.17808225,2.260977344,3.124542858,1.783236493,0.785984397,1.73071276,0.669083371,0.391605484,1.839116363,1.59156181,2.163869517,0.80110447,3.279234907,1.134100239,1.625211271,1.998948092,1.012428564,-0.002213217,1.128726695,-0.948155234,0.554813587,-0.667583496,-0.024273006,-0.734631102,0.550314053,0.51052905,0.840009498,-1.193038105,0.706344334,0.999525741,-0.130814759,0.446088876,0.102947445,-0.265960778,0.588025184,-1.298270128,0.461249459,-0.678531897,0.132206015,-1.098604006,0.088241069,0.338451662,1.506558773,-1.645338807,-0.273965679,-1.106850664,1.474572752,0.461975936,0.469167155,-0.668037046,-0.207492937,-1.097041383,0.410917354,0.858904774,-0.178220004,0.847975572,2.731705492,1.474348835,-0.437921013,-0.251441991,0.563765511,-0.73809133,-0.103878326,1.983849671,0.149553277,-0.79025487,-0.188890882,0.805601766,1.162174899,-1.584529616,0.12471891,0.463240716,-1.267162536,1.367972523,-0.354596148,-0.182953283,3.247664433,0.348716522,-0.984615424,1.28095789,2.020253977,0.202808355,0.159321617,-0.640315544,0.574489519,-0.169136381,-0.557640709,-0.659040697,-0.221604819,0.1597115,-0.089700788,0.572891454,0.264592756,0.814308463,0.398972376,-0.560655046,-0.780932852,0.308030409,1.725564005,0.2613265,-0.186569776,-0.494263275,-1.826545792,-0.256582085,-1.40088531,0.19717651,-0.774671852,0.078789147,0.124852072,1.090457552,-1.103929783,-0.107038071,0.224470219,1.152236883,0.678219908,0.028288115,0.550011206,-0.581018439,1.054393567,-0.282096077,-0.348197883,0.131609628,-0.073682573,0.605382341,1.031683275,-0.039432275,-1.484593643,-0.877627801,0.501288773,0.870356071,0.363709183,-0.477960945,0.734415229,1.118643373,-0.820061894,0.029339471,-0.147660672,0.028397938,-0.9362204,0.169006376,-0.385854944,1.459121259,0.701268649,1.172959671,-0.876154247,-1.697268895,-0.357185655,-0.066046128,-0.00802809,0.244593012,-0.405848137,-1.318062151,0.746591166,-1.210336656,1.254741179,-0.297640346,-1.534739739,0.666235571,0.656451505,0.989894382,-0.328772256,-0.474909687,0.970408803,-0.01124998,-0.69374426,-0.221826226,-0.989509222,-1.744674644,-1.35937338,-0.579201142
hsa.mir.628,0.880110201,0.999820663,-1.452648601,0.268400879,-0.686063868,1.160008279,-1.408175421,-1.480148719,-0.715049953,0.94444319,0.858554827,-0.670980779,0.023415609,0.592611933,1.86366777,0.122014846,0.596175437,-1.531267741,-0.993365452,-0.563184636,0.483270438,0.20033209,0.538231661,-2.329178831,0.580228895,0.579326984,-0.860257849,0.990314528,-0.010753833,0.093630095,-0.240175663,-0.442916344,-0.889348201,-0.188128195,-0.126330805,0.421777569,-0.149020689,-1.563697671,-3.590153015,1.964553699,0.167850784,0.566666241,-1.716831169,-1.940177925,-0.047020807,-1.009896919,-2.061552443,0.002539891,-1.898499735,0.627610199,-0.450217148,-0.384786372,-0.014438119,-0.239173666,0.095528475,0.191589935,-1.775558662,-0.98508292,0.805857246,-0.856766934,-2.116027175,-3.072319441,-0.847095775,-0.238129721,-0.065998601,0.704738838,0.193833235,-1.357150205,0.540383893,0.275411967,0.79501827,-2.14264394,1.1591119,0.815282464,0.202408031,-0.057387401,-0.489807198,1.233677571,-0.25020119,1.560865066,-0.422868949,-0.611790332,0.612688798,1.059677304,-0.112532482,0.260341166,0.547263276,1.290782254,0.970535352,0.412955952,0.659331541,1.333881169,0.37003812,-0.582677163,1.50183474,0.346636188,-0.301233542,0.89935829,0.466554601,-0.423101554,-1.938978987,0.978160711,0.946130253,0.7899154,-0.517652967,0.17454968,0.249672345,-0.734393787,0.448524293,-0.038441063,0.453116497,-1.560061772,0.224328523,0.736038218,-0.12442223,0.633279341,0.579381384,0.054226151,1.051244096,0.110600136,0.01659005,0.534604667,-1.993426475,1.525050615,0.025092082,-1.487007327,0.133034323,0.231842714,-0.16839658,0.225904189,-0.592099801,-0.772559217,-0.873587968,0.378492573,1.467365249,0.090283329,-1.365249089,0.813972681,0.547373373,0.567965204,1.774117714,0.472653015,-0.757548224,1.129005788,1.059218986,-0.536062408,0.017703217,-1.720363069,1.136836811,-0.244856674,0.769462325,-0.278855461,9.64e-05,0.586677961,0.005136943,-1.333846295,0.40220853,-0.406990443,-0.264530931,1.044353802,-0.627394343,1.956296167,-1.00020217,-0.896294519,-0.977930512,-0.484598944,0.390149589,-0.456071086,0.698199102,0.527920467,2.333166831,0.474532662,-1.385747465,-2.802958617,0.030992287,1.22940873,1.011599325,-1.151562897,-0.015579731,-1.272905202,0.236277266,0.378759338,-0.034108992,0.151642049,-0.477711208,-0.285461559,1.379375038,-0.843334009,1.011642657,-1.049543786,1.152993837,0.844158239,0.348349577,0.41789731,-0.146419921,2.086004471,0.038308604,-1.510592448,1.244580051,0.221062533,-0.371829165,-0.953161808,-0.425866699,-0.279143926,-0.841415016,0.763673361,0.799600244,-0.566397513,1.656626241,0.118628365,1.164321338,-0.00862615,-0.887692146,-0.394490765,0.112246006,-0.946594125,0.346836103,0.480336558,0.953212895,1.007432142,0.535469611,-1.037258955,0.913063614,0.003083613,0.982684417,-0.360231308,0.639767712,0.38059412,-0.370587954,-0.80762394,-0.478163274,0.512030368,0.676458854,-0.319515985,0.749292937,0.445656028,-0.822553376,0.36915817,-1.111925435,-0.190457501,0.155859074,1.026227829,-0.107472723,-0.266543411,0.438675072,-0.379597127,0.279087363
hsa.mir.199b,0.375431284,1.03880629,0.201469271,-1.28432874,0.896694324,-0.684051484,-0.394031523,-1.108694572,-0.336041271,0.208764708,0.334661392,0.796699312,1.65526681,1.014753828,1.605648556,-0.246647881,-0.661088873,-1.460452155,0.345724635,-0.577011925,-0.029218234,0.089269633,0.094749744,-2.323063521,0.361895829,-2.278933666,-0.48268294,-0.134800183,-3.949092033,-1.079795246,-1.574876809,0.18642298,-0.315838078,-0.825325818,-0.683622057,-2.486602572,-3.170284343,-2.027933898,-1.679114033,0.524578213,0.676531442,-0.172742385,-0.44438452,-3.133684951,-0.055751529,1.262375196,1.389488002,-0.361408929,-0.805622899,0.151191239,-1.081234972,-0.295982163,-0.399886961,-2.250750507,-2.281341426,0.158748241,-0.345712057,-0.846016542,0.231238614,0.471130075,0.005789678,-0.871143885,0.317926827,-0.310214676,0.704157222,0.549988991,-1.249968867,-0.648725721,1.133237796,0.579377921,1.326498347,0.686017137,0.794382309,1.32042323,0.884376395,0.027981181,-0.108574485,0.223835651,-1.317709539,1.222084577,-1.048216144,-1.792180948,-0.19097821,1.404080574,-0.068389589,0.16594331,0.168443223,0.345343838,1.521998737,1.015036985,-0.168717144,0.622013122,0.402805317,-0.71512836,0.474535316,-2.320137178,0.169295163,1.339762753,-0.200894297,-0.87607561,-0.239379823,0.612823872,1.403305589,0.625973762,-0.136695201,-1.235352683,-0.718958323,1.852549105,0.39849209,-0.594864498,0.460278043,0.618665808,0.897636084,0.581597419,-0.353364272,-0.379006192,-0.263170597,-1.119588262,2.019544856,1.129372725,1.052267731,0.141819275,-1.830294321,0.981229953,-0.646715787,-0.157655659,-1.721165712,0.217423518,0.851351629,-0.468305241,-0.015654667,0.22418759,-0.936674619,1.05332234,1.089879291,0.388442749,-0.611630478,0.023617207,-0.520074679,0.892789742,1.977145518,0.461249353,-0.773294646,0.119505326,0.108781804,-1.512451368,0.226171025,-0.320192914,0.937789612,0.368382681,0.685219135,0.412768716,-0.008169114,-3.70271681,-0.211196932,-0.652639027,-1.493723387,-1.228403306,0.59683599,0.172698729,-1.126775263,0.124691801,-0.540434695,-0.607876503,-2.803915462,-3.020898633,-0.495324419,0.069451204,1.582997111,0.786980757,1.560049438,1.590840661,-0.007487393,0.319316373,0.908102144,0.570777591,0.754118327,-0.158558346,-0.379707462,-0.238423974,0.560106602,-0.099139227,0.529399285,-0.237077407,0.776258865,0.09778885,0.511027942,0.794693064,0.810111185,-0.673837874,1.183559297,0.302199961,-0.226219395,0.762270777,-0.82310594,2.392604245,0.114758469,-0.661529055,0.011486588,-0.071849441,0.242980239,0.386325247,0.159251282,-0.336361076,0.382853677,-0.586662479,0.680797561,-0.124156774,1.77097629,-0.912396158,-0.495192742,0.748751574,-0.225364603,-0.240060303,1.224976811,0.366490781,0.38878056,-0.05935391,-0.012048781,1.63586028,0.319703821,-0.202979113,1.17114041,-0.274606088,-0.506170659,0.407019281,1.708154957,0.770421118,0.373344554,-0.144505809,0.327150261,-0.179353871,0.81882819,0.063398172,-0.417658434,0.331850952,-0.108850318,0.892651482,1.670091133,-0.680867232,0.087664338,0.524776033,-0.17826758,-0.351083462,0.861357731,-0.323353291,0.36237768
hsa.mir.935,0.0,0.0,0.0,0.0,0.0,0.0,0.0,0.0,0.0,0.0,0.0,0.0,0.0,0.0,0.0,0.0,0.0,0.0,0.0,0.0,0.0,0.0,0.0,0.0,0.0,0.0,0.0,0.0,0.0,0.0,0.0,0.0,0.0,0.0,0.0,0.0,0.0,0.0,0.0,0.0,0.0,0.0,0.0,0.0,0.0,0.0,0.0,0.0,0.0,0.0,0.0,0.0,0.0,0.0,0.0,0.0,0.0,0.0,0.0,0.0,0.0,0.0,0.0,0.0,0.0,0.0,0.0,0.0,0.0,0.0,0.0,0.0,0.0,0.0,0.0,0.0,0.0,0.0,0.0,0.0,0.0,0.0,0.0,0.0,0.0,0.0,0.0,0.0,0.0,0.0,0.0,0.0,0.0,0.0,0.0,0.0,0.0,0.0,0.0,0.0,0.0,0.0,0.0,0.0,0.0,0.0,0.0,0.0,0.0,0.0,0.0,0.0,0.0,0.0,0.0,0.0,0.0,0.0,0.0,0.0,0.0,0.0,0.0,0.0,0.0,0.0,0.0,0.0,0.0,0.0,0.0,0.0,0.0,0.0,0.0,0.0,0.0,0.0,0.0,0.0,0.0,0.0,0.0,0.0,0.0,0.0,0.0,0.0,0.0,0.0,0.0,0.0,0.0,0.0,0.0,0.0,0.0,0.0,0.0,0.0,0.0,0.0,0.0,0.0,0.0,0.0,0.0,0.0,0.0,0.0,0.0,0.0,0.0,0.0,0.0,0.0,0.0,0.0,0.0,0.0,0.0,0.0,0.0,0.0,0.0,0.0,0.0,0.0,0.0,0.0,0.0,0.0,0.0,0.0,0.0,0.0,0.0,0.0,0.0,0.0,0.0,0.0,0.0,0.0,0.0,0.0,0.0,0.0,0.0,0.0,0.0,0.0,0.0,0.0,0.0,0.0,0.0,0.0,0.0,0.0,0.0,0.0,0.0,0.0,0.0,0.0,0.0,0.0,0.0,0.0,0.0,0.0,0.0,0.0,0.0,0.0,0.0,0.0,0.0,0.0,0.0,0.0,0.0,0.0,0.0,0.0,0.0
hsa.mir.3682,-0.362640968,-1.211328533,-1.602451518,-1.88129898,-1.063622744,-0.046006821,-1.481098877,-0.664036378,-0.673204905,0.71382365,-0.055750374,0.429206357,1.046597333,-0.72985187,1.284070701,1.151851525,0.090845044,1.241335973,0.561666994,-0.098227336,-1.248134848,-2.06733322,0.390155226,-1.8232926,-1.027111046,-1.627981818,0.287185772,-0.720653602,-2.157431324,-1.475067038,-1.461615058,0.398290228,-1.616511455,-1.510799936,-0.915342469,-1.27809661,-1.21227152,-0.331026401,-1.009896884,-0.04827848,-0.723037911,-0.228476848,-0.988810848,-0.436290878,-1.186017861,-0.813901645,-0.386182293,0.408330561,-0.515532869,0.906577856,-0.768636667,0.180649262,1.345110529,-0.616138962,-0.470535413,-2.030401482,-1.398883974,0.224580289,0.308815646,-1.529797735,-0.908439734,-1.011847079,-1.155963254,1.530274634,-0.599356552,-0.072619006,-0.584063169,-0.365093665,-1.131302126,0.220746835,0.343110346,1.256254288,-0.083343267,0.556766137,0.940576896,0.824284817,0.092749709,0.614542806,0.258066472,1.606929837,1.166503251,1.591836823,-0.818247957,-0.558215036,1.10018192,-0.75550194,0.483189914,-0.022511813,2.295259609,0.154230035,1.854745654,-0.747251509,1.138545274,0.084132507,-0.530922877,2.827608921,0.105922542,1.348036717,-1.017638696,-0.778446081,0.322638371,-0.21045757,0.229250447,-0.008545664,-0.275441737,2.14030294,0.031329237,-1.24814243,0.261251725,0.705107673,1.20163558,0.408139907,0.177772829,-0.625871511,0.328603868,-0.730135905,-1.842631604,-0.164391269,0.092383839,0.012166254,0.373037063,-0.629470914,0.1029045,0.251554902,-1.104961809,-0.504701555,-0.037711905,-1.554786705,-1.637872771,-0.551937709,-2.046042976,-0.824528689,-0.541318919,0.016874998,0.730788776,0.550279142,-0.587500905,0.560772312,1.68388089,-0.237516656,1.082193524,-0.557013164,-0.452493189,1.098557314,-0.154055717,4.22e-05,-0.261642388,-0.514473835,0.387135966,0.836705437,0.260690894,-1.783039174,-1.482039633,-2.741770181,-0.581682929,-0.030554009,-0.150594396,2.052031559,0.299535582,-1.298108072,0.839859775,0.22179141,-0.379002999,0.138167445,1.037857615,0.416061413,0.083702464,0.526525048,-0.130697222,1.577614073,-0.029471271,-0.36933287,-0.397711051,-0.946035148,0.253272828,1.477234949,1.517107937,-0.65743568,0.731985537,0.043993964,-0.200210403,1.245284577,-0.414442357,-1.127893556,-0.68141745,-0.801291253,0.216265308,-0.008411454,-0.435777087,0.243953768,0.682802561,-0.397682667,-1.344319926,-0.654329219,-1.754400184,-0.375296732,-1.099044574,0.083336712,-0.324740662,-1.423362782,-0.200405393,0.968300627,0.421845673,-0.121647611,1.090130288,1.194844086,0.172968173,-0.434944088,-0.069309194,0.43157184,-1.571037483,-0.452541388,0.628409255,-0.613301901,-0.898984534,-0.91078863,-0.031833702,0.308904028,-0.023514089,-0.451218649,-0.42718971,0.145516356,-0.134273331,-0.317620654,-0.165034697,-0.965777936,-0.558409103,-0.797718947,0.034736945,0.777631485,-0.073814872,0.060410737,0.328198069,-0.252589866,-0.183307524,0.177268297,-1.237692428,1.218168138,-0.768676171,-1.450514295,0.310322358,-1.122426523,-0.212119196,-0.697100626,-0.925221401,0.291336427,-0.803580151
hsa.mir.167a,0.0,0.0,0.0,0.0,0.0,0.0,0.0,0.0,0.0,0.0,0.0,0.0,0.0,0.0,0.0,0.0,0.0,0.0,0.0,0.0,0.0,0.0,0.0,0.0,0.0,0.0,0.0,0.0,0.0,0.0,0.0,0.0,0.0,0.0,0.0,0.0,0.0,0.0,0.0,0.0,0.0,0.0,0.0,0.0,0.0,0.0,0.0,0.0,0.0,0.0,0.0,0.0,0.0,0.0,0.0,0.0,0.0,0.0,0.0,0.0,0.0,0.0,0.0,0.0,0.0,0.0,0.0,0.0,0.0,0.0,0.0,0.0,0.0,0.0,0.0,0.0,0.0,0.0,0.0,0.0,0.0,0.0,0.0,0.0,0.0,0.0,0.0,0.0,0.0,0.0,0.0,0.0,0.0,0.0,0.0,0.0,0.0,0.0,0.0,0.0,0.0,0.0,0.0,0.0,0.0,0.0,0.0,0.0,0.0,0.0,0.0,0.0,0.0,0.0,0.0,0.0,0.0,0.0,0.0,0.0,0.0,0.0,0.0,0.0,0.0,0.0,0.0,0.0,0.0,0.0,0.0,0.0,0.0,0.0,0.0,0.0,0.0,0.0,0.0,0.0,0.0,0.0,0.0,0.0,0.0,0.0,0.0,0.0,0.0,0.0,0.0,0.0,0.0,0.0,0.0,0.0,0.0,0.0,0.0,0.0,0.0,0.0,0.0,0.0,0.0,0.0,0.0,0.0,0.0,0.0,0.0,0.0,0.0,0.0,0.0,0.0,0.0,0.0,0.0,0.0,0.0,0.0,0.0,0.0,0.0,0.0,0.0,0.0,0.0,0.0,0.0,0.0,0.0,0.0,0.0,0.0,0.0,0.0,0.0,0.0,0.0,0.0,0.0,0.0,0.0,0.0,0.0,0.0,0.0,0.0,0.0,0.0,0.0,0.0,0.0,0.0,0.0,0.0,0.0,0.0,0.0,0.0,0.0,0.0,0.0,0.0,0.0,0.0,0.0,0.0,0.0,0.0,0.0,0.0,0.0,0.0,0.0,0.0,0.0,0.0,0.0,0.0,0.0,0.0,0.0,0.0,0.0
hsa.mir.156b,0.0,0.0,0.0,0.0,0.0,0.0,0.0,0.0,0.0,0.0,0.0,0.0,0.0,0.0,0.0,0.0,0.0,0.0,0.0,0.0,0.0,0.0,0.0,0.0,0.0,0.0,0.0,0.0,0.0,0.0,0.0,0.0,0.0,0.0,0.0,0.0,0.0,0.0,0.0,0.0,0.0,0.0,0.0,0.0,0.0,0.0,0.0,0.0,0.0,0.0,0.0,0.0,0.0,0.0,0.0,0.0,0.0,0.0,0.0,0.0,0.0,0.0,0.0,0.0,0.0,0.0,0.0,0.0,0.0,0.0,0.0,0.0,0.0,0.0,0.0,0.0,0.0,0.0,0.0,0.0,0.0,0.0,0.0,0.0,0.0,0.0,0.0,0.0,0.0,0.0,0.0,0.0,0.0,0.0,0.0,0.0,0.0,0.0,0.0,0.0,0.0,0.0,0.0,0.0,0.0,0.0,0.0,0.0,0.0,0.0,0.0,0.0,0.0,0.0,0.0,0.0,0.0,0.0,0.0,0.0,0.0,0.0,0.0,0.0,0.0,0.0,0.0,0.0,0.0,0.0,0.0,0.0,0.0,0.0,0.0,0.0,0.0,0.0,0.0,0.0,0.0,0.0,0.0,0.0,0.0,0.0,0.0,0.0,0.0,0.0,0.0,0.0,0.0,0.0,0.0,0.0,0.0,0.0,0.0,0.0,0.0,0.0,0.0,0.0,0.0,0.0,0.0,0.0,0.0,0.0,0.0,0.0,0.0,0.0,0.0,0.0,0.0,0.0,0.0,0.0,0.0,0.0,0.0,0.0,0.0,0.0,0.0,0.0,0.0,0.0,0.0,0.0,0.0,0.0,0.0,0.0,0.0,0.0,0.0,0.0,0.0,0.0,0.0,0.0,0.0,0.0,0.0,0.0,0.0,0.0,0.0,0.0,0.0,0.0,0.0,0.0,0.0,0.0,0.0,0.0,0.0,0.0,0.0,0.0,0.0,0.0,0.0,0.0,0.0,0.0,0.0,0.0,0.0,0.0,0.0,0.0,0.0,0.0,0.0,0.0,0.0,0.0,0.0,0.0,0.0,0.0,0.0
hsa.mir.4662a,-3.088153955,1.109017238,0.522604549,0.117211039,-1.919443583,-1.417671771,-0.174255246,0.720295165,0.111996271,1.68627475,-1.460789525,0.843157395,-0.310549804,-2.056357426,-1.381136348,0.588880125,-0.238859996,0.670946966,-0.635765253,0.453551742,-0.307460022,0.925237766,-0.617784302,0.202166177,1.074172104,0.381635685,1.069602682,-1.759718433,0.652046899,1.368263164,-0.125893812,-0.128150301,0.443314834,0.056462024,0.391948229,0.156350587,-0.25936155,0.227751508,-1.38005881,-0.827217389,0.58037283,-0.542930526,0.210724921,0.973599687,-0.064443278,-0.200032288,0.162812098,-0.263378273,0.154422709,-0.386893215,-1.322671458,-0.726430898,-0.998424014,2.753704915,1.049521951,1.104586582,0.825909769,1.077926713,1.819393085,0.353011733,1.10530593,-0.828656486,1.145112653,-1.710954902,-0.167318169,0.609246616,1.492233825,0.07060035,-1.109894025,-2.465121648,-1.626799412,-1.068616855,-1.762539364,-1.48977007,-1.09881672,-1.249342518,-1.514016371,-2.630634237,-2.136137319,-0.087892904,-1.945517959,-0.351667368,-0.923566745,-0.704206594,-0.894781269,-1.533551087,-2.109527093,-2.661102781,-0.476246842,-0.937369662,-1.400532341,-0.105112605,0.703169708,-2.690496154,-4.246756669,-0.786413651,1.232740058,1.882312173,0.058328191,2.366056033,0.332514099,1.201714298,1.067847709,1.741617152,1.314827129,0.907941507,0.629028461,1.241460418,0.21456449,1.180892731,0.661610362,0.70838484,-0.273867637,0.778645538,0.101320781,-1.04068094,0.003724044,0.383940249,1.137330097,0.726585505,-1.207727174,-0.252367161,0.781535595,0.376942907,0.437313703,-0.797869624,0.109876631,0.71008649,0.144736877,-0.369822223,-0.019818866,-0.515482056,-0.244502521,1.784970663,-0.225060633,-0.690233268,-0.579325482,-0.005465748,0.128171699,-1.034927037,0.381871345,-0.100405387,-0.666046809,0.294288947,0.678706975,0.406628371,1.182944399,0.208016679,1.395191309,0.710047471,3.443034123,0.960889007,-0.085088843,1.551678113,0.095612522,0.706457506,0.560846634,2.172035427,0.673034869,1.728046429,0.247598925,0.060311415,0.590712131,-0.198455971,1.679833394,1.013952066,-0.180421883,-1.017334724,-0.322065912,-1.810513153,-1.292371321,-1.734745356,-0.130792155,0.228216965,1.509059261,2.475988158,1.787076484,-0.177776776,0.11030239,-0.378758608,-0.957258553,-1.043012134,0.257096185,0.015664449,0.310546746,-0.839347195,-0.335675695,-0.435188499,-0.757002183,0.171486454,1.762548756,0.387984129,-0.953335682,-0.80189635,0.183692844,0.825301584,0.265132319,1.245029563,0.830084982,0.532218652,0.675057634,0.931287554,1.071528158,0.288380573,-2.309601544,2.852649973,-0.445750696,0.662754809,-0.033156197,1.719213724,0.837788673,0.19279761,1.150753207,0.367949798,0.428429575,-0.151492032,-0.715515543,-0.002306584,0.673981313,0.51491281,-0.529977522,0.711076907,-0.621316126,0.197010614,0.468986142,0.599652314,1.373935817,-0.21268584,-0.346754184,0.273989037,-0.043214255,0.400488841,0.01073611,-0.304563046,-0.00076631,0.574582501,-0.622863083,-1.110304773,-1.144170059,0.119251617,0.669022251,-0.869206677,-0.133814533,-1.141718309,0.663754682,-0.090355364,-0.68561056
hsa.mir.110a,0.0,0.0,0.0,0.0,0.0,0.0,0.0,0.0,0.0,0.0,0.0,0.0,0.0,0.0,0.0,0.0,0.0,0.0,0.0,0.0,0.0,0.0,0.0,0.0,0.0,0.0,0.0,0.0,0.0,0.0,0.0,0.0,0.0,0.0,0.0,0.0,0.0,0.0,0.0,0.0,0.0,0.0,0.0,0.0,0.0,0.0,0.0,0.0,0.0,0.0,0.0,0.0,0.0,0.0,0.0,0.0,0.0,0.0,0.0,0.0,0.0,0.0,0.0,0.0,0.0,0.0,0.0,0.0,0.0,0.0,0.0,0.0,0.0,0.0,0.0,0.0,0.0,0.0,0.0,0.0,0.0,0.0,0.0,0.0,0.0,0.0,0.0,0.0,0.0,0.0,0.0,0.0,0.0,0.0,0.0,0.0,0.0,0.0,0.0,0.0,0.0,0.0,0.0,0.0,0.0,0.0,0.0,0.0,0.0,0.0,0.0,0.0,0.0,0.0,0.0,0.0,0.0,0.0,0.0,0.0,0.0,0.0,0.0,0.0,0.0,0.0,0.0,0.0,0.0,0.0,0.0,0.0,0.0,0.0,0.0,0.0,0.0,0.0,0.0,0.0,0.0,0.0,0.0,0.0,0.0,0.0,0.0,0.0,0.0,0.0,0.0,0.0,0.0,0.0,0.0,0.0,0.0,0.0,0.0,0.0,0.0,0.0,0.0,0.0,0.0,0.0,0.0,0.0,0.0,0.0,0.0,0.0,0.0,0.0,0.0,0.0,0.0,0.0,0.0,0.0,0.0,0.0,0.0,0.0,0.0,0.0,0.0,0.0,0.0,0.0,0.0,0.0,0.0,0.0,0.0,0.0,0.0,0.0,0.0,0.0,0.0,0.0,0.0,0.0,0.0,0.0,0.0,0.0,0.0,0.0,0.0,0.0,0.0,0.0,0.0,0.0,0.0,0.0,0.0,0.0,0.0,0.0,0.0,0.0,0.0,0.0,0.0,0.0,0.0,0.0,0.0,0.0,0.0,0.0,0.0,0.0,0.0,0.0,0.0,0.0,0.0,0.0,0.0,0.0,0.0,0.0,0.0
hsa.mir.204,0.782452757,1.652929984,-0.048693141,-0.675833821,0.942249761,-0.490221837,-0.597005665,0.042144314,-0.099540402,0.224666197,1.047532754,-0.847240152,0.745910812,-0.156914864,0.441861956,-0.650146389,-1.068741352,-0.925585037,-0.994387524,-0.437534131,0.530014213,0.765267114,-0.079362611,1.497201613,1.027890199,-0.04408252,-0.312965569,-0.211933677,-1.598828801,0.853351306,0.614951999,1.482014175,1.44724042,0.957933964,-0.382832252,0.285503481,-1.242363764,-1.396912424,-1.933307398,0.340464905,0.676562595,-0.82026899,-0.331679523,-0.580596512,-0.021145319,-0.883382257,0.57101109,0.783823165,1.440095357,-0.799493836,-0.595865884,1.24796216,0.813012251,-0.406912442,0.57290862,1.604291264,-0.087771814,-0.0550139,1.271854281,-0.018923113,1.688136091,0.407125868,0.675175443,-0.958857041,-1.329173705,-0.133012386,0.682467967,-0.287736101,1.478032058,-0.414782443,0.712484442,-0.478278046,0.518930097,0.132355242,1.035782261,-0.14832637,0.544467602,1.306037513,0.811505311,1.008391969,-0.1434913,0.082305421,-0.230675589,0.488691867,-0.243136914,0.410341547,2.773931083,-1.030219413,1.622044013,0.469721631,1.655724498,0.538880848,-0.188421297,0.57930303,2.088395711,1.006941966,0.817949875,0.787953963,1.774407756,-1.510611076,-0.965071161,-0.620285621,0.205611351,-1.448429025,-0.728715494,-0.078430522,-0.556861819,1.034705817,0.622750613,-1.206229366,-1.173722831,1.652205557,-0.755706783,-1.236027826,-1.006476501,-0.104588912,-0.419674503,-0.966783174,0.954872558,0.547338643,-1.237129752,-1.525170718,-0.339968782,1.123256996,-1.359731502,-0.36704127,0.901877059,3.512830999,1.927697928,1.294615124,1.151186065,2.050308792,0.375001036,0.590827084,-1.105269777,-1.117453134,-1.002414878,0.041952706,-1.252378778,-0.89764333,0.360507069,-0.326988419,-0.475833976,-0.798070697,-1.175819689,0.349805267,-1.918245379,-1.596796552,0.259384729,-0.795224435,0.517746609,2.356129792,-0.192942827,-0.107888322,-0.232631482,0.058453283,-1.859411893,-1.00072292,0.100365436,2.363974102,-1.66237038,-0.935305711,-0.526460638,0.464440409,-0.592096317,-0.947481434,-0.604253496,-0.203127617,0.487297992,-0.35270972,1.284484543,1.076750058,-0.95614574,-1.186689459,0.467453445,0.701173385,-1.918430129,-1.019496076,-1.849387049,-1.944803336,-1.386223845,-1.05780588,-1.097441325,-0.423792683,-1.44777573,-0.833929773,0.091444194,0.032502575,0.672556627,0.995407576,0.702711844,0.350490548,1.810968904,1.702752938,1.491783399,0.628893725,1.127531159,0.929564245,0.591916055,1.876188081,-0.14569599,0.185754781,-0.090697832,0.310007736,-1.324489069,0.641893743,0.681933776,-0.010132566,-1.043061181,-1.179397106,0.109070078,-0.116907896,0.534323107,0.655886865,-0.329808976,-0.520360725,-1.598526639,-1.199840954,0.878366622,-0.933562907,0.568770106,-1.801148757,-1.855546451,-0.354229226,-1.019071578,-1.460900308,1.340122497,-0.873819202,-1.762243723,0.623558057,-0.499831537,-0.830886312,-0.409482919,-1.035310953,1.453910679,-1.421764841,1.184233648,0.068527344,1.085131575,-1.619081888,0.814491217,1.090257622,-0.650238836,-0.819394015,-0.078019255,-0.316467927,-1.324131828
hsa.mir.204.1,0.0,0.0,0.0,0.0,0.0,0.0,0.0,0.0,0.0,0.0,0.0,0.0,0.0,0.0,0.0,0.0,0.0,0.0,0.0,0.0,0.0,0.0,0.0,0.0,0.0,0.0,0.0,0.0,0.0,0.0,0.0,0.0,0.0,0.0,0.0,0.0,0.0,0.0,0.0,0.0,0.0,0.0,0.0,0.0,0.0,0.0,0.0,0.0,0.0,0.0,0.0,0.0,0.0,0.0,0.0,0.0,0.0,0.0,0.0,0.0,0.0,0.0,0.0,0.0,0.0,0.0,0.0,0.0,0.0,0.0,0.0,0.0,0.0,0.0,0.0,0.0,0.0,0.0,0.0,0.0,0.0,0.0,0.0,0.0,0.0,0.0,0.0,0.0,0.0,0.0,0.0,0.0,0.0,0.0,0.0,0.0,0.0,0.0,0.0,0.0,0.0,0.0,0.0,0.0,0.0,0.0,0.0,0.0,0.0,0.0,0.0,0.0,0.0,0.0,0.0,0.0,0.0,0.0,0.0,0.0,0.0,0.0,0.0,0.0,0.0,0.0,0.0,0.0,0.0,0.0,0.0,0.0,0.0,0.0,0.0,0.0,0.0,0.0,0.0,0.0,0.0,0.0,0.0,0.0,0.0,0.0,0.0,0.0,0.0,0.0,0.0,0.0,0.0,0.0,0.0,0.0,0.0,0.0,0.0,0.0,0.0,0.0,0.0,0.0,0.0,0.0,0.0,0.0,0.0,0.0,0.0,0.0,0.0,0.0,0.0,0.0,0.0,0.0,0.0,0.0,0.0,0.0,0.0,0.0,0.0,0.0,0.0,0.0,0.0,0.0,0.0,0.0,0.0,0.0,0.0,0.0,0.0,0.0,0.0,0.0,0.0,0.0,0.0,0.0,0.0,0.0,0.0,0.0,0.0,0.0,0.0,0.0,0.0,0.0,0.0,0.0,0.0,0.0,0.0,0.0,0.0,0.0,0.0,0.0,0.0,0.0,0.0,0.0,0.0,0.0,0.0,0.0,0.0,0.0,0.0,0.0,0.0,0.0,0.0,0.0,0.0,0.0,0.0,0.0,0.0,0.0,0.0
hsa.mir.26a.2,2.12475119,0.313305907,0.332092193,-0.579556319,2.257096314,-0.329126099,-0.285979464,0.473379419,0.760993787,0.913147074,-0.194113805,0.558480364,1.372106178,1.486445642,1.591521796,0.41637891,0.037156336,-0.65890286,-1.966017184,-0.712903622,-0.989929291,0.531604683,-0.161782662,0.248366564,0.200544698,-1.443104736,-0.098780818,2.17505563,-3.870771834,-3.307970639,0.194289086,0.467802512,0.682091131,-0.174335456,-0.518278498,-0.875979282,-0.334262444,-0.528721115,-2.266443584,-0.465976025,0.448390987,0.0163201,0.216079228,-0.310886627,0.317833818,0.139927355,0.702069042,0.373199707,0.264572426,-0.418678864,-0.389549687,-0.408573048,-1.456732156,-2.48761088,-2.114755797,0.032751197,0.76752771,0.248393819,0.968930551,1.190939105,0.887322869,1.080780933,0.853548026,-1.294380086,0.888068192,0.394468917,-1.049146185,-0.336671801,1.900291987,0.019486563,-0.297373898,0.639418047,-0.444095241,0.661214141,3.360459332,1.066594419,2.531994308,1.241872509,-1.17449327,0.48011462,0.330405116,0.888530869,-0.413639896,3.296268819,0.678641587,0.98112183,0.017670485,0.117979035,1.808215208,1.105786076,0.570649839,1.103404695,0.764307556,0.106838837,0.906454402,-1.474513171,0.877295804,0.411260208,1.04982415,-1.095094289,-1.355522736,-0.168126884,-0.014467842,0.043047018,-0.258537781,-0.003807551,-0.938837675,-0.07715097,-0.100925729,-0.558535865,-0.643282631,0.301141941,-1.085701769,-0.30076192,-0.762887384,-0.296779655,0.964269611,-1.742269135,0.63340816,0.133923978,-1.645518994,-0.441282774,-1.096425905,0.326414107,-0.247859438,-0.372653381,-0.736927177,1.708037002,0.85600829,-0.494147193,0.03575335,0.095780059,1.375354718,0.928665378,-1.083465051,-0.223376055,0.690764259,-0.553211596,0.362777532,-0.516571375,0.957333402,0.180160803,1.234453877,0.17401295,-0.135884535,1.359243306,-0.738109847,-0.749754094,-0.352937206,-1.178564197,0.927414854,-0.441763824,0.059701454,-4.175280261,-0.999339372,-0.821334009,-2.714674705,-1.73413195,-0.077260956,0.178526745,-1.595842018,-0.367574618,0.088093041,0.677521927,-0.851493278,-0.570858465,-0.565763975,-0.95830967,0.165091137,0.238507861,0.449522674,0.608239982,-0.303166409,0.123607534,0.229932021,0.045073226,-0.006061547,0.475258875,-1.035138327,-0.794484928,-1.739649855,-1.580726525,-0.03641425,0.066474047,-0.247638317,-0.154559344,-0.222490899,-0.750916738,0.591715992,0.894590489,1.443236888,-0.067003643,0.657365612,2.26002281,1.119367594,0.757303293,0.195547538,-0.371107043,-0.575746433,1.154836291,-0.050960443,-0.108823501,0.329177217,1.142175085,-1.742807045,0.243094488,-0.103947116,0.465926848,-1.117743175,0.471572887,0.265970171,-1.10759098,-0.568134398,-0.596808021,-0.396878367,-1.548391352,-2.395969055,-1.404298447,0.618605405,-0.201761866,0.411009198,-1.462687417,-0.734214359,0.027448161,-1.369484766,0.487037966,-0.075192495,0.381981605,-1.438239446,0.992858435,-0.740182617,0.552221637,-0.550237934,-0.171412388,-0.126921893,-1.200598061,0.942969799,0.531774606,0.420870935,-0.341450233,-0.581442401,1.112875891,-0.777268399,0.259041626,0.284994064,-0.45701969,-2.224620628
hsa.mir.147b,-0.303091723,0.926713193,-1.319298938,-0.04291024,0.876569662,0.030434583,-3.876726375,-0.662974514,0.849036528,-1.359732745,0.571107562,-0.844902237,0.338019811,0.224664529,-0.035701886,-0.464260489,-0.110719165,-0.37578342,-0.301467237,0.107150417,0.923417799,-0.084922978,-0.110659239,1.579740798,0.844609262,-1.42793834,0.22880545,-0.908511152,0.050319686,1.801745099,0.087641264,0.973821041,1.365921196,2.325987353,-1.112816757,-1.856199328,-0.684853553,0.042927964,-3.349659209,-0.000363587,0.791022616,-0.25086377,-0.102529593,-1.782390459,-1.037482237,-0.898740543,0.419688446,0.254125027,0.694735864,-0.407187135,0.519023881,1.162745378,0.698375371,0.831603218,1.33668212,1.639900075,-1.62602287,-1.098349078,0.133506485,-1.202802061,0.200730501,-1.390072915,0.72360961,-0.332872606,-0.684601969,0.832765102,0.554330922,-0.443324004,0.718400942,-0.440087798,0.985576901,-0.191190593,0.69439243,-0.341179786,0.341894101,-0.276278272,-0.088913181,0.331323402,-0.28852024,-0.265362652,-0.790653564,0.097460296,-0.385024524,-0.330284674,0.547728269,-0.113111991,1.639355593,-0.25637998,-0.002986749,-0.112132042,0.823959029,-1.097613368,-0.564417316,-0.269756812,1.024474972,0.812411411,0.906362322,0.541295605,2.424777984,-0.677106505,-1.781251619,-0.162237902,0.372259908,-0.016161109,-1.449364528,0.003155998,0.29769179,0.830662319,1.040927335,-0.579816821,0.203556477,0.279311949,-0.511645125,-1.390477444,0.076057188,0.808624286,0.212097172,0.260636251,0.835905395,1.118067964,-1.962467628,-0.676189188,-0.779617022,0.956082766,-0.519468326,0.462472486,0.419830681,3.113357583,3.558931022,1.24494277,1.061290507,1.375980454,0.284088671,0.084307066,-0.809576779,-0.804243186,-0.259838948,0.229868993,0.244722579,-0.96314639,0.624711893,0.03037251,-0.927130418,-0.681459959,0.027671762,-0.257479395,-0.281041478,-0.29706243,1.351768436,0.083194893,0.657718697,0.995277029,-0.543211103,0.885894114,-0.552635744,-0.342579267,-0.239864101,0.009692491,1.592780478,1.446381594,-0.535411219,1.13911955,-0.159367503,-1.844185415,-0.868376478,-0.399773555,-2.504291597,0.151079536,-0.09889983,-0.45620131,1.129606006,1.65842422,0.211958272,-0.451767946,0.693810369,0.487777352,-0.91873434,-1.63714252,-0.445532409,-1.148565322,0.60077571,-0.711653622,-0.163042754,-0.111232218,-0.997068194,-0.660133831,-0.175551283,-0.136689613,1.375088188,0.340131493,0.597653199,-0.01835168,1.163715564,1.694281629,1.240569762,-1.689656898,1.397418571,-0.589074831,-1.118808702,1.288709878,-0.707013141,-0.263278833,-0.83525341,-1.222810946,-1.074451666,-0.100210968,-0.647655441,0.307791567,0.044876157,-2.292746689,0.568898986,0.578583766,0.349300431,-0.314182121,-0.024023919,-0.053347381,-1.016988189,-0.319128539,1.658457786,-0.450241285,-3.61975295,-2.056692849,-0.971094051,0.35084518,-0.587516516,-0.695996636,1.495249143,-0.451573047,-0.695314668,0.65828549,0.442261833,-1.603256719,-0.350267581,-0.578713247,1.716222827,-1.07932472,0.914135605,0.075440557,0.818753094,-1.683552542,1.01119492,0.798948248,-0.208764896,-0.508455792,0.566318065,0.206950498,-0.476981578
hsa.mir.147b.1,0.0,0.0,0.0,0.0,0.0,0.0,0.0,0.0,0.0,0.0,0.0,0.0,0.0,0.0,0.0,0.0,0.0,0.0,0.0,0.0,0.0,0.0,0.0,0.0,0.0,0.0,0.0,0.0,0.0,0.0,0.0,0.0,0.0,0.0,0.0,0.0,0.0,0.0,0.0,0.0,0.0,0.0,0.0,0.0,0.0,0.0,0.0,0.0,0.0,0.0,0.0,0.0,0.0,0.0,0.0,0.0,0.0,0.0,0.0,0.0,0.0,0.0,0.0,0.0,0.0,0.0,0.0,0.0,0.0,0.0,0.0,0.0,0.0,0.0,0.0,0.0,0.0,0.0,0.0,0.0,0.0,0.0,0.0,0.0,0.0,0.0,0.0,0.0,0.0,0.0,0.0,0.0,0.0,0.0,0.0,0.0,0.0,0.0,0.0,0.0,0.0,0.0,0.0,0.0,0.0,0.0,0.0,0.0,0.0,0.0,0.0,0.0,0.0,0.0,0.0,0.0,0.0,0.0,0.0,0.0,0.0,0.0,0.0,0.0,0.0,0.0,0.0,0.0,0.0,0.0,0.0,0.0,0.0,0.0,0.0,0.0,0.0,0.0,0.0,0.0,0.0,0.0,0.0,0.0,0.0,0.0,0.0,0.0,0.0,0.0,0.0,0.0,0.0,0.0,0.0,0.0,0.0,0.0,0.0,0.0,0.0,0.0,0.0,0.0,0.0,0.0,0.0,0.0,0.0,0.0,0.0,0.0,0.0,0.0,0.0,0.0,0.0,0.0,0.0,0.0,0.0,0.0,0.0,0.0,0.0,0.0,0.0,0.0,0.0,0.0,0.0,0.0,0.0,0.0,0.0,0.0,0.0,0.0,0.0,0.0,0.0,0.0,0.0,0.0,0.0,0.0,0.0,0.0,0.0,0.0,0.0,0.0,0.0,0.0,0.0,0.0,0.0,0.0,0.0,0.0,0.0,0.0,0.0,0.0,0.0,0.0,0.0,0.0,0.0,0.0,0.0,0.0,0.0,0.0,0.0,0.0,0.0,0.0,0.0,0.0,0.0,0.0,0.0,0.0,0.0,0.0,0.0
hsa.mir.302,0.0,0.0,0.0,0.0,0.0,0.0,0.0,0.0,0.0,0.0,0.0,0.0,0.0,0.0,0.0,0.0,0.0,0.0,0.0,0.0,0.0,0.0,0.0,0.0,0.0,0.0,0.0,0.0,0.0,0.0,0.0,0.0,0.0,0.0,0.0,0.0,0.0,0.0,0.0,0.0,0.0,0.0,0.0,0.0,0.0,0.0,0.0,0.0,0.0,0.0,0.0,0.0,0.0,0.0,0.0,0.0,0.0,0.0,0.0,0.0,0.0,0.0,0.0,0.0,0.0,0.0,0.0,0.0,0.0,0.0,0.0,0.0,0.0,0.0,0.0,0.0,0.0,0.0,0.0,0.0,0.0,0.0,0.0,0.0,0.0,0.0,0.0,0.0,0.0,0.0,0.0,0.0,0.0,0.0,0.0,0.0,0.0,0.0,0.0,0.0,0.0,0.0,0.0,0.0,0.0,0.0,0.0,0.0,0.0,0.0,0.0,0.0,0.0,0.0,0.0,0.0,0.0,0.0,0.0,0.0,0.0,0.0,0.0,0.0,0.0,0.0,0.0,0.0,0.0,0.0,0.0,0.0,0.0,0.0,0.0,0.0,0.0,0.0,0.0,0.0,0.0,0.0,0.0,0.0,0.0,0.0,0.0,0.0,0.0,0.0,0.0,0.0,0.0,0.0,0.0,0.0,0.0,0.0,0.0,0.0,0.0,0.0,0.0,0.0,0.0,0.0,0.0,0.0,0.0,0.0,0.0,0.0,0.0,0.0,0.0,0.0,0.0,0.0,0.0,0.0,0.0,0.0,0.0,0.0,0.0,0.0,0.0,0.0,0.0,0.0,0.0,0.0,0.0,0.0,0.0,0.0,0.0,0.0,0.0,0.0,0.0,0.0,0.0,0.0,0.0,0.0,0.0,0.0,0.0,0.0,0.0,0.0,0.0,0.0,0.0,0.0,0.0,0.0,0.0,0.0,0.0,0.0,0.0,0.0,0.0,0.0,0.0,0.0,0.0,0.0,0.0,0.0,0.0,0.0,0.0,0.0,0.0,0.0,0.0,0.0,0.0,0.0,0.0,0.0,0.0,0.0,0.0
hsa.mir.141a,0.0,0.0,0.0,0.0,0.0,0.0,0.0,0.0,0.0,0.0,0.0,0.0,0.0,0.0,0.0,0.0,0.0,0.0,0.0,0.0,0.0,0.0,0.0,0.0,0.0,0.0,0.0,0.0,0.0,0.0,0.0,0.0,0.0,0.0,0.0,0.0,0.0,0.0,0.0,0.0,0.0,0.0,0.0,0.0,0.0,0.0,0.0,0.0,0.0,0.0,0.0,0.0,0.0,0.0,0.0,0.0,0.0,0.0,0.0,0.0,0.0,0.0,0.0,0.0,0.0,0.0,0.0,0.0,0.0,0.0,0.0,0.0,0.0,0.0,0.0,0.0,0.0,0.0,0.0,0.0,0.0,0.0,0.0,0.0,0.0,0.0,0.0,0.0,0.0,0.0,0.0,0.0,0.0,0.0,0.0,0.0,0.0,0.0,0.0,0.0,0.0,0.0,0.0,0.0,0.0,0.0,0.0,0.0,0.0,0.0,0.0,0.0,0.0,0.0,0.0,0.0,0.0,0.0,0.0,0.0,0.0,0.0,0.0,0.0,0.0,0.0,0.0,0.0,0.0,0.0,0.0,0.0,0.0,0.0,0.0,0.0,0.0,0.0,0.0,0.0,0.0,0.0,0.0,0.0,0.0,0.0,0.0,0.0,0.0,0.0,0.0,0.0,0.0,0.0,0.0,0.0,0.0,0.0,0.0,0.0,0.0,0.0,0.0,0.0,0.0,0.0,0.0,0.0,0.0,0.0,0.0,0.0,0.0,0.0,0.0,0.0,0.0,0.0,0.0,0.0,0.0,0.0,0.0,0.0,0.0,0.0,0.0,0.0,0.0,0.0,0.0,0.0,0.0,0.0,0.0,0.0,0.0,0.0,0.0,0.0,0.0,0.0,0.0,0.0,0.0,0.0,0.0,0.0,0.0,0.0,0.0,0.0,0.0,0.0,0.0,0.0,0.0,0.0,0.0,0.0,0.0,0.0,0.0,0.0,0.0,0.0,0.0,0.0,0.0,0.0,0.0,0.0,0.0,0.0,0.0,0.0,0.0,0.0,0.0,0.0,0.0,0.0,0.0,0.0,0.0,0.0,0.0
hsa.mir.266,0.0,0.0,0.0,0.0,0.0,0.0,0.0,0.0,0.0,0.0,0.0,0.0,0.0,0.0,0.0,0.0,0.0,0.0,0.0,0.0,0.0,0.0,0.0,0.0,0.0,0.0,0.0,0.0,0.0,0.0,0.0,0.0,0.0,0.0,0.0,0.0,0.0,0.0,0.0,0.0,0.0,0.0,0.0,0.0,0.0,0.0,0.0,0.0,0.0,0.0,0.0,0.0,0.0,0.0,0.0,0.0,0.0,0.0,0.0,0.0,0.0,0.0,0.0,0.0,0.0,0.0,0.0,0.0,0.0,0.0,0.0,0.0,0.0,0.0,0.0,0.0,0.0,0.0,0.0,0.0,0.0,0.0,0.0,0.0,0.0,0.0,0.0,0.0,0.0,0.0,0.0,0.0,0.0,0.0,0.0,0.0,0.0,0.0,0.0,0.0,0.0,0.0,0.0,0.0,0.0,0.0,0.0,0.0,0.0,0.0,0.0,0.0,0.0,0.0,0.0,0.0,0.0,0.0,0.0,0.0,0.0,0.0,0.0,0.0,0.0,0.0,0.0,0.0,0.0,0.0,0.0,0.0,0.0,0.0,0.0,0.0,0.0,0.0,0.0,0.0,0.0,0.0,0.0,0.0,0.0,0.0,0.0,0.0,0.0,0.0,0.0,0.0,0.0,0.0,0.0,0.0,0.0,0.0,0.0,0.0,0.0,0.0,0.0,0.0,0.0,0.0,0.0,0.0,0.0,0.0,0.0,0.0,0.0,0.0,0.0,0.0,0.0,0.0,0.0,0.0,0.0,0.0,0.0,0.0,0.0,0.0,0.0,0.0,0.0,0.0,0.0,0.0,0.0,0.0,0.0,0.0,0.0,0.0,0.0,0.0,0.0,0.0,0.0,0.0,0.0,0.0,0.0,0.0,0.0,0.0,0.0,0.0,0.0,0.0,0.0,0.0,0.0,0.0,0.0,0.0,0.0,0.0,0.0,0.0,0.0,0.0,0.0,0.0,0.0,0.0,0.0,0.0,0.0,0.0,0.0,0.0,0.0,0.0,0.0,0.0,0.0,0.0,0.0,0.0,0.0,0.0,0.0
hsa.mir.154,-0.421729969,-0.599589074,0.390880819,0.251952844,1.543286564,0.276920379,0.982994692,-0.937015256,0.447583563,-1.01953903,-0.581110574,-0.272684081,1.347183797,1.194017517,-0.160675798,-1.618635976,-0.435315404,-1.122029586,1.856911593,1.183000606,1.060064532,-0.163989604,-0.512127463,-0.368826499,0.35822081,0.668462127,0.169617078,-1.072555674,0.577970843,0.499181474,0.013126641,0.353848856,0.497957073,1.224032591,-0.44106123,-0.218629188,0.014065226,-0.876470563,0.603676989,1.393286418,0.266679093,-2.058492418,-1.125503608,-0.36763528,-1.812649055,-0.060197973,-1.500247541,0.025637618,-0.46623448,-0.579204893,1.154619167,0.142540295,0.957797343,2.236694862,0.002515052,0.184204038,0.809925091,-0.15727947,-1.200867079,0.079257792,-0.573846026,-1.476240339,0.018670099,0.743776358,0.317165811,0.816949658,-0.482466239,-0.382083844,0.712035684,0.563065205,0.538648508,-0.141184521,-0.458829591,-0.029760993,-2.176920724,-1.61545563,-1.283168313,-1.190026812,-0.9186406,-0.16550477,-1.711762682,-0.879329659,-0.023634403,-1.294357467,-1.571174078,-0.345591972,-0.156033374,-2.165830784,-0.174311408,-0.50454521,1.733506247,0.158524292,0.511743178,-0.698897058,0.812784485,-1.890627805,-1.58509577,0.467143451,-2.43047687,-0.722177995,-0.451658349,0.435303237,0.702622364,0.287075205,-0.297295388,-1.323672991,-0.982731733,0.572421075,1.866238724,-1.034227664,-0.027018451,-0.790189886,0.697522546,-0.045606713,0.307494761,-0.492825824,-3.097544943,0.454582137,0.864579606,-0.326395089,0.450305628,-0.005914072,-0.481985728,-0.538872999,-0.688854395,-0.968737059,-1.241373486,0.209145787,1.08859889,-0.572660382,0.487183472,0.073193374,-0.782583674,-0.19155423,0.449944121,1.622334626,1.158694975,-1.235335462,0.660846817,1.233639245,0.496236708,-0.070956649,0.29228905,0.380347952,0.393379343,0.863233452,1.517905234,1.757248994,2.176761823,1.544724462,-0.517391175,-0.489755666,0.934382375,0.384765553,-0.414786441,-0.319098775,0.453338537,0.588988893,-1.689431261,-0.067701439,-0.463013679,1.093511426,0.18854143,-0.546319237,-1.221567147,-0.068246321,1.576892855,-0.844233145,0.545120053,1.757576555,-0.218907205,0.833570103,0.060095058,0.589170935,-0.578743369,-0.583730356,-1.01295701,-0.687418167,0.377887473,-0.147027659,1.198336686,1.701237806,-0.523500378,-1.503234295,0.730397203,-0.116182047,-1.127405561,1.792598774,-0.062805165,0.464140921,0.217031645,1.444754421,-0.860644541,0.885041452,-0.324940987,-1.102534012,-0.178687828,-1.133734296,-0.207150347,0.270680465,0.834324347,0.092024457,1.015128117,0.620698022,1.41386097,-0.275334792,0.203811503,-0.798452565,0.912376437,-1.190692152,0.853142787,0.547485004,-0.597481918,-1.02691599,-1.052878582,0.383486007,0.16715149,0.688331069,0.931090445,0.031138354,0.284584133,-0.286741372,0.986999387,-0.549731184,-0.570176966,-0.782510966,-1.373918787,-0.375037081,1.076963818,-0.462133315,0.58087173,-1.31214234,1.175333327,-0.657287553,-0.431514307,1.959805604,-0.817667903,-0.673089877,-0.753784618,-0.854132169,-1.46644435,0.152284923,1.058514377,-1.091422548,-0.636968339,-1.016420761,0.343506011
hsa.mir.154.1,0.0,0.0,0.0,0.0,0.0,0.0,0.0,0.0,0.0,0.0,0.0,0.0,0.0,0.0,0.0,0.0,0.0,0.0,0.0,0.0,0.0,0.0,0.0,0.0,0.0,0.0,0.0,0.0,0.0,0.0,0.0,0.0,0.0,0.0,0.0,0.0,0.0,0.0,0.0,0.0,0.0,0.0,0.0,0.0,0.0,0.0,0.0,0.0,0.0,0.0,0.0,0.0,0.0,0.0,0.0,0.0,0.0,0.0,0.0,0.0,0.0,0.0,0.0,0.0,0.0,0.0,0.0,0.0,0.0,0.0,0.0,0.0,0.0,0.0,0.0,0.0,0.0,0.0,0.0,0.0,0.0,0.0,0.0,0.0,0.0,0.0,0.0,0.0,0.0,0.0,0.0,0.0,0.0,0.0,0.0,0.0,0.0,0.0,0.0,0.0,0.0,0.0,0.0,0.0,0.0,0.0,0.0,0.0,0.0,0.0,0.0,0.0,0.0,0.0,0.0,0.0,0.0,0.0,0.0,0.0,0.0,0.0,0.0,0.0,0.0,0.0,0.0,0.0,0.0,0.0,0.0,0.0,0.0,0.0,0.0,0.0,0.0,0.0,0.0,0.0,0.0,0.0,0.0,0.0,0.0,0.0,0.0,0.0,0.0,0.0,0.0,0.0,0.0,0.0,0.0,0.0,0.0,0.0,0.0,0.0,0.0,0.0,0.0,0.0,0.0,0.0,0.0,0.0,0.0,0.0,0.0,0.0,0.0,0.0,0.0,0.0,0.0,0.0,0.0,0.0,0.0,0.0,0.0,0.0,0.0,0.0,0.0,0.0,0.0,0.0,0.0,0.0,0.0,0.0,0.0,0.0,0.0,0.0,0.0,0.0,0.0,0.0,0.0,0.0,0.0,0.0,0.0,0.0,0.0,0.0,0.0,0.0,0.0,0.0,0.0,0.0,0.0,0.0,0.0,0.0,0.0,0.0,0.0,0.0,0.0,0.0,0.0,0.0,0.0,0.0,0.0,0.0,0.0,0.0,0.0,0.0,0.0,0.0,0.0,0.0,0.0,0.0,0.0,0.0,0.0,0.0,0.0
hsa.mir.117a,0.0,0.0,0.0,0.0,0.0,0.0,0.0,0.0,0.0,0.0,0.0,0.0,0.0,0.0,0.0,0.0,0.0,0.0,0.0,0.0,0.0,0.0,0.0,0.0,0.0,0.0,0.0,0.0,0.0,0.0,0.0,0.0,0.0,0.0,0.0,0.0,0.0,0.0,0.0,0.0,0.0,0.0,0.0,0.0,0.0,0.0,0.0,0.0,0.0,0.0,0.0,0.0,0.0,0.0,0.0,0.0,0.0,0.0,0.0,0.0,0.0,0.0,0.0,0.0,0.0,0.0,0.0,0.0,0.0,0.0,0.0,0.0,0.0,0.0,0.0,0.0,0.0,0.0,0.0,0.0,0.0,0.0,0.0,0.0,0.0,0.0,0.0,0.0,0.0,0.0,0.0,0.0,0.0,0.0,0.0,0.0,0.0,0.0,0.0,0.0,0.0,0.0,0.0,0.0,0.0,0.0,0.0,0.0,0.0,0.0,0.0,0.0,0.0,0.0,0.0,0.0,0.0,0.0,0.0,0.0,0.0,0.0,0.0,0.0,0.0,0.0,0.0,0.0,0.0,0.0,0.0,0.0,0.0,0.0,0.0,0.0,0.0,0.0,0.0,0.0,0.0,0.0,0.0,0.0,0.0,0.0,0.0,0.0,0.0,0.0,0.0,0.0,0.0,0.0,0.0,0.0,0.0,0.0,0.0,0.0,0.0,0.0,0.0,0.0,0.0,0.0,0.0,0.0,0.0,0.0,0.0,0.0,0.0,0.0,0.0,0.0,0.0,0.0,0.0,0.0,0.0,0.0,0.0,0.0,0.0,0.0,0.0,0.0,0.0,0.0,0.0,0.0,0.0,0.0,0.0,0.0,0.0,0.0,0.0,0.0,0.0,0.0,0.0,0.0,0.0,0.0,0.0,0.0,0.0,0.0,0.0,0.0,0.0,0.0,0.0,0.0,0.0,0.0,0.0,0.0,0.0,0.0,0.0,0.0,0.0,0.0,0.0,0.0,0.0,0.0,0.0,0.0,0.0,0.0,0.0,0.0,0.0,0.0,0.0,0.0,0.0,0.0,0.0,0.0,0.0,0.0,0.0
hsa.let.7c,2.025636093,-0.770151507,0.132898029,-0.441165075,1.730158885,-1.048162764,0.319673543,0.288929525,-0.093875341,-1.357541492,0.224817665,1.285218316,0.873497178,1.687833892,-0.802815666,1.24057757,0.317250202,0.52124792,-2.058320454,0.087842754,-0.659660626,0.8036166,-1.729888552,0.053939509,-0.467957944,-0.908385958,-0.451645581,0.534159153,-0.260510687,-0.303283745,0.653938282,-0.629385403,-0.146433661,-0.665907059,0.590262727,-0.297269872,0.526034065,-0.611553527,-1.837029788,-1.114114204,-0.21803825,-1.236722145,0.051188668,-0.360598824,-0.092510993,-0.811932287,-0.355779423,-1.316053996,-0.377320763,-0.019158766,-0.774000298,2.130208701,0.387376993,-1.788714054,2.395901712,-0.211152436,0.717571499,-0.226569668,-1.020164992,0.733908511,0.194702243,-0.094957105,-0.605327597,-1.004572155,0.406782492,-0.792978102,-0.221325005,0.262832891,2.537900428,-0.23412842,-0.374167802,1.166438428,0.885388542,-0.23260758,2.393450315,0.70407123,0.635865737,0.929843343,0.13173368,-1.231009693,0.382676064,0.01352854,1.573773895,1.152473386,0.856364523,1.562164783,-0.281024304,1.409888458,0.558181781,0.661749644,2.136252336,1.872556967,1.696472698,2.294203222,0.807343382,-1.214235674,0.933417358,-0.043052073,0.062661638,-0.536899107,-0.446536446,0.169073509,1.108598887,0.203728648,1.515138701,-0.795482232,-0.792875277,0.658988377,-0.924752468,-0.532460795,-0.386600161,0.236270158,-0.460813527,1.120151709,-0.343916715,0.045528221,0.677446754,-0.457004303,0.61485774,-0.508902865,-0.470238608,1.071196226,0.159746413,1.830066475,0.405161795,1.48311029,-1.307575518,-0.015738448,-1.141159575,-1.127926672,-0.098738379,-0.173195461,0.233390748,0.741970108,-0.98256748,-0.720185907,-0.103001863,1.500987388,-0.814933457,0.664607911,-1.850331858,-0.248430669,0.312101839,-1.980497069,-0.247190831,-0.369210294,-1.442758131,-1.014729588,-0.921633544,-0.724000389,0.560273843,0.042521551,0.920561709,-2.123936352,1.242932303,0.939869829,-2.033287903,-1.555123455,-0.213881508,0.143082862,-0.338947614,-1.769135868,2.060160129,2.37234864,0.00291102,-0.274960563,0.426890534,0.258333645,-1.413447764,-0.771778253,-0.147273673,-1.013964542,0.407290889,-0.208416163,0.988869551,-0.510433533,0.238247741,0.689095917,-0.783986489,-0.277206509,-1.051242658,-0.296659737,1.093479746,0.456990427,-0.019173562,0.42628987,1.556440832,-1.907793274,0.846188577,0.267969376,-0.061486249,-2.030669923,-7.16e-05,0.966658054,-0.984633902,-0.547657998,-0.962316938,0.226083134,-0.849067775,0.444124095,-0.406084919,-0.136783997,-0.222090571,-0.463661967,-1.036804397,-1.003063833,0.220183531,2.449243619,-1.633241066,-0.105843111,1.452312709,-0.184383057,0.719587339,1.270197265,0.356973317,-1.261490798,-0.630362006,-0.562228865,-0.948519545,-0.575691844,0.411919544,-0.208542122,-0.663093835,1.297082728,0.027046117,1.534494236,0.34367966,1.265331169,-0.320793203,1.613683654,0.554821724,1.068489943,-0.277016579,0.309068814,1.494754737,-0.309417653,1.32834153,0.992595496,0.063942639,0.897385041,0.589445466,1.464321064,-0.51880188,1.208172163,1.443391966,-0.098856812,-0.213462947
hsa.mir.2355,-0.046162613,0.338467508,0.41059538,-0.333675998,1.460789337,1.001313082,1.522489838,-2.735204276,0.882522547,0.187336455,0.146352475,-0.840323843,0.941371246,0.992698518,1.861968147,-0.394268734,0.415973203,-0.943286944,1.091790159,-0.58452882,1.130950443,0.258791936,0.953132537,0.11775582,2.058511439,-0.289352199,-0.340795932,-1.266274759,1.676649218,1.406170163,-1.540441155,-0.214219049,-0.645304112,0.837717439,-0.655735266,-0.231129304,0.489027906,-1.740559879,-0.055170258,-0.558387135,0.066919933,-2.168487829,-0.561764888,-0.955396827,0.022960563,1.446446535,1.071314329,-0.660926014,-0.608918031,-0.560169523,0.186872133,-0.178358081,-0.279085035,1.858035642,2.261692988,1.219931797,0.463617849,-0.438000526,0.244334555,0.221855869,-0.880283287,0.076036289,0.21078982,-0.441642942,0.835615599,0.715937532,-0.074156379,-0.427208463,1.116636791,0.811296916,1.298137682,-0.337211002,-0.917637761,2.504053589,-0.356347082,-1.545075618,-0.710259267,-0.164207571,-0.755037402,-0.824589352,-1.868175766,-2.249346557,0.063039786,0.132114379,-0.903843972,-0.443844006,-1.200516236,-0.529845154,-1.272788297,0.506047388,-1.473054083,0.349920804,-0.5806957,-0.611497848,-1.462845361,-1.828871834,-0.06777323,-0.832414363,-0.153855365,-1.272718898,-0.361764624,1.218317617,0.498099326,0.080484421,-0.507744404,-0.492445419,-0.460588548,1.510509959,-0.18127392,-0.260572426,0.603963071,-0.356730886,0.556252386,0.871268801,-0.664723728,-1.140542725,-0.365132692,-0.526191585,0.442047659,0.005939344,0.867532806,0.234074538,-1.857388131,1.156647679,-0.521085626,0.847152119,-2.054736897,0.394520828,3.066198964,0.147240148,-0.234043902,-0.676985914,-0.013742767,-0.16366745,0.248525054,0.891030842,-0.709804765,-0.440686211,-0.598113081,0.149422232,0.986552318,-0.209244236,-0.39344647,-0.162563833,-0.978758894,-0.978731745,3.408754542,-0.929734292,-1.47880117,0.229930731,0.000974834,1.037266269,1.477647233,1.856858258,-0.713777689,-1.232192188,0.764936734,0.708329918,0.896030186,-0.612726879,-1.992471675,0.041730721,-0.94560919,0.039856468,-1.057243619,-0.260624869,-0.1475393,-0.256060414,2.460712721,0.610353167,-0.521341806,2.23448733,-0.09617835,-0.392187919,0.235076441,0.868189765,0.130041016,0.087942065,0.610924408,-0.003569642,1.279777686,-0.146266065,0.341573823,-0.282772965,-1.069810562,1.166364358,0.682569453,0.901428759,0.818258992,-1.098088088,1.279044143,1.470503865,-0.218431983,1.865176939,0.807767382,-0.576765537,0.572981568,-1.735975356,-0.696190736,0.679801481,0.305092686,-0.432617178,-1.470088168,-0.693971432,0.183899839,-0.689340349,0.877521748,0.543250728,2.50541783,-1.380354857,-0.41301184,0.722985996,-2.126082462,-0.954670305,0.578204318,-0.114750973,-0.307462269,0.509880928,0.484891063,-1.903321257,0.398517141,-1.536084453,1.129288082,0.595643513,0.181480456,0.785487815,0.66680016,1.261494562,-0.126961313,-1.135773041,0.611895846,-0.694476164,0.454970269,-0.9394049,-0.628558281,-0.383656075,1.118003969,-1.320372608,1.826924062,0.216887629,0.142383008,0.397850349,0.3136234,-0.474757683,0.814086919,-0.604388593,-0.410439178
hsa.mir.184,-0.339923949,-0.638613249,-0.624869228,-1.007304575,-2.109971786,0.02240875,-0.817461699,0.276221001,-1.594148598,0.027016684,-0.429737335,2.475611012,1.002401453,-1.642716172,-0.711364438,-1.026709017,0.090340684,2.603807664,0.006589132,-0.297604643,-0.871370374,-0.787961434,0.288287912,-1.365362562,0.292923239,-0.350780562,0.13230569,-1.077416695,-2.901882262,-2.244679396,0.824794774,0.340552231,0.081698748,-1.254396899,1.037891454,0.520115528,0.70606897,1.333187254,-0.280130402,-0.522717841,0.136823025,-0.335032536,0.940161019,0.630058118,0.648551999,1.165650807,1.380865038,1.595944892,0.424511214,1.063393928,-0.714655416,-0.01303549,-0.65028998,-1.644072158,-2.00027124,-0.427989591,-1.482743996,0.759052911,-0.464531934,0.165364886,0.101287886,0.216179253,-1.292292698,0.618950889,1.160005731,0.293921284,-0.96297596,-0.590674446,-0.653833773,-0.333435021,0.769185318,-0.277225533,-0.208595659,-0.247020204,0.403060649,-0.165630254,-0.268437812,-1.192973493,0.516016843,-1.391671012,0.282201085,1.348896267,-0.593580507,0.626839225,0.153276861,-0.870915977,0.021946616,-0.222494659,-0.237325807,0.917184138,-4.016256623,-0.830498172,0.42098822,-0.254659924,-0.833036927,0.930236978,0.829286123,1.083506017,-1.247935455,0.43334772,0.573409148,0.977484738,-1.355053483,0.188393118,1.123317497,0.315766654,-0.575106553,-1.272650198,-0.154995911,0.323007458,1.094538575,0.078529416,0.843503881,0.08674441,0.693783066,-1.8227166,-0.286595448,-1.417963682,0.149780873,0.075083555,1.093550729,-0.39457605,1.928431577,-0.500848628,0.339715957,0.367498453,1.956597482,-0.339688868,-1.306596371,0.635620916,-0.404106331,-1.0299504,0.407550862,0.702589359,0.374106874,0.989931642,-0.456002373,0.897352936,-0.227214313,-0.868419427,0.027233502,-0.862106178,-1.009016966,0.244580158,-1.1752898,0.458128404,1.456562917,-1.800206004,-1.160592397,-1.595639367,-0.439061826,-1.161953688,-1.262413442,-2.092609295,-0.01954427,0.282725195,-2.383809768,-0.726300107,0.748185484,-0.065728693,0.417799616,-0.946781955,0.155055092,-1.232072144,1.192050493,0.441110165,-1.147612164,-0.273795453,1.330106339,-0.740583226,-1.004438483,-0.078596247,-0.236994935,-1.832143721,0.100595541,-0.526396077,0.750704205,1.041339244,0.061060819,1.282109319,0.369428766,-1.023996386,0.027623231,0.398020848,-0.392159109,1.129835406,0.474185817,-0.402724128,-0.058147122,1.27662537,0.064743841,-0.338973587,-0.543542041,0.668538335,-0.588025948,0.63230158,-0.134396959,0.744314239,-0.647598442,0.6116673,-0.55321844,-0.224117588,0.066164318,-0.323604295,0.791707928,-0.083480258,0.466593147,0.580263742,1.753835132,0.686333033,2.074954288,0.254150274,1.485991877,0.172892953,-1.523178267,-0.199061532,0.029610099,-1.267861079,0.326127298,-0.989043782,-0.095410581,1.08225511,1.83481251,0.604410475,0.006085759,0.285044406,0.780764356,0.631544716,0.09888138,0.721351354,0.228850178,0.890858173,-0.485528032,-0.292301135,0.016200472,-0.822117496,-0.743855309,0.409395111,1.907322875,-0.493864713,2.029939753,-4.327966255,-0.979286673,0.636121724,0.290046867,1.417137112,0.580010745
hsa.mir.184.1,0.0,0.0,0.0,0.0,0.0,0.0,0.0,0.0,0.0,0.0,0.0,0.0,0.0,0.0,0.0,0.0,0.0,0.0,0.0,0.0,0.0,0.0,0.0,0.0,0.0,0.0,0.0,0.0,0.0,0.0,0.0,0.0,0.0,0.0,0.0,0.0,0.0,0.0,0.0,0.0,0.0,0.0,0.0,0.0,0.0,0.0,0.0,0.0,0.0,0.0,0.0,0.0,0.0,0.0,0.0,0.0,0.0,0.0,0.0,0.0,0.0,0.0,0.0,0.0,0.0,0.0,0.0,0.0,0.0,0.0,0.0,0.0,0.0,0.0,0.0,0.0,0.0,0.0,0.0,0.0,0.0,0.0,0.0,0.0,0.0,0.0,0.0,0.0,0.0,0.0,0.0,0.0,0.0,0.0,0.0,0.0,0.0,0.0,0.0,0.0,0.0,0.0,0.0,0.0,0.0,0.0,0.0,0.0,0.0,0.0,0.0,0.0,0.0,0.0,0.0,0.0,0.0,0.0,0.0,0.0,0.0,0.0,0.0,0.0,0.0,0.0,0.0,0.0,0.0,0.0,0.0,0.0,0.0,0.0,0.0,0.0,0.0,0.0,0.0,0.0,0.0,0.0,0.0,0.0,0.0,0.0,0.0,0.0,0.0,0.0,0.0,0.0,0.0,0.0,0.0,0.0,0.0,0.0,0.0,0.0,0.0,0.0,0.0,0.0,0.0,0.0,0.0,0.0,0.0,0.0,0.0,0.0,0.0,0.0,0.0,0.0,0.0,0.0,0.0,0.0,0.0,0.0,0.0,0.0,0.0,0.0,0.0,0.0,0.0,0.0,0.0,0.0,0.0,0.0,0.0,0.0,0.0,0.0,0.0,0.0,0.0,0.0,0.0,0.0,0.0,0.0,0.0,0.0,0.0,0.0,0.0,0.0,0.0,0.0,0.0,0.0,0.0,0.0,0.0,0.0,0.0,0.0,0.0,0.0,0.0,0.0,0.0,0.0,0.0,0.0,0.0,0.0,0.0,0.0,0.0,0.0,0.0,0.0,0.0,0.0,0.0,0.0,0.0,0.0,0.0,0.0,0.0
hsa.mir.186,1.980110262,-1.839299916,-0.414989594,-0.778412127,-0.501504055,-1.55566408,-0.570700124,-0.77789167,-1.296700121,-1.276559455,0.399999666,1.277948466,0.808685828,0.350241896,0.469031537,0.496698184,0.764992065,1.836380934,-0.469259785,0.413329226,-1.140850462,0.46122214,-1.49418807,-0.225476725,-1.148098263,-1.67574656,0.88883543,-0.849503956,-2.747761867,-1.769468595,-0.074698006,0.415861986,-0.676297692,-0.395084822,0.741406419,-0.461163409,0.603090872,-0.429010281,-1.676714908,-1.360032784,-1.44571786,-0.931619339,0.68643719,0.330028177,-0.143626164,0.016954467,0.285796048,-0.603616109,0.755401542,0.360052469,-0.181379371,1.604266608,-0.36061073,-2.452374658,-2.321378848,0.633108664,-0.699363078,0.138924708,-0.501828641,0.924695889,0.624202538,0.777241076,-0.289226868,-0.787904691,1.191424908,-0.587414388,-0.427770258,-0.639001287,-0.464117021,-0.500994522,0.225805843,-0.667377184,0.808903311,-1.105003837,0.143375349,-0.402648743,-0.170325567,-0.101740379,-0.427266468,-0.975203798,-0.828196821,-0.173052103,-0.25404827,0.460594434,0.285718559,0.213986438,-0.464310872,0.161388319,-1.959277442,-0.50456629,-3.063816466,-0.126340456,0.317801035,0.419287593,-0.153923317,-0.299216776,1.78273021,-0.02914763,0.831098039,-0.11437474,-0.003543737,0.554985559,-0.328686773,0.140102377,1.631726915,0.944704642,0.202388161,-0.350912811,0.017769744,1.433562418,0.739174051,0.681272852,0.071211723,1.15052585,0.8559024,-0.079270975,1.954034247,-0.071529344,-0.048948594,-0.461585205,-0.152974998,0.683907124,1.405245685,-0.939458382,0.964754823,1.907546742,0.684507461,0.494640248,-1.004923051,-1.177194215,-1.84031345,-0.575892636,0.1306724,-1.440074077,0.197188518,0.245999347,-0.073923899,0.298809761,0.149933435,-0.35660989,-1.344541063,0.163890719,-0.379692768,-0.49221574,-0.306528392,-0.150479512,-1.289547909,-1.052102246,-1.345661912,-0.59219867,-0.156436615,-0.447345149,-0.01208547,-2.843419597,0.825123891,0.583353518,-2.790655094,-2.007665014,1.304555451,-0.352112949,-0.109698189,-1.597166532,0.974466585,1.204925785,0.938417143,-0.536309839,-1.005569199,0.57900922,-1.609339804,-1.173130035,0.238363808,-1.269866351,1.029292712,0.271096059,0.643166359,-0.013543424,0.530788918,1.129949215,0.825434926,1.289113167,0.171832512,0.657951802,1.069995869,0.589128241,0.494855135,0.082237365,1.727972658,-0.950774716,0.618727946,-0.25355381,0.148833381,-1.583400027,0.076907848,-0.232668526,-0.16336794,0.223407784,-0.596035515,0.236919249,-0.323688374,-1.250750427,-0.99908788,-0.447381505,0.470643275,0.496772093,0.123041533,0.900117467,-0.425982627,1.548404803,-0.610082314,0.658949567,0.846000551,0.529969858,1.248449886,2.029788246,1.874891229,0.02107817,0.672733568,-0.352922864,-0.657675154,0.129566002,0.184615122,1.295390564,0.303159867,1.777787394,1.556236825,1.010782316,1.075897166,0.798735109,0.895434967,1.734610959,0.973092362,1.496821879,0.119413052,1.12889443,1.103492173,0.105303296,1.269856306,1.393452821,0.001192472,0.096525285,2.357289808,0.018824938,0.055684295,0.965672093,1.530858525,0.895765299,0.407616695
hsa.mir.186.1,0.0,0.0,0.0,0.0,0.0,0.0,0.0,0.0,0.0,0.0,0.0,0.0,0.0,0.0,0.0,0.0,0.0,0.0,0.0,0.0,0.0,0.0,0.0,0.0,0.0,0.0,0.0,0.0,0.0,0.0,0.0,0.0,0.0,0.0,0.0,0.0,0.0,0.0,0.0,0.0,0.0,0.0,0.0,0.0,0.0,0.0,0.0,0.0,0.0,0.0,0.0,0.0,0.0,0.0,0.0,0.0,0.0,0.0,0.0,0.0,0.0,0.0,0.0,0.0,0.0,0.0,0.0,0.0,0.0,0.0,0.0,0.0,0.0,0.0,0.0,0.0,0.0,0.0,0.0,0.0,0.0,0.0,0.0,0.0,0.0,0.0,0.0,0.0,0.0,0.0,0.0,0.0,0.0,0.0,0.0,0.0,0.0,0.0,0.0,0.0,0.0,0.0,0.0,0.0,0.0,0.0,0.0,0.0,0.0,0.0,0.0,0.0,0.0,0.0,0.0,0.0,0.0,0.0,0.0,0.0,0.0,0.0,0.0,0.0,0.0,0.0,0.0,0.0,0.0,0.0,0.0,0.0,0.0,0.0,0.0,0.0,0.0,0.0,0.0,0.0,0.0,0.0,0.0,0.0,0.0,0.0,0.0,0.0,0.0,0.0,0.0,0.0,0.0,0.0,0.0,0.0,0.0,0.0,0.0,0.0,0.0,0.0,0.0,0.0,0.0,0.0,0.0,0.0,0.0,0.0,0.0,0.0,0.0,0.0,0.0,0.0,0.0,0.0,0.0,0.0,0.0,0.0,0.0,0.0,0.0,0.0,0.0,0.0,0.0,0.0,0.0,0.0,0.0,0.0,0.0,0.0,0.0,0.0,0.0,0.0,0.0,0.0,0.0,0.0,0.0,0.0,0.0,0.0,0.0,0.0,0.0,0.0,0.0,0.0,0.0,0.0,0.0,0.0,0.0,0.0,0.0,0.0,0.0,0.0,0.0,0.0,0.0,0.0,0.0,0.0,0.0,0.0,0.0,0.0,0.0,0.0,0.0,0.0,0.0,0.0,0.0,0.0,0.0,0.0,0.0,0.0,0.0
hsa.mir.338,-1.332629028,0.292623395,0.267497073,-0.256821994,-1.140995648,1.111906401,0.020348235,-0.021138734,0.248568667,0.132863449,0.759459767,-0.309947917,-0.650896824,-0.113905084,0.528586415,-0.377080415,-1.244846957,-0.221916959,-0.033226371,-0.749678193,0.118481701,-0.833802967,1.388929147,-2.291867895,1.499503706,-0.32266203,-0.030252733,0.17777754,-1.642397205,0.409492184,-0.115916811,0.495605017,-0.408566037,-1.355841042,-0.294121012,-0.03297857,-1.197864853,-0.545827467,0.259054213,-0.095569207,1.17543358,1.057217749,0.448212634,0.229298083,0.438514726,1.796021077,1.501416639,0.250509338,-1.152950228,0.873010791,-0.005465185,-0.593076598,1.062727961,-0.196478712,1.09086092,-2.027628181,-1.972749229,-0.761870751,0.175701413,-2.130057496,-1.27833776,0.638684185,-0.750643357,-0.19587696,1.480927786,0.859396391,0.597244139,0.688976952,2.08893678,0.100139601,0.452832844,-0.817150935,-0.779219401,1.057708041,-1.09428459,-0.778612905,-1.645749808,-0.09803343,-0.732985258,-0.344111962,-0.989284392,-1.403399965,-0.772089751,-1.07042898,-0.951751177,-1.531183657,-1.901767634,-1.011602408,-0.463593581,0.755228689,-0.063995444,-1.448344029,-1.212510038,-0.041561321,-2.203583927,-1.3304937,-0.756483736,-0.082614876,-0.428898317,-2.083828534,0.40130129,0.091083617,-0.131124597,-0.792075513,-1.661800712,0.25948687,-0.212818421,4.616047933,-0.214210295,0.272148164,0.573745934,-0.754122086,0.731459268,-0.29992926,-0.220506136,-0.516643804,-0.211704098,-1.019493627,2.305243067,0.481667795,1.029539709,0.02446281,-0.433017607,2.935073559,-1.988167377,0.661827553,-0.872594859,-0.815639561,-0.155681266,0.997521314,2.76257659,-1.557285977,0.675032644,1.050222397,0.602153884,0.833405954,-0.53791388,0.305823378,-0.471073478,-0.679824348,0.834033389,-0.33708302,0.395383856,0.493780137,-1.070693164,-2.447062765,0.665313469,0.18693312,-0.504371776,-0.044862577,-0.139311429,-1.27270443,0.19288995,-0.196969238,0.10703459,-0.990159116,-0.240907705,0.59745296,0.871214378,-1.448345887,0.230219306,-1.318072371,-0.79783941,-1.214474093,0.361105274,-1.112597614,-1.200917351,-0.096422005,0.723718072,-0.644973925,-0.966107148,1.279976682,0.353763398,-0.783635034,-1.204198243,0.070661559,0.524493953,-2.666416814,0.32120427,0.675143887,1.03728539,-0.778656694,0.194509154,-1.05351363,-0.198543147,1.033937377,0.463703704,-0.042863521,0.617273477,-0.663593616,0.477721745,1.198315392,-1.509154686,1.748749977,-0.334658111,0.375745159,1.166796548,-0.290135383,-0.272420161,-0.012328065,1.334951169,-0.356588731,-0.188078175,-0.837399194,0.893834153,0.088903989,1.482012499,-0.385097631,1.930195552,0.009766134,-1.829568839,1.206953574,-2.351628622,0.012114291,-0.109927244,0.762943006,-0.178035324,-0.534073122,-0.340838823,-1.673373495,1.163872315,-1.34343211,1.358360733,0.666322617,-1.342542006,-0.680394556,0.477050144,1.339514939,-0.030235079,-0.727890936,0.624026379,-0.654133323,0.82938962,-1.133454666,-0.358676358,0.077945179,-0.784199646,0.266177929,1.553846721,-1.116995636,0.276291306,1.061321381,-0.222035463,0.072629411,-1.230879289,-0.059935362,0.288378341
hsa.mir.338.1,0.0,0.0,0.0,0.0,0.0,0.0,0.0,0.0,0.0,0.0,0.0,0.0,0.0,0.0,0.0,0.0,0.0,0.0,0.0,0.0,0.0,0.0,0.0,0.0,0.0,0.0,0.0,0.0,0.0,0.0,0.0,0.0,0.0,0.0,0.0,0.0,0.0,0.0,0.0,0.0,0.0,0.0,0.0,0.0,0.0,0.0,0.0,0.0,0.0,0.0,0.0,0.0,0.0,0.0,0.0,0.0,0.0,0.0,0.0,0.0,0.0,0.0,0.0,0.0,0.0,0.0,0.0,0.0,0.0,0.0,0.0,0.0,0.0,0.0,0.0,0.0,0.0,0.0,0.0,0.0,0.0,0.0,0.0,0.0,0.0,0.0,0.0,0.0,0.0,0.0,0.0,0.0,0.0,0.0,0.0,0.0,0.0,0.0,0.0,0.0,0.0,0.0,0.0,0.0,0.0,0.0,0.0,0.0,0.0,0.0,0.0,0.0,0.0,0.0,0.0,0.0,0.0,0.0,0.0,0.0,0.0,0.0,0.0,0.0,0.0,0.0,0.0,0.0,0.0,0.0,0.0,0.0,0.0,0.0,0.0,0.0,0.0,0.0,0.0,0.0,0.0,0.0,0.0,0.0,0.0,0.0,0.0,0.0,0.0,0.0,0.0,0.0,0.0,0.0,0.0,0.0,0.0,0.0,0.0,0.0,0.0,0.0,0.0,0.0,0.0,0.0,0.0,0.0,0.0,0.0,0.0,0.0,0.0,0.0,0.0,0.0,0.0,0.0,0.0,0.0,0.0,0.0,0.0,0.0,0.0,0.0,0.0,0.0,0.0,0.0,0.0,0.0,0.0,0.0,0.0,0.0,0.0,0.0,0.0,0.0,0.0,0.0,0.0,0.0,0.0,0.0,0.0,0.0,0.0,0.0,0.0,0.0,0.0,0.0,0.0,0.0,0.0,0.0,0.0,0.0,0.0,0.0,0.0,0.0,0.0,0.0,0.0,0.0,0.0,0.0,0.0,0.0,0.0,0.0,0.0,0.0,0.0,0.0,0.0,0.0,0.0,0.0,0.0,0.0,0.0,0.0,0.0
hsa.mir.155b,0.0,0.0,0.0,0.0,0.0,0.0,0.0,0.0,0.0,0.0,0.0,0.0,0.0,0.0,0.0,0.0,0.0,0.0,0.0,0.0,0.0,0.0,0.0,0.0,0.0,0.0,0.0,0.0,0.0,0.0,0.0,0.0,0.0,0.0,0.0,0.0,0.0,0.0,0.0,0.0,0.0,0.0,0.0,0.0,0.0,0.0,0.0,0.0,0.0,0.0,0.0,0.0,0.0,0.0,0.0,0.0,0.0,0.0,0.0,0.0,0.0,0.0,0.0,0.0,0.0,0.0,0.0,0.0,0.0,0.0,0.0,0.0,0.0,0.0,0.0,0.0,0.0,0.0,0.0,0.0,0.0,0.0,0.0,0.0,0.0,0.0,0.0,0.0,0.0,0.0,0.0,0.0,0.0,0.0,0.0,0.0,0.0,0.0,0.0,0.0,0.0,0.0,0.0,0.0,0.0,0.0,0.0,0.0,0.0,0.0,0.0,0.0,0.0,0.0,0.0,0.0,0.0,0.0,0.0,0.0,0.0,0.0,0.0,0.0,0.0,0.0,0.0,0.0,0.0,0.0,0.0,0.0,0.0,0.0,0.0,0.0,0.0,0.0,0.0,0.0,0.0,0.0,0.0,0.0,0.0,0.0,0.0,0.0,0.0,0.0,0.0,0.0,0.0,0.0,0.0,0.0,0.0,0.0,0.0,0.0,0.0,0.0,0.0,0.0,0.0,0.0,0.0,0.0,0.0,0.0,0.0,0.0,0.0,0.0,0.0,0.0,0.0,0.0,0.0,0.0,0.0,0.0,0.0,0.0,0.0,0.0,0.0,0.0,0.0,0.0,0.0,0.0,0.0,0.0,0.0,0.0,0.0,0.0,0.0,0.0,0.0,0.0,0.0,0.0,0.0,0.0,0.0,0.0,0.0,0.0,0.0,0.0,0.0,0.0,0.0,0.0,0.0,0.0,0.0,0.0,0.0,0.0,0.0,0.0,0.0,0.0,0.0,0.0,0.0,0.0,0.0,0.0,0.0,0.0,0.0,0.0,0.0,0.0,0.0,0.0,0.0,0.0,0.0,0.0,0.0,0.0,0.0
hsa.mir.157b,0.0,0.0,0.0,0.0,0.0,0.0,0.0,0.0,0.0,0.0,0.0,0.0,0.0,0.0,0.0,0.0,0.0,0.0,0.0,0.0,0.0,0.0,0.0,0.0,0.0,0.0,0.0,0.0,0.0,0.0,0.0,0.0,0.0,0.0,0.0,0.0,0.0,0.0,0.0,0.0,0.0,0.0,0.0,0.0,0.0,0.0,0.0,0.0,0.0,0.0,0.0,0.0,0.0,0.0,0.0,0.0,0.0,0.0,0.0,0.0,0.0,0.0,0.0,0.0,0.0,0.0,0.0,0.0,0.0,0.0,0.0,0.0,0.0,0.0,0.0,0.0,0.0,0.0,0.0,0.0,0.0,0.0,0.0,0.0,0.0,0.0,0.0,0.0,0.0,0.0,0.0,0.0,0.0,0.0,0.0,0.0,0.0,0.0,0.0,0.0,0.0,0.0,0.0,0.0,0.0,0.0,0.0,0.0,0.0,0.0,0.0,0.0,0.0,0.0,0.0,0.0,0.0,0.0,0.0,0.0,0.0,0.0,0.0,0.0,0.0,0.0,0.0,0.0,0.0,0.0,0.0,0.0,0.0,0.0,0.0,0.0,0.0,0.0,0.0,0.0,0.0,0.0,0.0,0.0,0.0,0.0,0.0,0.0,0.0,0.0,0.0,0.0,0.0,0.0,0.0,0.0,0.0,0.0,0.0,0.0,0.0,0.0,0.0,0.0,0.0,0.0,0.0,0.0,0.0,0.0,0.0,0.0,0.0,0.0,0.0,0.0,0.0,0.0,0.0,0.0,0.0,0.0,0.0,0.0,0.0,0.0,0.0,0.0,0.0,0.0,0.0,0.0,0.0,0.0,0.0,0.0,0.0,0.0,0.0,0.0,0.0,0.0,0.0,0.0,0.0,0.0,0.0,0.0,0.0,0.0,0.0,0.0,0.0,0.0,0.0,0.0,0.0,0.0,0.0,0.0,0.0,0.0,0.0,0.0,0.0,0.0,0.0,0.0,0.0,0.0,0.0,0.0,0.0,0.0,0.0,0.0,0.0,0.0,0.0,0.0,0.0,0.0,0.0,0.0,0.0,0.0,0.0
hsa.mir.940,0.0,0.0,0.0,0.0,0.0,0.0,0.0,0.0,0.0,0.0,0.0,0.0,0.0,0.0,0.0,0.0,0.0,0.0,0.0,0.0,0.0,0.0,0.0,0.0,0.0,0.0,0.0,0.0,0.0,0.0,0.0,0.0,0.0,0.0,0.0,0.0,0.0,0.0,0.0,0.0,0.0,0.0,0.0,0.0,0.0,0.0,0.0,0.0,0.0,0.0,0.0,0.0,0.0,0.0,0.0,0.0,0.0,0.0,0.0,0.0,0.0,0.0,0.0,0.0,0.0,0.0,0.0,0.0,0.0,0.0,0.0,0.0,0.0,0.0,0.0,0.0,0.0,0.0,0.0,0.0,0.0,0.0,0.0,0.0,0.0,0.0,0.0,0.0,0.0,0.0,0.0,0.0,0.0,0.0,0.0,0.0,0.0,0.0,0.0,0.0,0.0,0.0,0.0,0.0,0.0,0.0,0.0,0.0,0.0,0.0,0.0,0.0,0.0,0.0,0.0,0.0,0.0,0.0,0.0,0.0,0.0,0.0,0.0,0.0,0.0,0.0,0.0,0.0,0.0,0.0,0.0,0.0,0.0,0.0,0.0,0.0,0.0,0.0,0.0,0.0,0.0,0.0,0.0,0.0,0.0,0.0,0.0,0.0,0.0,0.0,0.0,0.0,0.0,0.0,0.0,0.0,0.0,0.0,0.0,0.0,0.0,0.0,0.0,0.0,0.0,0.0,0.0,0.0,0.0,0.0,0.0,0.0,0.0,0.0,0.0,0.0,0.0,0.0,0.0,0.0,0.0,0.0,0.0,0.0,0.0,0.0,0.0,0.0,0.0,0.0,0.0,0.0,0.0,0.0,0.0,0.0,0.0,0.0,0.0,0.0,0.0,0.0,0.0,0.0,0.0,0.0,0.0,0.0,0.0,0.0,0.0,0.0,0.0,0.0,0.0,0.0,0.0,0.0,0.0,0.0,0.0,0.0,0.0,0.0,0.0,0.0,0.0,0.0,0.0,0.0,0.0,0.0,0.0,0.0,0.0,0.0,0.0,0.0,0.0,0.0,0.0,0.0,0.0,0.0,0.0,0.0,0.0
hsa.mir.374,0.0,0.0,0.0,0.0,0.0,0.0,0.0,0.0,0.0,0.0,0.0,0.0,0.0,0.0,0.0,0.0,0.0,0.0,0.0,0.0,0.0,0.0,0.0,0.0,0.0,0.0,0.0,0.0,0.0,0.0,0.0,0.0,0.0,0.0,0.0,0.0,0.0,0.0,0.0,0.0,0.0,0.0,0.0,0.0,0.0,0.0,0.0,0.0,0.0,0.0,0.0,0.0,0.0,0.0,0.0,0.0,0.0,0.0,0.0,0.0,0.0,0.0,0.0,0.0,0.0,0.0,0.0,0.0,0.0,0.0,0.0,0.0,0.0,0.0,0.0,0.0,0.0,0.0,0.0,0.0,0.0,0.0,0.0,0.0,0.0,0.0,0.0,0.0,0.0,0.0,0.0,0.0,0.0,0.0,0.0,0.0,0.0,0.0,0.0,0.0,0.0,0.0,0.0,0.0,0.0,0.0,0.0,0.0,0.0,0.0,0.0,0.0,0.0,0.0,0.0,0.0,0.0,0.0,0.0,0.0,0.0,0.0,0.0,0.0,0.0,0.0,0.0,0.0,0.0,0.0,0.0,0.0,0.0,0.0,0.0,0.0,0.0,0.0,0.0,0.0,0.0,0.0,0.0,0.0,0.0,0.0,0.0,0.0,0.0,0.0,0.0,0.0,0.0,0.0,0.0,0.0,0.0,0.0,0.0,0.0,0.0,0.0,0.0,0.0,0.0,0.0,0.0,0.0,0.0,0.0,0.0,0.0,0.0,0.0,0.0,0.0,0.0,0.0,0.0,0.0,0.0,0.0,0.0,0.0,0.0,0.0,0.0,0.0,0.0,0.0,0.0,0.0,0.0,0.0,0.0,0.0,0.0,0.0,0.0,0.0,0.0,0.0,0.0,0.0,0.0,0.0,0.0,0.0,0.0,0.0,0.0,0.0,0.0,0.0,0.0,0.0,0.0,0.0,0.0,0.0,0.0,0.0,0.0,0.0,0.0,0.0,0.0,0.0,0.0,0.0,0.0,0.0,0.0,0.0,0.0,0.0,0.0,0.0,0.0,0.0,0.0,0.0,0.0,0.0,0.0,0.0,0.0
hsa.mir.338.2,-1.332629028,0.292623395,0.267497073,-0.256821994,-1.140995648,1.111906401,0.020348235,-0.021138734,0.248568667,0.132863449,0.759459767,-0.309947917,-0.650896824,-0.113905084,0.528586415,-0.377080415,-1.244846957,-0.221916959,-0.033226371,-0.749678193,0.118481701,-0.833802967,1.388929147,-2.291867895,1.499503706,-0.32266203,-0.030252733,0.17777754,-1.642397205,0.409492184,-0.115916811,0.495605017,-0.408566037,-1.355841042,-0.294121012,-0.03297857,-1.197864853,-0.545827467,0.259054213,-0.095569207,1.17543358,1.057217749,0.448212634,0.229298083,0.438514726,1.796021077,1.501416639,0.250509338,-1.152950228,0.873010791,-0.005465185,-0.593076598,1.062727961,-0.196478712,1.09086092,-2.027628181,-1.972749229,-0.761870751,0.175701413,-2.130057496,-1.27833776,0.638684185,-0.750643357,-0.19587696,1.480927786,0.859396391,0.597244139,0.688976952,2.08893678,0.100139601,0.452832844,-0.817150935,-0.779219401,1.057708041,-1.09428459,-0.778612905,-1.645749808,-0.09803343,-0.732985258,-0.344111962,-0.989284392,-1.403399965,-0.772089751,-1.07042898,-0.951751177,-1.531183657,-1.901767634,-1.011602408,-0.463593581,0.755228689,-0.063995444,-1.448344029,-1.212510038,-0.041561321,-2.203583927,-1.3304937,-0.756483736,-0.082614876,-0.428898317,-2.083828534,0.40130129,0.091083617,-0.131124597,-0.792075513,-1.661800712,0.25948687,-0.212818421,4.616047933,-0.214210295,0.272148164,0.573745934,-0.754122086,0.731459268,-0.29992926,-0.220506136,-0.516643804,-0.211704098,-1.019493627,2.305243067,0.481667795,1.029539709,0.02446281,-0.433017607,2.935073559,-1.988167377,0.661827553,-0.872594859,-0.815639561,-0.155681266,0.997521314,2.76257659,-1.557285977,0.675032644,1.050222397,0.602153884,0.833405954,-0.53791388,0.305823378,-0.471073478,-0.679824348,0.834033389,-0.33708302,0.395383856,0.493780137,-1.070693164,-2.447062765,0.665313469,0.18693312,-0.504371776,-0.044862577,-0.139311429,-1.27270443,0.19288995,-0.196969238,0.10703459,-0.990159116,-0.240907705,0.59745296,0.871214378,-1.448345887,0.230219306,-1.318072371,-0.79783941,-1.214474093,0.361105274,-1.112597614,-1.200917351,-0.096422005,0.723718072,-0.644973925,-0.966107148,1.279976682,0.353763398,-0.783635034,-1.204198243,0.070661559,0.524493953,-2.666416814,0.32120427,0.675143887,1.03728539,-0.778656694,0.194509154,-1.05351363,-0.198543147,1.033937377,0.463703704,-0.042863521,0.617273477,-0.663593616,0.477721745,1.198315392,-1.509154686,1.748749977,-0.334658111,0.375745159,1.166796548,-0.290135383,-0.272420161,-0.012328065,1.334951169,-0.356588731,-0.188078175,-0.837399194,0.893834153,0.088903989,1.482012499,-0.385097631,1.930195552,0.009766134,-1.829568839,1.206953574,-2.351628622,0.012114291,-0.109927244,0.762943006,-0.178035324,-0.534073122,-0.340838823,-1.673373495,1.163872315,-1.34343211,1.358360733,0.666322617,-1.342542006,-0.680394556,0.477050144,1.339514939,-0.030235079,-0.727890936,0.624026379,-0.654133323,0.82938962,-1.133454666,-0.358676358,0.077945179,-0.784199646,0.266177929,1.553846721,-1.116995636,0.276291306,1.061321381,-0.222035463,0.072629411,-1.230879289,-0.059935362,0.288378341
hsa.mir.338.3,0.0,0.0,0.0,0.0,0.0,0.0,0.0,0.0,0.0,0.0,0.0,0.0,0.0,0.0,0.0,0.0,0.0,0.0,0.0,0.0,0.0,0.0,0.0,0.0,0.0,0.0,0.0,0.0,0.0,0.0,0.0,0.0,0.0,0.0,0.0,0.0,0.0,0.0,0.0,0.0,0.0,0.0,0.0,0.0,0.0,0.0,0.0,0.0,0.0,0.0,0.0,0.0,0.0,0.0,0.0,0.0,0.0,0.0,0.0,0.0,0.0,0.0,0.0,0.0,0.0,0.0,0.0,0.0,0.0,0.0,0.0,0.0,0.0,0.0,0.0,0.0,0.0,0.0,0.0,0.0,0.0,0.0,0.0,0.0,0.0,0.0,0.0,0.0,0.0,0.0,0.0,0.0,0.0,0.0,0.0,0.0,0.0,0.0,0.0,0.0,0.0,0.0,0.0,0.0,0.0,0.0,0.0,0.0,0.0,0.0,0.0,0.0,0.0,0.0,0.0,0.0,0.0,0.0,0.0,0.0,0.0,0.0,0.0,0.0,0.0,0.0,0.0,0.0,0.0,0.0,0.0,0.0,0.0,0.0,0.0,0.0,0.0,0.0,0.0,0.0,0.0,0.0,0.0,0.0,0.0,0.0,0.0,0.0,0.0,0.0,0.0,0.0,0.0,0.0,0.0,0.0,0.0,0.0,0.0,0.0,0.0,0.0,0.0,0.0,0.0,0.0,0.0,0.0,0.0,0.0,0.0,0.0,0.0,0.0,0.0,0.0,0.0,0.0,0.0,0.0,0.0,0.0,0.0,0.0,0.0,0.0,0.0,0.0,0.0,0.0,0.0,0.0,0.0,0.0,0.0,0.0,0.0,0.0,0.0,0.0,0.0,0.0,0.0,0.0,0.0,0.0,0.0,0.0,0.0,0.0,0.0,0.0,0.0,0.0,0.0,0.0,0.0,0.0,0.0,0.0,0.0,0.0,0.0,0.0,0.0,0.0,0.0,0.0,0.0,0.0,0.0,0.0,0.0,0.0,0.0,0.0,0.0,0.0,0.0,0.0,0.0,0.0,0.0,0.0,0.0,0.0,0.0
hsa.mir.282,0.0,0.0,0.0,0.0,0.0,0.0,0.0,0.0,0.0,0.0,0.0,0.0,0.0,0.0,0.0,0.0,0.0,0.0,0.0,0.0,0.0,0.0,0.0,0.0,0.0,0.0,0.0,0.0,0.0,0.0,0.0,0.0,0.0,0.0,0.0,0.0,0.0,0.0,0.0,0.0,0.0,0.0,0.0,0.0,0.0,0.0,0.0,0.0,0.0,0.0,0.0,0.0,0.0,0.0,0.0,0.0,0.0,0.0,0.0,0.0,0.0,0.0,0.0,0.0,0.0,0.0,0.0,0.0,0.0,0.0,0.0,0.0,0.0,0.0,0.0,0.0,0.0,0.0,0.0,0.0,0.0,0.0,0.0,0.0,0.0,0.0,0.0,0.0,0.0,0.0,0.0,0.0,0.0,0.0,0.0,0.0,0.0,0.0,0.0,0.0,0.0,0.0,0.0,0.0,0.0,0.0,0.0,0.0,0.0,0.0,0.0,0.0,0.0,0.0,0.0,0.0,0.0,0.0,0.0,0.0,0.0,0.0,0.0,0.0,0.0,0.0,0.0,0.0,0.0,0.0,0.0,0.0,0.0,0.0,0.0,0.0,0.0,0.0,0.0,0.0,0.0,0.0,0.0,0.0,0.0,0.0,0.0,0.0,0.0,0.0,0.0,0.0,0.0,0.0,0.0,0.0,0.0,0.0,0.0,0.0,0.0,0.0,0.0,0.0,0.0,0.0,0.0,0.0,0.0,0.0,0.0,0.0,0.0,0.0,0.0,0.0,0.0,0.0,0.0,0.0,0.0,0.0,0.0,0.0,0.0,0.0,0.0,0.0,0.0,0.0,0.0,0.0,0.0,0.0,0.0,0.0,0.0,0.0,0.0,0.0,0.0,0.0,0.0,0.0,0.0,0.0,0.0,0.0,0.0,0.0,0.0,0.0,0.0,0.0,0.0,0.0,0.0,0.0,0.0,0.0,0.0,0.0,0.0,0.0,0.0,0.0,0.0,0.0,0.0,0.0,0.0,0.0,0.0,0.0,0.0,0.0,0.0,0.0,0.0,0.0,0.0,0.0,0.0,0.0,0.0,0.0,0.0
hsa.mir.376,0.0,0.0,0.0,0.0,0.0,0.0,0.0,0.0,0.0,0.0,0.0,0.0,0.0,0.0,0.0,0.0,0.0,0.0,0.0,0.0,0.0,0.0,0.0,0.0,0.0,0.0,0.0,0.0,0.0,0.0,0.0,0.0,0.0,0.0,0.0,0.0,0.0,0.0,0.0,0.0,0.0,0.0,0.0,0.0,0.0,0.0,0.0,0.0,0.0,0.0,0.0,0.0,0.0,0.0,0.0,0.0,0.0,0.0,0.0,0.0,0.0,0.0,0.0,0.0,0.0,0.0,0.0,0.0,0.0,0.0,0.0,0.0,0.0,0.0,0.0,0.0,0.0,0.0,0.0,0.0,0.0,0.0,0.0,0.0,0.0,0.0,0.0,0.0,0.0,0.0,0.0,0.0,0.0,0.0,0.0,0.0,0.0,0.0,0.0,0.0,0.0,0.0,0.0,0.0,0.0,0.0,0.0,0.0,0.0,0.0,0.0,0.0,0.0,0.0,0.0,0.0,0.0,0.0,0.0,0.0,0.0,0.0,0.0,0.0,0.0,0.0,0.0,0.0,0.0,0.0,0.0,0.0,0.0,0.0,0.0,0.0,0.0,0.0,0.0,0.0,0.0,0.0,0.0,0.0,0.0,0.0,0.0,0.0,0.0,0.0,0.0,0.0,0.0,0.0,0.0,0.0,0.0,0.0,0.0,0.0,0.0,0.0,0.0,0.0,0.0,0.0,0.0,0.0,0.0,0.0,0.0,0.0,0.0,0.0,0.0,0.0,0.0,0.0,0.0,0.0,0.0,0.0,0.0,0.0,0.0,0.0,0.0,0.0,0.0,0.0,0.0,0.0,0.0,0.0,0.0,0.0,0.0,0.0,0.0,0.0,0.0,0.0,0.0,0.0,0.0,0.0,0.0,0.0,0.0,0.0,0.0,0.0,0.0,0.0,0.0,0.0,0.0,0.0,0.0,0.0,0.0,0.0,0.0,0.0,0.0,0.0,0.0,0.0,0.0,0.0,0.0,0.0,0.0,0.0,0.0,0.0,0.0,0.0,0.0,0.0,0.0,0.0,0.0,0.0,0.0,0.0,0.0
hsa.mir.184.2,-0.339923949,-0.638613249,-0.624869228,-1.007304575,-2.109971786,0.02240875,-0.817461699,0.276221001,-1.594148598,0.027016684,-0.429737335,2.475611012,1.002401453,-1.642716172,-0.711364438,-1.026709017,0.090340684,2.603807664,0.006589132,-0.297604643,-0.871370374,-0.787961434,0.288287912,-1.365362562,0.292923239,-0.350780562,0.13230569,-1.077416695,-2.901882262,-2.244679396,0.824794774,0.340552231,0.081698748,-1.254396899,1.037891454,0.520115528,0.70606897,1.333187254,-0.280130402,-0.522717841,0.136823025,-0.335032536,0.940161019,0.630058118,0.648551999,1.165650807,1.380865038,1.595944892,0.424511214,1.063393928,-0.714655416,-0.01303549,-0.65028998,-1.644072158,-2.00027124,-0.427989591,-1.482743996,0.759052911,-0.464531934,0.165364886,0.101287886,0.216179253,-1.292292698,0.618950889,1.160005731,0.293921284,-0.96297596,-0.590674446,-0.653833773,-0.333435021,0.769185318,-0.277225533,-0.208595659,-0.247020204,0.403060649,-0.165630254,-0.268437812,-1.192973493,0.516016843,-1.391671012,0.282201085,1.348896267,-0.593580507,0.626839225,0.153276861,-0.870915977,0.021946616,-0.222494659,-0.237325807,0.917184138,-4.016256623,-0.830498172,0.42098822,-0.254659924,-0.833036927,0.930236978,0.829286123,1.083506017,-1.247935455,0.43334772,0.573409148,0.977484738,-1.355053483,0.188393118,1.123317497,0.315766654,-0.575106553,-1.272650198,-0.154995911,0.323007458,1.094538575,0.078529416,0.843503881,0.08674441,0.693783066,-1.8227166,-0.286595448,-1.417963682,0.149780873,0.075083555,1.093550729,-0.39457605,1.928431577,-0.500848628,0.339715957,0.367498453,1.956597482,-0.339688868,-1.306596371,0.635620916,-0.404106331,-1.0299504,0.407550862,0.702589359,0.374106874,0.989931642,-0.456002373,0.897352936,-0.227214313,-0.868419427,0.027233502,-0.862106178,-1.009016966,0.244580158,-1.1752898,0.458128404,1.456562917,-1.800206004,-1.160592397,-1.595639367,-0.439061826,-1.161953688,-1.262413442,-2.092609295,-0.01954427,0.282725195,-2.383809768,-0.726300107,0.748185484,-0.065728693,0.417799616,-0.946781955,0.155055092,-1.232072144,1.192050493,0.441110165,-1.147612164,-0.273795453,1.330106339,-0.740583226,-1.004438483,-0.078596247,-0.236994935,-1.832143721,0.100595541,-0.526396077,0.750704205,1.041339244,0.061060819,1.282109319,0.369428766,-1.023996386,0.027623231,0.398020848,-0.392159109,1.129835406,0.474185817,-0.402724128,-0.058147122,1.27662537,0.064743841,-0.338973587,-0.543542041,0.668538335,-0.588025948,0.63230158,-0.134396959,0.744314239,-0.647598442,0.6116673,-0.55321844,-0.224117588,0.066164318,-0.323604295,0.791707928,-0.083480258,0.466593147,0.580263742,1.753835132,0.686333033,2.074954288,0.254150274,1.485991877,0.172892953,-1.523178267,-0.199061532,0.029610099,-1.267861079,0.326127298,-0.989043782,-0.095410581,1.08225511,1.83481251,0.604410475,0.006085759,0.285044406,0.780764356,0.631544716,0.09888138,0.721351354,0.228850178,0.890858173,-0.485528032,-0.292301135,0.016200472,-0.822117496,-0.743855309,0.409395111,1.907322875,-0.493864713,2.029939753,-4.327966255,-0.979286673,0.636121724,0.290046867,1.417137112,0.580010745
hsa.mir.184.3,0.0,0.0,0.0,0.0,0.0,0.0,0.0,0.0,0.0,0.0,0.0,0.0,0.0,0.0,0.0,0.0,0.0,0.0,0.0,0.0,0.0,0.0,0.0,0.0,0.0,0.0,0.0,0.0,0.0,0.0,0.0,0.0,0.0,0.0,0.0,0.0,0.0,0.0,0.0,0.0,0.0,0.0,0.0,0.0,0.0,0.0,0.0,0.0,0.0,0.0,0.0,0.0,0.0,0.0,0.0,0.0,0.0,0.0,0.0,0.0,0.0,0.0,0.0,0.0,0.0,0.0,0.0,0.0,0.0,0.0,0.0,0.0,0.0,0.0,0.0,0.0,0.0,0.0,0.0,0.0,0.0,0.0,0.0,0.0,0.0,0.0,0.0,0.0,0.0,0.0,0.0,0.0,0.0,0.0,0.0,0.0,0.0,0.0,0.0,0.0,0.0,0.0,0.0,0.0,0.0,0.0,0.0,0.0,0.0,0.0,0.0,0.0,0.0,0.0,0.0,0.0,0.0,0.0,0.0,0.0,0.0,0.0,0.0,0.0,0.0,0.0,0.0,0.0,0.0,0.0,0.0,0.0,0.0,0.0,0.0,0.0,0.0,0.0,0.0,0.0,0.0,0.0,0.0,0.0,0.0,0.0,0.0,0.0,0.0,0.0,0.0,0.0,0.0,0.0,0.0,0.0,0.0,0.0,0.0,0.0,0.0,0.0,0.0,0.0,0.0,0.0,0.0,0.0,0.0,0.0,0.0,0.0,0.0,0.0,0.0,0.0,0.0,0.0,0.0,0.0,0.0,0.0,0.0,0.0,0.0,0.0,0.0,0.0,0.0,0.0,0.0,0.0,0.0,0.0,0.0,0.0,0.0,0.0,0.0,0.0,0.0,0.0,0.0,0.0,0.0,0.0,0.0,0.0,0.0,0.0,0.0,0.0,0.0,0.0,0.0,0.0,0.0,0.0,0.0,0.0,0.0,0.0,0.0,0.0,0.0,0.0,0.0,0.0,0.0,0.0,0.0,0.0,0.0,0.0,0.0,0.0,0.0,0.0,0.0,0.0,0.0,0.0,0.0,0.0,0.0,0.0,0.0
hsa.mir.659,0.0,0.0,0.0,0.0,0.0,0.0,0.0,0.0,0.0,0.0,0.0,0.0,0.0,0.0,0.0,0.0,0.0,0.0,0.0,0.0,0.0,0.0,0.0,0.0,0.0,0.0,0.0,0.0,0.0,0.0,0.0,0.0,0.0,0.0,0.0,0.0,0.0,0.0,0.0,0.0,0.0,0.0,0.0,0.0,0.0,0.0,0.0,0.0,0.0,0.0,0.0,0.0,0.0,0.0,0.0,0.0,0.0,0.0,0.0,0.0,0.0,0.0,0.0,0.0,0.0,0.0,0.0,0.0,0.0,0.0,0.0,0.0,0.0,0.0,0.0,0.0,0.0,0.0,0.0,0.0,0.0,0.0,0.0,0.0,0.0,0.0,0.0,0.0,0.0,0.0,0.0,0.0,0.0,0.0,0.0,0.0,0.0,0.0,0.0,0.0,0.0,0.0,0.0,0.0,0.0,0.0,0.0,0.0,0.0,0.0,0.0,0.0,0.0,0.0,0.0,0.0,0.0,0.0,0.0,0.0,0.0,0.0,0.0,0.0,0.0,0.0,0.0,0.0,0.0,0.0,0.0,0.0,0.0,0.0,0.0,0.0,0.0,0.0,0.0,0.0,0.0,0.0,0.0,0.0,0.0,0.0,0.0,0.0,0.0,0.0,0.0,0.0,0.0,0.0,0.0,0.0,0.0,0.0,0.0,0.0,0.0,0.0,0.0,0.0,0.0,0.0,0.0,0.0,0.0,0.0,0.0,0.0,0.0,0.0,0.0,0.0,0.0,0.0,0.0,0.0,0.0,0.0,0.0,0.0,0.0,0.0,0.0,0.0,0.0,0.0,0.0,0.0,0.0,0.0,0.0,0.0,0.0,0.0,0.0,0.0,0.0,0.0,0.0,0.0,0.0,0.0,0.0,0.0,0.0,0.0,0.0,0.0,0.0,0.0,0.0,0.0,0.0,0.0,0.0,0.0,0.0,0.0,0.0,0.0,0.0,0.0,0.0,0.0,0.0,0.0,0.0,0.0,0.0,0.0,0.0,0.0,0.0,0.0,0.0,0.0,0.0,0.0,0.0,0.0,0.0,0.0,0.0
hsa.mir.664b,0.0,0.0,0.0,0.0,0.0,0.0,0.0,0.0,0.0,0.0,0.0,0.0,0.0,0.0,0.0,0.0,0.0,0.0,0.0,0.0,0.0,0.0,0.0,0.0,0.0,0.0,0.0,0.0,0.0,0.0,0.0,0.0,0.0,0.0,0.0,0.0,0.0,0.0,0.0,0.0,0.0,0.0,0.0,0.0,0.0,0.0,0.0,0.0,0.0,0.0,0.0,0.0,0.0,0.0,0.0,0.0,0.0,0.0,0.0,0.0,0.0,0.0,0.0,0.0,0.0,0.0,0.0,0.0,0.0,0.0,0.0,0.0,0.0,0.0,0.0,0.0,0.0,0.0,0.0,0.0,0.0,0.0,0.0,0.0,0.0,0.0,0.0,0.0,0.0,0.0,0.0,0.0,0.0,0.0,0.0,0.0,0.0,0.0,0.0,0.0,0.0,0.0,0.0,0.0,0.0,0.0,0.0,0.0,0.0,0.0,0.0,0.0,0.0,0.0,0.0,0.0,0.0,0.0,0.0,0.0,0.0,0.0,0.0,0.0,0.0,0.0,0.0,0.0,0.0,0.0,0.0,0.0,0.0,0.0,0.0,0.0,0.0,0.0,0.0,0.0,0.0,0.0,0.0,0.0,0.0,0.0,0.0,0.0,0.0,0.0,0.0,0.0,0.0,0.0,0.0,0.0,0.0,0.0,0.0,0.0,0.0,0.0,0.0,0.0,0.0,0.0,0.0,0.0,0.0,0.0,0.0,0.0,0.0,0.0,0.0,0.0,0.0,0.0,0.0,0.0,0.0,0.0,0.0,0.0,0.0,0.0,0.0,0.0,0.0,0.0,0.0,0.0,0.0,0.0,0.0,0.0,0.0,0.0,0.0,0.0,0.0,0.0,0.0,0.0,0.0,0.0,0.0,0.0,0.0,0.0,0.0,0.0,0.0,0.0,0.0,0.0,0.0,0.0,0.0,0.0,0.0,0.0,0.0,0.0,0.0,0.0,0.0,0.0,0.0,0.0,0.0,0.0,0.0,0.0,0.0,0.0,0.0,0.0,0.0,0.0,0.0,0.0,0.0,0.0,0.0,0.0,0.0
hsa.mir.127,2.774854437,-1.12909653,-0.790513872,-1.32251038,0.879668774,-1.005837094,-1.118544918,-0.445898412,0.250867176,-1.584063367,0.857724819,1.673307205,1.816639123,0.974999617,-0.307055777,0.648514675,-0.043281407,0.667923556,-0.78221849,0.157217449,-1.147974394,0.162772278,-1.730181574,-0.878125992,-0.768860937,-1.252424419,-0.615654391,0.515258001,-1.789187506,-1.835776137,0.995175442,-0.636551369,0.497914576,-1.268633978,0.386229006,-0.636087554,1.057241274,-0.285523578,-1.504918939,-1.382155862,-0.194573067,-0.757000936,-0.39357141,-0.558263003,-0.170828858,-0.858247757,-0.137571516,-0.86494717,-0.562038036,0.218042639,-1.25209982,1.670858639,0.434694031,-2.706959025,-2.016090218,-1.278466903,-0.133893125,-0.042128996,-0.559477543,0.680846406,-0.029965975,-0.446081009,-0.721297324,-0.854209815,0.220183351,-1.648345972,-1.037382595,-0.604095947,1.818260298,-0.10439495,0.183317933,1.068618254,0.94330241,-0.642800436,2.187590196,0.556354865,0.579791884,1.358957049,0.147206365,0.019811362,0.893463344,0.069876492,0.946533582,1.285968505,0.836783343,1.070720398,-0.377105778,0.750610394,1.101587518,0.724886413,1.495888443,1.330842856,1.761729794,2.380752,-0.206551782,0.942367829,1.149158331,0.554912246,0.823248333,-0.479822323,-0.025266333,-0.910561145,0.890105103,1.005402738,1.870393213,-0.07907648,-0.398808508,0.017946052,-0.591527222,-0.001875285,-0.152670714,0.224684707,-0.433219378,0.600798846,-0.413672635,0.049276804,1.258550236,-0.196680499,1.325976234,0.024539917,0.517462382,0.754548906,1.196800157,1.984793878,0.273288221,1.391971627,0.391249274,0.170342475,-1.705228036,-1.695083299,-0.464995006,-0.649939054,-0.257946744,0.667148138,-0.818326484,-0.359410362,-0.062535226,1.388816306,-0.371349319,0.909782007,-1.680889832,-0.666881395,0.596468242,-1.08976492,-0.619580862,-0.440493763,-1.143756931,-1.335227596,-1.186942823,-0.524347517,0.447440149,-0.544732757,-0.053618252,-1.447959778,0.585382495,0.483557746,-3.188971752,-0.894614314,0.214513778,-0.719137954,-0.647049942,-3.310923703,1.404813991,2.040735755,0.564482304,-0.711997414,0.360961106,1.204081896,-0.897879131,-1.319212605,-0.0027269,-1.110958039,0.223905401,-0.185900592,0.986881111,-0.265185698,-0.13594777,0.433410588,-0.227070556,0.36341409,-0.59024408,0.920965718,0.754614963,1.126176274,0.910580743,0.786248179,1.781602071,-1.445385929,1.164276903,0.16937341,0.147578346,-1.782963011,-0.327115315,-0.654607926,-1.245121057,-0.641205777,-1.302910113,0.313011864,-1.456663323,0.146464532,-1.05486694,-0.466423051,-0.29875555,-0.403648096,-0.382062015,-1.497262693,-0.609563272,1.798835995,-0.413512712,-0.062675767,0.920447909,-0.220399384,1.316088464,1.555867437,0.158110935,-0.131364677,-0.009784514,-0.054571928,-1.776675542,-1.076279549,0.50831431,0.485205366,-0.347659585,1.150652724,-0.385620572,1.249260074,-0.091837906,0.566066455,-0.213061076,1.834393243,0.823082162,1.492686261,0.073436455,0.967611672,1.477838585,-0.275325339,1.381926012,1.073239081,0.354240786,0.361879246,1.576725767,1.307510334,-0.013819756,0.922196234,1.306361807,0.611683065,0.327959696
hsa.mir.27a,-2.628481838,0.081741749,-0.753156487,-0.431621818,-1.20796005,0.018081366,0.501833953,-2.076146449,0.015149833,-0.705015791,1.216102556,-2.846495379,-0.564702945,-0.020819224,2.193307492,-1.374319607,-0.223638578,-0.678402302,1.791948904,1.077333355,0.658638105,-0.591240182,-0.297593548,-0.754393907,-0.249938318,-0.347421142,0.249895463,-0.148782101,-0.964466531,0.283507824,-0.220569581,-0.480450271,-0.068885109,0.174236136,-0.874149522,0.350212101,0.277686344,0.345649986,-0.018475474,1.257805325,-0.285787094,-0.660798287,-0.694922538,-0.010142903,-0.814147046,-0.007817466,-0.259899055,0.938420982,0.516910038,-0.015846882,0.599131402,-0.370461585,0.944361289,-1.404695513,-1.785643501,-0.407577989,0.373632151,-0.923884737,-0.037555225,0.421721778,-0.844667249,-1.210125639,0.473381283,0.951833306,-0.304777813,-0.194262172,0.156020703,-0.814089112,-0.90553035,1.295851049,1.097475617,0.084345373,0.051731069,0.410932574,-0.961127085,-0.518802955,-0.067281322,-0.245472773,0.205494093,2.313107023,0.456379644,-0.209251552,-0.035711709,-3.996900026,-1.333488236,-0.096250682,0.998784727,-0.403961797,-0.051449998,-0.043206155,2.001198782,0.147471999,0.118713568,-0.228156674,0.733777708,1.318385946,-0.840776806,0.111369693,0.298229674,0.039573094,0.35922684,0.071933292,-0.637083029,0.791940324,-1.347964251,-1.215559459,0.687014633,-1.153910355,1.390980272,-0.111831461,0.508699609,0.13159871,1.045124925,-1.273058339,0.518405701,0.236951847,-1.833999911,0.869829973,-1.988709364,0.351635493,1.68870972,0.136185408,0.668623684,-0.804945406,0.445182931,-0.010747816,-0.374738206,0.247861513,0.661071953,-0.427390899,-0.02175746,0.209748455,-0.315064534,-1.838981761,0.577994287,1.204445313,0.824757855,-0.635934536,0.214871072,1.67219221,-0.447844041,0.07111383,0.221105116,0.866726776,0.538549455,-1.209622498,1.261884373,0.678965829,0.656402003,1.132305486,0.436782414,-0.382442477,-0.171399715,0.93266475,0.492696245,0.282884616,0.186937751,-0.320087771,-0.798432665,-0.934621213,-0.063446937,0.708345518,-0.928181854,-0.849569869,-1.114628526,0.541869543,1.067044894,1.591474971,1.074181856,1.451047945,0.536259419,0.929712572,0.546805462,-0.195367501,-0.836082765,0.829100481,-0.237270106,0.372960773,0.144867748,0.184487431,1.332796959,2.078058022,0.233137285,-0.132423661,0.953731886,0.237517006,-1.144368354,1.701617151,-0.57511007,-3.46292662,0.2665635,0.664634659,-0.896081029,-0.998198343,0.50176321,-0.967793946,-0.605699573,-0.678642239,0.130590328,0.882144268,-0.782809339,0.702699839,0.744233291,0.359513822,1.502178584,0.164986214,-0.351388072,-0.683357749,0.962796145,0.264413827,0.704841669,1.031693288,-0.123648907,-0.578047585,-1.201437255,0.513252174,1.29589652,1.597869535,-0.085582208,0.822580963,-0.233599873,0.782453132,0.593256362,-1.04272172,0.422180388,-0.327280391,-0.41318008,-0.757113777,1.263124804,-0.89060608,0.698267539,-3.450509939,1.228591009,-0.521324945,-1.098629627,1.512532574,-0.363365259,-1.169306234,-0.552525326,-0.458791514,-0.613566504,-1.470674386,0.899765206,0.331040227,0.094603837,0.210936867,0.981013807
hsa.mir.212,-0.08515533,0.319617351,-0.602491768,0.194923098,0.347942104,-1.272983517,-0.592775022,-4.095897258,0.047984748,0.584098148,-0.975895878,-1.028838534,-0.328019799,0.495087737,0.13800107,0.717817644,0.621925185,0.901146661,1.806155463,0.75684284,-0.690449024,-1.906682768,-0.849989815,-1.176094042,0.767834019,-1.119166806,-0.274011846,-0.505183527,-0.785241103,0.334922324,0.035221112,-0.271261474,0.558606253,-0.399811492,0.682097685,0.394731671,-0.04278036,-0.639348429,0.563208655,-1.372484934,-1.332496475,-0.581806722,-1.455340885,0.004432625,-0.583665068,-1.470355105,-0.459770295,1.318675733,0.32092438,0.074893587,-0.741242902,-0.261866732,0.516260365,-1.543281152,0.430187298,-1.655875162,0.218887246,1.394488473,-0.814931771,0.354891885,-0.224651649,-2.144206372,0.885592108,-0.077779295,-0.24070948,-0.740886158,-0.456072111,-1.306232038,-0.067256888,-1.515086328,1.058416845,-0.499966307,-0.43185776,0.395093807,0.555328325,0.230979042,0.53727878,0.469775581,0.425730461,1.347502126,0.607515932,1.06120124,0.551806143,0.648436724,1.208763477,-0.261952697,0.073223302,0.796405128,-1.069997972,0.252308908,0.257824444,-0.608871136,-1.317922908,1.747084246,-0.976569512,1.109431066,0.490619833,-0.392351929,0.338511279,-0.705918576,0.497520764,-0.110197703,0.719169504,0.568231676,0.501003233,-0.601102889,1.049221836,2.346131606,0.890045903,1.571373142,0.947826765,0.863635783,0.612997629,1.076071077,-0.520612739,0.61636805,0.82241028,0.622540475,1.556629053,0.895757542,1.096628274,-0.469811712,0.591397839,1.565019475,-0.630733109,0.594792024,-0.36859385,-0.9296735,-0.680191073,-1.256868504,1.562341663,0.023613633,-2.228740607,1.012106082,-0.674305896,0.430742392,0.341843424,0.537977863,0.558349221,-0.39339691,-1.19563083,0.070882717,-0.835528061,0.380100414,0.647839658,0.853769787,-0.929279338,1.169489239,-0.226198567,2.475176503,0.664293639,-0.518004716,-0.982754496,-0.467418613,0.429267726,0.426641103,-0.566720924,1.14462266,0.11715699,-1.282638453,1.132504922,0.08875491,1.352815901,1.93261278,0.793847244,-0.523836851,0.606654649,1.405073273,0.276222914,-0.035273535,-0.854229917,-1.408461435,0.921033863,-1.79330167,-0.11435644,-0.645748225,-0.700165333,-0.009655776,-0.175027253,0.567624936,0.382404631,1.166839479,-1.135125298,-0.958586051,-0.777060268,-0.709988435,0.706264204,0.759562108,0.50170112,0.228729951,-1.063336831,-2.275852178,-1.052389693,-0.489020244,-0.549269813,0.826933843,0.282345488,-0.371892447,0.560215625,-0.483246731,0.690972425,-0.828163663,0.760577176,-0.289050547,1.435825158,-2.000949609,0.225466889,0.65986543,0.41519493,0.349870437,-1.208254851,1.135370411,-0.637392037,1.475214697,-0.008504699,0.625041951,0.118205174,1.22807976,-0.996361363,-1.791207889,1.089755104,0.506930065,1.379303634,-0.470172641,-1.043518371,-0.88621184,0.968619865,1.49772738,1.478675637,0.806082723,0.093445092,-0.05597406,1.124228962,-1.031444886,0.497215106,0.872215036,0.103800011,0.032395192,-0.050810719,0.481858407,0.895952578,0.14439061,0.25911452,0.907277397,0.416744573,-0.387047727,0.086649552
hsa.mir.212.1,0.0,0.0,0.0,0.0,0.0,0.0,0.0,0.0,0.0,0.0,0.0,0.0,0.0,0.0,0.0,0.0,0.0,0.0,0.0,0.0,0.0,0.0,0.0,0.0,0.0,0.0,0.0,0.0,0.0,0.0,0.0,0.0,0.0,0.0,0.0,0.0,0.0,0.0,0.0,0.0,0.0,0.0,0.0,0.0,0.0,0.0,0.0,0.0,0.0,0.0,0.0,0.0,0.0,0.0,0.0,0.0,0.0,0.0,0.0,0.0,0.0,0.0,0.0,0.0,0.0,0.0,0.0,0.0,0.0,0.0,0.0,0.0,0.0,0.0,0.0,0.0,0.0,0.0,0.0,0.0,0.0,0.0,0.0,0.0,0.0,0.0,0.0,0.0,0.0,0.0,0.0,0.0,0.0,0.0,0.0,0.0,0.0,0.0,0.0,0.0,0.0,0.0,0.0,0.0,0.0,0.0,0.0,0.0,0.0,0.0,0.0,0.0,0.0,0.0,0.0,0.0,0.0,0.0,0.0,0.0,0.0,0.0,0.0,0.0,0.0,0.0,0.0,0.0,0.0,0.0,0.0,0.0,0.0,0.0,0.0,0.0,0.0,0.0,0.0,0.0,0.0,0.0,0.0,0.0,0.0,0.0,0.0,0.0,0.0,0.0,0.0,0.0,0.0,0.0,0.0,0.0,0.0,0.0,0.0,0.0,0.0,0.0,0.0,0.0,0.0,0.0,0.0,0.0,0.0,0.0,0.0,0.0,0.0,0.0,0.0,0.0,0.0,0.0,0.0,0.0,0.0,0.0,0.0,0.0,0.0,0.0,0.0,0.0,0.0,0.0,0.0,0.0,0.0,0.0,0.0,0.0,0.0,0.0,0.0,0.0,0.0,0.0,0.0,0.0,0.0,0.0,0.0,0.0,0.0,0.0,0.0,0.0,0.0,0.0,0.0,0.0,0.0,0.0,0.0,0.0,0.0,0.0,0.0,0.0,0.0,0.0,0.0,0.0,0.0,0.0,0.0,0.0,0.0,0.0,0.0,0.0,0.0,0.0,0.0,0.0,0.0,0.0,0.0,0.0,0.0,0.0,0.0
hsa.mir.31,0.298357045,0.506362295,-0.655738222,-0.250356409,0.910729508,-0.277373037,-0.540153263,-0.540486769,-0.655884814,-0.07608663,-1.78204988,1.942572285,-0.167956383,-0.777682814,1.62411996,0.267004796,-0.742678797,0.602439722,-2.386976032,-0.81788198,-1.086908715,0.697859827,0.642686622,-0.294126969,-1.057908078,-0.697290374,0.39657091,2.44307642,0.630294779,0.899262477,-0.189032319,-0.135134633,1.220464265,-1.289786799,-0.316650599,-1.645264188,-0.432359111,-0.377597796,-1.496879896,1.549817201,-0.093570945,-0.509535185,-0.22946909,-0.390776782,-0.858304239,0.02688799,-0.725881841,-0.831510392,-1.167292807,0.446014404,0.745112021,-0.25484522,-1.670035633,1.017921892,0.832942989,-0.729916424,-0.879430195,1.237878157,1.264357786,-0.340392177,-0.186985901,-0.112734946,-0.50392365,0.194783503,-0.932562469,0.536112122,-0.499884511,-0.546166577,2.086987831,-0.59269078,-0.482671715,0.632426442,-0.226341094,-1.11691096,1.931615471,-0.275370857,0.595797758,-0.59630328,1.77177822,-0.592423929,1.18376384,1.564041796,0.698850844,0.800281217,1.168381426,0.258255532,1.762690747,0.056888289,1.055340471,0.389912925,0.148981286,2.04287336,2.005141423,1.808462544,0.287156506,1.309192371,0.3243602,0.622211379,1.222462007,-0.618845365,0.280207435,-0.364574534,0.22872011,1.807234326,1.045536452,0.074868338,-1.611805372,-1.429875915,-0.300836181,-0.050152469,-0.365594179,0.832378466,-0.55655846,-0.012332418,-1.286111293,-0.055453562,-2.866829944,-2.499886766,0.580250752,-0.46035833,-1.628474716,-1.420857315,-0.134763845,0.319860292,-0.819181398,0.604903662,1.026199026,0.849329746,-0.634496145,-0.597643033,-0.361572942,-0.604809873,0.905126789,2.23855342,0.283791243,0.651724449,-0.294083711,1.767881981,0.997464088,-0.768512928,0.294112879,-0.969849297,1.228604457,-0.164205737,0.091774648,1.125305243,-1.621084874,-0.175882024,0.405061287,-1.092103464,0.719438482,-0.676280017,-0.564733306,2.914007002,-0.808051501,0.041412289,-0.603870604,2.705268537,1.183195754,-0.387964814,1.108357946,-0.826359547,-0.222702587,-0.148311245,1.232118834,1.355504524,1.768422773,0.611895848,-0.110630248,-1.142011021,-0.561663499,-0.867130575,-1.121954469,-0.285367396,-0.726325531,1.327349917,0.781290649,0.522414887,-0.643786998,-1.223409611,-1.168320471,-1.439290556,-0.193486259,0.216909075,0.622382915,0.258968876,1.131364986,-3.639786989,0.267924726,1.579637602,4.74031794,-0.381444976,0.177909588,1.575978991,0.042734438,0.264213745,-1.115754955,1.503319916,0.042424395,0.976976542,-0.580975019,-0.168730058,0.294156117,-0.907537548,-0.813285226,-0.902700304,-0.447201714,0.165272424,-0.654166701,0.912427867,0.907438312,-0.887098082,2.075137104,-0.300499383,-0.377766447,-1.060952508,0.066444576,-0.680375264,-0.311675342,-0.148967665,-0.43173136,-0.24638273,-3.375316123,0.754967639,-0.75765214,-0.127333562,-0.208876127,-1.059865427,-0.928334953,1.083305375,-0.2901042,0.495209968,-1.002767294,-0.49999477,-0.36019497,-1.224725848,0.496498019,0.818201054,0.016555889,-0.016057775,0.956795164,-0.371804612,-0.417566924,0.092764017,-0.479736216,0.924863809,-0.943529509
hsa.mir.574,-2.067935741,-0.773040498,-0.447291661,-0.676391771,-0.814649074,-0.34153733,0.690857926,-2.002941628,0.320426548,-1.925192632,1.378284188,-1.807446452,0.791186946,-0.331836761,1.319762407,-2.046175639,-1.037413785,-0.346233375,2.155412693,1.217854371,0.139480103,-1.171431837,-0.794919044,-0.74303688,-0.012952261,-0.350392201,0.670816921,0.503713694,-2.875929017,-0.888699248,0.748575918,-0.198265477,0.034221764,-0.114858726,-1.43230944,0.553781191,0.467958296,0.365744715,0.787018722,0.988121878,0.078837465,-0.485415286,-0.204884723,0.697380474,-0.897565851,0.070421615,-0.360568955,1.080724056,0.001146359,0.04556764,0.36451689,-0.520573955,1.440760732,-1.899775905,-3.623526711,-1.271274319,0.046963819,-0.54252588,-0.472962888,-1.039971165,-0.638350282,-1.034608737,0.479634791,0.83275855,0.199056083,-0.289678351,-0.145946018,-1.154423295,-0.822500689,0.96475376,1.549666529,0.460629853,0.934984271,-0.277912602,-0.110209323,-0.260388289,-0.037334109,-0.559734378,-0.051770479,1.333452633,0.457705531,-0.72931181,-0.318008476,-2.374654827,-0.870611365,-0.914981913,0.574805191,-1.369638403,0.067714099,0.637925818,1.289381107,-0.758996253,-0.029334265,-0.963087742,0.064358852,1.229032632,0.192334969,0.111747045,-0.472306636,0.372352811,0.45240739,0.286624427,0.227299522,0.298910649,-0.950300843,-0.781614337,0.379004932,-0.919884521,1.317378455,0.070947057,0.976406338,-0.643603074,1.197557604,-0.833961189,1.159230132,0.727642877,-1.563256015,1.203867663,-1.28198611,0.310246881,2.140869699,0.59654239,1.209410115,-0.547596916,1.083743915,0.749529535,0.659333555,-0.275094808,-0.465972733,-0.098211165,0.161655163,0.354995176,-1.480332938,-1.238344069,1.252426676,1.470490933,1.163259435,-1.243627616,0.353269138,1.547841069,-0.220581682,0.611703824,0.308996967,0.568683333,-0.579858754,-1.620784465,1.228710723,0.440096415,-0.643963848,1.38815271,-0.550437115,-0.786947478,-1.008891749,-1.474735096,0.19099898,0.508166317,-0.477439271,-2.710992977,-0.240033,-0.658911771,0.300419987,0.013230964,-0.61653712,-0.528194006,-0.262042259,0.184868027,0.751934356,1.746089041,0.305884863,0.834112663,0.651290778,0.447402394,1.180295115,-0.328309887,-0.886099659,-0.496190036,-0.392378626,0.248737663,-0.108689223,1.321113907,1.064334537,2.566300285,-0.074254895,-0.658491885,0.770220383,0.810145428,-1.01435107,1.675605836,-0.29510135,-2.405907465,-0.8641721,-0.093974103,-1.214609655,-1.118533743,0.128232878,-0.832069937,-0.084206277,-0.400553514,0.512624737,-0.312913813,-0.733707865,1.468128548,0.56153923,0.655120616,1.622909487,-0.00900357,0.101570611,-0.924057441,1.475622448,-0.845172324,-0.227988213,1.256795409,0.509417265,-0.447645091,-0.648450771,0.586793528,1.325724362,1.331138155,-0.286019814,-0.471749164,-1.167352905,1.094372361,1.114585974,-0.243033242,0.334729933,-0.313071311,0.122709283,0.119823987,1.135334231,-0.956750447,0.791334961,-2.021001168,1.319623493,-0.603855093,-1.056428318,1.282041054,-0.27143616,-0.959564073,1.144234967,0.055012604,0.02926934,-1.115046969,1.175531064,-0.958195861,0.601327932,1.056463104,1.811067258
hsa.mir.120a,0.0,0.0,0.0,0.0,0.0,0.0,0.0,0.0,0.0,0.0,0.0,0.0,0.0,0.0,0.0,0.0,0.0,0.0,0.0,0.0,0.0,0.0,0.0,0.0,0.0,0.0,0.0,0.0,0.0,0.0,0.0,0.0,0.0,0.0,0.0,0.0,0.0,0.0,0.0,0.0,0.0,0.0,0.0,0.0,0.0,0.0,0.0,0.0,0.0,0.0,0.0,0.0,0.0,0.0,0.0,0.0,0.0,0.0,0.0,0.0,0.0,0.0,0.0,0.0,0.0,0.0,0.0,0.0,0.0,0.0,0.0,0.0,0.0,0.0,0.0,0.0,0.0,0.0,0.0,0.0,0.0,0.0,0.0,0.0,0.0,0.0,0.0,0.0,0.0,0.0,0.0,0.0,0.0,0.0,0.0,0.0,0.0,0.0,0.0,0.0,0.0,0.0,0.0,0.0,0.0,0.0,0.0,0.0,0.0,0.0,0.0,0.0,0.0,0.0,0.0,0.0,0.0,0.0,0.0,0.0,0.0,0.0,0.0,0.0,0.0,0.0,0.0,0.0,0.0,0.0,0.0,0.0,0.0,0.0,0.0,0.0,0.0,0.0,0.0,0.0,0.0,0.0,0.0,0.0,0.0,0.0,0.0,0.0,0.0,0.0,0.0,0.0,0.0,0.0,0.0,0.0,0.0,0.0,0.0,0.0,0.0,0.0,0.0,0.0,0.0,0.0,0.0,0.0,0.0,0.0,0.0,0.0,0.0,0.0,0.0,0.0,0.0,0.0,0.0,0.0,0.0,0.0,0.0,0.0,0.0,0.0,0.0,0.0,0.0,0.0,0.0,0.0,0.0,0.0,0.0,0.0,0.0,0.0,0.0,0.0,0.0,0.0,0.0,0.0,0.0,0.0,0.0,0.0,0.0,0.0,0.0,0.0,0.0,0.0,0.0,0.0,0.0,0.0,0.0,0.0,0.0,0.0,0.0,0.0,0.0,0.0,0.0,0.0,0.0,0.0,0.0,0.0,0.0,0.0,0.0,0.0,0.0,0.0,0.0,0.0,0.0,0.0,0.0,0.0,0.0,0.0,0.0
hsa.mir.486.1,-3.038945305,0.540808573,-1.072166159,0.496269638,-2.126126816,-0.526377645,-0.29345677,1.416532361,1.17615812,1.436145795,-0.332195159,1.821560127,0.379584311,-0.667419789,-0.266555668,1.774195378,0.537981673,0.17575093,1.318071669,0.259091208,-0.109288681,-0.144491497,0.763783322,0.090186708,1.057029785,0.773539747,0.115823092,-0.322624383,1.231318483,1.053688977,-1.926005668,0.287551401,-1.177096771,-0.794823309,-1.011428658,-1.175577345,-0.330834175,-1.107907489,-2.253007065,-0.533654219,-0.169135539,0.549478438,0.49335064,-0.489390936,-0.439499124,-1.860067815,-0.424268299,-0.805650761,-0.905798137,-0.04774394,1.07672376,-1.22740724,-0.717097819,0.743176656,2.071406745,0.616256663,-0.548933699,0.187285675,1.379802116,-0.641548122,-1.134566214,-0.176026212,-0.371852454,-0.834890154,-0.598812653,0.09924143,0.544080946,-0.776586769,0.639838011,-0.767824648,-0.26344165,-0.186876288,-0.914014427,-0.458065723,-1.319133907,-0.552382706,-1.106416191,0.839891919,0.450705774,-1.646049372,0.239972533,0.524437682,-0.797830254,-0.270795568,0.296537421,0.223472354,0.121339337,-1.444057175,-0.862126667,-0.780528515,1.018863194,-0.408275057,0.124416543,-0.342250015,-0.374120179,0.059035446,0.234497867,0.57836981,1.155844932,0.567245698,0.538940979,0.655703144,1.797569962,1.652549088,0.752942033,0.497192646,-0.427084098,1.460610096,1.143102778,1.583791267,0.642656492,0.482788834,0.96392633,2.477850111,1.06980067,-0.26467434,0.102477309,0.017231136,1.557969465,1.163641034,0.141424516,0.386343978,1.511277406,1.12112857,-0.040352214,-0.569802825,1.301674935,-0.454961768,1.275768873,-0.831574917,0.125850502,-2.387802249,0.06894851,0.027481915,0.193255268,0.388983543,0.000182466,0.473109551,0.09355565,0.484598771,0.207361802,-0.581232963,-0.978586675,0.640448049,-1.302169137,1.421556237,1.019730916,-0.322614188,0.373095166,-0.958683665,0.287315942,-1.183327853,-0.370400814,0.969382211,1.536160943,0.679846704,1.468159235,2.514568233,0.652441922,-0.115423973,0.114235429,1.146806055,-1.307606575,-3.428529645,0.643689529,0.266815145,-1.291500919,0.907959201,-1.866744089,-0.148197563,-0.437326459,1.091787365,-0.185796933,0.651802458,-0.017347,0.536130164,1.354153941,-0.546371931,1.067906522,1.549879593,0.510012005,0.660070802,0.804067525,0.495842882,0.417299639,-0.406270472,1.454657487,-0.786846486,-0.775262907,-0.626938901,0.315592832,-0.155620505,0.256946918,0.183926906,-0.007924017,-0.727968412,-0.711722002,0.331715293,-0.970310581,0.301233911,-1.01690453,-0.086722433,0.096034609,-0.789371622,0.173153772,-0.472166888,-0.57709065,-1.098837514,0.07721851,1.20338248,3.093041179,0.350974902,1.778543448,-0.073391877,0.010951572,0.284590331,0.99669457,0.86915256,0.556295783,-1.368265302,-1.95698931,0.668704223,0.344688066,1.262612955,0.679155073,-0.822051315,0.515380724,-0.29468195,0.146013912,1.545988836,-0.294656998,0.891718567,0.912108886,0.092475704,-0.141854145,0.68297933,0.229062126,2.800201998,-0.252131457,-0.057864175,1.590801197,1.01194505,1.061754563,-0.299735354,0.204428741,1.104936205,0.948465378
hsa.mir.450b,-2.237521692,0.156122837,-0.494326904,-0.058675816,-1.076882779,0.283002751,1.215214936,-1.050933817,0.310314239,-1.164154075,0.632342993,-2.921094312,-0.762546883,0.092683241,1.668198346,-2.860877785,-1.013351809,-0.852616122,2.024626167,1.473471981,0.810674161,-0.661466041,0.128501765,-0.52466295,0.169033246,0.129431313,0.611168118,0.055005744,-0.59735841,0.230911788,0.34482558,-0.612219296,-0.150920757,0.11998862,-1.489735452,0.475203218,0.645635499,0.255800153,1.357261809,1.092149666,-0.122014438,-0.5119184,-0.279827244,0.57273343,-0.01573779,0.796414945,-0.148617148,1.547412154,0.139409219,0.267377448,0.690821084,-0.802982023,1.294876364,-0.973550432,-1.546413501,-1.235332862,0.474517104,-0.472429089,-0.329603093,-0.192957562,-0.327205908,-0.720819847,0.776974904,0.819296085,0.261028923,0.492686504,0.22489123,-0.212233501,-1.209723323,0.58242668,1.080052064,-0.246152137,0.465970053,-0.015412868,-0.819909135,-0.457853074,-0.439494104,-0.508857451,-0.209248418,1.319373423,-0.675971318,-1.069494533,-0.060857091,-3.521876693,-1.706849062,-0.52255331,0.294920032,-0.453602684,0.126909922,0.381690065,0.75968462,-0.436678826,-0.726684782,-0.239352251,-0.354899443,0.025215073,-0.937878468,0.199622925,-0.37200133,0.028706978,0.531230526,0.380471487,-0.560718515,0.246459939,-0.894021006,-1.011350247,0.70389629,-0.983985471,1.251205524,0.282547584,0.657651624,-0.201663445,0.309847049,-1.046383561,0.320519482,0.608098836,-2.498180755,0.867868276,-2.583205131,-0.205765,2.072739548,0.384121976,0.376469109,-1.563014816,0.408723855,1.136768384,-0.399499701,-0.150958199,0.070997394,0.537445461,0.714031524,0.641670572,-1.130390873,-1.405667396,1.126821545,1.564702897,1.286790265,-0.322736128,-0.132279354,0.757502403,0.05413009,0.936654676,-0.30923396,0.786345731,-0.262853698,-1.070934009,1.432699789,1.401879252,0.317835798,1.67718721,-0.438904568,-0.233993628,-0.078120484,-0.424122729,-0.154280737,0.189226559,0.915107994,-0.738318387,-1.11510553,-0.521728611,0.565732131,0.481140708,-0.450325694,-0.773829846,-0.911101874,-0.13512186,0.566465456,0.668749854,-0.202278231,0.803962817,0.469844494,-0.275638116,0.98077125,-0.636658633,-0.776536257,0.210939434,-0.513992824,-0.066249998,-0.362112143,-0.167837098,0.923809218,1.377303151,-0.033920758,-1.10624998,0.449118266,0.357771137,-0.794000534,1.759970352,-0.261858909,-2.023470406,-0.648007988,0.964171438,-0.810287322,-0.549368965,0.27902473,-0.227451752,0.562361994,-0.156473651,0.867067196,0.402623947,-0.170968073,0.872260562,0.614666877,0.451832657,1.707888364,-0.315720836,0.594096765,-0.655873678,1.499367789,-0.356506824,-0.665936451,1.53211496,-0.244429807,-0.801078547,-0.823203783,0.145899278,0.955194346,1.393164653,0.040557123,-0.163769916,-0.076239887,0.578713505,1.125469284,-0.688995143,-0.074561367,-0.850553103,-0.062770757,0.103151006,0.93861503,-1.067442627,0.559215774,-2.75806297,1.3404542,-0.927193377,-1.076521795,1.237842424,-0.046908682,-1.471937447,0.521333145,0.007093827,-0.966564784,-2.274311803,0.982998541,-0.935423042,-0.244998465,0.051479021,0.78056463
hsa.mir.1277,0.28945461,1.745784101,-1.19340431,0.94712999,1.37335267,-0.047334054,-0.644811378,0.03066028,2.972352515,1.177449286,1.577656981,-0.562953033,0.975199605,0.656899774,0.235113626,-0.467383863,0.144126987,0.092627063,-0.633468244,-0.98873371,0.063690475,0.367438111,0.794020418,-0.074651012,0.731291746,-0.903963302,0.30299397,0.744545437,-0.991607885,-1.192503682,-0.483643664,-0.379008511,-0.739076466,0.256975672,-1.597549317,-1.069820226,-1.615849758,-0.703499736,-0.709997402,0.357000705,2.500492872,0.778168194,0.80092337,-0.112737579,0.56028826,-0.454616935,-0.438268733,1.485449505,-0.038604282,-0.903806683,0.904983172,-0.643439892,-0.415108642,-1.46092532,-0.326415495,0.437063691,-0.207601512,0.899559965,0.653394687,-1.673956607,-0.065065188,-0.674028309,-1.371771847,0.129063002,0.409877386,0.714993318,0.895919912,-0.032466578,3.817221116,0.097159878,0.408769083,0.742571929,-0.536252172,1.680729805,0.060413788,0.511409215,0.331007441,0.364868305,1.290824785,-0.298498012,0.450146053,0.896324193,0.35593699,0.63219601,0.603563961,0.058416312,-0.506900985,0.95537396,1.099610422,1.583319309,1.000209214,3.540672702,1.795490433,0.241789373,1.480741319,-1.288704715,-0.646422425,-1.301603667,-0.158201355,-2.855516382,-1.006181486,-0.337106133,1.540149448,0.198187413,-0.791120858,0.281337268,-0.522629882,2.860953345,1.109950181,-0.052780476,0.714867497,1.016381841,-0.507618562,-0.00759788,-1.254840219,-0.158222024,-0.540297942,-0.699493537,0.227071475,1.079293616,0.330209384,-0.485003479,-0.735155788,2.726688071,-1.47541975,-0.373490527,0.085522359,0.693115044,0.489619529,0.983915217,1.512001704,-0.024892048,-0.05959119,1.442437378,0.087030812,-0.599350979,-0.475697415,0.407093673,0.777127876,0.883151711,-0.503886557,-1.053926486,0.100747769,-0.651809788,0.190024994,0.193080021,0.429990605,-0.163083712,0.757466097,0.536776699,0.485298243,-0.474322804,-0.534421503,-2.041082467,-0.846737568,-1.610308007,-1.523091682,0.656507117,0.146555232,-0.492448544,-0.717301505,0.128970948,-1.722896229,1.270539454,-0.316705729,-0.108313936,0.3739594,-0.30231529,0.460292234,1.298427218,-0.116244699,1.335005846,-1.367082435,-1.036247127,-0.236484248,0.758139533,-0.35946502,-0.456748284,-0.736567958,-1.04843294,0.436947467,-0.535464816,0.092696208,-1.032181601,-1.301483086,-0.252013939,-0.734961667,0.829367084,-0.10025026,-0.201507701,1.680540824,-0.440592688,-0.225700215,-0.418243911,0.171445471,-0.03399672,-0.295191839,-0.858451054,0.109545613,-0.577000268,-0.053518515,0.856862093,-0.554760132,-0.409249328,-0.700416134,0.184635317,2.348273525,0.188172129,-0.579090094,-1.440496317,1.345829609,-0.028733369,-0.737740781,-0.625037307,-0.795801437,-2.610963451,-1.099040525,-0.829035377,1.012934003,-2.281195535,1.119893816,0.006183722,-0.612654301,-0.113875401,-0.430058939,-0.170336534,-1.331489207,1.531435502,-0.320672316,0.048291391,-1.75687814,-0.473356846,-0.228608843,0.137659527,-0.793466162,-0.142014468,-1.549760405,-0.24882408,-0.070969621,-0.175388769,-0.038051091,3.1532471,0.416333545,0.074560317,-0.995270616,-0.517441581,-1.199638906
hsa.mir.222,0.10972302,1.664614933,0.148349379,-0.323271164,-0.713462883,-0.764274784,0.935592643,-1.64660523,-0.470331995,-0.703559043,-0.716200323,-0.144996661,-0.244942012,1.007502266,1.159189629,-0.355292198,0.534269528,-1.302091314,-0.877958368,-0.673493638,0.522007831,0.115984704,0.083711109,-0.396838973,0.52182422,-2.170574012,-1.086150914,0.087571413,-1.43361106,-0.499572791,-0.091060853,-1.372305039,-0.573892537,0.122688352,-0.216269249,0.251846863,0.594775481,-1.39338849,-1.178096148,2.783326501,0.759474018,0.228939461,0.130293368,-1.103511442,0.703893516,0.867499204,-0.238698944,-0.740389345,-0.521668835,1.140248094,0.178614257,1.082453658,0.294433536,-0.80174942,-0.674387675,0.069226991,-0.589614482,-0.772057473,-1.480205153,0.610384659,-0.125417582,-1.840517545,0.876795522,-0.693115065,-0.869161972,1.186492882,0.547791859,1.555023273,-0.523945768,-0.890798234,0.04994686,-0.840244802,1.02401916,0.134792694,1.253000114,-0.473883602,0.248809326,0.836944104,-1.525802096,1.592318778,-1.919464421,-1.747720069,0.715518282,0.537350962,-0.348726026,-9.39e-05,0.07794603,1.48914806,0.398071904,-0.169148573,-0.242468186,-0.57903282,-0.82374757,0.076871259,-0.219138057,-2.835497686,-0.642385292,0.134459302,-0.642884552,-1.018931263,-0.886090257,-0.180707407,0.396788844,-2.071255323,0.565377605,-0.948480333,0.23660829,1.106314634,-1.991798309,-0.380195529,-0.757577583,-0.11888596,-0.82015757,-0.241132538,-1.206193111,0.695135172,-0.711673706,-0.036727173,0.300044804,0.214419313,0.365638586,0.80854036,-2.270294293,-0.124810481,0.263034316,1.410112947,-2.230360051,0.291930188,0.795723581,0.932833765,1.238096078,1.291803701,0.533604733,0.503898341,2.402907232,0.63363727,-1.682305353,0.940783766,-1.433475245,0.584673937,2.544506155,2.193222189,-0.343481914,-0.916764347,1.192266748,-0.378353624,-0.193231,0.517615994,0.143260412,2.906373179,-0.276425734,-0.053363798,-0.14333183,-3.308494759,0.102874191,-0.793173741,0.02459434,-0.461094919,-1.040507056,0.406430682,1.152167798,2.171320499,0.05926184,0.265729944,-2.261970814,-1.970833256,-0.299030154,-0.568732525,-0.293318657,0.437078906,2.609665262,0.089608569,0.818788181,-0.499472729,0.243160165,0.430801457,-0.21878592,-0.346000949,-1.427174323,-1.822805809,-0.107624915,-0.531609661,0.337636092,-0.262982165,0.20422225,-0.202142298,-0.784174646,-0.86880465,0.605169897,-1.177986482,-0.438649795,0.36743601,-0.599718493,-0.650294274,-0.233699266,2.478317226,1.00215082,-1.418402384,1.770456654,0.210478503,1.094274439,0.089912965,-0.269509084,0.153334228,-0.41841694,-0.410602156,1.21229341,0.179341616,-0.031719795,-0.754127398,-0.857361175,-0.017261157,-0.644377911,-0.347318781,-0.057836019,-0.964655027,1.377506212,0.22757034,0.198626938,1.114460277,0.899298534,-1.276426701,-0.337193032,0.072724515,-0.162498582,-0.710307066,1.150900784,0.907035385,0.065913914,-0.917245815,-1.169206119,-1.028840328,-0.279184817,-0.10806558,0.398374665,-0.069918316,-0.46002366,0.130284815,0.284889405,1.620824399,0.140591152,0.265893415,-0.603257065,0.03360999,0.667936507,-1.433882361,-0.544514221
hsa.mir.222.1,0.0,0.0,0.0,0.0,0.0,0.0,0.0,0.0,0.0,0.0,0.0,0.0,0.0,0.0,0.0,0.0,0.0,0.0,0.0,0.0,0.0,0.0,0.0,0.0,0.0,0.0,0.0,0.0,0.0,0.0,0.0,0.0,0.0,0.0,0.0,0.0,0.0,0.0,0.0,0.0,0.0,0.0,0.0,0.0,0.0,0.0,0.0,0.0,0.0,0.0,0.0,0.0,0.0,0.0,0.0,0.0,0.0,0.0,0.0,0.0,0.0,0.0,0.0,0.0,0.0,0.0,0.0,0.0,0.0,0.0,0.0,0.0,0.0,0.0,0.0,0.0,0.0,0.0,0.0,0.0,0.0,0.0,0.0,0.0,0.0,0.0,0.0,0.0,0.0,0.0,0.0,0.0,0.0,0.0,0.0,0.0,0.0,0.0,0.0,0.0,0.0,0.0,0.0,0.0,0.0,0.0,0.0,0.0,0.0,0.0,0.0,0.0,0.0,0.0,0.0,0.0,0.0,0.0,0.0,0.0,0.0,0.0,0.0,0.0,0.0,0.0,0.0,0.0,0.0,0.0,0.0,0.0,0.0,0.0,0.0,0.0,0.0,0.0,0.0,0.0,0.0,0.0,0.0,0.0,0.0,0.0,0.0,0.0,0.0,0.0,0.0,0.0,0.0,0.0,0.0,0.0,0.0,0.0,0.0,0.0,0.0,0.0,0.0,0.0,0.0,0.0,0.0,0.0,0.0,0.0,0.0,0.0,0.0,0.0,0.0,0.0,0.0,0.0,0.0,0.0,0.0,0.0,0.0,0.0,0.0,0.0,0.0,0.0,0.0,0.0,0.0,0.0,0.0,0.0,0.0,0.0,0.0,0.0,0.0,0.0,0.0,0.0,0.0,0.0,0.0,0.0,0.0,0.0,0.0,0.0,0.0,0.0,0.0,0.0,0.0,0.0,0.0,0.0,0.0,0.0,0.0,0.0,0.0,0.0,0.0,0.0,0.0,0.0,0.0,0.0,0.0,0.0,0.0,0.0,0.0,0.0,0.0,0.0,0.0,0.0,0.0,0.0,0.0,0.0,0.0,0.0,0.0
hsa.mir.318,0.0,0.0,0.0,0.0,0.0,0.0,0.0,0.0,0.0,0.0,0.0,0.0,0.0,0.0,0.0,0.0,0.0,0.0,0.0,0.0,0.0,0.0,0.0,0.0,0.0,0.0,0.0,0.0,0.0,0.0,0.0,0.0,0.0,0.0,0.0,0.0,0.0,0.0,0.0,0.0,0.0,0.0,0.0,0.0,0.0,0.0,0.0,0.0,0.0,0.0,0.0,0.0,0.0,0.0,0.0,0.0,0.0,0.0,0.0,0.0,0.0,0.0,0.0,0.0,0.0,0.0,0.0,0.0,0.0,0.0,0.0,0.0,0.0,0.0,0.0,0.0,0.0,0.0,0.0,0.0,0.0,0.0,0.0,0.0,0.0,0.0,0.0,0.0,0.0,0.0,0.0,0.0,0.0,0.0,0.0,0.0,0.0,0.0,0.0,0.0,0.0,0.0,0.0,0.0,0.0,0.0,0.0,0.0,0.0,0.0,0.0,0.0,0.0,0.0,0.0,0.0,0.0,0.0,0.0,0.0,0.0,0.0,0.0,0.0,0.0,0.0,0.0,0.0,0.0,0.0,0.0,0.0,0.0,0.0,0.0,0.0,0.0,0.0,0.0,0.0,0.0,0.0,0.0,0.0,0.0,0.0,0.0,0.0,0.0,0.0,0.0,0.0,0.0,0.0,0.0,0.0,0.0,0.0,0.0,0.0,0.0,0.0,0.0,0.0,0.0,0.0,0.0,0.0,0.0,0.0,0.0,0.0,0.0,0.0,0.0,0.0,0.0,0.0,0.0,0.0,0.0,0.0,0.0,0.0,0.0,0.0,0.0,0.0,0.0,0.0,0.0,0.0,0.0,0.0,0.0,0.0,0.0,0.0,0.0,0.0,0.0,0.0,0.0,0.0,0.0,0.0,0.0,0.0,0.0,0.0,0.0,0.0,0.0,0.0,0.0,0.0,0.0,0.0,0.0,0.0,0.0,0.0,0.0,0.0,0.0,0.0,0.0,0.0,0.0,0.0,0.0,0.0,0.0,0.0,0.0,0.0,0.0,0.0,0.0,0.0,0.0,0.0,0.0,0.0,0.0,0.0,0.0
hsa.mir.590,0.11806952,-0.678998857,0.912672365,1.233358874,0.500178575,0.956028629,0.509206239,1.601559283,-0.790577155,0.117911009,-1.97969791,0.061548243,-1.541137766,0.225088137,-1.221415354,0.087398203,-0.745387822,0.532693479,-2.024948307,-0.329934444,0.260264343,0.978942527,0.652638393,0.671915951,-0.587858612,-0.280501736,0.312322359,0.385954843,-1.472247547,-1.69829025,0.611294087,0.648256261,1.089282454,0.526777485,1.244949621,0.981130221,0.932287021,1.199612395,0.589988795,0.953615938,0.115179601,1.349460813,1.754366212,1.855911147,1.653594187,1.653374977,0.95950719,1.665266281,1.301971537,0.897026258,0.276258742,0.114917834,-0.821632261,-1.332612564,-0.703297282,1.005624414,0.274176361,0.683734009,1.18760284,1.359911365,1.071883856,1.797864166,0.385280614,0.348608315,0.914695326,0.391490953,0.846270024,0.930413446,-0.048642697,0.103717529,-0.924887579,0.559539164,-0.402670047,-0.835454518,0.554196843,0.760618802,0.462475128,0.214437401,0.899648467,-1.193361059,0.529290887,0.742906278,0.447271572,0.837545273,0.428738113,0.397815221,0.841550854,0.863884013,-1.126116568,-0.003384525,-0.279944469,-0.695173715,-0.220761858,0.494667513,0.612383304,-0.263143384,-0.315731425,-2.038878227,-1.723846146,-0.067260939,-0.081499565,-0.891221244,-2.398707642,-1.657879916,0.580855716,0.565361814,-0.682993901,-2.09886946,-1.727671136,-0.212322671,-0.708495437,-0.772493544,-1.387128319,-0.028126178,-0.492243386,-1.267501896,-0.394053204,-0.845987385,-1.956577669,-1.10732874,-1.319415273,-0.410742407,-0.327587294,-2.100195424,0.078276508,-0.407755262,-0.26272705,1.312319169,0.427839865,1.342450036,-0.173861328,0.840247176,1.728992753,0.112285936,0.016896215,0.200225838,0.309978958,0.926539885,0.628795056,-0.756594137,-1.363807346,0.405967768,-0.012442394,-0.588335559,0.776408166,0.344556861,-0.828425395,0.710431496,-0.860979749,-0.067674927,0.025723444,0.54805791,0.953955868,-3.88639349,0.15675056,-0.377546845,-1.267941058,-0.67683312,-0.563326811,0.900289788,0.799710809,0.295964507,0.750245087,0.878980182,0.414091801,0.885083246,-0.114949553,-1.094547519,-1.968781821,0.150534276,-0.19865268,-2.529116573,-0.175404974,-0.892085124,-0.015149843,-1.409003033,-0.538069143,-0.415328793,-0.900415567,-0.39584388,-1.844541567,-1.880071907,0.114489508,-0.387931062,-0.1988278,-0.76292687,0.12005162,-0.147276392,-0.505166428,1.37783592,0.154155964,-1.022754919,0.551227269,0.092292696,1.299330514,1.990253157,0.997863845,1.537411338,1.053637961,-0.468506881,0.59833609,-0.670298051,0.909404396,0.627158169,-0.732318405,0.071855856,-0.337950778,-0.156640359,-1.387103822,0.412892243,-0.299230855,-1.056744981,-0.003901014,-0.628729873,-0.950385643,-1.850407524,-0.096441231,-1.494598818,0.300551981,-1.053644004,-0.691429344,-0.384409656,-0.745170491,-0.715396684,-0.574275263,-0.642109608,-0.896175996,-0.823886755,-0.909690197,-0.334898242,-0.702486317,-0.901864707,-1.575761771,-0.660124073,-0.257482892,-0.461688039,-0.174461065,-0.375076273,-1.104559793,0.081386314,-0.173333039,-1.352245485,-0.457524763,-0.75158149,-0.954548882,0.063903958,-1.347905257
hsa.mir.162,0.0,0.0,0.0,0.0,0.0,0.0,0.0,0.0,0.0,0.0,0.0,0.0,0.0,0.0,0.0,0.0,0.0,0.0,0.0,0.0,0.0,0.0,0.0,0.0,0.0,0.0,0.0,0.0,0.0,0.0,0.0,0.0,0.0,0.0,0.0,0.0,0.0,0.0,0.0,0.0,0.0,0.0,0.0,0.0,0.0,0.0,0.0,0.0,0.0,0.0,0.0,0.0,0.0,0.0,0.0,0.0,0.0,0.0,0.0,0.0,0.0,0.0,0.0,0.0,0.0,0.0,0.0,0.0,0.0,0.0,0.0,0.0,0.0,0.0,0.0,0.0,0.0,0.0,0.0,0.0,0.0,0.0,0.0,0.0,0.0,0.0,0.0,0.0,0.0,0.0,0.0,0.0,0.0,0.0,0.0,0.0,0.0,0.0,0.0,0.0,0.0,0.0,0.0,0.0,0.0,0.0,0.0,0.0,0.0,0.0,0.0,0.0,0.0,0.0,0.0,0.0,0.0,0.0,0.0,0.0,0.0,0.0,0.0,0.0,0.0,0.0,0.0,0.0,0.0,0.0,0.0,0.0,0.0,0.0,0.0,0.0,0.0,0.0,0.0,0.0,0.0,0.0,0.0,0.0,0.0,0.0,0.0,0.0,0.0,0.0,0.0,0.0,0.0,0.0,0.0,0.0,0.0,0.0,0.0,0.0,0.0,0.0,0.0,0.0,0.0,0.0,0.0,0.0,0.0,0.0,0.0,0.0,0.0,0.0,0.0,0.0,0.0,0.0,0.0,0.0,0.0,0.0,0.0,0.0,0.0,0.0,0.0,0.0,0.0,0.0,0.0,0.0,0.0,0.0,0.0,0.0,0.0,0.0,0.0,0.0,0.0,0.0,0.0,0.0,0.0,0.0,0.0,0.0,0.0,0.0,0.0,0.0,0.0,0.0,0.0,0.0,0.0,0.0,0.0,0.0,0.0,0.0,0.0,0.0,0.0,0.0,0.0,0.0,0.0,0.0,0.0,0.0,0.0,0.0,0.0,0.0,0.0,0.0,0.0,0.0,0.0,0.0,0.0,0.0,0.0,0.0,0.0
hsa.mir.3677,-1.80883546,-0.514469632,-1.779679738,-0.980608665,-0.911844733,-0.289564128,0.988202363,-0.615401756,-0.335179867,0.214708426,0.770794013,-4.064169388,-0.225496896,0.031023476,1.397692733,-1.846981537,-0.60498682,-1.144059656,2.197353423,1.128351088,0.181542514,-0.514513643,-0.400309069,-0.09639436,0.084692303,-0.063814642,0.234615009,-0.005782499,-1.057488369,0.557943124,0.153776995,-1.116161647,-0.485590704,0.728689649,-1.354081937,0.496176215,0.669490855,0.419114532,0.618366763,0.896083413,-0.476108535,-0.626987665,-0.106152474,0.193628746,0.067481857,0.632856939,-0.450596806,1.219964809,-0.115296765,-0.177143078,0.905086989,-0.870052283,0.927593572,-3.531807609,-1.331074824,-0.756573025,0.418746214,-0.687101183,0.485923286,0.112895463,-0.586604313,-0.825623098,0.217056791,0.881704894,0.406158974,0.302733247,-0.248838853,-0.90929684,-1.086843186,0.947607522,1.41914228,-0.171336839,0.36403215,0.134167108,-1.739907466,-0.247474561,-0.310313533,-0.91762942,0.345821433,0.802176023,-0.087379548,0.230286928,0.040593731,-2.893832933,-0.842244563,-0.478530001,0.830352222,-0.505131147,0.467207225,-0.671654896,1.33502161,-0.157367813,0.046108941,-0.397440637,-0.037407992,1.058969774,-0.800104644,0.626934487,0.407135062,0.117486781,-0.454604451,-0.417809283,-0.212828286,0.91645544,-0.74412386,-0.63803095,0.686618481,-1.597004613,1.520163755,0.351436271,0.417567061,-0.797050025,0.673159883,-1.5720186,0.708647103,0.257712748,-1.528784461,1.066115235,-2.419668961,-0.031658995,1.72040915,0.365625978,0.752204514,-1.498561748,0.644112118,0.171473394,-0.061805778,-0.169381988,1.214997789,-0.633167612,-1.105318332,0.387433808,-2.236435945,-1.030811578,0.462551197,1.680720908,0.994419827,-1.021507537,0.45753253,1.455001036,-0.440731947,0.646910187,0.248569252,1.192157262,0.229538614,-0.946254562,1.998005054,0.899600718,1.385229341,1.108155298,-0.137329715,-0.315788666,0.164310887,0.977980506,-0.124389268,0.194527887,0.819784852,-1.7057323,-0.419914504,-1.028076883,0.103832618,0.852472807,-0.85359516,-0.631260864,-1.98899972,0.606418333,0.881399989,1.01234227,0.328097397,1.257355018,0.550867077,0.456330714,0.677867943,-0.299568983,-0.68790266,0.582747807,-0.438477494,0.352742475,0.143364168,0.106542682,1.105476924,1.68565918,0.248690868,-0.42307037,0.319484768,0.100134343,-0.661667141,1.327361028,-0.430723472,-1.831967515,-0.046632207,0.731908371,-0.546687476,-1.626383718,0.029536306,-0.735537675,-0.616502157,-0.021743821,0.223930297,0.504666672,-1.078813063,0.869139461,0.862770815,0.280018116,1.360513512,-0.418406852,-0.391621243,-0.710532941,1.196905666,-0.382124913,0.115957664,1.110960984,0.224243933,-1.133162751,-0.965784738,0.594404982,0.836555781,1.601772568,-0.093000798,0.149848861,-1.423695898,0.37626241,0.477591422,-0.966470072,0.210237108,-1.186797839,-0.308956859,-1.170122674,1.268457214,-0.667728582,0.581076153,-2.355385187,1.129744444,-0.50415664,-0.821223988,1.24834936,-0.421426559,-1.259350516,0.057064797,-0.44670575,-0.237735563,-2.030291444,1.278715785,0.008762745,-0.051266806,0.73080329,0.886093783
hsa.mir.342,-0.968814392,1.342367316,-0.205881216,-0.328222372,0.867179668,0.954495095,0.92669661,0.586726239,0.517751058,1.873130744,-0.838210466,0.963679166,0.625585105,0.707327028,1.061545275,-1.115168551,0.830155063,0.049815011,-0.843357319,-0.222122634,0.193002559,1.489018007,1.936357596,0.269554413,1.583330751,-1.068458524,-0.086137018,1.338555723,1.076508418,1.260117398,-0.065706312,-0.388588546,-0.948052164,1.080347457,-1.122116185,-2.234996922,0.609562983,-0.201585724,-0.291779169,-0.399643357,0.845013052,0.513433883,0.510149021,-0.08651193,0.912082381,-0.61071646,1.841470461,-1.262560843,0.119211593,1.324098259,0.807636061,-1.6743062,-0.044229415,2.09891214,1.818217286,0.361127304,-0.673206803,1.037031785,-0.032983806,0.681668552,-2.364929992,0.460279044,-0.558727386,1.32025795,-0.042084177,-0.532877921,-0.867645663,-0.401285507,0.753773525,1.659617727,0.45977931,0.033295435,-0.221674624,-0.100527437,1.210264873,1.21979773,0.600861375,1.657428205,2.322934247,-0.516122486,1.683566049,1.773094631,-0.055057152,0.893465375,0.247844631,-0.012678011,-0.259450565,0.061700221,1.146906788,1.801248416,0.633426025,-0.198772877,1.756008945,-1.067788348,0.06193405,-1.145712789,0.439084957,-0.023703292,0.34749779,-1.515006013,-1.4762366,-0.657607156,0.031243542,0.329548825,-0.689024619,-1.707046187,-0.624331905,-0.34945344,-0.361075138,-0.694706009,0.571978697,-2.552261591,0.919782984,-0.491441196,-1.255067245,0.32934698,1.209788165,0.425724982,-0.294399763,0.051117003,0.203063333,-1.088710292,0.441291295,1.225258227,0.222299037,-0.325053964,0.721325632,-0.431180382,2.134420558,-0.574828966,-0.482905832,-1.16708567,0.835045831,0.65593116,-0.216267308,1.125618965,-0.953987458,0.159977075,1.246236179,-0.864022483,0.650338969,0.200144345,-0.028572977,0.709192221,-0.093850173,-1.398099475,1.209081661,-1.880735382,1.4363667,-0.579311498,0.788992074,-0.746533085,0.471870172,0.853949823,-0.295469541,-0.070220793,0.426711785,2.693552136,0.567202957,-0.354033555,-0.013664845,1.427936877,-0.431677737,-1.737284529,0.747235825,0.687854793,-0.683710599,-0.795421283,0.877317356,0.838493883,-0.207458071,0.900871128,-0.033258237,1.06142874,0.072450739,0.824809054,1.099301289,-0.590682228,-0.882375373,-0.892990398,-0.815399634,-1.289971534,-1.4679723,-0.961214514,0.260039306,0.244880425,-1.070880628,-2.07134473,-0.779000696,-0.565181743,0.772277332,0.953006449,1.515586587,0.549534739,-1.355813769,0.22909032,-1.605153413,-1.377049861,-0.3835702,-0.439615092,-0.399221983,-0.328022346,0.17789174,-0.884267422,-1.695155719,1.158943626,0.596565517,-0.564838538,0.626137014,-0.286817906,0.37105645,-0.321523206,-0.874235592,0.323131348,-0.806268336,-0.630381918,0.093321127,0.716847877,0.920152414,-2.244268512,-3.353937411,-0.468819764,0.120864229,-0.0601883,-0.280420212,0.073574302,-1.059047604,-1.243599494,-0.850072228,-1.339365862,-0.878453871,2.001667231,-2.221343367,-1.004222324,-1.339352978,-1.511417406,-1.810780041,-0.711500788,0.677037153,0.528843978,1.171225867,-0.972723507,-0.825835145,-0.170229651,-0.601469367,0.770005614,-2.110417508
hsa.mir.342.1,0.0,0.0,0.0,0.0,0.0,0.0,0.0,0.0,0.0,0.0,0.0,0.0,0.0,0.0,0.0,0.0,0.0,0.0,0.0,0.0,0.0,0.0,0.0,0.0,0.0,0.0,0.0,0.0,0.0,0.0,0.0,0.0,0.0,0.0,0.0,0.0,0.0,0.0,0.0,0.0,0.0,0.0,0.0,0.0,0.0,0.0,0.0,0.0,0.0,0.0,0.0,0.0,0.0,0.0,0.0,0.0,0.0,0.0,0.0,0.0,0.0,0.0,0.0,0.0,0.0,0.0,0.0,0.0,0.0,0.0,0.0,0.0,0.0,0.0,0.0,0.0,0.0,0.0,0.0,0.0,0.0,0.0,0.0,0.0,0.0,0.0,0.0,0.0,0.0,0.0,0.0,0.0,0.0,0.0,0.0,0.0,0.0,0.0,0.0,0.0,0.0,0.0,0.0,0.0,0.0,0.0,0.0,0.0,0.0,0.0,0.0,0.0,0.0,0.0,0.0,0.0,0.0,0.0,0.0,0.0,0.0,0.0,0.0,0.0,0.0,0.0,0.0,0.0,0.0,0.0,0.0,0.0,0.0,0.0,0.0,0.0,0.0,0.0,0.0,0.0,0.0,0.0,0.0,0.0,0.0,0.0,0.0,0.0,0.0,0.0,0.0,0.0,0.0,0.0,0.0,0.0,0.0,0.0,0.0,0.0,0.0,0.0,0.0,0.0,0.0,0.0,0.0,0.0,0.0,0.0,0.0,0.0,0.0,0.0,0.0,0.0,0.0,0.0,0.0,0.0,0.0,0.0,0.0,0.0,0.0,0.0,0.0,0.0,0.0,0.0,0.0,0.0,0.0,0.0,0.0,0.0,0.0,0.0,0.0,0.0,0.0,0.0,0.0,0.0,0.0,0.0,0.0,0.0,0.0,0.0,0.0,0.0,0.0,0.0,0.0,0.0,0.0,0.0,0.0,0.0,0.0,0.0,0.0,0.0,0.0,0.0,0.0,0.0,0.0,0.0,0.0,0.0,0.0,0.0,0.0,0.0,0.0,0.0,0.0,0.0,0.0,0.0,0.0,0.0,0.0,0.0,0.0
hsa.mir.153.2,-0.933552497,-0.249109195,0.176643783,0.078860611,0.037860786,-0.156783574,-0.682225129,0.085504802,0.574769052,0.264826085,-0.580217241,2.724967352,1.158719013,-0.672400609,-0.861863383,-0.481865639,0.316346557,-0.174570302,-0.247212848,-1.124880438,-0.257146844,1.669663734,0.008800879,0.055498716,1.0869074,-1.056776899,1.154856181,0.778867993,2.634163689,2.650431384,-0.371240062,-0.679480413,-1.165477674,-2.15103551,-0.383273394,-0.835097701,-0.36531794,-0.88025105,-2.506755889,-0.677838903,-0.886939048,-0.815585876,0.182190886,-1.07972603,1.12527995,-0.458578396,1.127885397,-1.631972525,-0.179371934,-0.060112934,-0.009054487,0.771677732,0.908615921,2.495367938,3.139062253,0.772683813,-0.325901511,0.565994538,0.739284069,-0.548264421,0.007559094,0.019070042,-0.27054889,-1.108598638,0.509218687,-0.982824195,0.191073575,-0.991167016,0.310752929,-0.686720596,0.002566001,-0.555281613,-0.724504402,-0.558433468,0.078820335,0.235194174,-0.087881808,-0.703593203,-0.520520244,-1.72412584,-0.754197435,0.448902128,-0.303223502,1.322133734,0.712639313,-0.929028086,-0.87257425,-0.42367188,0.320806006,-0.513399985,1.188623174,0.029235294,0.367878458,-1.581903934,-0.889205885,-0.225567128,-1.043855264,1.216367946,-0.16857233,-0.893276932,-0.137988872,-0.348903544,0.296760471,-0.346582581,0.232675277,0.051449159,0.051170723,1.346340209,-0.156796816,0.66976935,-0.031606419,-1.899769999,0.880076154,1.428553534,-0.323961485,-0.518943416,1.754912604,0.289158446,0.183061127,0.691055683,0.465453144,-0.225073097,-0.119773066,0.923854354,0.533975784,-0.475911338,-2.028801115,0.088739164,-0.531081044,-0.631607115,-0.232495118,-1.877516771,0.524536475,-0.261870039,-0.072469967,-0.090841967,-0.509119018,0.76656347,0.398094301,0.365130743,0.634508164,-0.653657699,-0.711234837,0.198691351,-0.522088023,0.950968874,0.583479142,-0.677463223,-0.761097354,-0.391538027,1.681403854,-0.078842881,0.488247575,0.95210982,0.0066358,-0.648619837,0.657505963,2.87689569,1.417105194,0.494816106,-0.648794614,-1.585376113,0.528856224,1.046502887,0.033731578,-0.336209814,-0.897421053,-0.148895301,0.258342594,-1.515243849,-0.672551662,0.132955792,-1.059399675,-0.873055098,0.394461053,-0.076718657,1.016559268,0.760958756,0.141570822,0.335520515,0.852273222,0.205078305,-0.658225352,0.381093686,0.534271927,-0.19433449,-0.117052503,-0.705649982,-0.793792584,-1.552012876,-0.715367331,-1.594389714,-3.190333341,-0.33874489,-0.604264771,0.268402162,-0.989821251,-0.707000881,-1.234569808,-1.485106454,0.618717657,-0.092206543,-0.017591865,0.499405999,-0.048589254,0.427612851,0.448767897,0.842552409,0.437231842,-0.119520887,0.733568272,-0.511591273,0.721005775,1.495585866,0.610332561,-0.514038151,-0.619440862,-1.34684464,-0.226415716,-2.473580958,-2.362518503,-0.02377566,-0.086632843,1.651530859,0.350601399,0.477496014,1.349782007,0.296842027,0.149793482,0.330734488,0.417092061,0.14515814,0.492842172,0.994163218,0.312350777,-0.258826101,0.374400294,1.808348053,0.962712441,0.52146069,1.170902547,0.235809093,-0.30567465,-0.327133635,0.406371497,-0.237870755,-0.744659546
hsa.mir.146b,0.384065227,-1.446396411,-1.35011195,-1.263245357,-0.183002727,0.702392012,-0.694583569,0.398030954,-2.558402824,0.205006016,-0.798770324,0.502551425,-0.313836459,-0.554391626,-1.389859965,-0.293316966,0.583935214,2.852169563,-0.897400214,0.101995164,-1.889740457,-1.146734351,0.55723029,0.098679609,-0.870525356,-1.14910383,-1.393415598,1.446203479,-2.834251526,-3.341623529,0.415220902,0.87270153,0.78016948,-0.752351925,0.790963389,-0.266196548,0.02414394,-0.129173155,-0.989819347,0.799132913,0.083539571,0.930429082,1.162281442,-0.46017977,0.614705309,1.330048505,0.885013173,0.025442252,-0.20110539,1.309164932,-1.356122993,1.461444898,0.988816882,-3.239488073,-1.378427115,-0.982858573,-1.031654712,1.59528424,0.407712627,-0.042543284,-0.514570847,1.175693762,-0.8386987,0.495747578,1.471076709,-0.688277943,0.294625627,-1.287720252,-1.6189273,-0.172904341,0.260893732,-0.167128737,-0.546125421,-0.443558326,0.075081202,0.868835745,0.136465586,-0.120527862,1.673772494,0.265323292,0.984002797,1.119205709,-0.943212036,1.164330799,1.180524219,-0.266035671,1.859157696,0.400447072,-0.652147952,-0.732596088,-1.292870026,-1.364660725,-0.657136253,-0.717820011,-1.351977499,1.494496862,-0.742022073,-1.020567722,-0.232153141,-1.416617348,-0.646245118,-0.670152748,-1.654327341,-2.037785248,0.582232969,1.297461105,-0.317925689,0.134043929,-1.004196857,-0.742882448,-1.028696305,1.20031011,0.48428716,0.320035705,1.221244936,-0.782254033,0.199587449,-0.477739979,0.048572403,-0.193897231,0.233299891,-0.802646156,1.044377142,-0.305503586,-0.354630081,-0.748665033,1.443413229,-0.282395604,-2.179044699,-0.070513302,-0.95361437,0.828598416,-0.285244128,-1.196127807,1.349704158,0.297501191,-0.475784879,0.791376025,1.18138021,-0.460064941,-0.293924786,-1.402989545,0.478912944,0.512155666,-0.974935275,0.068167789,0.479346029,-1.602687205,-2.072762921,0.577554063,-1.240492176,-1.629249125,-1.160777879,-0.896763547,-0.895785752,0.371083523,-2.585195133,-2.860252615,1.210746253,-1.316698668,0.103777873,-0.693010495,1.040971068,1.173863878,2.094881059,-1.815851253,-0.982176537,1.227555495,-0.076454143,-0.736441174,0.623086474,-0.876602419,-0.652016252,-1.172724938,0.277475329,-1.657858176,-0.903027579,0.147037758,-0.526345603,0.859170544,-0.254112479,0.825452939,0.003235931,0.522538276,-0.641308001,0.733222582,0.745747616,0.333819886,-0.402841953,0.607616889,-0.972195627,-1.353363029,0.170915509,0.847843671,1.247627845,0.475479233,-0.665728033,2.731442339,0.114612611,-0.729317089,-0.292314363,-0.906711389,0.827679874,-0.041619384,0.705018236,-0.076231692,-0.196180308,0.183038872,0.416039755,1.142842342,-0.363635059,-0.07135898,1.377569562,-0.373717529,-0.503921185,-1.116033799,-1.122357998,-0.41246298,0.491967186,-0.832991375,-0.095512875,0.352937962,0.586368081,0.092221502,-0.791763244,-0.237269799,-0.565493483,0.236492418,-0.509912388,0.515918021,-0.067655508,-0.959795439,0.022892595,0.494524043,0.07950314,-0.615492961,0.144731645,0.85361993,0.776590555,-1.448214854,2.666934536,0.529193412,-1.085711641,-1.08080868,-0.464221128,0.597709717,-0.622065675
hsa.mir.146b.1,0.0,0.0,0.0,0.0,0.0,0.0,0.0,0.0,0.0,0.0,0.0,0.0,0.0,0.0,0.0,0.0,0.0,0.0,0.0,0.0,0.0,0.0,0.0,0.0,0.0,0.0,0.0,0.0,0.0,0.0,0.0,0.0,0.0,0.0,0.0,0.0,0.0,0.0,0.0,0.0,0.0,0.0,0.0,0.0,0.0,0.0,0.0,0.0,0.0,0.0,0.0,0.0,0.0,0.0,0.0,0.0,0.0,0.0,0.0,0.0,0.0,0.0,0.0,0.0,0.0,0.0,0.0,0.0,0.0,0.0,0.0,0.0,0.0,0.0,0.0,0.0,0.0,0.0,0.0,0.0,0.0,0.0,0.0,0.0,0.0,0.0,0.0,0.0,0.0,0.0,0.0,0.0,0.0,0.0,0.0,0.0,0.0,0.0,0.0,0.0,0.0,0.0,0.0,0.0,0.0,0.0,0.0,0.0,0.0,0.0,0.0,0.0,0.0,0.0,0.0,0.0,0.0,0.0,0.0,0.0,0.0,0.0,0.0,0.0,0.0,0.0,0.0,0.0,0.0,0.0,0.0,0.0,0.0,0.0,0.0,0.0,0.0,0.0,0.0,0.0,0.0,0.0,0.0,0.0,0.0,0.0,0.0,0.0,0.0,0.0,0.0,0.0,0.0,0.0,0.0,0.0,0.0,0.0,0.0,0.0,0.0,0.0,0.0,0.0,0.0,0.0,0.0,0.0,0.0,0.0,0.0,0.0,0.0,0.0,0.0,0.0,0.0,0.0,0.0,0.0,0.0,0.0,0.0,0.0,0.0,0.0,0.0,0.0,0.0,0.0,0.0,0.0,0.0,0.0,0.0,0.0,0.0,0.0,0.0,0.0,0.0,0.0,0.0,0.0,0.0,0.0,0.0,0.0,0.0,0.0,0.0,0.0,0.0,0.0,0.0,0.0,0.0,0.0,0.0,0.0,0.0,0.0,0.0,0.0,0.0,0.0,0.0,0.0,0.0,0.0,0.0,0.0,0.0,0.0,0.0,0.0,0.0,0.0,0.0,0.0,0.0,0.0,0.0,0.0,0.0,0.0,0.0
hsa.mir.128a,0.0,0.0,0.0,0.0,0.0,0.0,0.0,0.0,0.0,0.0,0.0,0.0,0.0,0.0,0.0,0.0,0.0,0.0,0.0,0.0,0.0,0.0,0.0,0.0,0.0,0.0,0.0,0.0,0.0,0.0,0.0,0.0,0.0,0.0,0.0,0.0,0.0,0.0,0.0,0.0,0.0,0.0,0.0,0.0,0.0,0.0,0.0,0.0,0.0,0.0,0.0,0.0,0.0,0.0,0.0,0.0,0.0,0.0,0.0,0.0,0.0,0.0,0.0,0.0,0.0,0.0,0.0,0.0,0.0,0.0,0.0,0.0,0.0,0.0,0.0,0.0,0.0,0.0,0.0,0.0,0.0,0.0,0.0,0.0,0.0,0.0,0.0,0.0,0.0,0.0,0.0,0.0,0.0,0.0,0.0,0.0,0.0,0.0,0.0,0.0,0.0,0.0,0.0,0.0,0.0,0.0,0.0,0.0,0.0,0.0,0.0,0.0,0.0,0.0,0.0,0.0,0.0,0.0,0.0,0.0,0.0,0.0,0.0,0.0,0.0,0.0,0.0,0.0,0.0,0.0,0.0,0.0,0.0,0.0,0.0,0.0,0.0,0.0,0.0,0.0,0.0,0.0,0.0,0.0,0.0,0.0,0.0,0.0,0.0,0.0,0.0,0.0,0.0,0.0,0.0,0.0,0.0,0.0,0.0,0.0,0.0,0.0,0.0,0.0,0.0,0.0,0.0,0.0,0.0,0.0,0.0,0.0,0.0,0.0,0.0,0.0,0.0,0.0,0.0,0.0,0.0,0.0,0.0,0.0,0.0,0.0,0.0,0.0,0.0,0.0,0.0,0.0,0.0,0.0,0.0,0.0,0.0,0.0,0.0,0.0,0.0,0.0,0.0,0.0,0.0,0.0,0.0,0.0,0.0,0.0,0.0,0.0,0.0,0.0,0.0,0.0,0.0,0.0,0.0,0.0,0.0,0.0,0.0,0.0,0.0,0.0,0.0,0.0,0.0,0.0,0.0,0.0,0.0,0.0,0.0,0.0,0.0,0.0,0.0,0.0,0.0,0.0,0.0,0.0,0.0,0.0,0.0
hsa.mir.4677,0.456321773,0.424117602,1.924900242,1.497236604,1.125064161,1.494861172,1.431854108,1.846791325,-0.078602708,0.493055251,-1.13973191,0.064195905,-1.405041459,0.349293319,-0.082352203,1.484902863,1.328596562,-0.853718002,-1.686764235,-0.908669236,0.339936604,0.658312454,1.079421837,2.122964929,0.914125645,1.068182671,-0.642401609,-0.424068189,1.947633288,2.837978342,0.597669307,0.484287573,1.475726064,1.019849644,1.833470102,0.885688442,0.518600827,-0.00098199,-0.806246317,-0.72304556,-0.954002964,0.182293602,-0.36875313,-0.128075262,0.870914975,0.345563879,-0.626984148,0.51084903,0.71172374,-0.323494857,1.254820969,-0.133014626,-1.678100092,3.200904769,2.13922057,1.092611235,0.855110651,0.886524877,1.354041583,0.660800397,0.364205051,-0.162410367,-0.006259768,-1.433765568,-0.212379473,0.274661028,1.38595174,1.914453873,-0.357472013,-1.541705002,-1.098723033,-1.810177949,-0.792851483,-0.929277754,0.466981866,-0.639438744,0.326242657,-0.311991591,-0.094571169,-1.12156219,-0.560690173,0.187507659,0.536434231,0.845761538,-1.258594233,0.841737112,0.690038227,0.860255415,-0.213673874,-0.304522636,0.44988911,-0.318194908,-0.690687266,0.261834826,-0.90711087,-1.444880817,-0.875245916,-0.790797378,0.466674614,0.720011655,-1.040764657,0.983769804,-0.779695313,-0.978790684,0.046658237,0.039933664,-0.346812173,-0.103531314,-0.757358688,-1.143861688,-0.395028475,0.260885336,-0.962757765,0.875791119,-1.282838552,-0.22915485,-0.153114154,-1.382652137,-0.547785367,-1.134491582,-1.901843704,0.242454389,-0.623301061,0.816743021,0.201584906,-1.017458992,-0.574790699,0.179108566,2.191076368,1.282777711,1.35957292,0.553352097,2.431984007,0.941230061,-1.62170797,-0.049953674,0.255613893,0.250891936,-0.792474397,-1.030184174,-0.777793962,0.820013449,-0.342640771,0.178062284,1.318220459,1.656848479,-0.167313239,0.775052916,0.545729124,-1.913962945,-0.466192603,0.551695697,1.045897886,3.056198172,-0.241166465,-0.244150148,1.36058555,2.694445266,-2.061366138,2.192725942,-1.060067173,0.799817146,0.051623353,-0.640773904,-0.844568013,-0.18517828,-0.268733172,-1.121438177,1.14495162,-0.372475472,-0.600062937,-0.674783281,-0.272266568,1.04190904,0.502341384,-0.629116313,-0.182783438,-0.083971571,-1.555304201,-1.600740007,-0.877521827,-1.923791213,-0.316624163,-0.008935814,-0.118490732,-1.002883926,0.965121262,-1.935537665,-0.201076961,2.640876896,0.230070677,1.009964042,1.396205234,1.554336496,1.274761762,0.053071945,1.488334234,0.594596011,-0.144291291,-3.911986787,1.002467265,-1.390276149,-0.160960127,0.303899543,-2.114421165,1.402037866,-0.023608828,0.613811765,-1.006618042,0.751235755,1.018476715,-0.697477415,-0.646201695,-0.849925371,0.051390983,-0.551014047,0.272522623,0.32435561,1.258333165,-0.910458272,0.859976036,-2.222512245,-0.946940691,-0.227311649,0.657873173,-1.459089098,-0.371408782,-0.487226351,-0.842052733,-0.064953704,-1.208458675,1.146501319,-1.566005093,-1.018768685,-0.143425953,-0.346885536,0.200056941,-0.406251209,-0.711630491,1.100169412,-0.850731917,-0.876731132,-0.798662023,-0.915311619,-0.629348478,-1.541526667,-2.204038101
hsa.mir.134b,0.0,0.0,0.0,0.0,0.0,0.0,0.0,0.0,0.0,0.0,0.0,0.0,0.0,0.0,0.0,0.0,0.0,0.0,0.0,0.0,0.0,0.0,0.0,0.0,0.0,0.0,0.0,0.0,0.0,0.0,0.0,0.0,0.0,0.0,0.0,0.0,0.0,0.0,0.0,0.0,0.0,0.0,0.0,0.0,0.0,0.0,0.0,0.0,0.0,0.0,0.0,0.0,0.0,0.0,0.0,0.0,0.0,0.0,0.0,0.0,0.0,0.0,0.0,0.0,0.0,0.0,0.0,0.0,0.0,0.0,0.0,0.0,0.0,0.0,0.0,0.0,0.0,0.0,0.0,0.0,0.0,0.0,0.0,0.0,0.0,0.0,0.0,0.0,0.0,0.0,0.0,0.0,0.0,0.0,0.0,0.0,0.0,0.0,0.0,0.0,0.0,0.0,0.0,0.0,0.0,0.0,0.0,0.0,0.0,0.0,0.0,0.0,0.0,0.0,0.0,0.0,0.0,0.0,0.0,0.0,0.0,0.0,0.0,0.0,0.0,0.0,0.0,0.0,0.0,0.0,0.0,0.0,0.0,0.0,0.0,0.0,0.0,0.0,0.0,0.0,0.0,0.0,0.0,0.0,0.0,0.0,0.0,0.0,0.0,0.0,0.0,0.0,0.0,0.0,0.0,0.0,0.0,0.0,0.0,0.0,0.0,0.0,0.0,0.0,0.0,0.0,0.0,0.0,0.0,0.0,0.0,0.0,0.0,0.0,0.0,0.0,0.0,0.0,0.0,0.0,0.0,0.0,0.0,0.0,0.0,0.0,0.0,0.0,0.0,0.0,0.0,0.0,0.0,0.0,0.0,0.0,0.0,0.0,0.0,0.0,0.0,0.0,0.0,0.0,0.0,0.0,0.0,0.0,0.0,0.0,0.0,0.0,0.0,0.0,0.0,0.0,0.0,0.0,0.0,0.0,0.0,0.0,0.0,0.0,0.0,0.0,0.0,0.0,0.0,0.0,0.0,0.0,0.0,0.0,0.0,0.0,0.0,0.0,0.0,0.0,0.0,0.0,0.0,0.0,0.0,0.0,0.0
hsa.mir.190,0.0,0.0,0.0,0.0,0.0,0.0,0.0,0.0,0.0,0.0,0.0,0.0,0.0,0.0,0.0,0.0,0.0,0.0,0.0,0.0,0.0,0.0,0.0,0.0,0.0,0.0,0.0,0.0,0.0,0.0,0.0,0.0,0.0,0.0,0.0,0.0,0.0,0.0,0.0,0.0,0.0,0.0,0.0,0.0,0.0,0.0,0.0,0.0,0.0,0.0,0.0,0.0,0.0,0.0,0.0,0.0,0.0,0.0,0.0,0.0,0.0,0.0,0.0,0.0,0.0,0.0,0.0,0.0,0.0,0.0,0.0,0.0,0.0,0.0,0.0,0.0,0.0,0.0,0.0,0.0,0.0,0.0,0.0,0.0,0.0,0.0,0.0,0.0,0.0,0.0,0.0,0.0,0.0,0.0,0.0,0.0,0.0,0.0,0.0,0.0,0.0,0.0,0.0,0.0,0.0,0.0,0.0,0.0,0.0,0.0,0.0,0.0,0.0,0.0,0.0,0.0,0.0,0.0,0.0,0.0,0.0,0.0,0.0,0.0,0.0,0.0,0.0,0.0,0.0,0.0,0.0,0.0,0.0,0.0,0.0,0.0,0.0,0.0,0.0,0.0,0.0,0.0,0.0,0.0,0.0,0.0,0.0,0.0,0.0,0.0,0.0,0.0,0.0,0.0,0.0,0.0,0.0,0.0,0.0,0.0,0.0,0.0,0.0,0.0,0.0,0.0,0.0,0.0,0.0,0.0,0.0,0.0,0.0,0.0,0.0,0.0,0.0,0.0,0.0,0.0,0.0,0.0,0.0,0.0,0.0,0.0,0.0,0.0,0.0,0.0,0.0,0.0,0.0,0.0,0.0,0.0,0.0,0.0,0.0,0.0,0.0,0.0,0.0,0.0,0.0,0.0,0.0,0.0,0.0,0.0,0.0,0.0,0.0,0.0,0.0,0.0,0.0,0.0,0.0,0.0,0.0,0.0,0.0,0.0,0.0,0.0,0.0,0.0,0.0,0.0,0.0,0.0,0.0,0.0,0.0,0.0,0.0,0.0,0.0,0.0,0.0,0.0,0.0,0.0,0.0,0.0,0.0
hsa.mir.298,0.0,0.0,0.0,0.0,0.0,0.0,0.0,0.0,0.0,0.0,0.0,0.0,0.0,0.0,0.0,0.0,0.0,0.0,0.0,0.0,0.0,0.0,0.0,0.0,0.0,0.0,0.0,0.0,0.0,0.0,0.0,0.0,0.0,0.0,0.0,0.0,0.0,0.0,0.0,0.0,0.0,0.0,0.0,0.0,0.0,0.0,0.0,0.0,0.0,0.0,0.0,0.0,0.0,0.0,0.0,0.0,0.0,0.0,0.0,0.0,0.0,0.0,0.0,0.0,0.0,0.0,0.0,0.0,0.0,0.0,0.0,0.0,0.0,0.0,0.0,0.0,0.0,0.0,0.0,0.0,0.0,0.0,0.0,0.0,0.0,0.0,0.0,0.0,0.0,0.0,0.0,0.0,0.0,0.0,0.0,0.0,0.0,0.0,0.0,0.0,0.0,0.0,0.0,0.0,0.0,0.0,0.0,0.0,0.0,0.0,0.0,0.0,0.0,0.0,0.0,0.0,0.0,0.0,0.0,0.0,0.0,0.0,0.0,0.0,0.0,0.0,0.0,0.0,0.0,0.0,0.0,0.0,0.0,0.0,0.0,0.0,0.0,0.0,0.0,0.0,0.0,0.0,0.0,0.0,0.0,0.0,0.0,0.0,0.0,0.0,0.0,0.0,0.0,0.0,0.0,0.0,0.0,0.0,0.0,0.0,0.0,0.0,0.0,0.0,0.0,0.0,0.0,0.0,0.0,0.0,0.0,0.0,0.0,0.0,0.0,0.0,0.0,0.0,0.0,0.0,0.0,0.0,0.0,0.0,0.0,0.0,0.0,0.0,0.0,0.0,0.0,0.0,0.0,0.0,0.0,0.0,0.0,0.0,0.0,0.0,0.0,0.0,0.0,0.0,0.0,0.0,0.0,0.0,0.0,0.0,0.0,0.0,0.0,0.0,0.0,0.0,0.0,0.0,0.0,0.0,0.0,0.0,0.0,0.0,0.0,0.0,0.0,0.0,0.0,0.0,0.0,0.0,0.0,0.0,0.0,0.0,0.0,0.0,0.0,0.0,0.0,0.0,0.0,0.0,0.0,0.0,0.0
hsa.mir.230,0.0,0.0,0.0,0.0,0.0,0.0,0.0,0.0,0.0,0.0,0.0,0.0,0.0,0.0,0.0,0.0,0.0,0.0,0.0,0.0,0.0,0.0,0.0,0.0,0.0,0.0,0.0,0.0,0.0,0.0,0.0,0.0,0.0,0.0,0.0,0.0,0.0,0.0,0.0,0.0,0.0,0.0,0.0,0.0,0.0,0.0,0.0,0.0,0.0,0.0,0.0,0.0,0.0,0.0,0.0,0.0,0.0,0.0,0.0,0.0,0.0,0.0,0.0,0.0,0.0,0.0,0.0,0.0,0.0,0.0,0.0,0.0,0.0,0.0,0.0,0.0,0.0,0.0,0.0,0.0,0.0,0.0,0.0,0.0,0.0,0.0,0.0,0.0,0.0,0.0,0.0,0.0,0.0,0.0,0.0,0.0,0.0,0.0,0.0,0.0,0.0,0.0,0.0,0.0,0.0,0.0,0.0,0.0,0.0,0.0,0.0,0.0,0.0,0.0,0.0,0.0,0.0,0.0,0.0,0.0,0.0,0.0,0.0,0.0,0.0,0.0,0.0,0.0,0.0,0.0,0.0,0.0,0.0,0.0,0.0,0.0,0.0,0.0,0.0,0.0,0.0,0.0,0.0,0.0,0.0,0.0,0.0,0.0,0.0,0.0,0.0,0.0,0.0,0.0,0.0,0.0,0.0,0.0,0.0,0.0,0.0,0.0,0.0,0.0,0.0,0.0,0.0,0.0,0.0,0.0,0.0,0.0,0.0,0.0,0.0,0.0,0.0,0.0,0.0,0.0,0.0,0.0,0.0,0.0,0.0,0.0,0.0,0.0,0.0,0.0,0.0,0.0,0.0,0.0,0.0,0.0,0.0,0.0,0.0,0.0,0.0,0.0,0.0,0.0,0.0,0.0,0.0,0.0,0.0,0.0,0.0,0.0,0.0,0.0,0.0,0.0,0.0,0.0,0.0,0.0,0.0,0.0,0.0,0.0,0.0,0.0,0.0,0.0,0.0,0.0,0.0,0.0,0.0,0.0,0.0,0.0,0.0,0.0,0.0,0.0,0.0,0.0,0.0,0.0,0.0,0.0,0.0
hsa.mir.9.2,0.0,0.0,0.0,0.0,0.0,0.0,0.0,0.0,0.0,0.0,0.0,0.0,0.0,0.0,0.0,0.0,0.0,0.0,0.0,0.0,0.0,0.0,0.0,0.0,0.0,0.0,0.0,0.0,0.0,0.0,0.0,0.0,0.0,0.0,0.0,0.0,0.0,0.0,0.0,0.0,0.0,0.0,0.0,0.0,0.0,0.0,0.0,0.0,0.0,0.0,0.0,0.0,0.0,0.0,0.0,0.0,0.0,0.0,0.0,0.0,0.0,0.0,0.0,0.0,0.0,0.0,0.0,0.0,0.0,0.0,0.0,0.0,0.0,0.0,0.0,0.0,0.0,0.0,0.0,0.0,0.0,0.0,0.0,0.0,0.0,0.0,0.0,0.0,0.0,0.0,0.0,0.0,0.0,0.0,0.0,0.0,0.0,0.0,0.0,0.0,0.0,0.0,0.0,0.0,0.0,0.0,0.0,0.0,0.0,0.0,0.0,0.0,0.0,0.0,0.0,0.0,0.0,0.0,0.0,0.0,0.0,0.0,0.0,0.0,0.0,0.0,0.0,0.0,0.0,0.0,0.0,0.0,0.0,0.0,0.0,0.0,0.0,0.0,0.0,0.0,0.0,0.0,0.0,0.0,0.0,0.0,0.0,0.0,0.0,0.0,0.0,0.0,0.0,0.0,0.0,0.0,0.0,0.0,0.0,0.0,0.0,0.0,0.0,0.0,0.0,0.0,0.0,0.0,0.0,0.0,0.0,0.0,0.0,0.0,0.0,0.0,0.0,0.0,0.0,0.0,0.0,0.0,0.0,0.0,0.0,0.0,0.0,0.0,0.0,0.0,0.0,0.0,0.0,0.0,0.0,0.0,0.0,0.0,0.0,0.0,0.0,0.0,0.0,0.0,0.0,0.0,0.0,0.0,0.0,0.0,0.0,0.0,0.0,0.0,0.0,0.0,0.0,0.0,0.0,0.0,0.0,0.0,0.0,0.0,0.0,0.0,0.0,0.0,0.0,0.0,0.0,0.0,0.0,0.0,0.0,0.0,0.0,0.0,0.0,0.0,0.0,0.0,0.0,0.0,0.0,0.0,0.0
hsa.mir.486.2,0.163591482,1.19472174,-0.127032513,-1.594316966,0.867498811,0.199162667,-0.441863277,-1.090055554,-0.076016135,1.515298769,0.666059529,-0.296408061,0.170245196,0.756752184,0.538759218,-0.25395443,0.367581952,-1.900927962,0.161057473,-1.885364216,0.269484076,0.310915965,0.188371983,-2.086219432,1.761838768,0.487732741,-0.57289205,-1.173401976,-0.259923507,0.630738955,-1.193080543,0.064623387,0.177684813,0.192428545,-0.763816703,-0.053652109,-1.331810785,-1.716911432,-0.897784935,-2.048928555,0.363457467,-0.223191518,-0.911495144,-1.910603772,0.044355912,0.504665666,0.825109921,-1.248627215,-1.530075154,-0.053181989,-0.940337833,0.081898758,0.98738516,0.693341223,1.042542073,-0.430092704,-0.633738545,-1.114516165,-1.201317547,0.458160094,-0.943230831,-2.033459502,-0.371505622,-0.209895001,0.31881658,0.401386216,-0.330812308,-0.742941081,1.460996945,-0.255580065,0.906696894,0.709057092,-0.399457938,1.275581498,-0.757968903,-0.590915342,-0.645600684,1.077958411,-1.585458631,0.049517223,-1.077663571,-2.150240113,-0.189127285,1.422346388,-0.906931656,-0.319646362,-1.502984786,0.043983473,-0.27139454,0.564164166,-0.482741478,0.680860886,-0.752861653,0.099690854,-0.914329425,-2.999254646,0.042632915,1.462647467,2.680147254,-2.855541388,0.05325332,0.474518933,1.412509038,0.373994851,-0.408738587,-0.863873113,-0.257681138,1.419689182,0.866045732,-0.914535794,0.573138961,0.266313237,0.187146815,-0.325809392,-1.314419833,-0.819593174,-1.562198862,-1.377823179,1.528708599,0.421419264,0.905320825,-0.18191016,-2.011492266,0.871960028,-1.154883514,0.145294001,-2.788977759,0.403647952,1.03123262,0.30854758,0.719439585,-0.978610326,-1.271347235,1.175749395,-0.012101383,0.385891105,-0.266631148,-0.105764296,-0.674222969,-0.450561217,1.555372192,-0.145314418,0.121611135,-0.280095465,-1.37232221,1.447566922,0.910379232,-0.664206939,0.646534878,-0.137923164,0.602577308,-0.386074248,-0.124467442,0.009772455,-0.995261832,-2.003460009,-0.72864737,0.746761004,0.207864607,-0.028572978,-1.10179171,1.188275439,-0.64398398,0.114807109,-2.202408022,-1.592538137,-0.248400686,-0.970355648,1.693753539,0.113068501,-0.73475194,0.931268641,-0.159922612,0.131220874,-0.610297938,0.473078258,0.176928219,-1.327955736,0.397438956,-0.184123373,1.047872197,-0.275272882,0.14019822,-1.554171186,-0.538291509,0.615076596,0.203142713,-0.503478907,0.357398178,0.2225796,0.600951809,1.803741712,-0.220682838,2.013540899,-1.480180285,-0.576787981,0.27654171,-2.035340029,-1.620555547,1.13022917,1.042746901,0.019323023,-0.318437747,-0.915385985,0.689027147,-0.520561134,1.086390468,0.368763948,2.147460917,-0.058493096,2.218792958,0.419260519,-1.580221693,-0.653033832,-0.105218881,1.07824909,-0.730607148,-0.145812284,0.982005465,-0.20266536,1.342830391,-0.88312273,0.437360779,0.318388685,0.686922199,0.159239448,0.560810499,1.092856808,-0.131052842,-0.729291037,0.358388874,-0.507967108,0.327839343,0.15482558,-0.017999024,-0.067381398,0.094042897,-0.716591939,1.28485837,-0.758713205,-0.653029798,1.152609232,0.1634142,-1.048083823,-0.319744038,-1.006476526,-0.545053814
hsa.mir.240,0.0,0.0,0.0,0.0,0.0,0.0,0.0,0.0,0.0,0.0,0.0,0.0,0.0,0.0,0.0,0.0,0.0,0.0,0.0,0.0,0.0,0.0,0.0,0.0,0.0,0.0,0.0,0.0,0.0,0.0,0.0,0.0,0.0,0.0,0.0,0.0,0.0,0.0,0.0,0.0,0.0,0.0,0.0,0.0,0.0,0.0,0.0,0.0,0.0,0.0,0.0,0.0,0.0,0.0,0.0,0.0,0.0,0.0,0.0,0.0,0.0,0.0,0.0,0.0,0.0,0.0,0.0,0.0,0.0,0.0,0.0,0.0,0.0,0.0,0.0,0.0,0.0,0.0,0.0,0.0,0.0,0.0,0.0,0.0,0.0,0.0,0.0,0.0,0.0,0.0,0.0,0.0,0.0,0.0,0.0,0.0,0.0,0.0,0.0,0.0,0.0,0.0,0.0,0.0,0.0,0.0,0.0,0.0,0.0,0.0,0.0,0.0,0.0,0.0,0.0,0.0,0.0,0.0,0.0,0.0,0.0,0.0,0.0,0.0,0.0,0.0,0.0,0.0,0.0,0.0,0.0,0.0,0.0,0.0,0.0,0.0,0.0,0.0,0.0,0.0,0.0,0.0,0.0,0.0,0.0,0.0,0.0,0.0,0.0,0.0,0.0,0.0,0.0,0.0,0.0,0.0,0.0,0.0,0.0,0.0,0.0,0.0,0.0,0.0,0.0,0.0,0.0,0.0,0.0,0.0,0.0,0.0,0.0,0.0,0.0,0.0,0.0,0.0,0.0,0.0,0.0,0.0,0.0,0.0,0.0,0.0,0.0,0.0,0.0,0.0,0.0,0.0,0.0,0.0,0.0,0.0,0.0,0.0,0.0,0.0,0.0,0.0,0.0,0.0,0.0,0.0,0.0,0.0,0.0,0.0,0.0,0.0,0.0,0.0,0.0,0.0,0.0,0.0,0.0,0.0,0.0,0.0,0.0,0.0,0.0,0.0,0.0,0.0,0.0,0.0,0.0,0.0,0.0,0.0,0.0,0.0,0.0,0.0,0.0,0.0,0.0,0.0,0.0,0.0,0.0,0.0,0.0
hsa.mir.23b,1.475440927,0.271644639,0.17397284,0.004580288,0.435909387,1.257967436,-0.57071836,-0.879678761,0.902653191,0.325718059,-0.126356743,0.233751049,0.783545897,-0.374947768,0.534042532,0.375100072,-0.001303352,0.53290421,-2.555364795,-0.950956973,-0.603729495,-0.792415721,-0.086890441,-0.078810857,-1.329018849,-0.043693334,-0.727298702,1.024906941,-3.888232351,-3.301426105,-0.14688663,-0.184499994,0.840431272,-0.594192136,0.071003236,0.243921482,-0.570803682,-0.053656771,-1.931161623,1.23536945,-0.14732694,-0.204936997,0.066203712,-0.339007629,-0.6107041,0.567545407,-0.169505021,-0.212923081,-0.37183961,-0.038399261,-0.403059524,-1.449910608,-1.964893746,-1.621231606,-3.565813728,0.262241431,-0.863248423,1.186671613,2.541606534,0.796441428,0.688998439,-0.594823566,-0.120591452,-0.062560761,-0.144157947,0.294217689,-2.340448732,-0.957987431,2.056733334,1.725585919,0.006334845,0.606424629,0.005333892,0.117766672,1.916813609,0.356752368,0.587881116,1.868701624,0.679211319,2.532033385,1.825799992,1.444178595,1.195803387,2.024387953,0.825039178,1.47700823,1.804071203,0.734337073,0.637204204,1.78544966,-0.23274323,1.464396131,1.874506078,1.064931072,1.643755767,1.285307978,-0.023241669,0.232314694,-0.911249992,-0.02232999,-0.168683876,0.641422068,0.023509591,0.807422537,-0.423341695,1.182716798,-0.748346734,0.201113046,1.036965054,-0.460188265,-0.071669387,-0.336170491,-0.252783779,1.178299219,-0.442918055,-0.355031154,0.286680217,-1.298685256,-0.482439326,0.102575686,-1.367175778,-0.407986609,-0.869010972,1.945172979,-0.700036615,-0.418665186,0.345628275,1.143854729,-0.944142679,-0.670083156,1.408939331,0.460635342,1.964585702,0.557834977,-0.048714596,0.176511791,0.943284201,-0.115645822,1.272199841,0.79346975,1.550024727,0.285073182,0.789671094,1.074849073,1.353106486,1.667128388,-0.603680178,-0.14267093,0.280429683,-1.178058562,0.745020124,0.465217969,-0.576029737,-2.442419699,0.17639356,-0.59809277,-2.403392626,-2.418558047,-1.072587656,0.435195189,-0.628680139,-0.139084287,-0.62352013,-1.623361284,0.568211353,-0.364316759,0.22076312,0.206510813,0.699285828,0.309524385,1.538021726,1.082249543,-0.314744227,-0.652316117,0.197701957,1.372093008,0.374654952,0.033650645,-1.590822725,-1.410618907,-1.244623503,-1.674552606,-0.448747006,-0.813282356,0.445947761,-0.546597775,-0.372990912,-1.70264022,0.499280667,1.83394224,1.546538561,0.630019728,0.011464587,0.493958703,1.17150227,2.25629482,-0.423470727,1.732268839,0.940809763,0.110027299,-0.959614968,0.743789142,0.162889516,0.20017605,-1.708147995,1.304610544,0.469040207,-0.382552677,-0.682130595,-0.726830511,2.107123286,-0.916297572,-0.688070721,-1.348674067,-0.538692061,-1.25259372,1.487916923,-1.179278814,1.473534093,-0.175307247,-0.322008891,-1.83919842,-0.497134357,-0.468527149,-1.156481771,-1.428531442,-0.724502395,-0.372613852,-1.089621407,1.656223542,-1.414948366,0.803463966,-1.077098742,-1.84838624,-0.124915456,0.290565333,0.241601924,-0.619119762,-0.48499573,0.325507977,0.202012599,-0.339829283,-1.194658612,1.053563692,0.26195922,0.169658519,-0.245529343
hsa.mir.433,-0.709024824,-0.336715592,-0.481859052,-0.37038631,-0.38776651,-0.226962651,0.660352229,-1.706215418,0.165201538,-1.330328563,0.465165686,-1.613516772,-0.254672184,-0.195460382,-0.080986293,0.044064047,0.182086174,0.177591082,1.896242076,1.607552164,0.842545608,-2.459623968,-0.627609698,-0.772598697,0.28892983,0.151698289,0.721642328,0.108009958,-0.920982989,-2.516644628,0.571847547,-0.195160512,-0.288391211,0.260251263,-0.857187787,0.384551462,0.241634748,0.407503605,0.58892947,0.714685908,-0.069783559,-0.264704645,-0.127544143,0.983214817,-0.529579134,0.049404309,0.294853104,1.293063565,0.329305383,0.225964009,0.412595049,0.288300858,1.285566715,-0.21732688,-1.501019361,-1.531018715,0.808135019,-0.578346544,-1.327397232,-2.009918122,-0.157763758,-1.347397703,0.464121731,0.905469774,0.833317972,0.10674416,-0.129529533,-2.024424792,-0.717674911,0.656189565,1.129255087,-0.376120222,0.193703511,-0.642702675,-0.546808333,-0.250091218,-0.540152376,-0.413123481,-0.147042921,-0.091144436,-0.638353276,-1.909072843,-0.485169656,-1.853274544,-1.18164058,-0.862103389,0.465754803,-0.556393201,-0.950972767,-0.000702214,1.717602731,-1.566801036,-1.543212702,-1.226614069,-0.426639805,0.059927594,0.598720157,-1.190381231,-1.83134908,0.597599882,0.734986189,0.507368455,0.032150935,-0.086395606,-0.400313624,0.144002257,0.611579321,-0.589523617,1.290913368,0.444325529,1.035394638,0.162203791,1.016966639,-0.360224868,1.094709311,0.954112304,-0.472637739,1.331434459,-0.687687908,0.515206744,1.653244854,0.606958463,1.188679685,-0.634082526,0.87517489,0.609554744,0.393617371,-0.37471905,-0.352053341,-0.038760301,-0.056158635,0.409349399,-1.382074388,-0.901861958,1.102722117,1.374296158,1.108734849,-1.072863966,0.516968921,0.907855215,-1.618605995,0.661394179,0.456938408,0.632738713,-0.390964938,-1.919870086,0.628988258,0.642581343,-2.154213362,1.110787042,-2.79231825,-0.005418709,-0.789626151,-2.253163941,0.962102828,1.044182441,-0.70029933,-0.79301456,0.487288964,-0.741080987,0.650147148,0.010365621,-0.138006407,0.40805993,0.213609367,0.122698997,0.893507172,0.974027298,-0.306710389,0.28667502,0.477767004,-0.951515512,0.996666683,0.625660862,-0.097199841,-2.326316313,-0.343324568,0.486315217,0.765469685,1.207793619,1.176443516,1.95446014,0.557191367,-0.917797648,1.243313741,0.892374623,-0.431003656,1.324492998,0.134874544,-1.22320972,-2.264501031,0.473745384,-0.50473248,-0.266210076,0.096352131,-0.144602101,-0.667568813,-0.643868527,0.223543147,-1.622824019,0.25740053,0.414045574,0.729653382,1.18468744,1.590295807,0.615705018,0.066446074,-0.093031412,1.144020427,-1.137068266,-0.344008331,1.539839384,0.849361552,-0.149502081,-0.761179734,1.150150205,1.221757632,1.417655069,0.894542337,0.414679198,-0.19459989,1.171354874,1.182703425,-0.068086398,0.337449239,0.24725846,0.208147321,0.291542714,1.474022752,-0.073158249,1.142007951,-0.388717456,1.466300672,0.327268404,-0.303692851,1.433853155,-0.378255187,-1.985465953,0.431126497,0.202941505,-0.484236584,-1.61825567,1.481214912,-1.468459441,0.109533713,0.962177756,1.236245168
hsa.mir.169b,0.0,0.0,0.0,0.0,0.0,0.0,0.0,0.0,0.0,0.0,0.0,0.0,0.0,0.0,0.0,0.0,0.0,0.0,0.0,0.0,0.0,0.0,0.0,0.0,0.0,0.0,0.0,0.0,0.0,0.0,0.0,0.0,0.0,0.0,0.0,0.0,0.0,0.0,0.0,0.0,0.0,0.0,0.0,0.0,0.0,0.0,0.0,0.0,0.0,0.0,0.0,0.0,0.0,0.0,0.0,0.0,0.0,0.0,0.0,0.0,0.0,0.0,0.0,0.0,0.0,0.0,0.0,0.0,0.0,0.0,0.0,0.0,0.0,0.0,0.0,0.0,0.0,0.0,0.0,0.0,0.0,0.0,0.0,0.0,0.0,0.0,0.0,0.0,0.0,0.0,0.0,0.0,0.0,0.0,0.0,0.0,0.0,0.0,0.0,0.0,0.0,0.0,0.0,0.0,0.0,0.0,0.0,0.0,0.0,0.0,0.0,0.0,0.0,0.0,0.0,0.0,0.0,0.0,0.0,0.0,0.0,0.0,0.0,0.0,0.0,0.0,0.0,0.0,0.0,0.0,0.0,0.0,0.0,0.0,0.0,0.0,0.0,0.0,0.0,0.0,0.0,0.0,0.0,0.0,0.0,0.0,0.0,0.0,0.0,0.0,0.0,0.0,0.0,0.0,0.0,0.0,0.0,0.0,0.0,0.0,0.0,0.0,0.0,0.0,0.0,0.0,0.0,0.0,0.0,0.0,0.0,0.0,0.0,0.0,0.0,0.0,0.0,0.0,0.0,0.0,0.0,0.0,0.0,0.0,0.0,0.0,0.0,0.0,0.0,0.0,0.0,0.0,0.0,0.0,0.0,0.0,0.0,0.0,0.0,0.0,0.0,0.0,0.0,0.0,0.0,0.0,0.0,0.0,0.0,0.0,0.0,0.0,0.0,0.0,0.0,0.0,0.0,0.0,0.0,0.0,0.0,0.0,0.0,0.0,0.0,0.0,0.0,0.0,0.0,0.0,0.0,0.0,0.0,0.0,0.0,0.0,0.0,0.0,0.0,0.0,0.0,0.0,0.0,0.0,0.0,0.0,0.0
hsa.mir.138b,0.0,0.0,0.0,0.0,0.0,0.0,0.0,0.0,0.0,0.0,0.0,0.0,0.0,0.0,0.0,0.0,0.0,0.0,0.0,0.0,0.0,0.0,0.0,0.0,0.0,0.0,0.0,0.0,0.0,0.0,0.0,0.0,0.0,0.0,0.0,0.0,0.0,0.0,0.0,0.0,0.0,0.0,0.0,0.0,0.0,0.0,0.0,0.0,0.0,0.0,0.0,0.0,0.0,0.0,0.0,0.0,0.0,0.0,0.0,0.0,0.0,0.0,0.0,0.0,0.0,0.0,0.0,0.0,0.0,0.0,0.0,0.0,0.0,0.0,0.0,0.0,0.0,0.0,0.0,0.0,0.0,0.0,0.0,0.0,0.0,0.0,0.0,0.0,0.0,0.0,0.0,0.0,0.0,0.0,0.0,0.0,0.0,0.0,0.0,0.0,0.0,0.0,0.0,0.0,0.0,0.0,0.0,0.0,0.0,0.0,0.0,0.0,0.0,0.0,0.0,0.0,0.0,0.0,0.0,0.0,0.0,0.0,0.0,0.0,0.0,0.0,0.0,0.0,0.0,0.0,0.0,0.0,0.0,0.0,0.0,0.0,0.0,0.0,0.0,0.0,0.0,0.0,0.0,0.0,0.0,0.0,0.0,0.0,0.0,0.0,0.0,0.0,0.0,0.0,0.0,0.0,0.0,0.0,0.0,0.0,0.0,0.0,0.0,0.0,0.0,0.0,0.0,0.0,0.0,0.0,0.0,0.0,0.0,0.0,0.0,0.0,0.0,0.0,0.0,0.0,0.0,0.0,0.0,0.0,0.0,0.0,0.0,0.0,0.0,0.0,0.0,0.0,0.0,0.0,0.0,0.0,0.0,0.0,0.0,0.0,0.0,0.0,0.0,0.0,0.0,0.0,0.0,0.0,0.0,0.0,0.0,0.0,0.0,0.0,0.0,0.0,0.0,0.0,0.0,0.0,0.0,0.0,0.0,0.0,0.0,0.0,0.0,0.0,0.0,0.0,0.0,0.0,0.0,0.0,0.0,0.0,0.0,0.0,0.0,0.0,0.0,0.0,0.0,0.0,0.0,0.0,0.0
hsa.mir.232,0.0,0.0,0.0,0.0,0.0,0.0,0.0,0.0,0.0,0.0,0.0,0.0,0.0,0.0,0.0,0.0,0.0,0.0,0.0,0.0,0.0,0.0,0.0,0.0,0.0,0.0,0.0,0.0,0.0,0.0,0.0,0.0,0.0,0.0,0.0,0.0,0.0,0.0,0.0,0.0,0.0,0.0,0.0,0.0,0.0,0.0,0.0,0.0,0.0,0.0,0.0,0.0,0.0,0.0,0.0,0.0,0.0,0.0,0.0,0.0,0.0,0.0,0.0,0.0,0.0,0.0,0.0,0.0,0.0,0.0,0.0,0.0,0.0,0.0,0.0,0.0,0.0,0.0,0.0,0.0,0.0,0.0,0.0,0.0,0.0,0.0,0.0,0.0,0.0,0.0,0.0,0.0,0.0,0.0,0.0,0.0,0.0,0.0,0.0,0.0,0.0,0.0,0.0,0.0,0.0,0.0,0.0,0.0,0.0,0.0,0.0,0.0,0.0,0.0,0.0,0.0,0.0,0.0,0.0,0.0,0.0,0.0,0.0,0.0,0.0,0.0,0.0,0.0,0.0,0.0,0.0,0.0,0.0,0.0,0.0,0.0,0.0,0.0,0.0,0.0,0.0,0.0,0.0,0.0,0.0,0.0,0.0,0.0,0.0,0.0,0.0,0.0,0.0,0.0,0.0,0.0,0.0,0.0,0.0,0.0,0.0,0.0,0.0,0.0,0.0,0.0,0.0,0.0,0.0,0.0,0.0,0.0,0.0,0.0,0.0,0.0,0.0,0.0,0.0,0.0,0.0,0.0,0.0,0.0,0.0,0.0,0.0,0.0,0.0,0.0,0.0,0.0,0.0,0.0,0.0,0.0,0.0,0.0,0.0,0.0,0.0,0.0,0.0,0.0,0.0,0.0,0.0,0.0,0.0,0.0,0.0,0.0,0.0,0.0,0.0,0.0,0.0,0.0,0.0,0.0,0.0,0.0,0.0,0.0,0.0,0.0,0.0,0.0,0.0,0.0,0.0,0.0,0.0,0.0,0.0,0.0,0.0,0.0,0.0,0.0,0.0,0.0,0.0,0.0,0.0,0.0,0.0
hsa.mir.1306,0.224292281,-0.428102387,-0.779644111,-1.109384874,-1.043295719,-0.06085512,0.061738399,-1.89462715,-0.077141828,-3.023421869,1.545718259,-1.536254799,0.016802849,-0.152592646,0.17136516,-0.703025611,0.455498266,0.474301649,1.662545315,1.271938371,0.263739296,-1.657447741,-0.889316542,-1.441399057,-0.065427464,-0.505113788,0.502989791,1.150525016,-2.518350947,-0.066901008,0.438301313,-0.396514011,-0.192363481,-0.237173873,-0.923645276,0.245557232,0.378159948,0.370512829,0.071577206,0.343339115,-0.077298343,-0.685093222,-0.725087918,-0.062987931,-1.572915571,-0.8432485,-0.879527402,0.655087406,0.08419587,0.273098821,0.379881882,-0.032194372,1.171241638,-1.529905239,-1.778277932,-1.538210311,0.338516222,-0.296615032,1.407387338,-0.661636399,-0.725805904,-1.666476408,0.8772753,0.738727187,-0.187799298,0.224473006,-0.402280763,-1.051910259,-0.306332936,1.180794816,1.405469912,0.743120739,0.432005617,-0.761325904,1.402415686,-0.317962568,1.281403579,0.096143172,0.659877517,0.620138726,0.332078504,-0.206755872,-0.195277271,-0.805402819,-0.355168365,-0.359183638,1.237809607,0.706755796,-1.433524852,0.622084805,0.429364843,-1.497412392,-0.582708767,-0.1243603,0.108921713,0.874356654,0.794647926,-2.718707157,-0.209513123,0.504612839,0.390382315,0.29249735,-0.01444564,0.053179604,0.03790908,0.094587059,0.90846904,-0.171801994,1.302816673,0.060865295,0.938779595,0.186354073,1.211134611,-0.84593414,1.237251225,1.226250136,-0.888209154,1.243538766,-0.251168465,0.423314316,1.760623026,0.076487512,1.315002501,-0.514400667,0.700381535,0.279881614,1.199774651,-0.882712221,-0.76126774,0.211303724,0.000611915,-0.042695958,-0.776992622,-0.381013614,1.219945303,1.050562257,1.040533447,0.043521856,0.923980831,1.406588509,-1.252349559,0.325765236,0.959162749,0.49702948,-0.714745465,-0.611016981,0.328828199,0.355729347,-2.224899502,1.277258742,-2.741713949,-0.009726475,-1.756997844,-3.106207803,0.703345334,1.05905552,-0.020974015,-1.944726401,-0.154174383,-0.021357023,0.876638579,0.288447656,0.134852651,0.812865159,-0.180242246,0.681481752,1.46406801,1.233074069,0.083824269,0.879824636,0.58806594,0.019279666,1.008185584,-0.400825206,-0.646472661,-2.510372276,-0.654485436,0.786852365,0.368666608,0.895487876,1.031826427,1.914541252,-0.069180753,-0.564136095,0.76364206,0.269946339,-0.787922718,1.303482551,0.090085097,-1.465897291,-2.250337587,0.171864007,-0.289272974,-0.553682601,-0.50542873,-0.666800643,-0.825284732,-0.850202532,-0.05917322,-1.567334323,-0.320380135,0.832238911,0.484587034,0.606888648,1.620665786,-1.096896199,0.128780649,-0.595922038,1.31625777,-1.067880507,-1.191650664,1.403014881,0.453514975,-0.265283506,-0.202349722,0.918250078,1.069546464,1.331749155,-0.889147233,0.165369047,-0.102085359,1.203828637,1.082970784,-0.093930086,0.463832102,-0.195007585,0.232957555,-0.207356003,1.629040297,0.236491036,0.978263724,0.665213443,1.77836997,-0.153362233,-0.063434653,1.295400246,-0.236216637,-1.190894518,0.243979155,-0.793754528,-0.605543131,-0.302330651,1.325612646,-1.804040534,-0.126632025,1.09928742,1.33328608
hsa.mir.195,-0.927658328,-0.024545514,-1.794381141,-0.716526215,-1.086926299,-0.234733578,-1.530477598,1.02901211,-1.122982932,0.528829567,0.628719805,0.61953854,-0.692264644,-0.905253489,-2.614747603,-0.08970985,1.785608768,0.904570866,-0.474744473,-0.121527817,-0.989341249,0.433371352,0.169935482,0.230758124,-0.645382108,-1.760289455,0.191025286,-0.036880159,0.894506132,0.593106598,-0.798259281,0.049921474,-0.552493203,-0.49536112,-1.641611034,-1.784511397,-0.769794985,-1.162582916,-1.72192152,1.582317912,-0.652378742,-0.245916874,1.403810265,-0.665051692,0.01985913,-0.437017716,-0.035832902,-0.5328792,-0.140144926,1.574115959,-0.299154873,1.093562818,-1.214710402,0.447404946,1.737907761,-0.354685161,-1.205514239,1.355407778,-0.188681575,-1.280560524,-0.081326681,0.790497535,-0.826943242,-0.366619304,0.420502009,-0.760469633,0.013655645,-0.163334509,0.001869949,-1.072720507,0.226873084,-0.52925991,0.041971728,-1.80023874,-0.669229722,-0.195166513,-1.168058121,0.743551532,1.13689567,-0.725345864,0.361112141,1.163880657,-1.589348728,-1.722499574,0.776198127,-1.213968751,0.624692332,1.683197962,-1.869815517,-1.828454127,-1.260916942,-1.05510415,-0.941870304,-0.654064744,-1.354608151,0.096454508,0.878513187,0.945265954,-0.836417625,-0.354670651,0.373266265,-0.029227592,0.585489012,-1.518470511,0.712092191,1.896492384,0.021220473,-0.678789687,-0.412539807,0.754693648,0.49251109,-0.123566585,1.659779781,1.287862644,1.03262848,0.323875804,2.036860955,0.101980538,1.18364604,1.969528937,-0.450434225,-0.542414517,2.308679795,-0.159286597,-0.135704004,-0.375661296,1.656182584,0.383678875,-1.05058618,-1.328209775,-1.905530855,-1.977551796,-1.704252794,-1.451242221,1.631731474,0.128805788,-0.214311595,0.51431891,1.298255801,-0.311830345,-0.130728691,-0.456512176,-0.792597565,0.157299314,-1.447512779,-0.73169166,-1.222890799,-0.725508338,-1.515454279,-0.450712904,-1.443471919,-0.791698037,-1.381881983,-0.858641638,-0.254473051,0.648840643,0.196482001,1.275888276,1.329854653,0.851101739,1.210711096,0.325095517,0.221444183,0.14768734,1.446549544,0.302594453,0.004771726,-0.165471034,-1.260889013,-1.050855482,0.561947054,-1.32044921,-0.173858796,0.245152863,0.278512325,0.178922552,0.373808801,0.952583567,0.699283751,1.226211411,-0.056892773,-0.349825663,-0.086794768,0.703013004,0.45873515,0.630370702,0.447940454,-1.489533897,0.312619797,-0.913811497,-1.157265596,-1.253016589,0.573736336,0.23663244,-0.938867002,1.008914399,-1.037922937,1.035118707,-0.444514797,-2.202325494,0.699361343,-0.657698239,0.038310935,-0.932895388,-0.045755136,-1.097197241,-0.382387071,2.516516479,0.646487858,1.028034787,1.035304201,0.455937095,2.425288992,1.613192759,-0.352681338,0.07685267,0.064090715,-0.703859934,-0.558799922,-0.742954892,-1.008836207,0.006149608,0.79182176,0.653880776,2.051038172,1.306548093,1.004288232,0.083546867,-0.821063649,-0.215271108,0.882496934,0.506466003,1.01842933,1.632006103,1.161927124,0.100723554,0.13381603,1.772909383,0.988193691,-0.444880437,2.312717627,-0.716897491,0.060965199,0.467606962,0.538087495,1.569999848,0.482078946
hsa.mir.19a,-0.86688764,0.509153803,-0.827400542,-1.2411042,-0.444216235,0.449452314,-1.20177211,-0.356120986,-1.189605225,1.054117235,-0.699281701,0.851449679,0.317338097,-1.106970351,-0.623523812,0.223671108,1.585669061,-0.016186761,-0.258878772,-0.165276975,1.162137766,-0.184842795,0.755938848,-0.957424227,0.251540575,-1.356439739,-0.189038206,-0.48149614,0.209272819,0.459995025,-0.749864056,0.49836083,-1.186023834,0.632602792,-0.386847382,-1.44887017,0.027300989,0.057263981,-0.926469831,-0.462433457,-0.231395622,0.257656708,-0.147639463,-0.686872307,0.185633894,-0.96365976,0.593460963,-0.872982754,0.044474512,-0.185299488,-0.303638964,0.326555343,0.838556462,0.965407819,1.41796561,-1.153272841,-0.923899032,-0.298912913,0.31545571,-0.929976224,-0.132603734,-0.631303148,-0.088916271,1.424518872,-0.406650667,-0.964887963,-0.385620714,-1.185102212,-1.703409537,-0.318683554,-0.532955591,0.141705561,-0.811581843,0.505333805,-1.262931818,-0.510094302,-0.255451467,0.031413307,-0.779169615,-0.834467389,-1.130412108,-0.754534514,-1.561241709,-1.762184757,0.167159356,-1.441122349,-1.694945396,0.321885217,-0.007349951,-0.839548364,0.277706204,-0.900658835,0.407852923,-2.008936753,-1.415687816,-0.285180186,-0.45329959,1.055761746,-0.049672356,-1.5060025,-0.32167592,-0.912537636,2.326194578,0.292529266,-0.32376512,1.178946775,0.526367082,0.093089839,0.366843084,-0.377019926,-0.14879152,-1.538642928,1.786622284,-0.119029737,-0.170334242,-0.064764479,0.774286548,1.077214976,0.373493572,-0.077706747,0.145434933,-0.436428055,-0.161619256,1.326717859,0.008537665,-0.497819623,-0.550881717,-1.783397211,-0.641208887,-0.919125252,-0.273291263,-0.740498196,-0.15571781,-0.039585661,0.429913969,-0.1732485,-0.256378507,-0.33491957,-0.351592337,0.953467286,2.977129511,-0.851091408,2.023312449,0.95826264,0.188568644,-0.545421972,-0.560760986,-1.87391463,0.752948226,0.763862025,0.470603545,-1.060253506,-1.363667085,-0.232098261,-0.315096608,-1.246383096,0.252030268,1.924358365,-0.081831089,-1.227555368,0.488669521,0.736664483,-0.970360421,0.134417926,-0.255973608,-0.291434643,-0.415105694,0.243191422,0.340123507,-0.686087791,1.450218606,-0.566588428,-0.444303163,0.064597015,0.142127492,0.610185406,1.517059697,-0.775529851,0.646492792,-0.231129674,0.753059143,2.051443374,-0.896685045,0.108421363,-0.127946804,-0.553635166,-0.387747166,0.584133204,-0.167785166,-0.333389006,1.796332973,0.60452764,0.413696677,-0.456762096,-0.442587517,0.044875639,-1.184819218,-1.221623571,-0.070840566,-1.088472036,0.293543832,1.4316249,0.442208252,-0.812931827,-0.545922387,-0.2481652,-0.241322877,0.449645318,-0.105074043,0.185327427,-0.313034062,-0.463507269,-0.571765312,-0.372633376,-0.006328815,-0.474372856,-0.620124086,1.62347689,0.2364314,-0.239276677,-0.620330155,0.178509676,-0.394581674,-0.309356025,1.272582078,-0.466505182,0.092031597,0.024293001,-0.477693714,0.598352574,-0.12263751,-0.132461223,0.796700749,0.517791213,-0.425168954,-0.132932082,-0.42931552,2.065454889,-0.757313361,-1.133900958,0.677606681,-0.348763008,0.312700453,-0.31384095,-0.092038022,0.387805869,-0.119743557
hsa.mir.166,0.0,0.0,0.0,0.0,0.0,0.0,0.0,0.0,0.0,0.0,0.0,0.0,0.0,0.0,0.0,0.0,0.0,0.0,0.0,0.0,0.0,0.0,0.0,0.0,0.0,0.0,0.0,0.0,0.0,0.0,0.0,0.0,0.0,0.0,0.0,0.0,0.0,0.0,0.0,0.0,0.0,0.0,0.0,0.0,0.0,0.0,0.0,0.0,0.0,0.0,0.0,0.0,0.0,0.0,0.0,0.0,0.0,0.0,0.0,0.0,0.0,0.0,0.0,0.0,0.0,0.0,0.0,0.0,0.0,0.0,0.0,0.0,0.0,0.0,0.0,0.0,0.0,0.0,0.0,0.0,0.0,0.0,0.0,0.0,0.0,0.0,0.0,0.0,0.0,0.0,0.0,0.0,0.0,0.0,0.0,0.0,0.0,0.0,0.0,0.0,0.0,0.0,0.0,0.0,0.0,0.0,0.0,0.0,0.0,0.0,0.0,0.0,0.0,0.0,0.0,0.0,0.0,0.0,0.0,0.0,0.0,0.0,0.0,0.0,0.0,0.0,0.0,0.0,0.0,0.0,0.0,0.0,0.0,0.0,0.0,0.0,0.0,0.0,0.0,0.0,0.0,0.0,0.0,0.0,0.0,0.0,0.0,0.0,0.0,0.0,0.0,0.0,0.0,0.0,0.0,0.0,0.0,0.0,0.0,0.0,0.0,0.0,0.0,0.0,0.0,0.0,0.0,0.0,0.0,0.0,0.0,0.0,0.0,0.0,0.0,0.0,0.0,0.0,0.0,0.0,0.0,0.0,0.0,0.0,0.0,0.0,0.0,0.0,0.0,0.0,0.0,0.0,0.0,0.0,0.0,0.0,0.0,0.0,0.0,0.0,0.0,0.0,0.0,0.0,0.0,0.0,0.0,0.0,0.0,0.0,0.0,0.0,0.0,0.0,0.0,0.0,0.0,0.0,0.0,0.0,0.0,0.0,0.0,0.0,0.0,0.0,0.0,0.0,0.0,0.0,0.0,0.0,0.0,0.0,0.0,0.0,0.0,0.0,0.0,0.0,0.0,0.0,0.0,0.0,0.0,0.0,0.0
hsa.mir.103b,0.0,0.0,0.0,0.0,0.0,0.0,0.0,0.0,0.0,0.0,0.0,0.0,0.0,0.0,0.0,0.0,0.0,0.0,0.0,0.0,0.0,0.0,0.0,0.0,0.0,0.0,0.0,0.0,0.0,0.0,0.0,0.0,0.0,0.0,0.0,0.0,0.0,0.0,0.0,0.0,0.0,0.0,0.0,0.0,0.0,0.0,0.0,0.0,0.0,0.0,0.0,0.0,0.0,0.0,0.0,0.0,0.0,0.0,0.0,0.0,0.0,0.0,0.0,0.0,0.0,0.0,0.0,0.0,0.0,0.0,0.0,0.0,0.0,0.0,0.0,0.0,0.0,0.0,0.0,0.0,0.0,0.0,0.0,0.0,0.0,0.0,0.0,0.0,0.0,0.0,0.0,0.0,0.0,0.0,0.0,0.0,0.0,0.0,0.0,0.0,0.0,0.0,0.0,0.0,0.0,0.0,0.0,0.0,0.0,0.0,0.0,0.0,0.0,0.0,0.0,0.0,0.0,0.0,0.0,0.0,0.0,0.0,0.0,0.0,0.0,0.0,0.0,0.0,0.0,0.0,0.0,0.0,0.0,0.0,0.0,0.0,0.0,0.0,0.0,0.0,0.0,0.0,0.0,0.0,0.0,0.0,0.0,0.0,0.0,0.0,0.0,0.0,0.0,0.0,0.0,0.0,0.0,0.0,0.0,0.0,0.0,0.0,0.0,0.0,0.0,0.0,0.0,0.0,0.0,0.0,0.0,0.0,0.0,0.0,0.0,0.0,0.0,0.0,0.0,0.0,0.0,0.0,0.0,0.0,0.0,0.0,0.0,0.0,0.0,0.0,0.0,0.0,0.0,0.0,0.0,0.0,0.0,0.0,0.0,0.0,0.0,0.0,0.0,0.0,0.0,0.0,0.0,0.0,0.0,0.0,0.0,0.0,0.0,0.0,0.0,0.0,0.0,0.0,0.0,0.0,0.0,0.0,0.0,0.0,0.0,0.0,0.0,0.0,0.0,0.0,0.0,0.0,0.0,0.0,0.0,0.0,0.0,0.0,0.0,0.0,0.0,0.0,0.0,0.0,0.0,0.0,0.0
hsa.mir.589,-0.138754758,0.428879913,1.549492349,1.176045579,1.167548052,1.326795749,0.460166874,2.540622042,0.433159724,1.224014223,-1.644387733,0.537589744,-1.182740248,-0.305567344,-1.487111983,-0.02350183,-0.417315085,0.668224938,-2.014959635,0.244567112,0.627186865,1.520278224,1.475165097,0.963598326,0.003607937,-0.15649174,1.107888635,0.481001022,0.067126431,0.438846275,0.192597547,0.827714772,0.948869462,0.146933659,1.257969557,0.798913636,0.876137221,1.308371145,0.258795144,0.143045513,-0.385535007,0.901888548,1.508956573,1.531929811,1.368475667,0.864186987,0.694300022,0.840155688,1.259601915,0.972846962,0.52575905,-0.254161375,-1.346556989,0.411947333,1.312256598,1.551343647,1.041030137,1.399948802,1.09958573,0.600843538,1.090689285,1.466789726,0.537465604,0.018359996,0.729317806,0.297803143,0.553513812,0.771450083,-0.292031951,-0.048507552,-0.972425074,-0.263065408,-0.443881766,-1.451104594,-0.18851393,0.774550942,0.264336393,0.048647454,0.538168981,-2.744165005,0.341535198,0.186797735,0.017076259,0.728789433,0.256935799,0.006655911,-0.012671787,0.744619897,-1.43952937,-0.486020016,-0.469729623,-0.752940985,-0.423619735,-0.568462816,0.479756144,-0.652699016,-0.173114126,-1.765175591,-2.121234515,0.183257137,0.165441025,-0.266167557,-2.203998017,-1.129492586,0.467897522,1.185641536,-0.279005693,-2.383828009,-1.027681422,-0.032878599,-0.347825904,-1.737836885,-0.59138025,0.375223249,0.129911485,-1.274166201,0.108236949,-0.54268282,-1.568728655,-1.029171736,-1.53572178,-0.56543635,0.053575139,-2.06754655,0.032997973,-1.210850937,0.545156952,0.955737157,0.360946342,0.6402202,-0.506670786,-0.127127847,1.827733789,0.501169997,-0.390127384,0.459284999,1.087866971,0.553760091,0.709203691,-0.470242923,-1.712033672,0.56774047,0.381702377,-0.741190412,0.603600659,0.428614301,-0.821502531,0.385414686,-1.024484116,-0.836156565,0.184247081,1.213260483,0.774819013,-2.133907149,0.24505895,0.366892633,0.28665996,1.124151815,0.175656455,1.392855959,0.568543852,0.442948188,0.389119819,-0.096280226,0.405519825,0.801231844,-0.660596417,-0.701089096,-2.281261424,-0.140072986,-0.425756724,-1.817918267,-0.135458343,-0.288454961,0.635198458,-0.87968042,0.366197453,0.06139195,-0.060212237,-0.209498598,-1.688381538,-2.42691235,-0.012849783,0.185067312,0.093712359,-0.771176533,-0.128780382,-0.362804326,-0.061421895,0.97954174,0.122142269,-0.854025823,1.152514918,0.080885135,1.352495255,1.646413403,0.813300169,1.540197456,1.047605921,-0.527182174,0.530563986,-0.467494979,1.029501029,0.615671966,-1.31033874,-0.521797213,-1.047965676,0.522337408,-0.992244555,1.182807799,0.38753703,-0.679084695,0.251211806,-0.282274253,-0.223397628,-1.664858198,-0.420226072,-1.313739743,0.268497088,-1.647491262,-1.370615784,0.043822352,-0.214938001,-0.463201969,0.526087926,-0.364218322,-0.669817098,-0.422126825,-0.750612373,0.143901295,-0.499615896,0.331155247,-1.05210347,-0.0094463,-0.038595871,-0.268005893,0.390217167,-0.056160218,-0.639142399,0.239318529,0.431169678,-1.216200725,0.292943052,-0.159146181,-0.743383691,0.378061493,-0.885620642
hsa.mir.181c,-0.430992936,1.421037225,-0.390784531,0.640072462,0.022128663,1.360432324,0.677829872,-0.419059986,0.854189467,1.496020781,-1.100386885,0.782183775,-0.692382298,-0.142112494,-0.121574809,0.344826446,0.613657215,-0.64712273,-1.616471675,-1.013316652,-0.058716636,-0.279926058,1.15413877,0.162078635,-0.772766887,0.207009044,-1.318765525,0.540453384,-0.133532265,0.096943146,-0.763623146,0.375469774,0.188397519,0.377613166,-0.287857217,-0.018604926,0.45246255,0.635240188,0.140377345,1.959232386,-0.002246069,0.130368727,-0.662415443,-0.892059222,0.225345802,-0.056129831,0.288800139,1.14925664,-0.064939447,1.065036197,0.206772275,-0.977187461,-0.300436351,1.296829466,-0.472774978,-0.478842432,-0.380951933,-0.205182906,2.153853672,0.708476928,-0.89186531,-2.056120253,-0.618169397,1.078464432,-0.553765657,-0.098524666,0.068415212,0.01848341,1.217410711,-0.606231848,0.250885788,0.488492686,1.004674713,0.734483269,-0.829651428,-0.72041415,-1.241659167,1.213506143,-0.508718177,1.835290315,0.181449107,-0.729006171,0.845616888,-0.487375153,-0.309315496,0.551424788,0.323531614,0.948154243,0.46079679,0.321933748,0.435997993,0.14686659,0.708420349,-0.525194907,0.940754989,-0.41075067,-0.795632795,0.853066867,-1.035107415,-0.302801004,-0.890826481,0.557890618,0.766537504,0.571279058,-0.105258599,0.987144292,-0.41912245,0.91466098,0.259435377,0.137723649,-0.85517409,-1.726521279,0.44437583,0.618806639,-0.554194171,1.383319249,-2.127219745,0.301742996,-0.78680861,-0.395512945,-0.872350971,-0.589854177,-0.303739579,1.452093955,-0.627152375,-0.709182296,-0.120310166,-0.01089909,-0.84897838,0.530633532,0.428282428,0.199286191,0.084022205,1.491983704,2.057309305,0.421443667,-1.468072715,-0.073798633,-0.057720329,1.425132567,2.428905932,0.509116677,-1.068427327,0.165026015,0.961386631,-0.519064212,0.201305606,-0.099106649,1.560279123,0.547271042,1.010528012,-0.720971121,-1.878147987,1.99623275,0.17883177,-1.194204143,1.763869384,1.786501526,-0.114825916,0.146863276,0.775972985,2.60930909,-0.954491584,-1.355818211,-0.192876369,-1.17409573,0.306961085,-0.978160855,-0.103235387,0.841164835,2.60188612,0.688899983,-1.350906915,-0.397379981,-0.829324789,2.183425907,0.833176018,-1.960130368,-1.033699785,-0.654494996,0.541299066,-0.53749691,-0.641556845,-1.229550213,0.611640176,-1.518131769,-1.770367699,-0.808585104,0.750643993,0.134980365,1.176061737,1.297067826,0.167024218,-0.231729297,-1.098881022,2.809807788,-0.060578392,0.462533292,2.295259877,0.764276208,-0.152828192,-0.530840396,-0.073769246,-2.250351648,-0.501033502,0.132252411,0.28267166,-0.666783712,0.520031666,-0.219200547,0.417883358,-0.663858047,-1.056779208,-2.48024554,-1.557732802,-1.05769956,1.836255876,1.213921625,1.668702457,1.036508862,-0.066895888,-1.637500134,0.214941853,-0.437184863,0.401335363,-0.545216869,-0.566816651,-0.618664087,-1.270445043,-1.135299285,-1.484391638,1.37715037,-0.363639837,-0.47258393,-1.141723643,-0.19676787,-1.331650682,0.380239439,-1.629181276,1.503283291,0.277612529,-0.625106005,-1.516125771,-0.990516401,-0.677135089,-0.669264631,-0.007014519
hsa.mir.511,-0.622215837,-0.726398618,-1.361050892,-0.597244571,-1.173008869,0.583754171,0.882389405,-0.154228598,-1.191589563,0.062691722,1.697247959,-0.806936129,-0.854563592,-0.131090678,0.344260189,-1.645494895,-0.985143755,0.500129597,2.106996109,1.325144569,0.882104736,-0.370841431,0.37569323,0.895205269,0.312381582,0.016663279,1.023610856,0.714901668,-0.740120836,0.090694211,0.477598529,-0.253243418,-0.078867979,0.151941338,-0.457803963,0.899053308,-0.245769802,0.592185311,1.077375709,0.980059966,-0.32227647,-1.169952896,0.252163338,0.892496309,-2.161348907,0.094163629,-0.526920697,1.48333277,-0.082977616,0.143664324,-0.06741235,-0.67652859,1.482694789,1.199373089,0.650021511,-1.168524594,0.937893453,-0.08639458,1.206947012,-1.282433149,-1.325742892,-0.184362152,1.24205334,0.295119038,0.201491097,0.021880142,0.872879202,-1.299834398,-0.847377596,1.658249549,1.747114052,1.292645186,-0.0305127,-0.24042093,0.026611376,1.315901935,1.380850119,-0.596145031,0.994584467,2.5127772,0.931008703,1.532949216,0.046802134,-0.791178779,1.810486651,0.038043199,1.697021288,-0.265211807,-0.419690443,1.61260636,0.16925156,0.049071554,0.332303238,-0.750331642,0.616763512,1.90592476,-0.252654506,-1.75039984,-2.822617789,-0.240541718,0.542133079,0.197149353,0.032056194,-1.011564157,-0.761698891,1.085584689,0.532859029,-1.89111594,1.159618501,-0.401464777,0.430548546,0.103142199,0.782546616,-1.409085601,1.031632412,0.382779425,-1.24289732,0.943073057,-0.28593653,-0.487991519,1.261269319,-1.327966947,0.45418195,-0.913557229,0.099809029,-0.15862511,0.523451734,-1.341124048,-0.635380835,-0.104143285,0.822528143,0.986477828,-0.52931305,-1.707666097,0.853523619,0.974886903,1.539770552,-1.148886134,-0.14838062,0.45488035,0.996842575,-0.279001861,-0.304317296,0.103333203,0.199009024,-0.644483561,0.583666288,1.438783248,-0.994972526,2.171491833,-0.466564613,0.244395059,-0.680116487,0.180169478,0.365499769,-0.014786512,1.318186216,-0.003635299,0.164460433,0.396773216,1.458853647,0.275037838,0.05452548,0.039114586,-0.203726852,0.839534919,0.95443946,1.082261132,0.368150984,1.318577382,0.404432934,-0.254703063,0.560015684,-0.01169616,-0.713360689,-1.20141592,-1.34103636,-0.214750614,-0.12992342,0.665745456,0.712067948,1.615081463,-1.442218557,-0.545788872,0.004080328,0.405798832,-2.290529694,1.914252763,-0.718820469,-0.338749431,-2.578295677,0.838904557,-2.572909034,-0.465346376,-0.163461207,0.020962624,-0.518159736,-0.634291387,0.685826666,-0.818100492,0.005447228,0.293665935,0.481061447,0.44609768,1.616009777,-0.319663641,-0.296633748,-1.322879057,0.951449057,-0.793530199,-1.478202649,1.267188515,-0.077806412,-2.203164786,-1.348401904,0.874917766,0.597347398,1.053238966,-0.192945812,-1.765050229,-1.462479535,0.707383751,1.256304675,-0.88844343,-0.293816919,-0.479868551,-0.210278764,-1.17638508,1.228332406,-1.477510305,0.329271224,1.013384446,1.338287289,-1.16462277,-1.754044469,1.219865699,-1.183725365,0.040734686,0.081810326,-0.685771464,0.017740319,-1.576523339,0.839420655,-1.343788488,-1.272965756,0.376909426,0.693095273
hsa.mir.487a,-0.085603582,0.97242052,1.201755741,0.839099153,1.48662481,0.727795575,0.901612506,-0.051065421,-0.80557983,0.115004272,-1.739271874,-1.459105202,-0.551100437,-0.379981338,0.784242345,1.418184267,0.984646771,-0.277053118,-1.677666889,-0.439748944,-0.155295676,1.58203645,0.476819033,0.228667137,1.967591325,0.655545463,-1.702184879,-1.223391222,1.764887845,2.296670983,-0.889618365,0.182674426,-0.496162118,-1.140743324,-0.305697584,0.03889434,0.813923834,-0.258737019,-1.484595751,0.021949189,-0.841679907,-0.20201148,-0.795070395,-0.209748408,1.145819904,0.647945207,0.429693578,-0.441938069,1.545872821,-0.20586087,0.122866495,-0.624820905,-0.865364398,1.442287138,1.619314378,1.495608824,1.521090694,-1.046089293,0.022109263,0.236846586,0.359734231,-0.551481244,0.591406409,-0.686088459,-1.142001722,1.535774206,1.184537569,0.925072714,0.15463116,-1.043508096,-1.186102612,-1.639140749,-0.288662886,-1.394336508,-0.069981502,-1.945353876,-0.905734131,0.714193296,-1.652125467,1.88223061,-1.030818423,-2.927752379,-0.23736021,-0.819779863,-2.693565063,-0.097884562,-1.184169203,-0.241159114,-1.152022909,-0.490243149,-0.215779514,-1.453118913,-1.136332931,0.030921972,-1.384785336,-3.373075324,0.175745357,-0.44222346,1.119923886,0.164907614,-0.545231387,0.231218685,-0.411290274,-0.807371547,-0.057243845,0.005043209,-0.206674291,1.761713346,-0.509337624,0.356659887,0.800922873,-0.781083756,-0.016992801,-0.131616844,-0.68269015,0.582840453,1.8192963,-1.213679862,-0.30744067,-1.330505347,0.075993728,-0.72232253,-1.952510655,1.149829149,-0.369709568,0.976329848,-2.517206753,1.340437211,0.212399234,1.046726205,0.564353279,0.97783425,2.08884547,1.00064412,0.829217135,-0.796376878,-0.567711712,1.471008396,-0.983861289,-0.869477775,0.853479201,0.525169155,-0.962523427,-0.866304938,0.337045271,0.464331921,-1.165496294,-0.054816699,-1.127696632,-0.254345849,1.064046048,1.535542668,0.628741885,2.204271643,0.403830128,0.575908897,1.003629251,1.211962419,0.380756944,1.387033864,-0.888469688,0.005099788,0.474292747,-0.522450966,-1.752932779,-0.705084243,0.522300448,-2.133526381,-0.390025445,-0.948377517,-0.235277851,-0.863123846,-0.049068406,-1.654799969,0.962283087,0.714532551,0.812484251,0.362024114,-1.258818606,-1.769291542,-0.400237411,-2.101260032,-0.258211267,-0.271703509,-0.207474191,-1.451961284,0.086834217,-0.047645223,0.403191219,-0.627398306,0.525346473,0.421488785,1.008737374,1.593857531,0.638722617,1.925449605,1.488048662,-0.741397981,0.310266905,0.570438432,0.907165352,-1.213740793,-1.552340984,-0.512683921,-1.029728825,-0.482879669,0.286348186,0.631849633,0.197836146,0.684761248,0.791606134,0.35154786,-1.982710334,0.903149466,0.672297087,-0.193441792,0.353500569,-0.3582522,1.195151899,-0.786502288,0.998548637,-0.827302864,-0.426284046,1.04461624,-0.155699182,0.329397827,1.308715384,0.89953868,-0.195163693,0.104496779,-0.817872107,0.924119096,0.09057169,-1.567955818,0.884863067,-0.399427168,0.672318059,-0.802009587,-0.192450591,0.669023363,-1.79128734,0.614259107,-1.149893446,-0.983695466,0.199363809,-1.85538256,-0.992282764
hsa.mir.7.1,0.0,0.0,0.0,0.0,0.0,0.0,0.0,0.0,0.0,0.0,0.0,0.0,0.0,0.0,0.0,0.0,0.0,0.0,0.0,0.0,0.0,0.0,0.0,0.0,0.0,0.0,0.0,0.0,0.0,0.0,0.0,0.0,0.0,0.0,0.0,0.0,0.0,0.0,0.0,0.0,0.0,0.0,0.0,0.0,0.0,0.0,0.0,0.0,0.0,0.0,0.0,0.0,0.0,0.0,0.0,0.0,0.0,0.0,0.0,0.0,0.0,0.0,0.0,0.0,0.0,0.0,0.0,0.0,0.0,0.0,0.0,0.0,0.0,0.0,0.0,0.0,0.0,0.0,0.0,0.0,0.0,0.0,0.0,0.0,0.0,0.0,0.0,0.0,0.0,0.0,0.0,0.0,0.0,0.0,0.0,0.0,0.0,0.0,0.0,0.0,0.0,0.0,0.0,0.0,0.0,0.0,0.0,0.0,0.0,0.0,0.0,0.0,0.0,0.0,0.0,0.0,0.0,0.0,0.0,0.0,0.0,0.0,0.0,0.0,0.0,0.0,0.0,0.0,0.0,0.0,0.0,0.0,0.0,0.0,0.0,0.0,0.0,0.0,0.0,0.0,0.0,0.0,0.0,0.0,0.0,0.0,0.0,0.0,0.0,0.0,0.0,0.0,0.0,0.0,0.0,0.0,0.0,0.0,0.0,0.0,0.0,0.0,0.0,0.0,0.0,0.0,0.0,0.0,0.0,0.0,0.0,0.0,0.0,0.0,0.0,0.0,0.0,0.0,0.0,0.0,0.0,0.0,0.0,0.0,0.0,0.0,0.0,0.0,0.0,0.0,0.0,0.0,0.0,0.0,0.0,0.0,0.0,0.0,0.0,0.0,0.0,0.0,0.0,0.0,0.0,0.0,0.0,0.0,0.0,0.0,0.0,0.0,0.0,0.0,0.0,0.0,0.0,0.0,0.0,0.0,0.0,0.0,0.0,0.0,0.0,0.0,0.0,0.0,0.0,0.0,0.0,0.0,0.0,0.0,0.0,0.0,0.0,0.0,0.0,0.0,0.0,0.0,0.0,0.0,0.0,0.0,0.0
hsa.mir.210,-0.798587151,1.012662082,-0.588432932,0.147358179,0.075054667,-0.510600108,-0.407142911,-0.431376946,-1.371681917,0.179663038,1.031392343,0.005918072,2.30143241,0.901229245,0.452967276,0.038193888,-0.550970566,-0.545050935,-1.53942302,-1.130074993,0.130052517,1.349146181,-0.216697486,-0.639029313,1.296509611,-0.986759812,-1.188928442,-0.765551486,-2.039937234,0.142246519,-0.630319997,-0.058900955,-0.898536408,-0.075300385,-0.285708024,-0.555657019,2.540069462,-0.482650767,-1.402084492,-0.382229281,0.209023079,0.822409584,-0.356316195,-0.912012981,0.881431816,-0.93443808,1.115391295,-0.929370228,-0.155783238,0.052634456,0.412170018,0.209206458,-0.159254289,-0.596862283,-1.127312338,1.368203973,-0.904802739,-0.559341774,2.014392062,1.985215904,0.749898232,-0.219205368,1.60383525,-0.72425502,-0.441590389,-0.388586504,-0.353961162,-0.977200606,0.384470269,-0.488086476,-0.144252632,0.352454232,-0.376153181,-0.199062391,1.482410367,-0.503162122,-0.151181045,0.73857614,-0.77772552,0.432442123,-0.516727372,1.097379924,-1.397572359,1.989206497,-0.036724015,-0.289775955,-0.871473887,0.179591311,2.769792958,0.188191472,-0.110838726,1.325506738,1.706502532,-1.467232063,-0.794605868,-0.490560082,1.271659667,2.840809742,2.49595158,-1.085423307,-0.791610124,-0.083216033,1.906567939,1.27694075,0.545823091,-0.007913673,1.613206369,1.417679361,-0.701190359,-0.660591647,-0.447916525,-0.904281208,-0.023143915,1.212522567,0.150365666,0.29923437,1.097076067,-0.823849231,1.278840246,1.178290483,-0.89406363,0.086335353,-0.746691429,1.477309987,-0.519568595,0.309697207,-0.675054537,1.193470585,1.932831037,-0.75746846,-0.208819475,1.606131024,0.520072396,1.043860441,-0.896853653,-1.123969974,-1.487123449,-0.566826534,-0.183740535,-0.426511641,1.959592249,-0.542193788,-0.46221784,0.131764816,-0.761880562,0.812560736,-0.676752963,-1.96485603,0.356873282,-1.189888893,1.480862971,-0.020212937,0.351966674,-2.407639247,0.047900295,-0.598028458,-1.887286894,-0.589414678,0.313147389,0.352686655,-0.495940661,-0.535751537,-0.275668645,-0.139874725,-0.527243522,-0.975902669,-1.351471567,-0.605199975,0.326859928,-0.257943216,0.751723562,-0.002902158,0.025537901,-0.353100941,-0.237490705,1.061059254,1.065049676,-0.647593202,-0.134513623,-0.930010733,-1.075941286,-0.61508607,-0.977706778,1.523944958,0.273082975,-0.749792718,-0.619659475,-1.410297653,0.823967558,-0.655138147,2.404543352,-0.241179204,0.214782393,0.994628869,0.347552895,-0.654728025,0.216804501,0.188078252,-0.564889661,1.999647811,-0.053927785,0.955588183,-0.05464111,-0.82336106,-1.090746965,1.346774933,0.750521869,-0.215241796,-0.440432283,-0.344483108,-0.122628076,-0.723448455,0.243953967,1.420879319,1.049609741,-0.759730006,-1.16524766,0.000457959,0.114340333,0.290166255,-1.320887893,-0.979093642,-0.725235597,0.103116867,0.568313043,-0.493729074,1.336137037,-0.889634836,-1.397107335,0.374837381,-1.032538483,-0.010578305,-0.356136315,-0.732110896,-0.155326133,-1.553398528,0.255394674,1.081864681,-0.600339265,-0.75014732,-0.401838548,0.77546578,0.167364955,-0.145938656,1.347184915,-0.138138825,-0.495457559
hsa.mir.210.1,0.0,0.0,0.0,0.0,0.0,0.0,0.0,0.0,0.0,0.0,0.0,0.0,0.0,0.0,0.0,0.0,0.0,0.0,0.0,0.0,0.0,0.0,0.0,0.0,0.0,0.0,0.0,0.0,0.0,0.0,0.0,0.0,0.0,0.0,0.0,0.0,0.0,0.0,0.0,0.0,0.0,0.0,0.0,0.0,0.0,0.0,0.0,0.0,0.0,0.0,0.0,0.0,0.0,0.0,0.0,0.0,0.0,0.0,0.0,0.0,0.0,0.0,0.0,0.0,0.0,0.0,0.0,0.0,0.0,0.0,0.0,0.0,0.0,0.0,0.0,0.0,0.0,0.0,0.0,0.0,0.0,0.0,0.0,0.0,0.0,0.0,0.0,0.0,0.0,0.0,0.0,0.0,0.0,0.0,0.0,0.0,0.0,0.0,0.0,0.0,0.0,0.0,0.0,0.0,0.0,0.0,0.0,0.0,0.0,0.0,0.0,0.0,0.0,0.0,0.0,0.0,0.0,0.0,0.0,0.0,0.0,0.0,0.0,0.0,0.0,0.0,0.0,0.0,0.0,0.0,0.0,0.0,0.0,0.0,0.0,0.0,0.0,0.0,0.0,0.0,0.0,0.0,0.0,0.0,0.0,0.0,0.0,0.0,0.0,0.0,0.0,0.0,0.0,0.0,0.0,0.0,0.0,0.0,0.0,0.0,0.0,0.0,0.0,0.0,0.0,0.0,0.0,0.0,0.0,0.0,0.0,0.0,0.0,0.0,0.0,0.0,0.0,0.0,0.0,0.0,0.0,0.0,0.0,0.0,0.0,0.0,0.0,0.0,0.0,0.0,0.0,0.0,0.0,0.0,0.0,0.0,0.0,0.0,0.0,0.0,0.0,0.0,0.0,0.0,0.0,0.0,0.0,0.0,0.0,0.0,0.0,0.0,0.0,0.0,0.0,0.0,0.0,0.0,0.0,0.0,0.0,0.0,0.0,0.0,0.0,0.0,0.0,0.0,0.0,0.0,0.0,0.0,0.0,0.0,0.0,0.0,0.0,0.0,0.0,0.0,0.0,0.0,0.0,0.0,0.0,0.0,0.0
hsa.mir.217,-1.751817138,0.517976426,-0.108193154,-0.362891534,-0.94917244,0.308642318,1.111484784,-2.003759903,0.452911569,-1.637983446,0.480308647,-1.70051913,-0.674506684,-0.396841733,0.146850865,-1.905646797,-0.43988883,0.11109249,2.171147688,1.704829738,1.006227783,-1.681219878,0.021203938,-1.189684411,0.212294143,-0.157380616,0.930149609,0.145938842,-1.02084212,0.259812475,0.835973815,0.005100263,-0.248651109,0.391608879,-2.105264777,0.336604811,0.546468164,0.201170893,1.1820968,0.953195415,0.17567771,-0.564789859,0.222962711,0.609199474,-1.693786293,0.226543529,-0.127628554,1.24725248,0.020185767,0.284448757,0.917609179,-0.648296407,1.614803384,0.572526066,-1.999917882,-1.742287072,0.635854568,-0.464469651,-1.127755489,-1.220740822,-0.716916095,-1.242902831,0.690262214,0.98385317,0.028519398,0.381841926,0.307360202,-1.16694333,-0.411884225,1.081971233,1.439943506,0.057157718,0.589127013,-0.673537513,-0.005004597,0.070070967,-0.285995065,0.031360692,0.014317374,0.06016529,-0.039970034,0.151651357,-0.295460376,0.048592851,-1.267813487,-0.580478606,0.494806893,-1.069257875,-1.132006039,0.377795586,0.797704092,-1.650211118,-1.631893433,-1.751008823,-0.206003604,0.120229655,-0.130130746,-0.497927146,1.133213915,0.335790084,0.590617103,0.552625031,0.056265772,-0.187357251,-0.847070241,-0.880472925,0.596536208,-0.241998294,1.552716628,0.121644653,1.202173673,-0.696960257,1.167624585,-1.123016749,1.030071083,0.715167137,-2.708784826,1.283718318,-1.089907688,0.133523506,2.054252929,0.353137797,0.917280932,0.046573811,0.65710527,1.000377881,0.411422818,-0.813946601,0.154257256,0.269218157,0.391384341,0.583132026,-1.897122267,0.108795926,1.347285908,1.687914008,1.019153997,-1.049365269,0.668670507,1.37593631,-0.511048207,0.680779438,0.393612561,0.633659728,-1.014552532,-1.221218878,1.677023309,1.274250061,-1.043931481,1.691845295,-2.113129757,-0.802773066,-1.490979049,-1.532516362,0.452778396,1.079628582,0.874695449,-1.697529336,-0.632106639,-1.236750661,0.538458837,0.447943332,-0.083813396,-0.832225483,-0.005554705,0.07427951,0.691707681,1.095310531,0.222204199,0.854939301,0.497393415,-0.048904898,1.19118837,0.243068235,-1.406462252,-1.751192885,-0.657443358,0.040782856,0.030425423,0.785504024,1.474135105,1.957737336,-0.233113206,-1.608369107,0.667631332,0.425084235,-1.123956942,1.940964466,-0.58727367,-2.079389684,-1.654643015,0.880702692,-0.87641603,-0.627546224,-0.367302177,-0.477351031,-0.25767531,-0.224021897,0.673765379,0.3943099,-0.241495224,0.662442635,0.666541522,0.978359316,1.859242785,-1.000549584,0.203167964,-1.601094265,1.384663758,-0.853976912,-0.390486665,1.94387076,0.090551582,-1.555634974,-0.931893594,0.51401274,1.288099139,1.856423576,0.125389988,-0.673502593,-0.542987722,1.086121514,1.265125342,-0.63720766,0.371666509,-0.273718416,-0.017747907,0.076416931,1.39532796,-1.445698676,0.726617023,-1.847815561,1.476856065,-0.849567264,-0.738969436,1.564043298,-1.149569352,-1.275670296,0.427094897,0.052204532,-1.182842084,-1.806929494,1.506840279,-1.689285635,-0.58289781,0.434446272,1.197471831
hsa.mir.158a,0.0,0.0,0.0,0.0,0.0,0.0,0.0,0.0,0.0,0.0,0.0,0.0,0.0,0.0,0.0,0.0,0.0,0.0,0.0,0.0,0.0,0.0,0.0,0.0,0.0,0.0,0.0,0.0,0.0,0.0,0.0,0.0,0.0,0.0,0.0,0.0,0.0,0.0,0.0,0.0,0.0,0.0,0.0,0.0,0.0,0.0,0.0,0.0,0.0,0.0,0.0,0.0,0.0,0.0,0.0,0.0,0.0,0.0,0.0,0.0,0.0,0.0,0.0,0.0,0.0,0.0,0.0,0.0,0.0,0.0,0.0,0.0,0.0,0.0,0.0,0.0,0.0,0.0,0.0,0.0,0.0,0.0,0.0,0.0,0.0,0.0,0.0,0.0,0.0,0.0,0.0,0.0,0.0,0.0,0.0,0.0,0.0,0.0,0.0,0.0,0.0,0.0,0.0,0.0,0.0,0.0,0.0,0.0,0.0,0.0,0.0,0.0,0.0,0.0,0.0,0.0,0.0,0.0,0.0,0.0,0.0,0.0,0.0,0.0,0.0,0.0,0.0,0.0,0.0,0.0,0.0,0.0,0.0,0.0,0.0,0.0,0.0,0.0,0.0,0.0,0.0,0.0,0.0,0.0,0.0,0.0,0.0,0.0,0.0,0.0,0.0,0.0,0.0,0.0,0.0,0.0,0.0,0.0,0.0,0.0,0.0,0.0,0.0,0.0,0.0,0.0,0.0,0.0,0.0,0.0,0.0,0.0,0.0,0.0,0.0,0.0,0.0,0.0,0.0,0.0,0.0,0.0,0.0,0.0,0.0,0.0,0.0,0.0,0.0,0.0,0.0,0.0,0.0,0.0,0.0,0.0,0.0,0.0,0.0,0.0,0.0,0.0,0.0,0.0,0.0,0.0,0.0,0.0,0.0,0.0,0.0,0.0,0.0,0.0,0.0,0.0,0.0,0.0,0.0,0.0,0.0,0.0,0.0,0.0,0.0,0.0,0.0,0.0,0.0,0.0,0.0,0.0,0.0,0.0,0.0,0.0,0.0,0.0,0.0,0.0,0.0,0.0,0.0,0.0,0.0,0.0,0.0
hsa.mir.374a,-1.648220566,-0.50334305,-0.83025524,-0.96637751,-1.698021486,-0.687550441,0.10256034,-2.208647385,-0.535798351,-1.596956584,1.677637531,-2.049219001,0.876883497,-0.262646429,2.480631213,-1.894004331,-0.908891158,-0.388800478,2.15670016,1.137550521,-0.105387151,-1.783105898,-1.122298441,-0.33561082,-0.515005692,-0.768983834,0.200400244,0.512823544,-2.791002568,-2.284790265,0.401412168,-1.275469672,-0.153453419,-0.077969485,-1.387227926,0.137256526,0.330555904,0.042809555,0.159179632,0.700559205,-0.231397322,-0.914558362,-0.531043934,-0.213434795,-1.052017682,-0.39905355,-0.543075272,0.660194307,-0.389370469,-0.023623754,0.074755939,-0.363639204,1.309363197,-2.64780322,-4.110322642,-1.2053622,-0.576061434,-0.568168515,-0.917150323,-1.027924629,-0.804124791,-1.38613629,0.333608469,0.753582901,-0.241012686,-0.209232355,-0.259624878,-1.30778539,-0.757889209,0.956131713,2.09946076,0.257968485,0.842032778,-0.219310993,-0.571006346,-0.134179724,-0.32283028,-1.000222049,0.200750346,2.199870004,0.500689804,0.737817425,-0.529316163,-2.720416836,-1.164059096,-0.775296526,1.162886649,-0.62510209,0.633477566,0.504885644,1.469776489,-0.26282868,0.05872038,-0.951368294,-0.448681815,1.768149375,-0.387637613,0.615741519,0.560544795,0.493585614,0.43758996,-0.016421606,-0.108834053,0.886730233,-0.492386464,-0.308938509,0.618236781,-1.067666517,1.616103962,0.46419587,1.062153298,0.015470583,0.801382768,-0.781316001,0.910751745,0.286362758,-1.96330254,1.068608949,-1.191363127,0.160892333,2.30880564,0.367886417,0.942861531,-0.410626288,1.010999679,0.760546061,0.845590712,-0.162122269,-0.364271923,-1.019687134,-0.476332309,0.556847898,-2.04451188,-1.345109474,1.033849418,0.872280038,0.980483816,-0.93738785,0.222722137,1.23921922,0.11710606,-0.012018261,0.328996623,0.915239432,-0.264634434,-1.08076693,0.939386632,0.391143786,-0.23247422,1.229831022,-0.202895063,-0.268838727,-1.534805494,-2.014747499,0.216937747,0.681223882,-0.784643334,-2.126643226,-0.232327686,-0.893361221,0.532615044,0.559916907,-0.220581407,-0.101823803,-0.375884048,0.022626163,0.6676116,1.692230456,0.473016806,0.238759285,1.051476881,0.687771568,0.885703836,-0.442980097,-1.023825385,0.179764565,-0.272976525,0.35374433,0.016061941,0.965464648,1.19694756,2.334933978,0.419890625,-0.643333523,0.827459838,0.619739007,-0.594540815,1.512955669,0.1762611,-2.256432393,-0.513022306,-0.237685026,-1.365931391,-1.606440369,0.345302751,-0.678763162,-0.465639378,-0.277055263,-0.152506437,0.040952714,-0.870066083,1.013113737,0.525831484,0.462054972,1.423737407,0.631409672,-0.042591597,-0.684032276,0.974279949,-0.387906995,0.127664953,1.278489347,0.888799621,-0.181628325,-0.783648902,1.013642693,1.241674722,1.531006817,-0.880031983,0.150860498,-0.802602659,0.943552258,0.92082587,-0.014454112,-0.01036853,-0.607573617,-0.072727345,-0.317389985,1.280963569,-0.677482977,0.776845806,-1.847398092,1.348179363,-0.40547176,-0.759098521,1.206567896,-0.023212991,-0.185496953,0.635876593,-0.63933397,0.383788126,-1.104014252,1.083751105,-0.04567074,0.622287311,0.926644253,1.257945885
hsa.mir.6806,0.0,0.0,0.0,0.0,0.0,0.0,0.0,0.0,0.0,0.0,0.0,0.0,0.0,0.0,0.0,0.0,0.0,0.0,0.0,0.0,0.0,0.0,0.0,0.0,0.0,0.0,0.0,0.0,0.0,0.0,0.0,0.0,0.0,0.0,0.0,0.0,0.0,0.0,0.0,0.0,0.0,0.0,0.0,0.0,0.0,0.0,0.0,0.0,0.0,0.0,0.0,0.0,0.0,0.0,0.0,0.0,0.0,0.0,0.0,0.0,0.0,0.0,0.0,0.0,0.0,0.0,0.0,0.0,0.0,0.0,0.0,0.0,0.0,0.0,0.0,0.0,0.0,0.0,0.0,0.0,0.0,0.0,0.0,0.0,0.0,0.0,0.0,0.0,0.0,0.0,0.0,0.0,0.0,0.0,0.0,0.0,0.0,0.0,0.0,0.0,0.0,0.0,0.0,0.0,0.0,0.0,0.0,0.0,0.0,0.0,0.0,0.0,0.0,0.0,0.0,0.0,0.0,0.0,0.0,0.0,0.0,0.0,0.0,0.0,0.0,0.0,0.0,0.0,0.0,0.0,0.0,0.0,0.0,0.0,0.0,0.0,0.0,0.0,0.0,0.0,0.0,0.0,0.0,0.0,0.0,0.0,0.0,0.0,0.0,0.0,0.0,0.0,0.0,0.0,0.0,0.0,0.0,0.0,0.0,0.0,0.0,0.0,0.0,0.0,0.0,0.0,0.0,0.0,0.0,0.0,0.0,0.0,0.0,0.0,0.0,0.0,0.0,0.0,0.0,0.0,0.0,0.0,0.0,0.0,0.0,0.0,0.0,0.0,0.0,0.0,0.0,0.0,0.0,0.0,0.0,0.0,0.0,0.0,0.0,0.0,0.0,0.0,0.0,0.0,0.0,0.0,0.0,0.0,0.0,0.0,0.0,0.0,0.0,0.0,0.0,0.0,0.0,0.0,0.0,0.0,0.0,0.0,0.0,0.0,0.0,0.0,0.0,0.0,0.0,0.0,0.0,0.0,0.0,0.0,0.0,0.0,0.0,0.0,0.0,0.0,0.0,0.0,0.0,0.0,0.0,0.0,0.0
hsa.mir.216,0.0,0.0,0.0,0.0,0.0,0.0,0.0,0.0,0.0,0.0,0.0,0.0,0.0,0.0,0.0,0.0,0.0,0.0,0.0,0.0,0.0,0.0,0.0,0.0,0.0,0.0,0.0,0.0,0.0,0.0,0.0,0.0,0.0,0.0,0.0,0.0,0.0,0.0,0.0,0.0,0.0,0.0,0.0,0.0,0.0,0.0,0.0,0.0,0.0,0.0,0.0,0.0,0.0,0.0,0.0,0.0,0.0,0.0,0.0,0.0,0.0,0.0,0.0,0.0,0.0,0.0,0.0,0.0,0.0,0.0,0.0,0.0,0.0,0.0,0.0,0.0,0.0,0.0,0.0,0.0,0.0,0.0,0.0,0.0,0.0,0.0,0.0,0.0,0.0,0.0,0.0,0.0,0.0,0.0,0.0,0.0,0.0,0.0,0.0,0.0,0.0,0.0,0.0,0.0,0.0,0.0,0.0,0.0,0.0,0.0,0.0,0.0,0.0,0.0,0.0,0.0,0.0,0.0,0.0,0.0,0.0,0.0,0.0,0.0,0.0,0.0,0.0,0.0,0.0,0.0,0.0,0.0,0.0,0.0,0.0,0.0,0.0,0.0,0.0,0.0,0.0,0.0,0.0,0.0,0.0,0.0,0.0,0.0,0.0,0.0,0.0,0.0,0.0,0.0,0.0,0.0,0.0,0.0,0.0,0.0,0.0,0.0,0.0,0.0,0.0,0.0,0.0,0.0,0.0,0.0,0.0,0.0,0.0,0.0,0.0,0.0,0.0,0.0,0.0,0.0,0.0,0.0,0.0,0.0,0.0,0.0,0.0,0.0,0.0,0.0,0.0,0.0,0.0,0.0,0.0,0.0,0.0,0.0,0.0,0.0,0.0,0.0,0.0,0.0,0.0,0.0,0.0,0.0,0.0,0.0,0.0,0.0,0.0,0.0,0.0,0.0,0.0,0.0,0.0,0.0,0.0,0.0,0.0,0.0,0.0,0.0,0.0,0.0,0.0,0.0,0.0,0.0,0.0,0.0,0.0,0.0,0.0,0.0,0.0,0.0,0.0,0.0,0.0,0.0,0.0,0.0,0.0
hsa.mir.3913.2,-1.548450469,0.550835733,0.587098449,0.087478952,-0.479567552,0.785970923,1.206506716,-1.160476233,0.392255141,-1.089646256,0.928782518,-1.999620057,-0.279622854,-0.339837693,0.784961277,-2.156608779,-0.867752952,-0.577848733,2.167565122,1.160733318,1.504975624,0.01289827,0.159706112,-0.163532846,0.938969355,0.708097427,0.821230964,0.467644839,-1.718457538,0.472627803,0.470845707,0.069844344,0.77168579,0.520180279,-0.683823651,0.782653234,0.797446935,1.014745807,1.231799163,1.328278327,0.495873161,-0.253954209,0.034136186,0.83907857,-0.411221824,0.2129384,0.123175905,1.616100291,0.374642879,0.120568933,0.506288251,-0.762779082,0.967775671,-0.682153816,-2.112062959,-0.791592295,1.231122359,-0.421480625,-0.469408837,-0.331031676,-0.080446743,-0.745474963,1.542989087,0.775564192,0.136796883,0.472166246,-0.03105755,-0.853221758,-0.686336546,0.82404572,0.952146213,0.29552621,0.32471058,-0.380077755,-0.475566329,-0.526939054,-0.090988654,-0.688210045,0.044620905,0.448438248,-0.10041973,-1.115359537,-0.11253831,-2.370625449,-1.21523878,-0.468828265,0.671479881,-1.145349591,0.112163743,0.297391311,0.418171996,-0.752254545,-0.71543272,-0.641022322,0.157614819,-0.03483978,-0.185045959,0.022779737,-0.019062196,0.464214323,0.58613897,0.504578626,-0.240496662,0.141610205,-0.692747282,-0.620322816,0.824914476,-0.714164477,1.335530688,-0.040987319,0.752682985,-0.336572252,0.838923898,-1.120128621,1.013094283,0.487485433,-1.968181566,1.002743432,-1.135519798,-0.062128692,1.547374441,0.167209073,0.681208479,-0.914553374,0.277380431,0.182869956,0.405284006,-0.040216576,-0.147825391,0.560301334,0.879163891,0.352026841,-1.165727077,-0.378070356,1.033953213,1.190225629,1.510274097,-1.428139656,0.504921867,1.128786339,-0.493374474,0.446941912,0.457715469,0.675473353,-0.39015764,-1.929042177,0.990055395,1.155791048,-0.357546539,1.409902408,-0.416313091,0.54421877,-0.190974993,-3.133952742,0.012374837,0.662044495,0.838477931,-1.732526677,-0.544086308,0.258233332,0.542387139,0.329051504,-0.267502669,-0.753578516,-0.37116389,-0.194711925,0.752075313,0.482520137,-0.098446196,0.896561701,0.310005398,0.027530106,0.651525845,-0.242214368,-0.972863484,-0.360191642,-0.657358855,0.305707965,0.270227187,0.751052267,1.120799663,1.516778819,-0.19803181,-1.09866463,0.691640944,0.216817374,-0.798632963,2.529290285,-0.335861138,-1.394782829,-0.514384895,1.264443831,-0.115259935,-0.440271182,0.25918297,-0.015101812,0.248238149,-0.008005113,0.711943026,-0.031661446,-0.27453336,0.799792142,0.648264754,0.711169667,1.543003881,-0.30420588,0.149421486,-1.149633066,1.313331026,-0.818070034,-0.770323441,1.254107867,0.087967163,-1.012582364,-0.735399453,0.846432773,0.678747525,1.049148632,0.186154168,0.349227211,-0.516708437,0.622616691,1.166866163,-0.80417842,0.084449871,-0.411743215,0.173958635,-0.267270104,1.307064733,-0.845969779,0.760893563,-2.810469494,1.52724198,-0.45817375,-0.768256947,1.642334737,-0.49334552,-1.736993225,0.318474152,-0.495243632,-0.9849888,-1.684021817,1.238018464,-1.315450946,0.110373192,0.693532444,1.007595936
hsa.mir.20b,-1.866860934,-0.384655921,-0.062810564,0.932796387,-0.787115636,0.327829537,0.195624042,0.300042743,-1.485008206,0.276940231,-2.193360278,0.488564456,-2.003765794,-2.378384383,-1.468235557,1.006238547,-0.20454104,2.105253081,-2.27162322,-0.636023094,-0.74813979,-0.473859182,0.784392231,0.690222379,-0.715484732,0.071371763,-1.086404415,-0.913647775,-1.20642828,-0.077640365,0.933902151,0.961411423,0.731713071,0.571527974,2.251067802,1.572820426,1.674238079,2.052878629,0.992663137,0.981052345,-0.523486165,1.309596442,0.913837564,1.339047074,1.16407463,0.959650781,0.530974516,1.222371889,1.058742028,1.198466677,0.136302534,0.570363351,-0.252666352,0.442870721,-0.885317235,0.972851316,-0.242544334,0.454937887,1.05417156,1.318692087,0.490859184,0.699095264,-0.404379193,0.610237722,0.930676725,0.274578571,0.073195339,-0.368822011,-2.123785171,-1.814102324,-1.500680985,-2.040700445,-1.642140381,-2.138078379,-1.229901291,-1.567559467,-1.115938578,-1.366847054,-1.146056875,-1.999978611,-0.801943271,-0.29885874,-1.30631284,-0.788819209,-1.105019069,-1.734909126,-1.756631226,-0.558866776,-2.852913592,-1.920797062,-2.44773211,-2.303300037,-0.977179065,-1.084504064,-1.24654112,-0.387340492,0.998674861,-0.931616185,-0.060271647,0.706290632,0.769746518,0.258521719,-0.625599941,-0.967757943,0.975659739,1.723577826,0.147689659,-1.133184324,-0.690329009,0.066449116,-0.771373632,0.058544638,-0.092742131,-0.185786396,0.747760719,-0.397395897,0.08191594,-0.339299559,-1.491855264,-1.322426995,-1.561137475,-0.645216565,0.438360292,-0.179316037,0.152246589,-0.537665511,0.051517856,0.880472337,-0.046676176,0.757053057,0.254607212,1.905665069,1.219917175,1.443681909,0.320920154,0.466300119,-0.764735346,0.864546162,0.909362578,0.147336943,-0.189012056,-1.66e-05,-0.955942067,0.922068168,0.143958258,0.977907983,0.514597881,-0.426077835,-0.178585411,-0.791941759,0.16710345,0.1781697,-0.273691209,-0.139718259,0.759193741,0.354318885,-0.049855755,0.843750212,-0.262279422,0.543128827,0.492960126,0.944060618,0.640018656,0.076336885,1.977328141,0.420795512,-1.151236202,-2.360633744,-2.864122462,-2.621666252,-0.91913016,-2.315504766,-0.188714096,-0.228443443,0.580841089,0.280972566,0.653210565,0.507821877,-0.149712079,-0.998109803,-1.481069221,-1.642957309,-0.196029898,0.499211737,-0.258856911,-0.63547944,-0.215824429,-1.123748314,-0.841903666,2.061470145,0.441652175,-0.50112667,0.797939863,0.925750563,-0.178240734,1.856220338,-0.664102053,0.723979092,0.863657008,0.473100955,-0.070976506,-1.338127341,0.840582438,0.538646786,-1.000165008,0.610579649,-1.049244931,0.428535332,0.134860184,1.050849754,-0.120960772,-0.61738065,-0.306187637,-0.032487558,-0.737326006,-1.187586636,0.22022161,-0.779493308,0.757242631,-0.113575924,-0.256847571,1.108032741,0.120739661,-0.304471579,0.560884765,-0.595234719,-0.034051203,-0.153555267,-0.636395635,0.861118968,-0.225040245,1.443258029,-1.077997546,-0.117939047,0.919876768,0.139381084,-1.636654276,-0.256819436,-0.762455199,0.338219371,0.750192024,-0.882015424,-0.57416511,-1.327074267,-0.490941526,-0.087981873,-1.358393872
hsa.let.7f.1,-2.249326989,0.053223552,-0.237406245,0.831063656,0.812364111,0.237471839,0.575332647,0.887183508,-1.278286245,-0.291741613,-2.449858792,1.411091778,-1.639189911,0.012228371,-0.807528173,0.342611682,-0.307620566,1.835415943,-0.512686412,-0.07627121,0.091904236,-0.549270713,-0.246927952,0.548354754,-0.087337311,-0.548740358,-0.285095279,-0.598654574,-1.478935274,-0.712917439,0.464061819,-0.200496749,-0.998736655,-0.795665244,0.458861991,0.855681359,0.39604867,0.09002006,0.262499015,0.16592442,0.375877184,0.468377321,0.64837058,1.103672793,-0.873318396,0.569497032,0.743996777,0.211002373,0.393750149,0.811015311,-1.547005133,1.400352804,0.885198495,-1.679140582,0.028329586,0.772632903,0.125440532,1.007389785,1.250562864,-0.15043997,0.370799352,0.614284626,-0.052850097,-0.414623851,0.798333943,1.036416585,1.6530937,0.353860895,0.313560322,0.087038171,-1.148105748,0.191280203,-1.728706332,-0.13112532,-0.105511859,-0.695360513,-0.530630851,-0.024114664,1.054285366,-2.153216195,-0.233905986,0.715324339,-0.519931726,-0.283796278,-0.411638068,-0.63058791,0.579944008,-0.182237123,0.345851204,0.302336308,-0.740851544,-1.082487783,-1.146560792,-0.705037772,-0.849086781,-0.199602561,0.558902313,-0.724142886,-1.299625781,-0.487311807,0.051714192,-0.160217342,0.43837311,-1.400206437,1.025291925,0.796958697,-0.620728558,0.215996605,-0.845668211,-0.08805803,-1.001683302,0.308813813,-0.996659416,0.092471097,-0.480154483,-0.233469886,0.203962636,-0.923468129,-0.22825681,-0.032707031,-1.056854147,-1.101458292,-0.44212334,-0.136345677,-0.149006744,-0.469325277,-0.934240916,0.707817098,0.005984795,0.244893127,0.312243036,1.130220339,0.089683487,-0.143244804,-0.082430108,-0.246822565,-1.095768427,0.447170183,-0.472829041,-0.997145993,-0.989562859,-0.478956717,-0.400668843,-0.542331157,0.594635105,0.009125503,0.002536224,0.594135383,0.372419871,1.933438465,1.163696006,0.139779378,0.256695255,-0.88333673,1.236911023,0.150253186,-1.63447729,0.396705059,0.005675465,0.636861029,1.727482773,-0.213031844,2.279473395,2.925949621,1.318365175,-0.023159842,-1.329816185,-1.072182988,-0.913721159,-0.772649312,-1.137919597,-0.960635957,0.111099654,-1.23964926,0.396049675,-0.768295888,-0.594026967,-1.198674648,-1.185445299,-0.181093813,-1.0013122,-0.189326062,-0.908828335,-1.093152293,-0.442922371,-0.357037983,-1.075847211,0.389132461,-1.512907932,0.658548236,0.206955873,-1.54367071,-0.489341743,0.033574189,-0.065219984,0.711298726,-0.255659941,2.397092212,1.239334869,0.68755663,0.859220978,-0.474731194,0.875870062,0.005970022,0.290220709,0.179853758,-0.180306899,0.617028865,-0.061668204,0.478593778,0.057087909,-1.479696475,0.780925863,-0.359651746,-0.207142813,-2.074864282,-0.240254222,-0.886137366,0.640013748,-0.095534554,-1.517087865,-0.569925216,0.320100453,0.123177051,-0.876235549,-0.282596269,-0.05900845,-0.534590363,-0.25442456,-1.077046139,0.003516277,-0.578395154,-0.65204464,-0.086276183,-0.364286238,-0.727303512,-1.998181703,-0.506232602,-0.619864018,-1.106526413,0.638300845,-1.401106754,-1.375110831,-1.331178247,-0.528675444,-0.896593644,-1.584050193
hsa.mir.160b,0.0,0.0,0.0,0.0,0.0,0.0,0.0,0.0,0.0,0.0,0.0,0.0,0.0,0.0,0.0,0.0,0.0,0.0,0.0,0.0,0.0,0.0,0.0,0.0,0.0,0.0,0.0,0.0,0.0,0.0,0.0,0.0,0.0,0.0,0.0,0.0,0.0,0.0,0.0,0.0,0.0,0.0,0.0,0.0,0.0,0.0,0.0,0.0,0.0,0.0,0.0,0.0,0.0,0.0,0.0,0.0,0.0,0.0,0.0,0.0,0.0,0.0,0.0,0.0,0.0,0.0,0.0,0.0,0.0,0.0,0.0,0.0,0.0,0.0,0.0,0.0,0.0,0.0,0.0,0.0,0.0,0.0,0.0,0.0,0.0,0.0,0.0,0.0,0.0,0.0,0.0,0.0,0.0,0.0,0.0,0.0,0.0,0.0,0.0,0.0,0.0,0.0,0.0,0.0,0.0,0.0,0.0,0.0,0.0,0.0,0.0,0.0,0.0,0.0,0.0,0.0,0.0,0.0,0.0,0.0,0.0,0.0,0.0,0.0,0.0,0.0,0.0,0.0,0.0,0.0,0.0,0.0,0.0,0.0,0.0,0.0,0.0,0.0,0.0,0.0,0.0,0.0,0.0,0.0,0.0,0.0,0.0,0.0,0.0,0.0,0.0,0.0,0.0,0.0,0.0,0.0,0.0,0.0,0.0,0.0,0.0,0.0,0.0,0.0,0.0,0.0,0.0,0.0,0.0,0.0,0.0,0.0,0.0,0.0,0.0,0.0,0.0,0.0,0.0,0.0,0.0,0.0,0.0,0.0,0.0,0.0,0.0,0.0,0.0,0.0,0.0,0.0,0.0,0.0,0.0,0.0,0.0,0.0,0.0,0.0,0.0,0.0,0.0,0.0,0.0,0.0,0.0,0.0,0.0,0.0,0.0,0.0,0.0,0.0,0.0,0.0,0.0,0.0,0.0,0.0,0.0,0.0,0.0,0.0,0.0,0.0,0.0,0.0,0.0,0.0,0.0,0.0,0.0,0.0,0.0,0.0,0.0,0.0,0.0,0.0,0.0,0.0,0.0,0.0,0.0,0.0,0.0
hsa.mir.203b,0.842077392,1.462828312,0.665455093,-3.046034205,0.53958281,-2.580224757,-1.237171996,-0.359697965,-0.011708824,-0.371505588,1.221450619,1.26410326,1.095568232,0.093658374,0.04244013,-1.248904671,-0.164626953,-0.355664375,0.363618045,-2.007038556,0.578232837,-0.253655069,-0.274887657,-1.395896102,0.21073603,-0.71380412,-0.465947929,0.642410838,-2.286825281,-0.708125863,1.64326739,0.359272494,1.445915072,0.137187629,-0.4538267,1.269793098,-1.119455319,-0.796024817,-0.802338048,-1.237040115,1.10615268,-1.038404969,1.347989058,-1.091054539,-0.391675216,0.848832795,0.162652742,-1.747831006,-2.184438501,0.117621596,-1.464434759,1.617654115,1.146834463,-0.598074889,-0.42964406,0.312163875,-0.962050229,-0.276770435,-0.738060471,-0.122765702,1.090278643,-0.1195423,-0.392181006,0.012905742,0.541236718,0.226449621,-0.794721747,-1.760208545,0.865369053,0.174077276,0.724045125,0.393254237,0.223647095,1.110463022,0.232233585,-0.17862348,-1.080512961,-0.29755329,-1.234592142,-0.460541964,-3.820650579,-1.961905502,-0.390930714,-0.861379592,-0.5243173,-0.924758827,-0.06543546,-3.850992205,-0.001933196,1.266253183,0.383035167,0.684761381,0.719352223,-1.459291333,0.868873388,-0.76222843,0.518231076,1.916788292,0.872365453,-0.742210452,0.258707747,-0.577983756,1.942105853,0.15882882,-0.539311778,-2.823905316,0.357680305,2.64645526,0.933531132,-0.384951677,-0.207826675,-0.378228892,0.55505873,-1.330746264,-0.833545901,-1.661218897,-0.219189015,-0.57095679,2.106680278,1.071988938,0.954394619,-1.146753138,-0.346982759,1.563019159,-0.983011397,-0.009317844,-0.742099553,-0.12869427,1.196836596,0.043378705,1.581540062,-0.25927016,-0.170393527,0.986520933,-0.02793337,0.051219697,-0.245695161,-0.226850571,0.29529886,0.69309499,0.558684802,-0.399090577,-0.948481858,-0.745802081,0.912154061,-0.258062761,1.323992691,-0.612795475,0.083900668,-0.023055024,0.967509116,0.637517184,-0.133576171,-0.321747632,0.571348985,0.158047421,-2.803222984,-0.452590806,0.712195069,-3.233880277,-0.467587777,-1.845901556,0.072231975,-0.023067241,0.951261194,0.292161839,0.087264995,0.156794655,0.881304893,-0.282968051,0.135209109,1.146608038,-0.008726046,0.091543004,0.514906148,1.45658058,-0.036685398,-1.036076929,-0.329984726,0.079703085,1.262377818,0.57811068,-0.022428785,-0.014817012,1.225055293,0.95378326,-0.549599573,0.306027514,0.950863939,0.254740835,1.171050832,0.527875085,0.776480106,0.692004285,0.795792192,-0.145525552,0.485024817,-0.66958373,-1.106617729,0.139851947,0.923786155,0.720046357,-0.171707608,0.808358881,0.030537205,0.590903884,1.509535589,1.072061133,1.164567731,0.069621873,-0.629442163,0.128104171,0.296751248,0.920341582,-0.387536871,-0.006429446,0.28211447,-0.917997147,0.217240645,-0.555045124,1.246895296,-1.317355851,0.724287751,-0.43371445,-1.231320702,0.147074702,0.738557423,0.596703435,0.496034742,-0.766548279,0.957992115,-1.506290593,-0.001445229,-0.661035354,0.5115566,-0.6687437,-0.130400137,1.017216032,1.995956955,-1.572535185,-0.01151233,0.886300456,-0.513548596,-1.166095074,0.536655881,-0.27340085,-1.056905603
hsa.mir.208,0.0,0.0,0.0,0.0,0.0,0.0,0.0,0.0,0.0,0.0,0.0,0.0,0.0,0.0,0.0,0.0,0.0,0.0,0.0,0.0,0.0,0.0,0.0,0.0,0.0,0.0,0.0,0.0,0.0,0.0,0.0,0.0,0.0,0.0,0.0,0.0,0.0,0.0,0.0,0.0,0.0,0.0,0.0,0.0,0.0,0.0,0.0,0.0,0.0,0.0,0.0,0.0,0.0,0.0,0.0,0.0,0.0,0.0,0.0,0.0,0.0,0.0,0.0,0.0,0.0,0.0,0.0,0.0,0.0,0.0,0.0,0.0,0.0,0.0,0.0,0.0,0.0,0.0,0.0,0.0,0.0,0.0,0.0,0.0,0.0,0.0,0.0,0.0,0.0,0.0,0.0,0.0,0.0,0.0,0.0,0.0,0.0,0.0,0.0,0.0,0.0,0.0,0.0,0.0,0.0,0.0,0.0,0.0,0.0,0.0,0.0,0.0,0.0,0.0,0.0,0.0,0.0,0.0,0.0,0.0,0.0,0.0,0.0,0.0,0.0,0.0,0.0,0.0,0.0,0.0,0.0,0.0,0.0,0.0,0.0,0.0,0.0,0.0,0.0,0.0,0.0,0.0,0.0,0.0,0.0,0.0,0.0,0.0,0.0,0.0,0.0,0.0,0.0,0.0,0.0,0.0,0.0,0.0,0.0,0.0,0.0,0.0,0.0,0.0,0.0,0.0,0.0,0.0,0.0,0.0,0.0,0.0,0.0,0.0,0.0,0.0,0.0,0.0,0.0,0.0,0.0,0.0,0.0,0.0,0.0,0.0,0.0,0.0,0.0,0.0,0.0,0.0,0.0,0.0,0.0,0.0,0.0,0.0,0.0,0.0,0.0,0.0,0.0,0.0,0.0,0.0,0.0,0.0,0.0,0.0,0.0,0.0,0.0,0.0,0.0,0.0,0.0,0.0,0.0,0.0,0.0,0.0,0.0,0.0,0.0,0.0,0.0,0.0,0.0,0.0,0.0,0.0,0.0,0.0,0.0,0.0,0.0,0.0,0.0,0.0,0.0,0.0,0.0,0.0,0.0,0.0,0.0
hsa.mir.744,0.0,0.0,0.0,0.0,0.0,0.0,0.0,0.0,0.0,0.0,0.0,0.0,0.0,0.0,0.0,0.0,0.0,0.0,0.0,0.0,0.0,0.0,0.0,0.0,0.0,0.0,0.0,0.0,0.0,0.0,0.0,0.0,0.0,0.0,0.0,0.0,0.0,0.0,0.0,0.0,0.0,0.0,0.0,0.0,0.0,0.0,0.0,0.0,0.0,0.0,0.0,0.0,0.0,0.0,0.0,0.0,0.0,0.0,0.0,0.0,0.0,0.0,0.0,0.0,0.0,0.0,0.0,0.0,0.0,0.0,0.0,0.0,0.0,0.0,0.0,0.0,0.0,0.0,0.0,0.0,0.0,0.0,0.0,0.0,0.0,0.0,0.0,0.0,0.0,0.0,0.0,0.0,0.0,0.0,0.0,0.0,0.0,0.0,0.0,0.0,0.0,0.0,0.0,0.0,0.0,0.0,0.0,0.0,0.0,0.0,0.0,0.0,0.0,0.0,0.0,0.0,0.0,0.0,0.0,0.0,0.0,0.0,0.0,0.0,0.0,0.0,0.0,0.0,0.0,0.0,0.0,0.0,0.0,0.0,0.0,0.0,0.0,0.0,0.0,0.0,0.0,0.0,0.0,0.0,0.0,0.0,0.0,0.0,0.0,0.0,0.0,0.0,0.0,0.0,0.0,0.0,0.0,0.0,0.0,0.0,0.0,0.0,0.0,0.0,0.0,0.0,0.0,0.0,0.0,0.0,0.0,0.0,0.0,0.0,0.0,0.0,0.0,0.0,0.0,0.0,0.0,0.0,0.0,0.0,0.0,0.0,0.0,0.0,0.0,0.0,0.0,0.0,0.0,0.0,0.0,0.0,0.0,0.0,0.0,0.0,0.0,0.0,0.0,0.0,0.0,0.0,0.0,0.0,0.0,0.0,0.0,0.0,0.0,0.0,0.0,0.0,0.0,0.0,0.0,0.0,0.0,0.0,0.0,0.0,0.0,0.0,0.0,0.0,0.0,0.0,0.0,0.0,0.0,0.0,0.0,0.0,0.0,0.0,0.0,0.0,0.0,0.0,0.0,0.0,0.0,0.0,0.0
hsa.mir.380,0.0,0.0,0.0,0.0,0.0,0.0,0.0,0.0,0.0,0.0,0.0,0.0,0.0,0.0,0.0,0.0,0.0,0.0,0.0,0.0,0.0,0.0,0.0,0.0,0.0,0.0,0.0,0.0,0.0,0.0,0.0,0.0,0.0,0.0,0.0,0.0,0.0,0.0,0.0,0.0,0.0,0.0,0.0,0.0,0.0,0.0,0.0,0.0,0.0,0.0,0.0,0.0,0.0,0.0,0.0,0.0,0.0,0.0,0.0,0.0,0.0,0.0,0.0,0.0,0.0,0.0,0.0,0.0,0.0,0.0,0.0,0.0,0.0,0.0,0.0,0.0,0.0,0.0,0.0,0.0,0.0,0.0,0.0,0.0,0.0,0.0,0.0,0.0,0.0,0.0,0.0,0.0,0.0,0.0,0.0,0.0,0.0,0.0,0.0,0.0,0.0,0.0,0.0,0.0,0.0,0.0,0.0,0.0,0.0,0.0,0.0,0.0,0.0,0.0,0.0,0.0,0.0,0.0,0.0,0.0,0.0,0.0,0.0,0.0,0.0,0.0,0.0,0.0,0.0,0.0,0.0,0.0,0.0,0.0,0.0,0.0,0.0,0.0,0.0,0.0,0.0,0.0,0.0,0.0,0.0,0.0,0.0,0.0,0.0,0.0,0.0,0.0,0.0,0.0,0.0,0.0,0.0,0.0,0.0,0.0,0.0,0.0,0.0,0.0,0.0,0.0,0.0,0.0,0.0,0.0,0.0,0.0,0.0,0.0,0.0,0.0,0.0,0.0,0.0,0.0,0.0,0.0,0.0,0.0,0.0,0.0,0.0,0.0,0.0,0.0,0.0,0.0,0.0,0.0,0.0,0.0,0.0,0.0,0.0,0.0,0.0,0.0,0.0,0.0,0.0,0.0,0.0,0.0,0.0,0.0,0.0,0.0,0.0,0.0,0.0,0.0,0.0,0.0,0.0,0.0,0.0,0.0,0.0,0.0,0.0,0.0,0.0,0.0,0.0,0.0,0.0,0.0,0.0,0.0,0.0,0.0,0.0,0.0,0.0,0.0,0.0,0.0,0.0,0.0,0.0,0.0,0.0
hsa.mir.3605,0.230789946,1.34301163,2.025210348,2.693323956,1.392930239,2.756667473,2.348961717,1.805361524,-0.799158532,1.070182177,-0.195661101,0.88011214,-0.591465431,-0.699905112,-0.456091398,1.333578779,1.367517394,1.202559572,-1.629711181,0.873677462,1.514760075,1.017149897,2.529541717,1.773886539,0.911719211,1.69599132,-0.309618768,-1.255466093,3.096878451,1.671402449,0.091925723,1.028748443,0.216661285,0.695240841,1.156961411,0.680478435,0.798057619,1.511376908,1.818622645,0.084060327,0.334782568,-0.768487348,-0.156621137,0.253337711,-1.090971769,0.668645855,-0.683364277,1.327789657,0.050872991,-0.918031821,-0.879697563,0.039803673,-0.913735118,2.899157693,2.540603303,1.290452442,1.806987473,0.691193922,0.920259499,-0.671470577,0.414734615,-0.197768406,-0.98387074,0.160734778,0.220646298,0.359477374,-0.187895257,0.353102586,-0.311218843,-0.015407258,-1.338460424,0.06936022,-0.367644515,-1.4112378,-0.286667947,-0.20155154,0.997086324,-0.962757336,-0.129623152,-1.457245203,0.961731386,0.904070412,0.635142685,-0.115288927,0.338324389,0.362330181,0.703107254,0.139586406,-1.539034089,-0.010112772,-1.025364089,0.403196949,1.027202549,-0.44371082,-1.043843009,1.268115194,0.438845484,-0.095913399,0.349745932,0.880668833,0.254427166,1.200629537,-0.362070843,0.371975406,-0.510952677,1.383802754,0.48545562,-0.707901444,0.313737396,1.683720015,0.021049747,1.108216981,-0.587937346,1.338236016,0.774760934,0.211422091,-0.02935234,-1.234133112,0.723118274,-0.476656715,-1.398193588,0.520416398,-0.57581045,0.318840055,-0.234291326,1.017487547,0.624333614,-0.259921142,1.352130938,-0.918169489,-0.752160152,0.306658671,1.485615977,0.343301618,-2.054182894,0.640072726,-0.243193865,-0.921511666,-0.294391879,-0.144177936,-0.360903321,0.091801469,-0.460463182,-0.710446448,0.559182317,0.067721714,-1.010857081,-0.812682624,-0.520442899,-1.178090262,-0.597806156,1.919005027,2.229933275,5.393140437,-0.465924895,0.173390065,1.845238061,3.302295343,0.04024328,1.345869961,-0.857807895,-0.892004197,-0.330219375,-0.458629643,0.697693197,0.354822702,0.060490395,0.254986173,-0.469564836,-0.964920518,-0.100733132,-1.666285235,-0.112234709,0.443383579,0.348722088,0.590975042,0.781847507,1.238417349,0.781012638,0.246766986,-0.908743647,-0.366757452,0.844373539,1.315439772,0.776797671,0.244053386,1.159585943,-1.666938989,-0.012716982,0.987441987,0.577113521,0.106794068,1.454932915,1.391879581,0.177120003,-0.087972767,-0.595745013,1.266995761,0.779309037,0.307935084,-0.155615602,-1.593178799,-0.372570379,-0.564283526,-0.42235778,-1.758370482,-1.404536139,0.888758739,-0.073056937,0.556265513,0.500727101,-0.313294305,0.596803665,0.125904888,-0.066483968,0.824526814,0.802661026,0.532679215,0.872938576,0.604806689,0.690867265,0.213759739,0.359092929,-0.192871236,0.130634054,0.044608872,-0.31926919,0.150166266,-0.511089683,1.154560645,-0.443704699,1.077555506,-1.516432666,0.051883165,-0.513594978,-0.748207701,-0.210358597,1.136015799,-1.011016368,0.174330688,0.732246493,-0.532008898,-0.911101703,-0.007234322,0.489549153,0.020213411,0.767996394
hsa.let.7a.2,-0.274019902,-1.059578832,-0.913297427,-1.73242792,-0.307805905,-0.005490663,-1.85199917,0.111097367,-0.74385652,-0.196098205,-0.651113044,2.084359454,0.161798165,0.718458121,-1.049261508,0.683093266,0.477820066,1.958764523,-1.260107479,0.897348638,-1.833196638,-1.909928929,-0.504559621,-1.002967942,-1.150272649,-2.344888934,0.204482186,1.115234641,-2.102987202,-1.856826718,0.08857658,-1.066079518,-2.144550263,-2.140044093,0.514200782,-0.369268148,-0.682111307,0.174651454,-1.139667909,-1.010455113,-1.149340466,-0.143021077,0.339849651,0.463231378,-0.738187345,-0.581830895,-0.328180915,-1.117676599,-0.534063922,0.472470511,-1.185562388,1.225701078,-0.534770117,-2.340078929,0.101862017,0.052122785,-0.351405275,0.922047372,0.900016329,-0.162998173,0.517443356,0.25376555,-0.929096392,-0.870131917,0.901879304,0.546481568,0.461089432,-0.04027665,0.433783183,0.422042272,-0.144333349,-0.162400607,-0.594339843,0.510729754,1.55959826,0.595635243,1.130139138,0.307723792,1.232814374,-0.847571157,1.638429059,1.882171167,0.409316034,-0.084315658,1.275242057,0.94632908,1.041581182,1.451759198,0.09741243,0.844503484,0.620683131,1.289719353,1.739766033,0.7022861,-0.649088473,2.552818696,0.765198725,0.735048479,-0.68822374,0.308056719,0.73812781,-0.397209384,1.179666343,-0.44732796,1.082475811,1.834610879,-0.339158069,-1.205402959,-0.295967244,1.395377816,-0.61908143,0.059689293,-0.025069682,1.694969167,0.415935447,0.121454452,0.784274031,-0.754638976,-0.373445692,0.236559763,-0.683157399,0.660330554,1.055582862,0.140762412,1.092835298,0.516719948,0.841267508,-1.165985887,-2.34813887,-1.022515141,-1.647202793,-0.617339384,0.082948435,-1.408265783,-0.674864679,-0.53845131,0.498098211,0.489658569,-0.148528385,-0.808351477,-1.225759168,-0.479183086,0.415939002,0.253755443,0.554258875,-0.453432945,-0.805933941,-1.260507861,-1.029671493,-0.026961111,1.12801862,-0.550839313,-0.620391869,-3.021383397,1.986583332,1.363315233,-1.780599473,-1.178843965,-0.008363648,-0.731180324,1.571228123,-1.014839983,1.947418013,2.589050298,1.434708993,0.164238762,-0.698322638,0.900944958,-0.403165221,-0.879918993,-0.162319052,-1.174929013,0.223123604,-0.769756829,1.221998352,0.869268429,1.22745556,-0.422930295,-0.33453976,0.847255513,-1.309290524,-0.002949647,1.070737286,1.047052729,0.287065931,0.888761291,0.577238961,-1.917347031,-0.45013134,-0.53395697,-0.044766861,-2.297758636,-0.992708035,-1.657068903,0.170780628,-0.386779409,-1.265682759,2.026592651,0.64370677,-0.283142994,-0.325928161,0.527028596,0.947349012,-0.071775502,-0.911712875,-0.206541456,-0.275345508,1.620835768,-0.584697033,0.771612187,1.988586899,-1.128753683,1.75719611,1.030058346,0.934080755,-0.487914299,0.182817928,-0.477685338,-2.010021225,-1.000680531,-0.96879105,0.372972105,0.510030875,0.804293441,0.822396398,1.666137166,0.37863962,0.574113898,0.45268725,0.954314636,0.681976759,1.16178122,-0.60111201,0.794298132,0.780344757,-0.769390542,-0.863747938,1.342759965,0.218613977,-0.173000095,2.107005481,0.254443912,-1.104681347,1.476480875,0.203080068,0.775636055,-0.213774886
hsa.mir.143b,0.0,0.0,0.0,0.0,0.0,0.0,0.0,0.0,0.0,0.0,0.0,0.0,0.0,0.0,0.0,0.0,0.0,0.0,0.0,0.0,0.0,0.0,0.0,0.0,0.0,0.0,0.0,0.0,0.0,0.0,0.0,0.0,0.0,0.0,0.0,0.0,0.0,0.0,0.0,0.0,0.0,0.0,0.0,0.0,0.0,0.0,0.0,0.0,0.0,0.0,0.0,0.0,0.0,0.0,0.0,0.0,0.0,0.0,0.0,0.0,0.0,0.0,0.0,0.0,0.0,0.0,0.0,0.0,0.0,0.0,0.0,0.0,0.0,0.0,0.0,0.0,0.0,0.0,0.0,0.0,0.0,0.0,0.0,0.0,0.0,0.0,0.0,0.0,0.0,0.0,0.0,0.0,0.0,0.0,0.0,0.0,0.0,0.0,0.0,0.0,0.0,0.0,0.0,0.0,0.0,0.0,0.0,0.0,0.0,0.0,0.0,0.0,0.0,0.0,0.0,0.0,0.0,0.0,0.0,0.0,0.0,0.0,0.0,0.0,0.0,0.0,0.0,0.0,0.0,0.0,0.0,0.0,0.0,0.0,0.0,0.0,0.0,0.0,0.0,0.0,0.0,0.0,0.0,0.0,0.0,0.0,0.0,0.0,0.0,0.0,0.0,0.0,0.0,0.0,0.0,0.0,0.0,0.0,0.0,0.0,0.0,0.0,0.0,0.0,0.0,0.0,0.0,0.0,0.0,0.0,0.0,0.0,0.0,0.0,0.0,0.0,0.0,0.0,0.0,0.0,0.0,0.0,0.0,0.0,0.0,0.0,0.0,0.0,0.0,0.0,0.0,0.0,0.0,0.0,0.0,0.0,0.0,0.0,0.0,0.0,0.0,0.0,0.0,0.0,0.0,0.0,0.0,0.0,0.0,0.0,0.0,0.0,0.0,0.0,0.0,0.0,0.0,0.0,0.0,0.0,0.0,0.0,0.0,0.0,0.0,0.0,0.0,0.0,0.0,0.0,0.0,0.0,0.0,0.0,0.0,0.0,0.0,0.0,0.0,0.0,0.0,0.0,0.0,0.0,0.0,0.0,0.0
hsa.mir.304,0.0,0.0,0.0,0.0,0.0,0.0,0.0,0.0,0.0,0.0,0.0,0.0,0.0,0.0,0.0,0.0,0.0,0.0,0.0,0.0,0.0,0.0,0.0,0.0,0.0,0.0,0.0,0.0,0.0,0.0,0.0,0.0,0.0,0.0,0.0,0.0,0.0,0.0,0.0,0.0,0.0,0.0,0.0,0.0,0.0,0.0,0.0,0.0,0.0,0.0,0.0,0.0,0.0,0.0,0.0,0.0,0.0,0.0,0.0,0.0,0.0,0.0,0.0,0.0,0.0,0.0,0.0,0.0,0.0,0.0,0.0,0.0,0.0,0.0,0.0,0.0,0.0,0.0,0.0,0.0,0.0,0.0,0.0,0.0,0.0,0.0,0.0,0.0,0.0,0.0,0.0,0.0,0.0,0.0,0.0,0.0,0.0,0.0,0.0,0.0,0.0,0.0,0.0,0.0,0.0,0.0,0.0,0.0,0.0,0.0,0.0,0.0,0.0,0.0,0.0,0.0,0.0,0.0,0.0,0.0,0.0,0.0,0.0,0.0,0.0,0.0,0.0,0.0,0.0,0.0,0.0,0.0,0.0,0.0,0.0,0.0,0.0,0.0,0.0,0.0,0.0,0.0,0.0,0.0,0.0,0.0,0.0,0.0,0.0,0.0,0.0,0.0,0.0,0.0,0.0,0.0,0.0,0.0,0.0,0.0,0.0,0.0,0.0,0.0,0.0,0.0,0.0,0.0,0.0,0.0,0.0,0.0,0.0,0.0,0.0,0.0,0.0,0.0,0.0,0.0,0.0,0.0,0.0,0.0,0.0,0.0,0.0,0.0,0.0,0.0,0.0,0.0,0.0,0.0,0.0,0.0,0.0,0.0,0.0,0.0,0.0,0.0,0.0,0.0,0.0,0.0,0.0,0.0,0.0,0.0,0.0,0.0,0.0,0.0,0.0,0.0,0.0,0.0,0.0,0.0,0.0,0.0,0.0,0.0,0.0,0.0,0.0,0.0,0.0,0.0,0.0,0.0,0.0,0.0,0.0,0.0,0.0,0.0,0.0,0.0,0.0,0.0,0.0,0.0,0.0,0.0,0.0
hsa.mir.107b,0.0,0.0,0.0,0.0,0.0,0.0,0.0,0.0,0.0,0.0,0.0,0.0,0.0,0.0,0.0,0.0,0.0,0.0,0.0,0.0,0.0,0.0,0.0,0.0,0.0,0.0,0.0,0.0,0.0,0.0,0.0,0.0,0.0,0.0,0.0,0.0,0.0,0.0,0.0,0.0,0.0,0.0,0.0,0.0,0.0,0.0,0.0,0.0,0.0,0.0,0.0,0.0,0.0,0.0,0.0,0.0,0.0,0.0,0.0,0.0,0.0,0.0,0.0,0.0,0.0,0.0,0.0,0.0,0.0,0.0,0.0,0.0,0.0,0.0,0.0,0.0,0.0,0.0,0.0,0.0,0.0,0.0,0.0,0.0,0.0,0.0,0.0,0.0,0.0,0.0,0.0,0.0,0.0,0.0,0.0,0.0,0.0,0.0,0.0,0.0,0.0,0.0,0.0,0.0,0.0,0.0,0.0,0.0,0.0,0.0,0.0,0.0,0.0,0.0,0.0,0.0,0.0,0.0,0.0,0.0,0.0,0.0,0.0,0.0,0.0,0.0,0.0,0.0,0.0,0.0,0.0,0.0,0.0,0.0,0.0,0.0,0.0,0.0,0.0,0.0,0.0,0.0,0.0,0.0,0.0,0.0,0.0,0.0,0.0,0.0,0.0,0.0,0.0,0.0,0.0,0.0,0.0,0.0,0.0,0.0,0.0,0.0,0.0,0.0,0.0,0.0,0.0,0.0,0.0,0.0,0.0,0.0,0.0,0.0,0.0,0.0,0.0,0.0,0.0,0.0,0.0,0.0,0.0,0.0,0.0,0.0,0.0,0.0,0.0,0.0,0.0,0.0,0.0,0.0,0.0,0.0,0.0,0.0,0.0,0.0,0.0,0.0,0.0,0.0,0.0,0.0,0.0,0.0,0.0,0.0,0.0,0.0,0.0,0.0,0.0,0.0,0.0,0.0,0.0,0.0,0.0,0.0,0.0,0.0,0.0,0.0,0.0,0.0,0.0,0.0,0.0,0.0,0.0,0.0,0.0,0.0,0.0,0.0,0.0,0.0,0.0,0.0,0.0,0.0,0.0,0.0,0.0
hsa.mir.758,0.0,0.0,0.0,0.0,0.0,0.0,0.0,0.0,0.0,0.0,0.0,0.0,0.0,0.0,0.0,0.0,0.0,0.0,0.0,0.0,0.0,0.0,0.0,0.0,0.0,0.0,0.0,0.0,0.0,0.0,0.0,0.0,0.0,0.0,0.0,0.0,0.0,0.0,0.0,0.0,0.0,0.0,0.0,0.0,0.0,0.0,0.0,0.0,0.0,0.0,0.0,0.0,0.0,0.0,0.0,0.0,0.0,0.0,0.0,0.0,0.0,0.0,0.0,0.0,0.0,0.0,0.0,0.0,0.0,0.0,0.0,0.0,0.0,0.0,0.0,0.0,0.0,0.0,0.0,0.0,0.0,0.0,0.0,0.0,0.0,0.0,0.0,0.0,0.0,0.0,0.0,0.0,0.0,0.0,0.0,0.0,0.0,0.0,0.0,0.0,0.0,0.0,0.0,0.0,0.0,0.0,0.0,0.0,0.0,0.0,0.0,0.0,0.0,0.0,0.0,0.0,0.0,0.0,0.0,0.0,0.0,0.0,0.0,0.0,0.0,0.0,0.0,0.0,0.0,0.0,0.0,0.0,0.0,0.0,0.0,0.0,0.0,0.0,0.0,0.0,0.0,0.0,0.0,0.0,0.0,0.0,0.0,0.0,0.0,0.0,0.0,0.0,0.0,0.0,0.0,0.0,0.0,0.0,0.0,0.0,0.0,0.0,0.0,0.0,0.0,0.0,0.0,0.0,0.0,0.0,0.0,0.0,0.0,0.0,0.0,0.0,0.0,0.0,0.0,0.0,0.0,0.0,0.0,0.0,0.0,0.0,0.0,0.0,0.0,0.0,0.0,0.0,0.0,0.0,0.0,0.0,0.0,0.0,0.0,0.0,0.0,0.0,0.0,0.0,0.0,0.0,0.0,0.0,0.0,0.0,0.0,0.0,0.0,0.0,0.0,0.0,0.0,0.0,0.0,0.0,0.0,0.0,0.0,0.0,0.0,0.0,0.0,0.0,0.0,0.0,0.0,0.0,0.0,0.0,0.0,0.0,0.0,0.0,0.0,0.0,0.0,0.0,0.0,0.0,0.0,0.0,0.0
hsa.mir.425,-1.691467714,0.006653876,-0.26155856,-0.544896811,-1.963341144,0.176868684,0.796008969,-2.102713211,-0.089907911,-0.956660998,0.945267935,-2.611295643,-0.734574585,-0.58635557,1.527435873,-2.089735541,-0.328166848,-0.606450346,2.356032304,1.39965055,0.616161557,-1.129571573,-0.508932764,-0.951026742,0.129327604,-0.068043598,0.437357783,0.145404496,-1.172664691,0.578196264,0.258822364,-0.44999107,0.155347772,-0.23532891,-0.940434978,0.481020527,0.22834349,0.293680214,1.308852344,0.410516117,-0.282924409,-0.79345683,-0.479342036,0.338501533,-0.513140774,0.293698588,-0.455399335,1.360729558,0.11841444,-0.128404147,0.725137598,-0.740409366,1.137612689,-0.830447077,-1.262878808,-1.410158482,0.780568013,-0.422731687,-0.457986605,-0.483803568,-0.325777916,-0.73241572,0.90861593,0.954507373,0.110098471,0.58772899,0.322189109,-0.600790893,-0.991595498,0.531173745,1.18515775,-0.383174466,0.347433809,-0.780810868,-0.631396348,-0.931139264,0.029804415,-0.788509893,-0.042269644,1.628221981,-0.35920618,-0.918179074,-0.185700573,-3.934427326,-1.44802549,-0.719476794,0.359671413,-0.495175535,-0.004040161,0.106568495,0.307511233,-0.797779502,-1.084638951,-0.159090816,-0.708970855,0.239258719,-0.318284442,0.026435692,-0.522854303,0.590186209,0.558628816,0.532923661,-0.302750613,0.516209285,-0.241295744,-0.803074359,0.795687588,-1.264969336,1.559796444,-0.178551337,0.867069449,0.355637212,1.030836467,-1.199189907,0.564546593,0.712951018,-2.012893805,1.10357056,-1.744431099,-0.073223638,1.95584073,0.129974622,0.804173567,-1.435903191,0.582273015,0.768191984,0.093851544,-0.17863903,-0.602163617,0.376742753,0.606617243,0.180025323,-1.019533802,-1.400054053,0.986804595,1.476379135,1.377429211,-0.853486057,0.119797146,0.817921349,-0.172966258,0.875231058,0.078744089,0.982982527,-0.264133615,-0.751286563,0.963293385,1.084405344,-0.279480323,1.896419731,-0.185074653,-0.414811758,-1.12661485,0.793578742,0.34610354,0.645567997,0.582616147,-1.429942198,-0.493388445,-0.473084533,0.777496358,0.025050474,-0.173872704,-0.33261444,-0.659930152,0.279699056,0.800236138,0.65531515,-0.085873065,0.318711326,0.016273678,-0.800914712,0.993232886,-0.424451642,-0.77122902,0.321714788,-0.450152865,0.335450182,0.115826332,0.365666244,1.089288292,1.559126761,-0.17165478,-0.651316809,0.636492007,0.531062702,-0.712514336,1.626749977,-0.744991859,-2.472874999,-0.871735112,0.950966141,-0.238425921,-0.520010539,0.472989205,-0.537554827,0.14063458,-0.34069894,0.713233515,0.095434068,0.003303426,1.076229809,0.646130656,0.961471085,1.639028901,-0.847688369,0.516178924,-0.587105651,1.41383016,-0.433812385,-0.820056161,1.643649743,0.010303411,-0.931294891,-0.944749914,0.787061311,0.996675728,1.524703521,-0.717541924,-0.047983109,0.134106303,0.810467422,1.059872376,-0.450308564,-0.026311715,-0.61131364,0.002376612,0.341938529,1.455993682,-0.868851972,1.128414099,-2.691724669,1.603225083,-0.506815556,-0.55734375,1.403290322,-0.587936654,-1.438733478,0.579422741,-0.044052665,-0.871510173,-2.096018917,1.104257527,-0.752088083,-0.087142748,0.09181464,0.932174536
hsa.mir.345,1.102602114,0.590388229,0.281043286,-1.200762421,-0.46985825,-1.145209222,-0.177137241,-3.648912219,-1.685854294,-0.06106841,-1.346072397,1.070791873,0.173777736,-0.572226816,1.197772636,0.925168474,0.159049774,2.19740166,-0.020587509,0.602633629,-0.302805326,-0.317634448,0.090788979,-4.556192459,-1.764766023,-4.509496028,-0.183791961,1.220723053,-2.07870531,-2.344875809,-0.429754211,0.256122109,1.709401521,-0.962118267,1.37668326,-0.153441988,0.915845626,-1.131154176,-0.182411097,-0.735627573,-0.702825728,-1.461669687,1.014107934,-0.13873527,-1.296026176,1.617518863,0.352567473,-0.858603441,-0.386506106,-0.311203607,-1.153590598,0.20449331,0.403463981,-0.671624244,-1.285814831,-2.415155466,-1.357550494,0.103342045,-0.514520232,-2.052369273,-0.918672249,0.231038576,-0.198219885,-1.867364369,-1.046684724,0.167520749,-1.229057676,0.470246254,-0.266194331,-0.306947948,1.073736639,-0.247209923,0.387479392,1.035789044,-1.330478916,0.40074406,-1.948193475,0.306990004,-0.531079416,0.089283346,-0.129075072,-0.800702688,0.566709442,-0.452522154,0.231456914,-0.469833763,-0.56823074,-0.569157069,-1.030091986,1.02319908,-0.713166899,0.728325338,-0.658107875,-0.507187308,0.484875363,-0.192370126,-0.997718058,0.363407338,0.67666246,-0.983840533,-0.069125864,0.193138057,-0.100304651,-0.365596762,1.155517656,-0.154352478,-1.397221331,-0.317399453,-0.657524823,-0.551085517,0.131454411,-0.295236242,-0.176322167,0.108448351,-2.200172251,-0.213406811,-1.896705742,-1.691677695,0.394263807,0.958327483,-0.272993757,0.481481013,1.03938338,0.309700202,0.322851987,1.140982932,0.21123621,-0.499037048,-0.449244405,-1.058059296,0.224692428,-1.543204618,-0.076108037,-0.53971885,0.955679491,-0.283563107,0.574484447,-0.274027006,1.163541174,-0.671941371,0.302177208,-0.039864922,0.485139949,0.846615091,-0.088451044,-1.151522767,0.05719301,0.641289735,-0.768861578,-1.101308663,0.70781248,-1.710934387,-1.816034786,-1.81800099,-0.202917329,0.502826977,-4.056334175,-1.356659484,1.198379848,-0.788568127,0.282942726,-1.477450921,0.442857461,1.687526964,0.388900388,-0.363529221,0.108275618,-0.019981631,0.375435531,1.271133263,0.084268463,0.008673255,0.818685371,0.786779947,-0.70051228,0.20616636,0.937206324,0.84347256,-0.029499488,-0.94317002,0.827267344,-0.732076201,0.957692893,0.117849528,0.495490488,1.6882628,0.29021821,-0.549483334,0.695068134,2.154787883,-0.339920766,0.000916656,-2.552471711,0.854470384,-0.470572093,1.639885165,-0.057515019,-0.845251047,-0.73724567,-0.330233843,-0.006075648,-0.613163269,0.227370115,0.241530039,0.050791393,0.022309977,0.991094003,0.388885201,1.506046382,1.48016958,-2.163649731,-0.325024771,1.00908224,0.176082851,0.762286786,0.008517894,-0.383701379,-0.843162031,-1.760682677,-0.107242887,0.923917036,0.126707845,0.211276588,0.402346473,-2.440987324,-0.869315602,0.689220608,1.331303448,0.365025011,-0.651234623,0.767106565,-0.636633111,-0.750204501,-0.455878289,-0.016449931,-1.308346833,0.583047597,-0.02155607,1.770536869,1.174330495,1.75074942,-1.236498661,0.201077316,-0.990798607,0.472092664,0.829490436,-1.42393712
hsa.mir.629,-0.111943275,-0.23502092,-0.916211217,-0.840561881,-1.796687337,0.478125508,0.281412902,-0.063746637,-0.14449058,-0.754578072,-0.263470706,-0.1836748,-1.38171439,-1.542592086,0.918925208,-0.470005745,0.043456252,1.781714889,2.036070927,1.792477908,0.417653308,-2.046797806,0.220419873,-0.373465822,-0.896693091,0.579837882,1.359993702,-0.519618961,0.228166847,0.202631053,-0.007177422,-0.044179286,-0.67808064,-0.216128808,-0.474378546,0.243361556,-0.991720261,-1.373301215,0.662398337,0.794203536,0.316943597,-0.593337761,-0.465266758,0.394361039,-2.122766266,-0.100322158,-0.929983428,-0.063009459,-0.710173056,-0.123377279,-0.020646781,-1.622601419,-0.583887303,1.350250325,0.60876094,0.137671226,-1.51298777,0.809304281,-1.84980574,-0.998537236,-0.086117361,-1.178119516,-0.621120399,0.483758801,0.615155753,-0.52366364,1.231390464,-0.568452217,0.057964508,0.602921659,1.36237362,-0.631440493,0.421368475,-1.312609166,0.115901808,0.377667586,-0.220403071,-0.220669207,0.38524175,3.458847659,0.907974433,1.235321472,0.313667075,-0.731044113,0.981056309,0.011760496,0.797458452,-1.949030068,-1.818946584,0.544731809,0.483489032,-0.703794535,-0.140610549,0.711081366,-1.260800769,-0.072094484,0.371469467,-1.659176001,-1.491586559,1.440265778,0.045712258,0.832833186,1.278947387,-0.743342219,-0.188354164,0.68065694,0.160201581,-0.816010592,1.143202375,0.750611279,1.014971087,-0.699725625,0.040275499,0.600312343,0.236394615,-0.124331456,-1.284151256,1.026668081,-1.216431333,0.995720751,1.237971351,0.576627276,1.294779342,-0.407903369,0.888749089,-0.241641549,0.117989139,-0.509364086,1.034099372,-0.259883287,0.874472732,0.123201273,0.721403241,-1.358415833,-0.354259528,1.219270286,0.378543506,0.04226028,0.232743759,0.952304056,-0.758247979,-0.00037069,-0.770936793,0.619615002,0.420172629,1.605184671,0.722545246,0.779934466,0.502658383,1.802797586,-0.979556174,0.124227147,-0.985333837,0.380552286,0.349884352,-0.700590268,0.909878744,1.150260865,-0.064049601,-0.536391698,0.903581312,-0.221065284,0.454285306,0.472779284,1.311079335,0.711040737,1.294079921,1.054148999,0.142955242,0.623767712,0.101005553,0.111066843,0.092629705,0.964010166,0.819341103,-0.504640181,0.459371158,-0.001263709,-0.197383141,0.017361852,0.686187807,2.063290658,-0.13390081,-1.817310125,0.70887644,0.349881175,0.506874923,1.18879417,-0.695588437,1.491743785,-2.261177914,-0.247280329,-0.96643875,-0.700194847,-0.930681074,-0.811252607,-1.226599996,0.094174141,0.175418773,-1.718850623,-0.247393939,-0.606217518,1.255527576,-0.610152895,0.9768164,0.627548331,-0.16315146,0.963819369,0.817850568,1.270026856,0.792385429,0.296718156,0.381164227,-0.528335718,-0.240618174,0.573085153,1.195209611,1.478533317,2.340212477,-1.289333804,-0.910501647,0.656038791,0.68506106,-0.260265765,-0.154929308,-0.155140441,-0.570030725,-0.087810345,1.140644953,0.012599015,0.410898121,2.248574624,0.832504373,-0.427262669,-1.327356441,1.713599035,-1.556585772,-0.704731585,-0.055413041,-0.654384793,0.88131286,-1.707326186,0.382607956,-0.804055562,-0.115237729,0.494303913,0.477864775
hsa.mir.301a,-0.901487071,0.452639278,-0.99728087,0.525828284,0.274764831,-0.316393456,0.604098735,0.15531968,-0.662877962,-0.086203084,-1.589927917,1.333877911,-1.682446195,0.151040906,-0.195058549,1.948306739,1.274656165,0.170678228,-0.591663343,-0.127851639,-0.56303176,-1.8191984,0.499656384,-0.007933248,-1.131243157,-0.481192923,-0.05663247,0.461204992,0.735310641,-0.999702743,-0.841215792,0.738261602,-0.246727087,1.372293094,-0.065139426,-0.714283148,-0.090083272,-0.917668063,-0.02621702,1.431654706,0.1186995,0.441003518,-0.337347209,-0.012026224,0.643873428,0.925256758,-0.20637306,-0.347326072,1.830683246,0.655296435,1.645812152,-0.423807204,0.727938647,-1.117929494,0.930623089,-0.091614717,-0.819674326,0.827806849,0.076038419,0.525263029,-1.126128682,-0.070239737,-0.852199141,1.241679662,0.141670123,0.666485661,0.536663599,0.930825553,-0.030772258,0.214377514,0.073645819,-0.659571889,0.004186518,-0.740878877,-0.233143755,-1.157915021,1.482440316,0.323141782,0.812597525,-2.023691527,-0.665254394,-0.089512755,0.2350844,-1.297231064,-0.324274204,0.366375002,0.038061372,1.383709854,-1.552424314,-0.966436766,-1.800123781,-2.134806642,-2.439332905,-0.111072493,0.757963659,-1.444124169,-1.355002899,-2.191879497,-1.422240762,-1.656381053,-0.754954223,-0.544367097,-1.375805748,-2.025096281,0.439181023,-0.03032924,-0.11219052,-1.173165712,-1.096429936,-0.311732379,-0.973392526,-0.70012688,-0.609380067,-0.524156067,-0.406947828,0.604273958,0.556009269,-0.51432724,-1.653341866,-0.486542835,-0.65214801,-0.208677107,-0.120322507,-1.931268639,-0.885815817,0.761767758,-2.119103834,0.652115133,1.283596713,2.100359714,-0.865310604,-0.974907077,2.04719731,0.155665258,0.222042029,1.632305232,-0.488610111,1.322764291,0.631481356,0.331533048,-0.524984096,-0.057190231,0.461488935,-0.547224695,1.2385768,1.567915783,0.332055553,1.633405896,-0.030563779,0.297694177,-2.704910818,-1.69913382,0.824115389,0.860033269,-0.061922384,0.060107889,-0.153636076,2.227795059,-1.610439516,-1.462495028,-0.081006548,1.184019476,-0.140110571,-1.507044031,-0.528285647,-0.309371631,-0.371407077,0.534923326,-1.362930996,1.208037815,0.178621766,-0.22708486,-0.163462646,0.571580037,0.08384481,-0.667690691,-0.742365574,-0.418932357,-0.352028094,-0.891303829,-0.663190304,-0.797365535,-0.905473307,-0.600989339,-0.14417428,-0.0661698,0.205749113,0.270312885,-1.124031561,1.190892644,-0.290913283,-0.273989093,1.289459734,1.425366896,-0.36195442,0.624351214,0.478347564,0.165686313,0.384725728,-1.218429731,1.496493374,-1.533595912,0.420681343,-0.59925907,0.189266815,-1.186329125,0.251977922,0.122118294,-0.249211951,-0.195565485,-0.248496671,-0.385945502,-0.474392798,-2.972198719,-0.825319514,-1.534652861,1.959737518,0.87939687,3.158272245,-1.220619056,0.051134905,-1.108639065,-0.626770359,-1.003760199,0.199913887,-1.635125094,-2.210445977,0.036992521,-1.009560296,0.247780725,-1.010916904,-2.092508648,-1.088232403,0.055189064,-0.163357879,-1.049061303,-0.319443548,0.193981078,-0.992684934,0.929189222,-1.225602865,-1.987462656,-0.052381541,0.305855624,-2.08617058,-0.963244296,-1.26110723
hsa.mir.252,0.0,0.0,0.0,0.0,0.0,0.0,0.0,0.0,0.0,0.0,0.0,0.0,0.0,0.0,0.0,0.0,0.0,0.0,0.0,0.0,0.0,0.0,0.0,0.0,0.0,0.0,0.0,0.0,0.0,0.0,0.0,0.0,0.0,0.0,0.0,0.0,0.0,0.0,0.0,0.0,0.0,0.0,0.0,0.0,0.0,0.0,0.0,0.0,0.0,0.0,0.0,0.0,0.0,0.0,0.0,0.0,0.0,0.0,0.0,0.0,0.0,0.0,0.0,0.0,0.0,0.0,0.0,0.0,0.0,0.0,0.0,0.0,0.0,0.0,0.0,0.0,0.0,0.0,0.0,0.0,0.0,0.0,0.0,0.0,0.0,0.0,0.0,0.0,0.0,0.0,0.0,0.0,0.0,0.0,0.0,0.0,0.0,0.0,0.0,0.0,0.0,0.0,0.0,0.0,0.0,0.0,0.0,0.0,0.0,0.0,0.0,0.0,0.0,0.0,0.0,0.0,0.0,0.0,0.0,0.0,0.0,0.0,0.0,0.0,0.0,0.0,0.0,0.0,0.0,0.0,0.0,0.0,0.0,0.0,0.0,0.0,0.0,0.0,0.0,0.0,0.0,0.0,0.0,0.0,0.0,0.0,0.0,0.0,0.0,0.0,0.0,0.0,0.0,0.0,0.0,0.0,0.0,0.0,0.0,0.0,0.0,0.0,0.0,0.0,0.0,0.0,0.0,0.0,0.0,0.0,0.0,0.0,0.0,0.0,0.0,0.0,0.0,0.0,0.0,0.0,0.0,0.0,0.0,0.0,0.0,0.0,0.0,0.0,0.0,0.0,0.0,0.0,0.0,0.0,0.0,0.0,0.0,0.0,0.0,0.0,0.0,0.0,0.0,0.0,0.0,0.0,0.0,0.0,0.0,0.0,0.0,0.0,0.0,0.0,0.0,0.0,0.0,0.0,0.0,0.0,0.0,0.0,0.0,0.0,0.0,0.0,0.0,0.0,0.0,0.0,0.0,0.0,0.0,0.0,0.0,0.0,0.0,0.0,0.0,0.0,0.0,0.0,0.0,0.0,0.0,0.0,0.0
hsa.mir.130a,-0.142490262,-2.198579551,0.452995104,0.986791686,-0.617885509,0.627956515,0.780728383,-0.166794054,-0.275743693,-0.464744585,-2.627517898,-1.667567003,-2.326388634,-0.016765076,0.764785432,1.049046972,0.155110406,0.385181093,0.508594136,1.149735688,0.553298846,-0.799631375,0.358609157,0.667067026,-0.686577105,-0.772667869,0.010139051,-1.216639811,0.47308003,0.583000526,-0.022359036,0.106204307,-0.150455041,0.90518895,0.073091235,0.82510277,0.252236396,-0.358293995,1.257840482,0.360995435,-1.251639302,-0.694285108,-1.138050395,0.256155028,-0.022266692,0.838894796,-1.019532814,1.254027007,-0.234377797,-0.13954768,1.175639721,-1.133478831,-0.617317528,0.765686125,0.405515295,0.758915002,-0.171509694,0.202236774,-1.278173616,0.024737652,-0.300544456,-1.47906821,-0.421235248,0.560562916,0.025795778,0.766427669,-0.322987399,1.076496543,-1.275459477,0.100772953,0.371275607,-1.840273377,0.671527045,-0.853840667,0.620514694,-0.954416332,0.172848009,0.537945984,0.424595713,1.237385685,-0.119835341,-1.523018324,1.053099735,-0.340411742,-0.915266641,0.361826402,0.38323603,0.065601358,-3.209076231,-0.38498074,-1.053800754,-2.547832583,-2.021700857,0.949474706,-0.031954508,-0.015053455,-0.456354322,-2.99825297,-0.165022667,0.807111656,0.078476631,0.829300679,-1.732240907,-2.351560708,0.666420977,0.258683499,-0.554134576,-2.419106849,0.283016305,1.212264567,0.58754186,1.532091456,-0.181503643,1.020896977,0.195537407,0.358095657,0.116294121,0.764968491,-2.153581426,-1.009279021,0.80082904,1.014983254,-0.149128975,-2.631699156,0.433167964,1.184434109,-0.799673988,-0.897022153,-0.02052933,0.85961335,-0.872095468,0.602264471,0.84505532,-2.980461866,0.33989335,1.59061597,0.68997735,1.012173032,-0.204825963,0.022152273,-0.919188026,1.960121539,-1.066028048,-0.204386161,1.373696992,0.832443266,0.378327169,1.356456716,-1.216829189,1.432224332,-1.801500982,-0.939592372,-0.162285072,1.332713486,-0.082545573,-0.284980444,0.36489783,1.882377156,-0.837167922,-0.687922829,0.225677588,1.137110603,0.248917422,-0.994275065,-0.56759962,0.036989244,0.003477195,-0.143220287,-0.645050581,0.495830529,0.052054535,-1.030340117,0.495913973,0.550703622,-0.286677588,-0.752423821,-0.102059612,1.196645722,-0.798321087,-0.677661129,0.656987134,0.431509161,0.780740778,-0.676099582,0.112761677,-0.179005127,0.429803869,0.055282237,0.2373605,0.509990261,-2.797303907,0.001917001,0.172223304,0.11280069,-0.637775439,-0.392544013,1.154262351,-0.02682855,0.902331692,-0.836739786,-0.080458556,-1.325205066,-0.053008196,0.201681543,0.659420083,1.023950587,-0.506672247,0.073815552,0.943623676,0.682834216,-0.418144734,1.36660951,-0.827704178,0.104832861,-0.854783531,-0.164892008,0.826057105,0.686583802,1.928865084,0.431918506,1.118890779,-0.067260255,0.206282932,-0.116414825,-0.006184355,-1.480869174,0.596497362,0.466142063,0.814027264,0.796949978,-0.226357968,0.262043502,0.892246503,-1.77246674,0.71478532,1.524255783,-0.097154718,-0.485152417,-0.139490569,1.802587778,-1.800525015,-2.229485288,0.987254752,-0.66356293,-0.110339618,-0.527936805,0.145384161
hsa.mir.130a.1,0.0,0.0,0.0,0.0,0.0,0.0,0.0,0.0,0.0,0.0,0.0,0.0,0.0,0.0,0.0,0.0,0.0,0.0,0.0,0.0,0.0,0.0,0.0,0.0,0.0,0.0,0.0,0.0,0.0,0.0,0.0,0.0,0.0,0.0,0.0,0.0,0.0,0.0,0.0,0.0,0.0,0.0,0.0,0.0,0.0,0.0,0.0,0.0,0.0,0.0,0.0,0.0,0.0,0.0,0.0,0.0,0.0,0.0,0.0,0.0,0.0,0.0,0.0,0.0,0.0,0.0,0.0,0.0,0.0,0.0,0.0,0.0,0.0,0.0,0.0,0.0,0.0,0.0,0.0,0.0,0.0,0.0,0.0,0.0,0.0,0.0,0.0,0.0,0.0,0.0,0.0,0.0,0.0,0.0,0.0,0.0,0.0,0.0,0.0,0.0,0.0,0.0,0.0,0.0,0.0,0.0,0.0,0.0,0.0,0.0,0.0,0.0,0.0,0.0,0.0,0.0,0.0,0.0,0.0,0.0,0.0,0.0,0.0,0.0,0.0,0.0,0.0,0.0,0.0,0.0,0.0,0.0,0.0,0.0,0.0,0.0,0.0,0.0,0.0,0.0,0.0,0.0,0.0,0.0,0.0,0.0,0.0,0.0,0.0,0.0,0.0,0.0,0.0,0.0,0.0,0.0,0.0,0.0,0.0,0.0,0.0,0.0,0.0,0.0,0.0,0.0,0.0,0.0,0.0,0.0,0.0,0.0,0.0,0.0,0.0,0.0,0.0,0.0,0.0,0.0,0.0,0.0,0.0,0.0,0.0,0.0,0.0,0.0,0.0,0.0,0.0,0.0,0.0,0.0,0.0,0.0,0.0,0.0,0.0,0.0,0.0,0.0,0.0,0.0,0.0,0.0,0.0,0.0,0.0,0.0,0.0,0.0,0.0,0.0,0.0,0.0,0.0,0.0,0.0,0.0,0.0,0.0,0.0,0.0,0.0,0.0,0.0,0.0,0.0,0.0,0.0,0.0,0.0,0.0,0.0,0.0,0.0,0.0,0.0,0.0,0.0,0.0,0.0,0.0,0.0,0.0,0.0
hsa.mir.374b,-2.706074293,-0.640298709,-0.644327567,-1.050484272,-1.302052495,0.179329957,0.063478456,-1.414047972,-0.121805852,-0.798300553,0.943064654,-2.463457276,0.415564902,-0.359928837,1.302569838,-2.006482047,-0.844591352,-0.367466072,2.100541778,1.219228173,-0.022558481,-0.459380005,-0.581958677,-0.258103037,-0.239125678,-0.331121764,0.462314697,0.06415724,-1.635777308,-0.050779583,0.564543438,-0.488213669,0.109824751,0.125858708,-0.947992125,0.430257806,0.222984119,0.491949932,0.502330659,0.704758752,-0.650773869,-1.014588202,-0.14235835,0.104444365,-0.544268201,-0.522762761,-0.185982828,0.887506402,-0.137611878,-0.074970025,-0.036658837,-0.165871676,1.175471721,-1.380352195,-2.027736062,-0.657193139,0.144149979,-0.585722522,0.529348917,-0.175479597,-0.4066015,-0.985438452,0.800194518,0.732576307,0.166039078,-0.136923256,-0.532377075,-1.149649355,-0.955769954,0.713030606,1.216207476,-0.042362746,0.145229415,-0.140949386,-1.106654601,-0.43328162,-0.366453544,-1.090035596,0.126116181,1.210846279,-0.022592433,-0.027395278,-0.527884539,-3.976538327,-1.099953742,-0.888964849,0.641407739,-1.121920936,1.00210572,0.047518487,1.755422971,0.227787237,0.629529757,-0.698653318,-0.177200766,1.365033351,0.042093576,1.145037888,0.376301222,0.456009953,0.428857675,0.119233446,-0.38099921,1.285628289,-0.397220993,-0.338582925,0.566614693,-1.392144675,1.53404075,0.050102693,0.615889953,-0.045685908,0.853610904,-0.860979943,1.108671542,0.516006648,-1.551047725,0.933231525,-1.091422005,0.208711486,1.729444858,0.285480222,0.923458251,-1.274140391,0.837956287,0.12519024,0.6683632,-0.41767768,0.0778664,-0.920290159,-0.437405127,0.40790128,-2.029059897,-1.607064866,0.86898899,1.063895315,1.439979451,-0.803540554,0.370550622,1.428837367,-0.127337473,0.466189986,0.400938064,1.11990592,-0.384874944,-0.987222286,1.610509091,0.402208654,0.460972383,1.025891259,-0.146070757,-0.33235058,-0.582361242,0.208929122,-0.154271544,0.471037788,0.390540494,-1.152144211,-0.779117371,-0.43181637,0.232277628,0.297582184,-0.345033755,-0.534188584,-0.759675299,0.232819693,0.594771701,1.088688259,0.193431508,0.599354918,0.219755843,0.030314339,0.713360512,-0.549140129,-0.893682367,1.078342244,-0.331311849,0.64097917,0.003715549,0.691280833,0.935956592,1.992545311,-0.264219874,-0.392604537,0.415400167,0.387162108,-0.884555808,1.496518499,-0.263144219,-2.995150772,-0.191461823,0.21430899,-0.494008957,-1.16900858,0.081591972,-1.13887726,-0.347370046,0.028874451,-0.020822768,0.746438923,-0.556620065,1.444878686,0.439549597,0.49542971,1.266862131,0.591087566,-0.517327058,-0.453372214,0.895689548,0.018734916,0.343474975,1.17613688,0.479007285,-0.350289121,-0.882369363,0.506914168,0.778321426,1.443351047,-0.766550029,0.800933508,-1.177335224,0.817670917,1.137335111,-0.32709944,0.401325056,-0.237578181,0.151802782,-0.350000833,1.504796517,-0.624286458,0.92365028,-2.338051983,1.482487201,-0.518247122,-0.686822126,1.41211648,-0.42002825,-0.236433205,0.150142927,-0.557191819,0.174142318,-1.960453402,0.886500354,-0.226844887,0.652657449,0.898169401,1.217064223
hsa.mir.188,0.680557719,0.98201316,0.180547499,1.599235255,-0.363382433,0.229204429,0.061995347,1.584567403,-1.229110481,-0.397043436,-2.475517293,-2.021866462,1.288169634,0.085343328,-1.138097376,-0.763088937,-0.620851235,1.195212361,-2.932479276,0.053631291,1.100567642,0.506656144,0.355988848,2.230460535,-0.195328563,1.778035155,0.465758238,0.941886259,-0.097310543,-1.206038173,1.077831368,0.547475898,0.383685991,1.035904756,0.643127924,1.577878103,0.097464965,1.370940877,0.26778159,0.324641071,-1.810244687,0.632659523,1.075160164,1.769322093,0.379283994,0.921741511,0.458552205,0.349692117,0.852222916,0.746844913,-0.662108792,-0.901924426,0.67267034,1.875091718,1.368909611,0.852779922,0.661510213,1.513097212,1.35416268,0.523396878,1.791153507,0.957595943,1.074591234,0.855082965,0.853047872,-0.49438707,-0.630450877,0.311676867,-1.475677639,-0.32745032,-1.069564071,1.207828084,1.157869608,-0.852717842,-0.21244304,0.005629457,-0.275857202,-0.147898363,2.005090078,0.386100683,0.65845051,0.649409639,0.310224156,-0.32228034,0.667162069,0.546824524,1.342320224,0.135416018,-0.725483946,0.660973978,-0.784579926,0.027597639,0.37698132,-1.292475323,-0.151826107,-0.022401388,-0.89826422,-1.920867893,-1.641276759,1.169924414,-1.476366595,0.183306399,-1.938038261,-0.955526078,0.089892307,0.447062434,-1.655583819,-2.273708574,-2.051919064,1.136915192,-0.863207035,0.894815135,0.175018813,0.109740981,-0.529217032,-0.651655045,-0.152126915,0.106638827,-1.865752342,-2.133391107,-0.140740779,0.017167049,0.838948904,-1.460118898,0.01072157,0.269942796,1.606184473,-0.731175248,-0.523847141,-0.738929861,-0.494131167,1.044894854,0.324589679,-0.357494243,0.686880055,0.044789965,-0.338673841,-0.103337521,1.538233997,-0.506129754,-0.443180656,1.045296786,0.867157448,-0.077508061,2.128806256,1.113396963,0.156340232,0.545427841,1.077837835,-0.395330769,-0.488829914,1.433655723,-0.07277172,0.48044286,-1.652128204,0.08629054,0.24996396,-1.068461243,0.665973186,1.180290874,1.042993084,0.171633454,0.814272045,0.903627747,1.805477551,0.216639023,-0.266351433,0.589865513,0.098519649,0.957917524,0.362241752,-1.199033765,-0.110272272,0.278781053,-0.968714577,0.584376745,-0.279900312,1.864402196,0.588426782,1.041785486,-1.127910554,-1.657486204,0.884478318,-0.195221026,-1.332746133,-1.225943429,-1.097278231,-0.360711219,-0.247282024,-1.184890164,1.941795099,0.1928266,0.028692474,0.074288646,1.266122342,1.4814368,0.726484915,1.80302933,1.433719391,0.107617463,0.607208084,0.023961043,1.172862229,-0.139185924,-0.80203189,1.19362514,-0.581781144,-0.10383235,-0.607810237,0.047217156,0.269696539,-1.023623437,1.438396197,-0.410982097,-0.540960164,-0.470864486,0.810861951,-0.564439844,-0.257226902,-0.241671263,-0.485449868,-0.487583898,-0.689543628,-0.056396395,-0.922722654,-0.30924049,-1.304730132,-0.453344866,-0.532214046,0.898614449,-1.383153661,-0.839232913,-1.419194996,-0.261152485,-0.831600945,0.150346116,-0.171377609,0.366447115,-1.3916819,1.173149942,1.344548237,-1.945371546,-0.107856698,0.221058424,0.72291442,0.412006715,-0.377012509
hsa.mir.188.1,0.0,0.0,0.0,0.0,0.0,0.0,0.0,0.0,0.0,0.0,0.0,0.0,0.0,0.0,0.0,0.0,0.0,0.0,0.0,0.0,0.0,0.0,0.0,0.0,0.0,0.0,0.0,0.0,0.0,0.0,0.0,0.0,0.0,0.0,0.0,0.0,0.0,0.0,0.0,0.0,0.0,0.0,0.0,0.0,0.0,0.0,0.0,0.0,0.0,0.0,0.0,0.0,0.0,0.0,0.0,0.0,0.0,0.0,0.0,0.0,0.0,0.0,0.0,0.0,0.0,0.0,0.0,0.0,0.0,0.0,0.0,0.0,0.0,0.0,0.0,0.0,0.0,0.0,0.0,0.0,0.0,0.0,0.0,0.0,0.0,0.0,0.0,0.0,0.0,0.0,0.0,0.0,0.0,0.0,0.0,0.0,0.0,0.0,0.0,0.0,0.0,0.0,0.0,0.0,0.0,0.0,0.0,0.0,0.0,0.0,0.0,0.0,0.0,0.0,0.0,0.0,0.0,0.0,0.0,0.0,0.0,0.0,0.0,0.0,0.0,0.0,0.0,0.0,0.0,0.0,0.0,0.0,0.0,0.0,0.0,0.0,0.0,0.0,0.0,0.0,0.0,0.0,0.0,0.0,0.0,0.0,0.0,0.0,0.0,0.0,0.0,0.0,0.0,0.0,0.0,0.0,0.0,0.0,0.0,0.0,0.0,0.0,0.0,0.0,0.0,0.0,0.0,0.0,0.0,0.0,0.0,0.0,0.0,0.0,0.0,0.0,0.0,0.0,0.0,0.0,0.0,0.0,0.0,0.0,0.0,0.0,0.0,0.0,0.0,0.0,0.0,0.0,0.0,0.0,0.0,0.0,0.0,0.0,0.0,0.0,0.0,0.0,0.0,0.0,0.0,0.0,0.0,0.0,0.0,0.0,0.0,0.0,0.0,0.0,0.0,0.0,0.0,0.0,0.0,0.0,0.0,0.0,0.0,0.0,0.0,0.0,0.0,0.0,0.0,0.0,0.0,0.0,0.0,0.0,0.0,0.0,0.0,0.0,0.0,0.0,0.0,0.0,0.0,0.0,0.0,0.0,0.0
hsa.mir.103a.2,-0.718068825,-1.265990242,-0.000358455,0.602433226,-0.307231599,0.610173999,0.058478951,1.138056383,-1.411287335,1.18386604,-0.965466066,-2.5174535,-1.716917328,-1.13228916,-0.386377915,0.804106493,-0.725438052,0.691861286,0.813679631,0.592504633,0.330025546,0.771593834,0.128098594,1.253582238,-0.044713547,1.09197416,0.787281561,0.308833008,-1.183229113,-0.606042154,0.78743461,0.806800433,1.135196607,-0.008319042,0.644615839,1.52994012,0.656582451,0.872839366,0.492235143,0.324095376,-0.842240392,0.623538528,0.501429879,1.151499395,0.26776035,0.173952812,0.273306996,1.957329804,0.94034688,-0.269496791,-0.052230312,0.340740433,-0.14189691,0.537904102,-0.442798872,-0.163892514,0.266851565,0.421771646,1.195692422,0.624583036,-0.321017585,0.16618245,1.114038865,0.45316523,0.178238753,-0.083890391,0.002308278,-0.89043943,-1.558431393,-0.141911133,-0.093920932,-0.437685015,-0.344482852,-1.719659822,0.416338361,0.570432287,-0.161478527,-0.769721487,0.664214286,-1.375131302,0.713227892,0.429062879,-0.448311639,0.825241313,0.220887364,0.180856725,0.867579406,-0.213707669,-2.511121497,-0.458219369,-2.707932492,-3.084765664,-2.667360494,-0.260274292,-0.336319258,1.518167989,-0.455159156,-0.915716277,-0.089416402,0.932479117,-0.358588697,0.321670576,-1.636132928,-2.160178371,0.748469524,1.325845089,0.096770766,-1.529666946,-0.036120805,0.456265971,0.177860274,0.695010437,0.007344169,-0.928909332,0.884523814,-0.143991347,0.75213652,0.288542072,-0.0995845,-1.094802444,0.478877138,-0.767031663,0.581821021,-2.300809999,0.548781025,-0.266535388,0.781827693,0.019471383,-0.293737521,-0.097020118,-0.680967971,0.459070148,1.006033809,-1.081453116,0.008062288,0.3495624,0.995502408,0.34077594,0.924847182,-0.621727693,-0.923213238,0.633035443,1.084979671,0.926849309,0.454890748,1.015625305,0.552362047,0.928487159,-2.903370861,0.204249613,-3.270468443,-0.074688622,0.377941496,-3.632727466,0.357274813,0.35489152,0.142256773,-0.257736044,-0.428329395,1.167108482,-0.368426824,-0.530811141,0.03328133,-0.145981034,0.467744728,0.773842049,0.174358749,1.002533155,-0.759799619,0.454745801,-0.559108539,-1.248354352,0.036829304,-0.086852674,-0.147842722,-3.963982299,0.84003361,0.746628443,-0.190503397,0.360928419,-0.41828308,0.676187487,-0.514505485,-0.469128753,0.25354254,-1.051041494,0.490178088,1.156589072,-0.39705756,1.549563445,-5.734701223,-0.556791134,-0.635116577,-0.211782944,1.613540041,0.61363601,0.627174314,0.7306598,0.44080482,0.247450531,0.134347343,0.635642127,0.545124511,0.393901818,0.472351123,0.902089343,-1.210584818,-0.15980148,-0.31516128,0.814820673,-2.002374543,0.14282806,0.520068067,0.070399331,-1.576544348,-0.679214218,0.269545159,-0.276127006,0.952152156,0.538483984,-0.582903153,0.38681179,0.20457203,0.047426517,-0.233745396,-1.495029517,0.435471009,-0.806140223,0.168070332,0.422299624,0.146829926,0.65553237,0.550591995,-1.447308397,-0.066030303,0.712398948,-0.826891438,0.860409789,-0.703723614,-0.14049129,-0.16850635,-1.646321509,0.254075413,0.854742309,-0.78545915,0.286699427,0.261643929
hsa.mir.116b,0.0,0.0,0.0,0.0,0.0,0.0,0.0,0.0,0.0,0.0,0.0,0.0,0.0,0.0,0.0,0.0,0.0,0.0,0.0,0.0,0.0,0.0,0.0,0.0,0.0,0.0,0.0,0.0,0.0,0.0,0.0,0.0,0.0,0.0,0.0,0.0,0.0,0.0,0.0,0.0,0.0,0.0,0.0,0.0,0.0,0.0,0.0,0.0,0.0,0.0,0.0,0.0,0.0,0.0,0.0,0.0,0.0,0.0,0.0,0.0,0.0,0.0,0.0,0.0,0.0,0.0,0.0,0.0,0.0,0.0,0.0,0.0,0.0,0.0,0.0,0.0,0.0,0.0,0.0,0.0,0.0,0.0,0.0,0.0,0.0,0.0,0.0,0.0,0.0,0.0,0.0,0.0,0.0,0.0,0.0,0.0,0.0,0.0,0.0,0.0,0.0,0.0,0.0,0.0,0.0,0.0,0.0,0.0,0.0,0.0,0.0,0.0,0.0,0.0,0.0,0.0,0.0,0.0,0.0,0.0,0.0,0.0,0.0,0.0,0.0,0.0,0.0,0.0,0.0,0.0,0.0,0.0,0.0,0.0,0.0,0.0,0.0,0.0,0.0,0.0,0.0,0.0,0.0,0.0,0.0,0.0,0.0,0.0,0.0,0.0,0.0,0.0,0.0,0.0,0.0,0.0,0.0,0.0,0.0,0.0,0.0,0.0,0.0,0.0,0.0,0.0,0.0,0.0,0.0,0.0,0.0,0.0,0.0,0.0,0.0,0.0,0.0,0.0,0.0,0.0,0.0,0.0,0.0,0.0,0.0,0.0,0.0,0.0,0.0,0.0,0.0,0.0,0.0,0.0,0.0,0.0,0.0,0.0,0.0,0.0,0.0,0.0,0.0,0.0,0.0,0.0,0.0,0.0,0.0,0.0,0.0,0.0,0.0,0.0,0.0,0.0,0.0,0.0,0.0,0.0,0.0,0.0,0.0,0.0,0.0,0.0,0.0,0.0,0.0,0.0,0.0,0.0,0.0,0.0,0.0,0.0,0.0,0.0,0.0,0.0,0.0,0.0,0.0,0.0,0.0,0.0,0.0
hsa.mir.139b,0.0,0.0,0.0,0.0,0.0,0.0,0.0,0.0,0.0,0.0,0.0,0.0,0.0,0.0,0.0,0.0,0.0,0.0,0.0,0.0,0.0,0.0,0.0,0.0,0.0,0.0,0.0,0.0,0.0,0.0,0.0,0.0,0.0,0.0,0.0,0.0,0.0,0.0,0.0,0.0,0.0,0.0,0.0,0.0,0.0,0.0,0.0,0.0,0.0,0.0,0.0,0.0,0.0,0.0,0.0,0.0,0.0,0.0,0.0,0.0,0.0,0.0,0.0,0.0,0.0,0.0,0.0,0.0,0.0,0.0,0.0,0.0,0.0,0.0,0.0,0.0,0.0,0.0,0.0,0.0,0.0,0.0,0.0,0.0,0.0,0.0,0.0,0.0,0.0,0.0,0.0,0.0,0.0,0.0,0.0,0.0,0.0,0.0,0.0,0.0,0.0,0.0,0.0,0.0,0.0,0.0,0.0,0.0,0.0,0.0,0.0,0.0,0.0,0.0,0.0,0.0,0.0,0.0,0.0,0.0,0.0,0.0,0.0,0.0,0.0,0.0,0.0,0.0,0.0,0.0,0.0,0.0,0.0,0.0,0.0,0.0,0.0,0.0,0.0,0.0,0.0,0.0,0.0,0.0,0.0,0.0,0.0,0.0,0.0,0.0,0.0,0.0,0.0,0.0,0.0,0.0,0.0,0.0,0.0,0.0,0.0,0.0,0.0,0.0,0.0,0.0,0.0,0.0,0.0,0.0,0.0,0.0,0.0,0.0,0.0,0.0,0.0,0.0,0.0,0.0,0.0,0.0,0.0,0.0,0.0,0.0,0.0,0.0,0.0,0.0,0.0,0.0,0.0,0.0,0.0,0.0,0.0,0.0,0.0,0.0,0.0,0.0,0.0,0.0,0.0,0.0,0.0,0.0,0.0,0.0,0.0,0.0,0.0,0.0,0.0,0.0,0.0,0.0,0.0,0.0,0.0,0.0,0.0,0.0,0.0,0.0,0.0,0.0,0.0,0.0,0.0,0.0,0.0,0.0,0.0,0.0,0.0,0.0,0.0,0.0,0.0,0.0,0.0,0.0,0.0,0.0,0.0
hsa.mir.3200,-1.092496415,0.01618106,0.07581942,-0.383086161,-1.182401132,-0.003496042,0.942473966,-2.374038423,0.169750104,-0.635897525,1.239224162,-3.024282523,-0.527015922,0.347586805,1.668006254,-2.111913441,-0.385602887,-0.207472727,2.442122905,1.450339199,0.921110181,-0.314136923,-0.376926258,-0.271616508,0.085065297,0.071905276,0.75633136,0.413255442,-1.20995642,-0.202040114,0.218036587,-1.027126673,-0.679728489,0.512231153,-1.23091517,0.814021914,-0.258661627,-0.273669349,1.09387411,0.905495653,-0.222461452,-0.471185976,-0.092888057,-0.235517709,-0.652333841,0.112069836,-0.591600328,1.577957286,0.43144997,-0.153694424,0.971716551,-0.687794656,1.325332836,-0.594806113,-1.142084342,-0.469763064,0.171818566,-0.483806374,-0.998787148,-0.583241708,-0.806624893,-0.958505377,0.764736685,0.738995332,0.276803442,0.31018827,0.743347309,-0.780814182,-0.745580756,1.080380667,1.630737206,-0.231506115,0.970817639,-0.296626745,-0.904927517,-0.568609277,0.006158487,-0.329141852,0.169377943,2.090713349,-0.306153652,-1.403987425,0.245123992,-3.008584643,-0.972742345,-0.183613878,0.90797563,-0.330879174,-0.66501168,0.698719129,0.767323556,-0.8147333,-2.179249027,0.116421198,-0.51465625,0.432656383,-0.408713956,-0.770869584,-0.852297452,0.557477674,0.864409372,0.665032884,-0.172595528,-0.14382538,-0.901172752,-0.88660561,1.044962342,-1.369864125,1.577336992,0.195873185,0.87185839,0.309435279,0.792487165,-0.889653052,0.610399529,0.653792931,-1.408625229,1.66594605,-0.628957043,0.027964661,1.907634538,0.254389192,0.910428138,-1.382738235,0.578661877,1.294005585,-0.659323511,-0.229831704,-0.549607734,0.605325554,0.346794849,0.246277601,-1.458753787,-1.187106653,1.126677114,1.417662843,1.031388404,-1.08924515,0.237764567,1.076280951,-0.062772036,0.675342115,-0.055152144,0.463806474,0.410162235,-0.934443197,1.056091376,1.243721231,-0.605632154,1.795223892,-1.698452283,-0.470103596,-0.847968429,-0.293139443,0.322230732,0.453896902,0.672995848,-1.004184326,-0.308789199,-0.233952622,0.574758141,0.520016019,0.055986405,-0.433661969,-0.675586881,0.694017723,0.81573196,0.972418342,0.567712365,0.958291367,0.720991598,0.465388289,0.925049054,-0.484280947,-1.409020979,0.025403565,-0.609542741,0.418136692,0.06042909,0.673050897,1.421695844,1.744317918,-0.005041905,-0.836120999,0.557236475,0.588101406,-0.32221755,1.517622723,-0.291885311,-1.571119498,-3.041193671,0.26591499,-0.075597323,-0.936219008,0.110322804,-0.451745423,-0.530023514,-0.698565783,0.67962545,-0.219190074,-0.295601701,0.457848145,0.47773036,1.037539577,1.828095932,-0.450238963,0.677409741,-0.932301109,1.40973849,-0.8572036,-0.95850924,1.546322538,-0.437723594,-1.680735244,-2.802685075,1.200154852,1.164496926,1.537805799,-0.156125692,0.313696757,-0.100117482,0.897092009,1.127758092,-0.898909693,0.289225219,-0.559695654,0.063681945,0.288079507,1.28603898,-1.183543218,0.728837297,-2.547382042,1.255234481,-0.871836574,-0.903029701,1.324497656,-0.508543948,-1.19306762,0.595615974,0.074223606,-0.913765093,-1.584392668,1.034751032,-0.522392272,-0.161930653,0.389958738,0.988502086
hsa.let.7e,0.349612114,-0.590056668,-2.413992803,-2.198868042,-0.952511139,-1.43941537,-2.007933778,-1.548661732,-0.561390678,-2.076606395,0.974582829,4.609472806,0.821288292,0.773861122,-1.741318645,1.185330734,0.687052568,-0.151582912,1.091184778,0.200387222,-1.465581895,-1.533234703,-2.274650958,-1.896698808,-0.233717478,-2.257080638,-0.51791919,-0.771947018,-1.330448497,-0.256101363,-0.170174842,-1.086512524,-2.05461006,-1.825182722,0.468633822,-0.528622971,0.008087338,-1.421248327,-1.670140096,-1.357838417,0.599845576,-1.025957461,-1.2474017,-1.123747889,0.041973363,-1.528511549,-0.159048512,-1.046029994,0.092177234,-0.272945198,-1.069497205,1.515207333,1.913201105,-2.029413979,-0.425511091,-1.798878705,-0.302972549,-0.965191754,-0.507743917,-0.110410952,0.438371659,-0.806536253,-0.152883353,-0.950587037,-0.360438628,0.682684219,1.216875922,0.154586694,0.882082774,-0.022634911,0.138009943,0.884624068,-0.537402311,1.009756757,0.378030077,-0.47682208,0.873321883,-0.909452432,-0.732851873,-1.106413773,-0.39930436,-0.145638907,-0.09635337,-1.034264844,0.579419166,-0.104188307,-0.511346319,0.990527219,1.257247998,0.592468274,0.296018307,1.049614465,1.467688614,0.249539192,-1.639507026,0.517747276,-0.204950534,1.094083107,0.114571637,0.147213387,-0.092551042,-0.477376441,1.636369058,-0.195069823,0.709146911,-0.379939937,0.097979995,-0.439477731,0.558084886,-0.282920778,-0.511740512,0.674798706,-0.025213209,0.971235773,-0.381230427,0.107041962,0.849892181,-0.145529134,0.492005411,1.516865104,0.44267981,0.494456217,0.385425816,0.320718981,0.062309496,0.215561749,-1.515909059,-1.027173964,-1.695393557,-1.058758495,-0.653576263,-0.809954719,-0.039794283,-0.091983433,-0.64850705,-0.489830485,-0.037984435,0.570563865,-1.386513526,0.578266658,-0.589182526,-1.196728105,-0.224148024,0.040424806,0.363551215,-0.863655743,-1.418958353,-0.185095838,0.271125595,1.964894103,2.656651684,-1.466645324,-0.860244894,-2.38975244,1.507999096,0.724809362,-1.883377275,-1.031992237,-0.095431544,-2.204726876,1.383352299,-0.759992472,2.534068272,3.462430802,-0.637427372,-1.016084554,0.65367137,0.396858646,-0.100569535,-0.82973786,-1.247866822,-1.160086644,0.349674138,-0.926713145,1.062341985,0.727382748,0.394764922,-0.709023566,0.534414556,0.152860306,0.621853823,1.54775307,0.572391088,1.295186033,-0.816207213,0.174015228,0.06313527,0.496113973,-0.37417883,-1.307471163,0.385285087,-0.754224469,-1.770108882,-0.920729063,0.331954462,-1.303389103,-0.336712899,-0.371684444,-0.925871599,-0.609454008,1.546285472,0.723544883,-0.090352088,-0.617449244,0.822144227,-0.671411921,0.859028517,1.641096603,-0.156314527,-0.811386684,0.182044191,-0.362565198,0.341861381,-0.151349028,0.615864682,0.248426623,-0.694438202,-0.275891555,-0.200377936,-0.125812746,-0.164272163,-0.237908658,0.380264503,0.892586016,0.140398084,1.641454576,0.244516071,0.53607633,1.147255002,0.675139341,0.827609247,-0.227367652,0.58543011,0.553112062,0.939529854,0.020996176,-0.420273331,-0.375714842,-0.172222408,-1.002133911,0.392789965,1.059160251,-1.211914971,0.937250198,0.767433835,-0.427865606,-0.020502057
hsa.mir.100b,0.0,0.0,0.0,0.0,0.0,0.0,0.0,0.0,0.0,0.0,0.0,0.0,0.0,0.0,0.0,0.0,0.0,0.0,0.0,0.0,0.0,0.0,0.0,0.0,0.0,0.0,0.0,0.0,0.0,0.0,0.0,0.0,0.0,0.0,0.0,0.0,0.0,0.0,0.0,0.0,0.0,0.0,0.0,0.0,0.0,0.0,0.0,0.0,0.0,0.0,0.0,0.0,0.0,0.0,0.0,0.0,0.0,0.0,0.0,0.0,0.0,0.0,0.0,0.0,0.0,0.0,0.0,0.0,0.0,0.0,0.0,0.0,0.0,0.0,0.0,0.0,0.0,0.0,0.0,0.0,0.0,0.0,0.0,0.0,0.0,0.0,0.0,0.0,0.0,0.0,0.0,0.0,0.0,0.0,0.0,0.0,0.0,0.0,0.0,0.0,0.0,0.0,0.0,0.0,0.0,0.0,0.0,0.0,0.0,0.0,0.0,0.0,0.0,0.0,0.0,0.0,0.0,0.0,0.0,0.0,0.0,0.0,0.0,0.0,0.0,0.0,0.0,0.0,0.0,0.0,0.0,0.0,0.0,0.0,0.0,0.0,0.0,0.0,0.0,0.0,0.0,0.0,0.0,0.0,0.0,0.0,0.0,0.0,0.0,0.0,0.0,0.0,0.0,0.0,0.0,0.0,0.0,0.0,0.0,0.0,0.0,0.0,0.0,0.0,0.0,0.0,0.0,0.0,0.0,0.0,0.0,0.0,0.0,0.0,0.0,0.0,0.0,0.0,0.0,0.0,0.0,0.0,0.0,0.0,0.0,0.0,0.0,0.0,0.0,0.0,0.0,0.0,0.0,0.0,0.0,0.0,0.0,0.0,0.0,0.0,0.0,0.0,0.0,0.0,0.0,0.0,0.0,0.0,0.0,0.0,0.0,0.0,0.0,0.0,0.0,0.0,0.0,0.0,0.0,0.0,0.0,0.0,0.0,0.0,0.0,0.0,0.0,0.0,0.0,0.0,0.0,0.0,0.0,0.0,0.0,0.0,0.0,0.0,0.0,0.0,0.0,0.0,0.0,0.0,0.0,0.0,0.0
hsa.mir.4668,0.709906217,-0.676434884,0.867880917,0.628810209,-1.565243441,0.208617403,0.15132234,-0.302936318,-0.612149778,0.431251416,0.634745389,-2.015090542,-1.469721555,1.173859415,-0.430339001,0.515350236,-0.122506238,-0.317826223,1.981437712,0.430620812,0.418188694,1.147836839,-1.111780405,0.690549823,0.600198878,0.063014723,0.661428933,0.35217379,0.285223171,1.224669016,1.442980861,-1.909766643,0.614201815,0.779452015,0.524767857,0.617501076,0.603223192,-0.217610304,0.105604229,0.348578343,-0.475677436,-0.441798767,0.270616858,0.03026853,-0.201844306,-0.209362281,0.341962363,0.852905862,-0.638032865,0.038136845,0.949491185,-0.02974351,0.67055538,0.870050991,-0.655697824,0.231889543,0.30089847,0.031485886,-0.342859,-0.04822076,0.054114625,-0.337009898,0.045604057,-5.65e-05,0.031020724,-0.299124254,-0.420980389,-0.461063974,-0.393236009,0.876815411,0.994088843,-0.814997382,0.725530779,-1.47527148,0.417282881,0.834622073,-0.480746371,0.697704071,-0.102495949,-0.517611919,-0.013492714,0.585756301,1.255261424,1.516603123,0.198490952,1.199175603,0.853064246,-0.377447289,-3.21796609,-0.970089634,-0.363669599,-1.951726444,-3.816690723,-0.09103346,-0.140678432,0.196750979,0.038259925,-1.875110159,-0.026243538,0.77594819,-0.053866487,-0.110835957,-0.816120809,-1.442674917,0.425610314,-0.211546663,0.766236886,-1.77802067,0.945697201,0.235459416,0.419182909,-0.05367214,0.606790238,1.416165101,0.499635904,0.016221452,0.241756344,0.649774644,-1.457829816,-0.493465374,1.245210406,0.183325708,0.643866676,-2.135652572,1.125006751,0.07896606,0.053555787,0.399634171,0.463205466,0.412907013,-1.154115575,0.46139073,-0.110560641,-1.570584377,0.561974817,0.995976391,0.958941877,-0.811144198,0.685791616,0.375645651,-1.678974116,0.59818463,0.067238729,0.150054901,0.196026181,1.846101967,0.59041291,0.068503428,-1.884693763,0.694478751,-3.270969154,0.061198398,0.798123425,-0.29969498,-0.156120329,-0.014592659,-0.43340507,-1.362960968,-0.916681855,0.753140064,-0.690793699,-0.94770077,0.422017421,0.148387007,-0.518365802,0.043794047,0.999055207,1.34355132,0.983629849,0.682802819,0.762926847,-0.380981933,0.627234808,0.603341676,0.384624553,-3.758884475,-0.130929691,0.08111983,0.90452136,0.368046538,1.328064825,1.978138958,0.863536086,0.669751018,0.770751475,0.517189928,1.130308776,1.36453894,0.178639373,-0.36569833,-3.675039716,-1.101327186,0.116882131,-0.092979349,0.047929948,-0.29213447,-0.304006133,-0.027809758,-0.248687348,0.453252025,0.079186663,-0.97203782,0.508396249,0.502845977,0.711701203,0.349362951,-0.085375817,-0.015496503,0.823074053,-0.536923306,0.591864227,1.232292499,0.476958211,1.177467668,0.220204258,0.629359038,0.737126356,0.890152531,-1.466705016,-0.140602494,-0.336812637,0.464507206,0.625785414,0.720697695,0.704329148,0.178271437,0.542585577,-0.96983726,0.990217934,-0.049507636,0.833278225,-0.226203673,0.821633693,-1.212741517,-0.430188276,1.224682289,-0.034354171,0.887593158,-0.410914797,0.55902893,-1.260331891,-3.662272684,1.109985893,-1.03153044,-0.406972806,0.352603264,0.992260513
hsa.mir.331,-0.907852055,-1.041712708,-1.045594768,0.177750332,0.954332499,-0.107351158,0.48686958,0.114487167,0.326273794,-0.533840412,-0.308610981,1.12065245,-0.388796884,1.160636004,-0.396243903,0.730547564,2.185395784,-1.344557873,0.089868581,0.17699832,-0.444610954,0.273349163,0.157919424,0.766479872,-0.109208714,0.568073127,-0.252982157,0.569054837,1.571846911,0.563045428,-0.834504872,0.348111394,-0.550680488,1.969224193,-0.726881706,-1.147441244,0.174945714,-0.614236602,-0.601896472,0.033925476,-1.317523547,-1.225485677,-0.955230442,-3.638606496,-0.697287414,-1.244595386,-1.359927541,0.077040776,-0.764872519,-0.047048864,1.295623282,-0.043236538,-0.478697466,-0.350935571,1.69662059,1.205152128,0.222917825,0.448198648,0.344935371,0.552009124,-1.423879979,-0.819480264,-0.904710663,0.432712384,0.982819808,0.43701748,-0.95218106,-0.129337085,-0.083395534,-0.856408972,0.082097554,-1.091768212,-0.40733817,0.760776335,-0.876870946,-0.895287934,0.084765183,-1.1098132,-0.218253341,-1.602439857,-0.503830978,0.400783728,0.067697641,-2.119731508,-0.676153632,0.635252019,-0.480402025,-0.313001812,-1.770718992,-2.690060875,0.970159655,-0.563308512,-0.926450902,0.180324,0.375190737,-0.547517036,-1.036307957,0.404242904,0.932753553,0.074401824,-0.532484225,-0.393301991,0.578588642,0.586444007,0.383415985,0.050867849,0.436703396,-0.409040974,0.6307783,0.626392862,0.035710419,0.270378482,0.419511422,2.771916797,-0.10790706,0.546915446,0.162774191,-0.16897347,-0.305405246,-0.361357689,-0.99705044,1.069585722,0.067480136,0.429514746,0.579738552,0.334544862,0.694436011,-0.398938527,3.099505516,-1.023860485,-2.819854699,-1.308462701,-0.365787121,-1.49674289,-1.090507217,0.330512542,-0.447557954,0.155051979,-0.139555537,-0.89569998,-0.176818554,-0.184945972,-0.469922402,-0.987207121,0.078767804,1.057574223,0.140167291,0.120366423,1.879508161,-1.109391269,0.112948216,-1.176123009,1.172022183,0.726912854,-1.057196099,0.072893369,-0.281507531,2.929449292,-0.180637141,0.255502479,-0.931882609,1.380101793,-0.184695028,-0.738237853,-1.153366057,0.215555335,-0.011168075,0.187885162,-1.163908361,-0.133923787,0.731896801,1.512523228,0.489006243,3.276237314,0.362433971,0.512939222,0.711819256,0.060588021,-0.132066532,1.252850431,-0.752142666,-0.251970973,0.576005233,0.898047732,0.611083948,0.625450371,-0.584965531,-1.935967151,0.894473133,-1.291140155,-0.147287216,0.061905542,0.829862946,0.436369942,-1.170120137,-0.596359548,-0.123529271,-0.521454783,-1.169721961,-0.494169948,0.815434558,-0.600469638,-0.871584469,-0.386703406,-1.364607434,-0.216964189,-0.673903493,0.889314385,-0.330097158,0.250287855,2.060308288,-0.255209938,0.278731164,0.65268213,0.169937552,0.352648991,0.064505708,0.404158002,1.486940916,2.646643651,0.707316617,-1.320172295,-0.07559748,0.676310703,1.938121837,0.670922885,0.74829917,0.484973819,0.296348182,1.13212977,0.487863555,-0.489574473,-0.208307777,1.36873867,0.670712297,2.185946342,0.638068558,1.549193403,0.322543914,-0.153212422,0.275727654,1.242937161,-0.144464348,1.051766316,0.536811556,-0.683312751,-0.741083053
hsa.mir.152a,0.0,0.0,0.0,0.0,0.0,0.0,0.0,0.0,0.0,0.0,0.0,0.0,0.0,0.0,0.0,0.0,0.0,0.0,0.0,0.0,0.0,0.0,0.0,0.0,0.0,0.0,0.0,0.0,0.0,0.0,0.0,0.0,0.0,0.0,0.0,0.0,0.0,0.0,0.0,0.0,0.0,0.0,0.0,0.0,0.0,0.0,0.0,0.0,0.0,0.0,0.0,0.0,0.0,0.0,0.0,0.0,0.0,0.0,0.0,0.0,0.0,0.0,0.0,0.0,0.0,0.0,0.0,0.0,0.0,0.0,0.0,0.0,0.0,0.0,0.0,0.0,0.0,0.0,0.0,0.0,0.0,0.0,0.0,0.0,0.0,0.0,0.0,0.0,0.0,0.0,0.0,0.0,0.0,0.0,0.0,0.0,0.0,0.0,0.0,0.0,0.0,0.0,0.0,0.0,0.0,0.0,0.0,0.0,0.0,0.0,0.0,0.0,0.0,0.0,0.0,0.0,0.0,0.0,0.0,0.0,0.0,0.0,0.0,0.0,0.0,0.0,0.0,0.0,0.0,0.0,0.0,0.0,0.0,0.0,0.0,0.0,0.0,0.0,0.0,0.0,0.0,0.0,0.0,0.0,0.0,0.0,0.0,0.0,0.0,0.0,0.0,0.0,0.0,0.0,0.0,0.0,0.0,0.0,0.0,0.0,0.0,0.0,0.0,0.0,0.0,0.0,0.0,0.0,0.0,0.0,0.0,0.0,0.0,0.0,0.0,0.0,0.0,0.0,0.0,0.0,0.0,0.0,0.0,0.0,0.0,0.0,0.0,0.0,0.0,0.0,0.0,0.0,0.0,0.0,0.0,0.0,0.0,0.0,0.0,0.0,0.0,0.0,0.0,0.0,0.0,0.0,0.0,0.0,0.0,0.0,0.0,0.0,0.0,0.0,0.0,0.0,0.0,0.0,0.0,0.0,0.0,0.0,0.0,0.0,0.0,0.0,0.0,0.0,0.0,0.0,0.0,0.0,0.0,0.0,0.0,0.0,0.0,0.0,0.0,0.0,0.0,0.0,0.0,0.0,0.0,0.0,0.0
hsa.mir.30c.1,1.683002399,-0.043478618,0.758635604,0.967937628,1.419408764,0.280435143,1.083613728,2.096597284,0.15576218,-0.436593839,-0.163424741,-1.602491126,0.4796574,1.077135799,0.47319775,1.060583496,-0.574224525,-1.482566154,-0.555938903,-0.165005364,-0.168125198,1.537696621,0.314508092,-0.070550214,1.181460115,0.654826023,0.173591968,1.271986354,-1.023799522,-1.406947364,0.136008221,-0.454203579,0.814113206,-0.259093916,-0.16403454,-0.262716146,-3.009919678,-1.940904882,-2.319831279,0.827305012,0.190130822,-0.175104238,-0.580675197,0.429470255,2.055249536,-0.09690382,0.341124086,1.071750252,-0.159215962,-1.557833836,0.637516483,-0.504664725,-2.248525801,-1.918880276,-1.655879545,1.495734813,0.781051894,-0.314273461,1.237239765,1.737211843,0.611338961,0.492136969,0.627986987,0.555304764,0.915358977,-0.414303689,0.829955327,0.905535302,1.168382255,0.575862172,0.204361047,0.157909497,-0.175014725,0.484914805,0.868718881,0.737585132,1.230193676,1.071084099,1.55147461,2.40243504,0.078134089,0.567510943,0.413911884,2.517973137,1.128859775,1.799824448,0.970473831,0.904068196,2.073883874,0.510918725,1.301491429,0.728418736,0.314420075,1.980444465,-0.378670698,-1.620893835,0.001071182,-0.033756472,1.353911163,0.578704452,-0.014043848,1.188041995,-1.56217966,-0.821862765,0.939834756,-0.197888822,0.522546435,-0.174613086,-1.314286325,-0.028838798,0.081510094,0.802941487,-0.168351078,-0.613683024,-1.096013833,-0.267239024,0.92152199,-0.828099382,-1.090892175,-0.176788667,0.606484604,0.763415909,-0.659246539,1.821972625,0.112161785,-0.046755305,-0.308783702,0.989194192,1.005624808,0.96382292,-0.198826306,1.542860448,1.574760905,0.61250627,-0.583212224,-0.466377988,-0.054376781,-0.624837368,0.112040942,0.402461224,0.486766881,0.321002879,0.194173821,0.02793875,-0.603311359,0.732874904,0.444893349,-0.239208785,-0.59781038,-0.857780261,-0.320319269,0.366441375,1.919036605,-2.715757289,0.241967617,-0.363881982,-5.2098458,-1.994726979,-0.376619857,2.115405799,0.421493788,1.517041345,1.154733472,0.984254197,-1.474001459,-0.715137841,0.219901682,-0.729731273,1.137197851,1.196372843,-0.795663439,0.009084558,0.275511181,-0.79933845,0.776282762,-0.859088711,-1.194132408,0.679015047,-0.955744772,-0.822579193,-0.71142026,-0.562044246,0.489249164,0.410288482,0.477897685,-1.807786076,1.365676582,0.476000644,-1.224537913,0.792673992,0.356396523,-0.298856683,0.803471274,0.603324338,0.999457047,-0.593667288,1.480095265,0.177548813,-0.136595669,0.859966318,1.02888512,-0.253460666,-0.516596478,1.474841939,-0.46843952,0.545878744,0.772033451,0.86485382,0.201751848,0.055358123,-0.108525149,-0.823211358,0.694741742,0.528635286,-0.340761176,-1.425798495,-1.056508287,-0.78135623,-0.722854545,-0.526077245,1.305159011,-1.781792315,-0.192863501,1.208348092,0.198407125,0.204123253,0.607562144,0.435343884,0.058990398,1.368578266,-0.643420084,-0.453749356,-0.634967017,-0.627704463,0.553983849,0.08511822,1.823514233,-0.087486856,0.530211628,0.812439016,-3.048597331,0.642125089,0.322138363,0.380529424,0.802333321,-0.14994318,-0.38300524
hsa.mir.18a,0.831583176,0.809114094,0.010997146,1.585984797,-0.53802261,0.132177281,0.043796947,1.639482288,-0.803420922,-0.493819235,-2.051891934,-1.876724266,1.857936885,0.195755502,-0.813941792,-0.46309221,-0.502704786,0.984542981,-2.571766972,-0.033663827,0.94474219,0.512326402,0.161506639,2.175503559,-0.197552241,1.943698076,0.618069974,1.155423745,-0.265998763,-1.332578901,1.025311232,0.478400069,0.455150042,0.915757078,0.444907058,1.431288856,-0.17904875,1.07984997,0.11921432,-0.205245942,-2.106858189,0.577513557,0.851760731,1.560711716,0.363218979,0.845688715,0.14962677,0.359072873,0.77288675,0.536629405,-0.743676223,-0.884838691,0.859350539,1.773886867,1.286299551,0.747948414,0.524132557,1.307700199,1.140377651,0.577232432,1.735213607,0.810942398,1.003156066,0.844807047,0.723407382,-0.825461408,-0.64913766,0.09283619,-1.468577316,-0.179412161,-0.863638502,1.755661349,1.459831145,-0.624287663,-0.090032268,0.338925612,-0.127906842,-0.121953881,1.936574023,0.452364229,0.825787271,0.692977493,0.420518245,-0.294948978,0.911332865,0.764180789,1.350421105,0.237802558,-0.71585937,0.844569001,-0.689753446,0.291488852,0.62694899,-1.096112455,-0.125498324,0.076918155,-0.708568095,-1.762573402,-1.437346406,1.314363971,-1.311164614,0.401569531,-1.949585535,-0.605506631,0.243136027,0.496907857,-1.523067825,-2.430096924,-1.968372054,1.283475238,-0.752787072,1.149673889,0.114729283,0.177939855,-0.553659891,-0.667200179,-0.052573826,0.303820736,-1.626972287,-2.180468456,0.378166578,0.21321079,0.938212248,-1.648214134,0.282876368,0.305456199,1.626844069,-0.979331002,-0.664535186,-0.833281791,-0.919447471,0.78919676,0.135843284,-0.304426732,0.566822421,-0.100495641,-0.273951072,-0.035088922,1.231299447,-0.708851785,-0.819615822,1.14449394,0.874612119,-0.104603456,1.880119673,1.046986592,0.37555378,0.510156302,1.077909414,-0.700620968,-0.532517208,1.383743776,-0.118506755,-0.385758279,-1.668880526,0.045699573,0.146969995,-1.268024538,0.793413204,1.323851228,0.849389732,-0.167328171,0.823593998,0.979734254,1.511868309,0.249124014,-0.36547633,0.884075962,0.469666697,0.90089337,0.460902766,-1.029514816,0.032000278,0.408719467,-0.751245388,0.739872772,-0.356172286,1.971201004,0.794928998,1.150043187,-0.71307121,-1.689848149,1.010697773,-0.002354025,-1.302110931,-1.06588053,-0.86177198,-0.534892551,-0.12990341,-1.193277278,1.821388124,0.324395724,-0.036507088,0.026651218,1.091552457,1.188559428,0.686964728,1.438817212,1.178283594,0.026800901,0.65072768,0.387298153,1.013692478,-0.183240042,-0.882992915,1.489368101,-0.539200334,0.003262188,-0.705251195,-0.022289915,0.456570249,-0.962638652,1.478667733,-0.202078545,-0.452191041,-0.15900027,0.933474937,-0.514349514,-0.142062592,-0.055943796,-0.418995278,-0.360193745,-0.576251613,0.040831749,-0.900856846,-0.266186875,-1.129010747,-0.298223705,-0.424699197,1.016302608,-1.27869558,-0.599086741,-1.332659443,-0.003713361,-0.831710427,0.233245485,0.102297585,0.672004082,-1.18191924,1.380402912,1.354783496,-1.657739818,-0.0683228,0.394277075,1.166512457,0.519374748,-0.15463531
hsa.mir.182,0.012830362,-0.73765681,-0.658545613,-0.692243654,-1.728343883,0.090516232,-0.771761133,0.010837278,-2.013269854,-0.339020782,-0.971113649,1.686289062,-0.122203936,-1.671106733,0.083872987,0.063953475,0.353323696,2.809434409,-0.274635961,0.21899645,-1.112163216,-0.946617702,0.073998756,-0.951919996,-0.196868027,-0.559296889,-0.030646471,-2.165393357,-4.44547303,-3.526753727,0.667774575,0.086503569,-0.405540281,-0.59657032,0.36460958,0.000876352,0.255110469,0.572961918,-0.498843076,-0.655652227,-0.101201895,-0.074724088,0.824531874,0.924144419,0.497078275,1.047641607,1.109268845,0.643673474,0.171886118,0.985373041,-0.53322078,0.343213537,-0.895549501,-3.26495933,-2.759292498,-0.447773041,-1.700689052,0.228376983,-0.621212801,0.327163637,0.091359051,0.287406944,-1.26857505,0.864887965,1.491998277,0.200669304,-0.367030281,-0.311154651,-1.553046702,-0.373751365,0.600218226,-1.409627115,-0.299993497,-0.821923842,-0.514643593,-0.648319327,-0.501475214,-0.791129814,0.098645716,-1.399158068,-0.386487776,0.522279601,-0.566267454,-0.33705762,-0.472049087,-0.454613543,-0.199946088,-0.009262515,-1.438347117,-0.250665113,-4.266498116,-1.733579187,-0.789018964,-0.074317207,-0.990032034,0.812793302,0.968803162,0.195709279,-0.981986097,0.524701732,0.744613436,0.875335062,-0.548311607,-0.180179787,0.742515907,0.749156515,-0.131360036,-0.965627616,-0.621227061,1.030833723,1.042334893,0.993876578,0.47431419,0.442992048,0.170585306,-1.13410441,0.711954549,-0.45798177,0.070702194,0.330392186,0.918648364,-0.011083536,1.876636015,-1.151643242,0.966366831,0.516793843,1.32453249,-0.258559933,-1.729511095,0.209537123,-0.962496876,-0.494928637,-0.008922419,-0.712409883,0.271817382,0.896942358,-0.14696791,0.642458702,-0.400892496,-0.710400574,-0.67023024,0.166513161,-0.92710548,0.182449109,-0.752347279,0.865511919,1.379591974,-0.966660007,-1.873669021,-1.08231946,-1.380469878,-1.058585591,-1.383315137,-3.67155575,0.697294573,1.012535337,-3.12028211,-1.91444102,1.304523605,-0.279806548,0.634619457,-0.937718767,0.599425683,-0.012844356,0.847832234,0.159878949,-1.153524945,-0.413953274,0.034274373,-0.84955581,-0.647289888,-0.417891212,0.274396377,-0.572108491,0.609607787,-0.721941911,0.356631326,0.738805053,0.48864733,1.45726986,0.606062912,-0.51128766,0.849812361,0.681443277,0.106045702,0.94762908,0.768596859,-0.932759659,0.220645514,1.225560641,-0.998076109,-1.027958028,0.144196883,0.404085976,-0.160252105,0.629475511,-0.005800088,0.826543084,-0.359056363,-0.414670318,-0.224539722,-0.538900327,0.533928629,0.221195425,0.456154587,0.000531396,0.280617395,1.002289646,1.349987765,0.793043732,1.966022227,0.477808619,1.347193097,0.409972295,-0.796934956,0.346706912,0.860133269,-0.483569247,-0.468661526,-0.305088247,0.128797194,1.30314738,1.547584186,0.416555755,0.592055835,0.690063174,0.345605604,0.794509754,0.370754114,0.675006251,-0.058758498,1.144176623,-0.254482134,0.147412562,0.552897887,0.21185047,-0.132911184,0.440343161,1.617684646,0.140236822,1.899236002,-3.448987711,-0.239992729,0.187702955,0.35463039,1.382510028,0.862468343
hsa.mir.182.1,0.0,0.0,0.0,0.0,0.0,0.0,0.0,0.0,0.0,0.0,0.0,0.0,0.0,0.0,0.0,0.0,0.0,0.0,0.0,0.0,0.0,0.0,0.0,0.0,0.0,0.0,0.0,0.0,0.0,0.0,0.0,0.0,0.0,0.0,0.0,0.0,0.0,0.0,0.0,0.0,0.0,0.0,0.0,0.0,0.0,0.0,0.0,0.0,0.0,0.0,0.0,0.0,0.0,0.0,0.0,0.0,0.0,0.0,0.0,0.0,0.0,0.0,0.0,0.0,0.0,0.0,0.0,0.0,0.0,0.0,0.0,0.0,0.0,0.0,0.0,0.0,0.0,0.0,0.0,0.0,0.0,0.0,0.0,0.0,0.0,0.0,0.0,0.0,0.0,0.0,0.0,0.0,0.0,0.0,0.0,0.0,0.0,0.0,0.0,0.0,0.0,0.0,0.0,0.0,0.0,0.0,0.0,0.0,0.0,0.0,0.0,0.0,0.0,0.0,0.0,0.0,0.0,0.0,0.0,0.0,0.0,0.0,0.0,0.0,0.0,0.0,0.0,0.0,0.0,0.0,0.0,0.0,0.0,0.0,0.0,0.0,0.0,0.0,0.0,0.0,0.0,0.0,0.0,0.0,0.0,0.0,0.0,0.0,0.0,0.0,0.0,0.0,0.0,0.0,0.0,0.0,0.0,0.0,0.0,0.0,0.0,0.0,0.0,0.0,0.0,0.0,0.0,0.0,0.0,0.0,0.0,0.0,0.0,0.0,0.0,0.0,0.0,0.0,0.0,0.0,0.0,0.0,0.0,0.0,0.0,0.0,0.0,0.0,0.0,0.0,0.0,0.0,0.0,0.0,0.0,0.0,0.0,0.0,0.0,0.0,0.0,0.0,0.0,0.0,0.0,0.0,0.0,0.0,0.0,0.0,0.0,0.0,0.0,0.0,0.0,0.0,0.0,0.0,0.0,0.0,0.0,0.0,0.0,0.0,0.0,0.0,0.0,0.0,0.0,0.0,0.0,0.0,0.0,0.0,0.0,0.0,0.0,0.0,0.0,0.0,0.0,0.0,0.0,0.0,0.0,0.0,0.0
hsa.let.7d,0.407869692,0.683417627,-0.483444524,0.916590341,-0.401615734,0.961966347,-1.069190098,2.375852408,-1.15659832,-0.478833554,-0.934460185,1.146783388,-1.422598049,-0.061653039,-0.33861422,0.507096098,1.751354495,-2.180921162,-0.173165667,-1.044661916,-1.310541824,-0.234721113,1.094399314,-0.346769106,0.334223812,0.590858475,-0.788736303,-0.545004508,0.320141374,2.963595041,-0.237988425,0.382982997,1.376553052,-1.266821631,0.104033583,0.080564136,-1.093059973,-0.005770732,-0.844655219,-0.138123562,-0.754258102,0.731501925,-0.133403504,-0.586544256,0.683495187,-0.748426229,-0.059801842,0.162611627,1.606083784,0.053287747,-0.551568061,-0.349015806,-0.941539803,-0.381438832,3.084189569,-0.956953322,-0.376369982,0.476694726,1.883535849,0.8248746,-0.087983374,0.112452533,-0.094160025,0.389251663,-0.491285304,-0.506378643,0.571934275,0.288596442,1.084657116,-0.239474906,-1.395970132,-0.455571704,-0.8627044,-0.150376616,-0.467160351,-0.340886416,1.167551726,1.02786468,0.891330198,-1.403527007,0.471724829,0.390995884,0.823228285,1.587774315,-0.069563746,0.473607202,0.084684362,2.509632914,-0.226620313,-0.55113462,-0.277563826,-0.266128184,-0.893089959,-0.052206789,-0.58797301,-0.442577444,-0.83629399,-1.011714401,-0.606876383,-0.84206214,-1.69593765,0.338145228,-1.827447106,-1.861831692,-0.567384664,0.366596024,-0.635846814,-0.760514531,-0.032545528,-1.005677549,0.162141187,-0.125548764,-0.59437885,-0.973669758,-1.291474909,-1.704081313,0.826865489,-0.817930057,-1.120227616,-1.124758567,-0.48646252,-1.674555193,-0.899147731,0.245812111,-0.507836365,-0.595941148,-1.635482495,0.428044961,-1.814553027,0.167640964,-0.736516404,-2.629734917,1.349164848,-0.801546412,-0.127805283,1.382665154,0.779306438,0.181994422,-1.648325487,-1.496563808,-0.227902674,0.33783954,0.483081185,-0.957580722,0.458185345,1.807853627,-1.252125778,0.631356851,-2.213694521,0.43609977,0.699254284,-0.008322201,-0.854987531,2.37368165,-0.491524589,-0.733399073,-0.228175196,4.379017755,-1.15031425,0.77515751,-0.110609926,-0.797677576,-0.974417457,-0.532665098,-1.815661937,0.850953761,0.021815721,-1.066706954,1.347824164,-0.075348471,-1.000444869,-0.746615954,-0.873874396,-2.031561909,0.104730524,-0.035568446,-0.90330195,-0.49889005,0.026695076,-1.02903447,-0.64629478,0.411244107,-0.763441865,0.280787115,0.452403013,-1.007168369,0.224440208,0.942827903,-1.293327851,2.22034411,0.646390661,1.152583396,3.201430668,2.782300782,0.019854478,0.204789769,-0.268577743,0.373270661,-0.577120765,0.281817147,1.095634086,-0.85038678,0.489344858,0.019294106,0.290683686,1.407168289,0.133614909,0.872752569,0.382945708,-1.468194435,0.843133954,-0.589630449,-1.048158695,-1.913658968,-0.645392871,-1.358788746,-0.520731956,-0.880205561,1.931165088,-1.541505535,-0.942252941,-1.311488033,-0.85385303,-1.006452471,-0.13859294,-0.231580339,-0.75455271,-0.506455474,-0.363445142,0.974138968,-0.149290565,-0.578064246,-0.410944957,-1.701348286,0.290766952,-0.348993971,0.978964397,-0.083908138,-0.229033667,-0.785692669,-0.433045929,-1.823615945,0.217133093,-0.718059949,-0.849824666,-1.422846117,-0.433630278
hsa.mir.154.2,-0.421729969,-0.599589074,0.390880819,0.251952844,1.543286564,0.276920379,0.982994692,-0.937015256,0.447583563,-1.01953903,-0.581110574,-0.272684081,1.347183797,1.194017517,-0.160675798,-1.618635976,-0.435315404,-1.122029586,1.856911593,1.183000606,1.060064532,-0.163989604,-0.512127463,-0.368826499,0.35822081,0.668462127,0.169617078,-1.072555674,0.577970843,0.499181474,0.013126641,0.353848856,0.497957073,1.224032591,-0.44106123,-0.218629188,0.014065226,-0.876470563,0.603676989,1.393286418,0.266679093,-2.058492418,-1.125503608,-0.36763528,-1.812649055,-0.060197973,-1.500247541,0.025637618,-0.46623448,-0.579204893,1.154619167,0.142540295,0.957797343,2.236694862,0.002515052,0.184204038,0.809925091,-0.15727947,-1.200867079,0.079257792,-0.573846026,-1.476240339,0.018670099,0.743776358,0.317165811,0.816949658,-0.482466239,-0.382083844,0.712035684,0.563065205,0.538648508,-0.141184521,-0.458829591,-0.029760993,-2.176920724,-1.61545563,-1.283168313,-1.190026812,-0.9186406,-0.16550477,-1.711762682,-0.879329659,-0.023634403,-1.294357467,-1.571174078,-0.345591972,-0.156033374,-2.165830784,-0.174311408,-0.50454521,1.733506247,0.158524292,0.511743178,-0.698897058,0.812784485,-1.890627805,-1.58509577,0.467143451,-2.43047687,-0.722177995,-0.451658349,0.435303237,0.702622364,0.287075205,-0.297295388,-1.323672991,-0.982731733,0.572421075,1.866238724,-1.034227664,-0.027018451,-0.790189886,0.697522546,-0.045606713,0.307494761,-0.492825824,-3.097544943,0.454582137,0.864579606,-0.326395089,0.450305628,-0.005914072,-0.481985728,-0.538872999,-0.688854395,-0.968737059,-1.241373486,0.209145787,1.08859889,-0.572660382,0.487183472,0.073193374,-0.782583674,-0.19155423,0.449944121,1.622334626,1.158694975,-1.235335462,0.660846817,1.233639245,0.496236708,-0.070956649,0.29228905,0.380347952,0.393379343,0.863233452,1.517905234,1.757248994,2.176761823,1.544724462,-0.517391175,-0.489755666,0.934382375,0.384765553,-0.414786441,-0.319098775,0.453338537,0.588988893,-1.689431261,-0.067701439,-0.463013679,1.093511426,0.18854143,-0.546319237,-1.221567147,-0.068246321,1.576892855,-0.844233145,0.545120053,1.757576555,-0.218907205,0.833570103,0.060095058,0.589170935,-0.578743369,-0.583730356,-1.01295701,-0.687418167,0.377887473,-0.147027659,1.198336686,1.701237806,-0.523500378,-1.503234295,0.730397203,-0.116182047,-1.127405561,1.792598774,-0.062805165,0.464140921,0.217031645,1.444754421,-0.860644541,0.885041452,-0.324940987,-1.102534012,-0.178687828,-1.133734296,-0.207150347,0.270680465,0.834324347,0.092024457,1.015128117,0.620698022,1.41386097,-0.275334792,0.203811503,-0.798452565,0.912376437,-1.190692152,0.853142787,0.547485004,-0.597481918,-1.02691599,-1.052878582,0.383486007,0.16715149,0.688331069,0.931090445,0.031138354,0.284584133,-0.286741372,0.986999387,-0.549731184,-0.570176966,-0.782510966,-1.373918787,-0.375037081,1.076963818,-0.462133315,0.58087173,-1.31214234,1.175333327,-0.657287553,-0.431514307,1.959805604,-0.817667903,-0.673089877,-0.753784618,-0.854132169,-1.46644435,0.152284923,1.058514377,-1.091422548,-0.636968339,-1.016420761,0.343506011
hsa.mir.154.3,0.0,0.0,0.0,0.0,0.0,0.0,0.0,0.0,0.0,0.0,0.0,0.0,0.0,0.0,0.0,0.0,0.0,0.0,0.0,0.0,0.0,0.0,0.0,0.0,0.0,0.0,0.0,0.0,0.0,0.0,0.0,0.0,0.0,0.0,0.0,0.0,0.0,0.0,0.0,0.0,0.0,0.0,0.0,0.0,0.0,0.0,0.0,0.0,0.0,0.0,0.0,0.0,0.0,0.0,0.0,0.0,0.0,0.0,0.0,0.0,0.0,0.0,0.0,0.0,0.0,0.0,0.0,0.0,0.0,0.0,0.0,0.0,0.0,0.0,0.0,0.0,0.0,0.0,0.0,0.0,0.0,0.0,0.0,0.0,0.0,0.0,0.0,0.0,0.0,0.0,0.0,0.0,0.0,0.0,0.0,0.0,0.0,0.0,0.0,0.0,0.0,0.0,0.0,0.0,0.0,0.0,0.0,0.0,0.0,0.0,0.0,0.0,0.0,0.0,0.0,0.0,0.0,0.0,0.0,0.0,0.0,0.0,0.0,0.0,0.0,0.0,0.0,0.0,0.0,0.0,0.0,0.0,0.0,0.0,0.0,0.0,0.0,0.0,0.0,0.0,0.0,0.0,0.0,0.0,0.0,0.0,0.0,0.0,0.0,0.0,0.0,0.0,0.0,0.0,0.0,0.0,0.0,0.0,0.0,0.0,0.0,0.0,0.0,0.0,0.0,0.0,0.0,0.0,0.0,0.0,0.0,0.0,0.0,0.0,0.0,0.0,0.0,0.0,0.0,0.0,0.0,0.0,0.0,0.0,0.0,0.0,0.0,0.0,0.0,0.0,0.0,0.0,0.0,0.0,0.0,0.0,0.0,0.0,0.0,0.0,0.0,0.0,0.0,0.0,0.0,0.0,0.0,0.0,0.0,0.0,0.0,0.0,0.0,0.0,0.0,0.0,0.0,0.0,0.0,0.0,0.0,0.0,0.0,0.0,0.0,0.0,0.0,0.0,0.0,0.0,0.0,0.0,0.0,0.0,0.0,0.0,0.0,0.0,0.0,0.0,0.0,0.0,0.0,0.0,0.0,0.0,0.0
hsa.mir.142,0.910781125,-0.225133865,0.065274566,-1.306656496,0.70906703,-0.433367202,-0.799071217,-1.874752451,1.054149747,-1.884774953,0.973061011,-1.046347241,-0.358128523,0.330559149,-0.463550622,-0.096010305,-0.493629383,0.231965463,0.707731688,0.17025885,-1.163730208,-0.279032581,-0.217385795,-2.439507751,-0.269119552,-1.382634342,0.255451321,0.186593501,0.365578584,-1.855717237,1.069113007,0.265851405,0.141039731,-0.881452186,0.209869712,-2.232440102,0.194776924,-0.109831893,-0.194860017,0.450000396,1.498224833,-1.108257238,-2.032188173,-0.125140793,-2.137012365,-0.534145519,0.671921424,-1.232526853,-0.575320112,-0.189920964,-1.306761986,0.884183227,-0.264783307,-0.5713817,-1.619337374,0.62008725,0.683416264,-1.411568137,1.729078341,-0.432286975,0.852547986,-0.400312595,0.451943812,-0.850899852,0.408500386,0.128488054,-0.84636677,-0.450343961,1.9701358,-0.369247986,-0.214885588,0.290087031,-0.286685493,0.767012528,1.185824975,-0.92836435,0.289708891,-0.700563757,-0.506716086,0.761821115,-1.171474268,-0.269334175,0.082348321,-0.715209645,0.692333574,0.310787636,-1.511438575,-0.484208936,1.564187097,0.689474838,1.074102066,1.147083407,2.042547907,0.261349964,-0.831921195,-1.09498754,0.4671321,1.417936849,-0.068531454,-0.6937263,-0.674246848,0.160353497,2.755546736,1.391925183,0.900759438,1.328314593,0.437568914,2.704392633,-0.239630099,1.081359929,0.159762366,-0.664985419,-0.396948639,1.33019737,0.861504709,0.838112518,0.158642256,0.371374801,1.880541476,1.829575638,0.148650001,1.155763633,-0.160560504,3.531958073,0.84436573,0.243151268,-1.594389346,-0.258072439,0.276575407,-0.739925301,2.077139494,0.135044789,0.294165003,2.421601781,0.123293013,-0.467970999,0.304075871,0.558166606,-0.526091394,0.691344254,-1.765701781,0.477299257,0.473779898,0.317067633,-1.030300964,-1.112890022,-0.995512122,0.021074992,-1.404585713,0.432738285,1.275372411,-0.047873557,-0.050058594,-0.499946886,-0.542749835,-0.937366575,-2.128360652,-1.953601399,-1.544054153,0.03960566,-0.436000981,-1.315770724,1.134299525,2.086207198,0.845771839,-1.078657709,0.325132345,0.537233683,-0.56461986,-0.224244564,-0.502349538,-0.502542491,-0.016084656,0.328763589,0.68812108,1.314601674,-0.735884138,0.910746512,-0.451890461,-0.010036468,0.515934302,1.024568848,0.514821228,0.911258385,0.587920175,-0.052267781,0.81235764,-0.423351703,0.810536106,-0.560517703,1.245067311,-0.945433892,-2.564081452,0.321957322,-0.180933901,-0.060201423,0.163096683,-0.552410212,0.641522118,0.863802257,-1.61542647,0.193653744,0.466118573,0.89265011,0.370613914,-0.382213618,0.331744491,0.941749773,-0.322014898,-0.48253257,1.244246596,0.359797299,0.574948537,0.57426461,1.15299369,-0.969940648,0.175737278,-1.006053129,-1.437025968,0.329832677,0.643805246,0.160673681,-0.34969606,0.647037085,-0.199105528,1.682155911,1.276193243,1.225285516,0.335890533,1.558726786,0.488145137,0.344327572,0.994841184,0.802877753,1.498305911,-0.316580076,1.09618004,-0.166733356,-0.257987781,-0.05592667,1.192680958,0.869488649,-1.55667897,-1.766546227,0.491804335,-0.458909355,0.671913377
hsa.mir.142.1,0.0,0.0,0.0,0.0,0.0,0.0,0.0,0.0,0.0,0.0,0.0,0.0,0.0,0.0,0.0,0.0,0.0,0.0,0.0,0.0,0.0,0.0,0.0,0.0,0.0,0.0,0.0,0.0,0.0,0.0,0.0,0.0,0.0,0.0,0.0,0.0,0.0,0.0,0.0,0.0,0.0,0.0,0.0,0.0,0.0,0.0,0.0,0.0,0.0,0.0,0.0,0.0,0.0,0.0,0.0,0.0,0.0,0.0,0.0,0.0,0.0,0.0,0.0,0.0,0.0,0.0,0.0,0.0,0.0,0.0,0.0,0.0,0.0,0.0,0.0,0.0,0.0,0.0,0.0,0.0,0.0,0.0,0.0,0.0,0.0,0.0,0.0,0.0,0.0,0.0,0.0,0.0,0.0,0.0,0.0,0.0,0.0,0.0,0.0,0.0,0.0,0.0,0.0,0.0,0.0,0.0,0.0,0.0,0.0,0.0,0.0,0.0,0.0,0.0,0.0,0.0,0.0,0.0,0.0,0.0,0.0,0.0,0.0,0.0,0.0,0.0,0.0,0.0,0.0,0.0,0.0,0.0,0.0,0.0,0.0,0.0,0.0,0.0,0.0,0.0,0.0,0.0,0.0,0.0,0.0,0.0,0.0,0.0,0.0,0.0,0.0,0.0,0.0,0.0,0.0,0.0,0.0,0.0,0.0,0.0,0.0,0.0,0.0,0.0,0.0,0.0,0.0,0.0,0.0,0.0,0.0,0.0,0.0,0.0,0.0,0.0,0.0,0.0,0.0,0.0,0.0,0.0,0.0,0.0,0.0,0.0,0.0,0.0,0.0,0.0,0.0,0.0,0.0,0.0,0.0,0.0,0.0,0.0,0.0,0.0,0.0,0.0,0.0,0.0,0.0,0.0,0.0,0.0,0.0,0.0,0.0,0.0,0.0,0.0,0.0,0.0,0.0,0.0,0.0,0.0,0.0,0.0,0.0,0.0,0.0,0.0,0.0,0.0,0.0,0.0,0.0,0.0,0.0,0.0,0.0,0.0,0.0,0.0,0.0,0.0,0.0,0.0,0.0,0.0,0.0,0.0,0.0
hsa.mir.136a,0.0,0.0,0.0,0.0,0.0,0.0,0.0,0.0,0.0,0.0,0.0,0.0,0.0,0.0,0.0,0.0,0.0,0.0,0.0,0.0,0.0,0.0,0.0,0.0,0.0,0.0,0.0,0.0,0.0,0.0,0.0,0.0,0.0,0.0,0.0,0.0,0.0,0.0,0.0,0.0,0.0,0.0,0.0,0.0,0.0,0.0,0.0,0.0,0.0,0.0,0.0,0.0,0.0,0.0,0.0,0.0,0.0,0.0,0.0,0.0,0.0,0.0,0.0,0.0,0.0,0.0,0.0,0.0,0.0,0.0,0.0,0.0,0.0,0.0,0.0,0.0,0.0,0.0,0.0,0.0,0.0,0.0,0.0,0.0,0.0,0.0,0.0,0.0,0.0,0.0,0.0,0.0,0.0,0.0,0.0,0.0,0.0,0.0,0.0,0.0,0.0,0.0,0.0,0.0,0.0,0.0,0.0,0.0,0.0,0.0,0.0,0.0,0.0,0.0,0.0,0.0,0.0,0.0,0.0,0.0,0.0,0.0,0.0,0.0,0.0,0.0,0.0,0.0,0.0,0.0,0.0,0.0,0.0,0.0,0.0,0.0,0.0,0.0,0.0,0.0,0.0,0.0,0.0,0.0,0.0,0.0,0.0,0.0,0.0,0.0,0.0,0.0,0.0,0.0,0.0,0.0,0.0,0.0,0.0,0.0,0.0,0.0,0.0,0.0,0.0,0.0,0.0,0.0,0.0,0.0,0.0,0.0,0.0,0.0,0.0,0.0,0.0,0.0,0.0,0.0,0.0,0.0,0.0,0.0,0.0,0.0,0.0,0.0,0.0,0.0,0.0,0.0,0.0,0.0,0.0,0.0,0.0,0.0,0.0,0.0,0.0,0.0,0.0,0.0,0.0,0.0,0.0,0.0,0.0,0.0,0.0,0.0,0.0,0.0,0.0,0.0,0.0,0.0,0.0,0.0,0.0,0.0,0.0,0.0,0.0,0.0,0.0,0.0,0.0,0.0,0.0,0.0,0.0,0.0,0.0,0.0,0.0,0.0,0.0,0.0,0.0,0.0,0.0,0.0,0.0,0.0,0.0
hsa.mir.95,0.0,0.0,0.0,0.0,0.0,0.0,0.0,0.0,0.0,0.0,0.0,0.0,0.0,0.0,0.0,0.0,0.0,0.0,0.0,0.0,0.0,0.0,0.0,0.0,0.0,0.0,0.0,0.0,0.0,0.0,0.0,0.0,0.0,0.0,0.0,0.0,0.0,0.0,0.0,0.0,0.0,0.0,0.0,0.0,0.0,0.0,0.0,0.0,0.0,0.0,0.0,0.0,0.0,0.0,0.0,0.0,0.0,0.0,0.0,0.0,0.0,0.0,0.0,0.0,0.0,0.0,0.0,0.0,0.0,0.0,0.0,0.0,0.0,0.0,0.0,0.0,0.0,0.0,0.0,0.0,0.0,0.0,0.0,0.0,0.0,0.0,0.0,0.0,0.0,0.0,0.0,0.0,0.0,0.0,0.0,0.0,0.0,0.0,0.0,0.0,0.0,0.0,0.0,0.0,0.0,0.0,0.0,0.0,0.0,0.0,0.0,0.0,0.0,0.0,0.0,0.0,0.0,0.0,0.0,0.0,0.0,0.0,0.0,0.0,0.0,0.0,0.0,0.0,0.0,0.0,0.0,0.0,0.0,0.0,0.0,0.0,0.0,0.0,0.0,0.0,0.0,0.0,0.0,0.0,0.0,0.0,0.0,0.0,0.0,0.0,0.0,0.0,0.0,0.0,0.0,0.0,0.0,0.0,0.0,0.0,0.0,0.0,0.0,0.0,0.0,0.0,0.0,0.0,0.0,0.0,0.0,0.0,0.0,0.0,0.0,0.0,0.0,0.0,0.0,0.0,0.0,0.0,0.0,0.0,0.0,0.0,0.0,0.0,0.0,0.0,0.0,0.0,0.0,0.0,0.0,0.0,0.0,0.0,0.0,0.0,0.0,0.0,0.0,0.0,0.0,0.0,0.0,0.0,0.0,0.0,0.0,0.0,0.0,0.0,0.0,0.0,0.0,0.0,0.0,0.0,0.0,0.0,0.0,0.0,0.0,0.0,0.0,0.0,0.0,0.0,0.0,0.0,0.0,0.0,0.0,0.0,0.0,0.0,0.0,0.0,0.0,0.0,0.0,0.0,0.0,0.0,0.0
hsa.mir.142.2,0.910781125,-0.225133865,0.065274566,-1.306656496,0.70906703,-0.433367202,-0.799071217,-1.874752451,1.054149747,-1.884774953,0.973061011,-1.046347241,-0.358128523,0.330559149,-0.463550622,-0.096010305,-0.493629383,0.231965463,0.707731688,0.17025885,-1.163730208,-0.279032581,-0.217385795,-2.439507751,-0.269119552,-1.382634342,0.255451321,0.186593501,0.365578584,-1.855717237,1.069113007,0.265851405,0.141039731,-0.881452186,0.209869712,-2.232440102,0.194776924,-0.109831893,-0.194860017,0.450000396,1.498224833,-1.108257238,-2.032188173,-0.125140793,-2.137012365,-0.534145519,0.671921424,-1.232526853,-0.575320112,-0.189920964,-1.306761986,0.884183227,-0.264783307,-0.5713817,-1.619337374,0.62008725,0.683416264,-1.411568137,1.729078341,-0.432286975,0.852547986,-0.400312595,0.451943812,-0.850899852,0.408500386,0.128488054,-0.84636677,-0.450343961,1.9701358,-0.369247986,-0.214885588,0.290087031,-0.286685493,0.767012528,1.185824975,-0.92836435,0.289708891,-0.700563757,-0.506716086,0.761821115,-1.171474268,-0.269334175,0.082348321,-0.715209645,0.692333574,0.310787636,-1.511438575,-0.484208936,1.564187097,0.689474838,1.074102066,1.147083407,2.042547907,0.261349964,-0.831921195,-1.09498754,0.4671321,1.417936849,-0.068531454,-0.6937263,-0.674246848,0.160353497,2.755546736,1.391925183,0.900759438,1.328314593,0.437568914,2.704392633,-0.239630099,1.081359929,0.159762366,-0.664985419,-0.396948639,1.33019737,0.861504709,0.838112518,0.158642256,0.371374801,1.880541476,1.829575638,0.148650001,1.155763633,-0.160560504,3.531958073,0.84436573,0.243151268,-1.594389346,-0.258072439,0.276575407,-0.739925301,2.077139494,0.135044789,0.294165003,2.421601781,0.123293013,-0.467970999,0.304075871,0.558166606,-0.526091394,0.691344254,-1.765701781,0.477299257,0.473779898,0.317067633,-1.030300964,-1.112890022,-0.995512122,0.021074992,-1.404585713,0.432738285,1.275372411,-0.047873557,-0.050058594,-0.499946886,-0.542749835,-0.937366575,-2.128360652,-1.953601399,-1.544054153,0.03960566,-0.436000981,-1.315770724,1.134299525,2.086207198,0.845771839,-1.078657709,0.325132345,0.537233683,-0.56461986,-0.224244564,-0.502349538,-0.502542491,-0.016084656,0.328763589,0.68812108,1.314601674,-0.735884138,0.910746512,-0.451890461,-0.010036468,0.515934302,1.024568848,0.514821228,0.911258385,0.587920175,-0.052267781,0.81235764,-0.423351703,0.810536106,-0.560517703,1.245067311,-0.945433892,-2.564081452,0.321957322,-0.180933901,-0.060201423,0.163096683,-0.552410212,0.641522118,0.863802257,-1.61542647,0.193653744,0.466118573,0.89265011,0.370613914,-0.382213618,0.331744491,0.941749773,-0.322014898,-0.48253257,1.244246596,0.359797299,0.574948537,0.57426461,1.15299369,-0.969940648,0.175737278,-1.006053129,-1.437025968,0.329832677,0.643805246,0.160673681,-0.34969606,0.647037085,-0.199105528,1.682155911,1.276193243,1.225285516,0.335890533,1.558726786,0.488145137,0.344327572,0.994841184,0.802877753,1.498305911,-0.316580076,1.09618004,-0.166733356,-0.257987781,-0.05592667,1.192680958,0.869488649,-1.55667897,-1.766546227,0.491804335,-0.458909355,0.671913377
hsa.mir.142.3,0.0,0.0,0.0,0.0,0.0,0.0,0.0,0.0,0.0,0.0,0.0,0.0,0.0,0.0,0.0,0.0,0.0,0.0,0.0,0.0,0.0,0.0,0.0,0.0,0.0,0.0,0.0,0.0,0.0,0.0,0.0,0.0,0.0,0.0,0.0,0.0,0.0,0.0,0.0,0.0,0.0,0.0,0.0,0.0,0.0,0.0,0.0,0.0,0.0,0.0,0.0,0.0,0.0,0.0,0.0,0.0,0.0,0.0,0.0,0.0,0.0,0.0,0.0,0.0,0.0,0.0,0.0,0.0,0.0,0.0,0.0,0.0,0.0,0.0,0.0,0.0,0.0,0.0,0.0,0.0,0.0,0.0,0.0,0.0,0.0,0.0,0.0,0.0,0.0,0.0,0.0,0.0,0.0,0.0,0.0,0.0,0.0,0.0,0.0,0.0,0.0,0.0,0.0,0.0,0.0,0.0,0.0,0.0,0.0,0.0,0.0,0.0,0.0,0.0,0.0,0.0,0.0,0.0,0.0,0.0,0.0,0.0,0.0,0.0,0.0,0.0,0.0,0.0,0.0,0.0,0.0,0.0,0.0,0.0,0.0,0.0,0.0,0.0,0.0,0.0,0.0,0.0,0.0,0.0,0.0,0.0,0.0,0.0,0.0,0.0,0.0,0.0,0.0,0.0,0.0,0.0,0.0,0.0,0.0,0.0,0.0,0.0,0.0,0.0,0.0,0.0,0.0,0.0,0.0,0.0,0.0,0.0,0.0,0.0,0.0,0.0,0.0,0.0,0.0,0.0,0.0,0.0,0.0,0.0,0.0,0.0,0.0,0.0,0.0,0.0,0.0,0.0,0.0,0.0,0.0,0.0,0.0,0.0,0.0,0.0,0.0,0.0,0.0,0.0,0.0,0.0,0.0,0.0,0.0,0.0,0.0,0.0,0.0,0.0,0.0,0.0,0.0,0.0,0.0,0.0,0.0,0.0,0.0,0.0,0.0,0.0,0.0,0.0,0.0,0.0,0.0,0.0,0.0,0.0,0.0,0.0,0.0,0.0,0.0,0.0,0.0,0.0,0.0,0.0,0.0,0.0,0.0
hsa.mir.122,0.0,0.0,0.0,0.0,0.0,0.0,0.0,0.0,0.0,0.0,0.0,0.0,0.0,0.0,0.0,0.0,0.0,0.0,0.0,0.0,0.0,0.0,0.0,0.0,0.0,0.0,0.0,0.0,0.0,0.0,0.0,0.0,0.0,0.0,0.0,0.0,0.0,0.0,0.0,0.0,0.0,0.0,0.0,0.0,0.0,0.0,0.0,0.0,0.0,0.0,0.0,0.0,0.0,0.0,0.0,0.0,0.0,0.0,0.0,0.0,0.0,0.0,0.0,0.0,0.0,0.0,0.0,0.0,0.0,0.0,0.0,0.0,0.0,0.0,0.0,0.0,0.0,0.0,0.0,0.0,0.0,0.0,0.0,0.0,0.0,0.0,0.0,0.0,0.0,0.0,0.0,0.0,0.0,0.0,0.0,0.0,0.0,0.0,0.0,0.0,0.0,0.0,0.0,0.0,0.0,0.0,0.0,0.0,0.0,0.0,0.0,0.0,0.0,0.0,0.0,0.0,0.0,0.0,0.0,0.0,0.0,0.0,0.0,0.0,0.0,0.0,0.0,0.0,0.0,0.0,0.0,0.0,0.0,0.0,0.0,0.0,0.0,0.0,0.0,0.0,0.0,0.0,0.0,0.0,0.0,0.0,0.0,0.0,0.0,0.0,0.0,0.0,0.0,0.0,0.0,0.0,0.0,0.0,0.0,0.0,0.0,0.0,0.0,0.0,0.0,0.0,0.0,0.0,0.0,0.0,0.0,0.0,0.0,0.0,0.0,0.0,0.0,0.0,0.0,0.0,0.0,0.0,0.0,0.0,0.0,0.0,0.0,0.0,0.0,0.0,0.0,0.0,0.0,0.0,0.0,0.0,0.0,0.0,0.0,0.0,0.0,0.0,0.0,0.0,0.0,0.0,0.0,0.0,0.0,0.0,0.0,0.0,0.0,0.0,0.0,0.0,0.0,0.0,0.0,0.0,0.0,0.0,0.0,0.0,0.0,0.0,0.0,0.0,0.0,0.0,0.0,0.0,0.0,0.0,0.0,0.0,0.0,0.0,0.0,0.0,0.0,0.0,0.0,0.0,0.0,0.0,0.0
hsa.mir.1301,1.946598665,0.182491408,-0.45921089,-0.803775913,-1.582221443,0.055816932,-0.689323522,-1.237621618,1.510236042,-1.835255182,0.621926771,1.255914361,0.90579857,0.973734333,0.527446011,-1.746294963,0.518911992,-0.669246327,0.699954496,-0.019276037,-0.433211203,0.096811156,0.601160933,-3.312606225,1.088401621,-1.460844263,-0.211425279,-1.278147688,-0.067937967,-0.906480791,-0.278231014,0.180188197,-0.389518698,-0.117860747,0.242036871,-0.028437531,-1.045056413,-0.687361073,-1.616265891,-0.246088682,0.945234139,-0.026409753,-0.627210969,-1.758313678,0.359054312,0.885599708,1.292292208,-1.346559176,-1.532458854,0.089745064,-0.875636914,-0.660046477,1.238779507,-0.519236838,-0.511391284,-1.98630103,0.238950535,-0.920727181,-1.713441447,-4.10213018,-1.313983479,-0.404769445,-0.35289961,-0.290763524,0.838687471,0.736807991,-0.455789652,-0.580075265,1.904621086,0.691854883,1.314840328,0.121848186,0.235850433,1.619818938,-0.223634184,-0.438135538,-0.311581358,0.618496554,-1.271278932,0.375850025,-1.018045847,-2.293088213,0.412811868,-1.169782077,0.533557152,-0.761996605,-1.080582574,0.062368771,0.517858172,1.381516678,0.791670705,0.511974949,-0.35059423,-0.310969231,-0.355843949,-1.284936205,-1.137808986,0.549445613,-0.583276739,-1.918233162,0.152111793,0.190301778,0.857407769,0.799209513,-0.75025753,-0.717333581,-0.543804275,1.157999475,0.078254355,0.457669002,1.192466576,-0.053605063,0.958949753,0.566215484,-0.793883229,-0.872708247,0.714993174,0.349756476,0.947308359,1.300389072,1.134889386,0.863134112,-0.491246778,2.03590884,0.077440013,0.489030537,-1.083016698,-1.017998975,-0.628957262,0.169246888,0.660493047,-1.45355436,-0.352585518,-0.275530172,1.108102224,0.358793191,-0.427527174,0.628637632,-0.268625895,0.488416338,1.479632826,-0.052610826,0.143214682,0.278998434,-0.839996596,-1.584125863,0.91054984,-1.252942244,-0.835717235,-0.432171953,0.369652644,1.066451261,-0.053619249,-1.573713725,-0.19210707,-0.687188624,-2.15262852,-1.462352311,0.868476153,-2.454477862,-0.49856139,-0.952400621,-0.231073503,0.747002222,-0.653525116,-1.471787003,-0.333164138,-0.295592713,1.954251401,0.124657194,0.27594923,2.098324786,0.614414711,0.33233261,1.354623526,-0.235902789,1.234001341,-0.696778399,0.378998898,1.096680322,1.077332294,0.616242813,1.258174903,-0.183260005,0.098732415,1.114619564,0.96241828,0.041777488,0.868005123,-1.897240115,-0.497555365,-0.148787975,-0.431516615,0.836316034,0.210285414,-0.137518067,-0.028607786,-1.493232451,-1.248134247,0.077554994,0.651940042,0.162800338,-0.982826783,-0.941408611,0.629029749,-0.600854176,1.146811841,1.211774443,2.012461176,-0.486954719,-0.331432343,0.779283888,-0.0784848,0.576883512,0.412142365,1.186618761,-0.195946292,-0.158493061,-1.36992784,-0.061505997,1.319618525,-0.072703466,1.372079249,1.052485242,-0.204171069,2.004750068,1.065371949,1.934492583,0.534361799,-0.86544827,0.641760031,-0.21368137,1.001753492,0.436512598,-0.029457401,-0.121239847,1.03079695,0.58844005,1.979542142,1.056790583,1.146927753,2.620877223,0.578801974,0.203190493,0.12758213,0.249976203,0.144193399
hsa.mir.258,0.0,0.0,0.0,0.0,0.0,0.0,0.0,0.0,0.0,0.0,0.0,0.0,0.0,0.0,0.0,0.0,0.0,0.0,0.0,0.0,0.0,0.0,0.0,0.0,0.0,0.0,0.0,0.0,0.0,0.0,0.0,0.0,0.0,0.0,0.0,0.0,0.0,0.0,0.0,0.0,0.0,0.0,0.0,0.0,0.0,0.0,0.0,0.0,0.0,0.0,0.0,0.0,0.0,0.0,0.0,0.0,0.0,0.0,0.0,0.0,0.0,0.0,0.0,0.0,0.0,0.0,0.0,0.0,0.0,0.0,0.0,0.0,0.0,0.0,0.0,0.0,0.0,0.0,0.0,0.0,0.0,0.0,0.0,0.0,0.0,0.0,0.0,0.0,0.0,0.0,0.0,0.0,0.0,0.0,0.0,0.0,0.0,0.0,0.0,0.0,0.0,0.0,0.0,0.0,0.0,0.0,0.0,0.0,0.0,0.0,0.0,0.0,0.0,0.0,0.0,0.0,0.0,0.0,0.0,0.0,0.0,0.0,0.0,0.0,0.0,0.0,0.0,0.0,0.0,0.0,0.0,0.0,0.0,0.0,0.0,0.0,0.0,0.0,0.0,0.0,0.0,0.0,0.0,0.0,0.0,0.0,0.0,0.0,0.0,0.0,0.0,0.0,0.0,0.0,0.0,0.0,0.0,0.0,0.0,0.0,0.0,0.0,0.0,0.0,0.0,0.0,0.0,0.0,0.0,0.0,0.0,0.0,0.0,0.0,0.0,0.0,0.0,0.0,0.0,0.0,0.0,0.0,0.0,0.0,0.0,0.0,0.0,0.0,0.0,0.0,0.0,0.0,0.0,0.0,0.0,0.0,0.0,0.0,0.0,0.0,0.0,0.0,0.0,0.0,0.0,0.0,0.0,0.0,0.0,0.0,0.0,0.0,0.0,0.0,0.0,0.0,0.0,0.0,0.0,0.0,0.0,0.0,0.0,0.0,0.0,0.0,0.0,0.0,0.0,0.0,0.0,0.0,0.0,0.0,0.0,0.0,0.0,0.0,0.0,0.0,0.0,0.0,0.0,0.0,0.0,0.0,0.0
hsa.mir.161b,0.0,0.0,0.0,0.0,0.0,0.0,0.0,0.0,0.0,0.0,0.0,0.0,0.0,0.0,0.0,0.0,0.0,0.0,0.0,0.0,0.0,0.0,0.0,0.0,0.0,0.0,0.0,0.0,0.0,0.0,0.0,0.0,0.0,0.0,0.0,0.0,0.0,0.0,0.0,0.0,0.0,0.0,0.0,0.0,0.0,0.0,0.0,0.0,0.0,0.0,0.0,0.0,0.0,0.0,0.0,0.0,0.0,0.0,0.0,0.0,0.0,0.0,0.0,0.0,0.0,0.0,0.0,0.0,0.0,0.0,0.0,0.0,0.0,0.0,0.0,0.0,0.0,0.0,0.0,0.0,0.0,0.0,0.0,0.0,0.0,0.0,0.0,0.0,0.0,0.0,0.0,0.0,0.0,0.0,0.0,0.0,0.0,0.0,0.0,0.0,0.0,0.0,0.0,0.0,0.0,0.0,0.0,0.0,0.0,0.0,0.0,0.0,0.0,0.0,0.0,0.0,0.0,0.0,0.0,0.0,0.0,0.0,0.0,0.0,0.0,0.0,0.0,0.0,0.0,0.0,0.0,0.0,0.0,0.0,0.0,0.0,0.0,0.0,0.0,0.0,0.0,0.0,0.0,0.0,0.0,0.0,0.0,0.0,0.0,0.0,0.0,0.0,0.0,0.0,0.0,0.0,0.0,0.0,0.0,0.0,0.0,0.0,0.0,0.0,0.0,0.0,0.0,0.0,0.0,0.0,0.0,0.0,0.0,0.0,0.0,0.0,0.0,0.0,0.0,0.0,0.0,0.0,0.0,0.0,0.0,0.0,0.0,0.0,0.0,0.0,0.0,0.0,0.0,0.0,0.0,0.0,0.0,0.0,0.0,0.0,0.0,0.0,0.0,0.0,0.0,0.0,0.0,0.0,0.0,0.0,0.0,0.0,0.0,0.0,0.0,0.0,0.0,0.0,0.0,0.0,0.0,0.0,0.0,0.0,0.0,0.0,0.0,0.0,0.0,0.0,0.0,0.0,0.0,0.0,0.0,0.0,0.0,0.0,0.0,0.0,0.0,0.0,0.0,0.0,0.0,0.0,0.0
hsa.mir.550a.1,-1.25089818,-1.762789457,-0.201794214,0.057149226,-0.763298461,0.617305192,0.106290452,1.282080263,-1.904061302,1.281063403,-1.283689999,-2.767099038,-1.894501294,-1.403473811,-0.787309802,0.786924612,-0.899326358,1.213216304,0.161470563,0.611659397,0.032642988,0.450143775,0.354969734,0.671234354,-0.271640518,0.408861309,0.225728714,-0.120181305,-0.895499154,-1.353211154,0.721959834,0.885605395,0.794288461,0.469997982,0.481769353,1.073348989,0.944351396,1.14079082,0.527572067,0.479293756,-0.791670407,0.792739566,0.780869928,1.29078113,0.171142525,0.47186536,0.379904224,1.78138368,0.752214201,0.651710868,-0.282566639,0.467352015,0.056859192,0.008469968,-0.200584668,-0.251657701,-0.310127603,-0.023220977,1.333217502,0.282332541,-0.274977787,0.615139454,0.908680876,0.589934792,0.560512461,0.117383522,0.267060788,-0.72573142,-1.957407991,-0.273318497,-0.350833128,-1.02524205,-0.535770631,-1.784665037,0.274054613,0.432379277,-0.777996518,-0.592759051,0.619220557,-1.751095199,0.622785268,0.519536331,-0.717648753,-0.16713843,0.145937655,0.05880952,0.857323911,-0.314250746,-2.369136635,-0.82125224,-2.673931347,-3.541476984,-2.98458869,-0.223014628,-0.496357189,1.346474877,-0.485563007,-1.012193571,-0.300333177,0.660874456,0.210165862,-0.037140179,-1.861176124,-1.773571063,0.794936281,1.311107035,0.156343034,-1.354081555,-0.464944846,0.589842152,0.051745444,0.256475534,-0.18517977,-0.636390974,1.016510229,0.039104209,0.820684824,0.169674406,-0.180192212,-1.381819636,0.088587815,-0.769087528,0.928790281,-1.792569846,0.411077598,-0.450317072,1.122536371,-0.069835097,0.155189097,-0.29323007,-1.488717106,0.546182321,0.426301823,-1.134667837,0.180248715,0.316469229,0.491603036,0.374914883,0.999909435,-1.056025462,-1.101265627,0.270694181,0.837461774,1.07645606,0.252869092,0.854597537,0.545448746,0.671782766,-2.356658409,-0.099669719,-2.650157256,-0.262444176,0.179471387,-3.788460842,0.237192359,0.282673886,-0.0197749,0.028385228,0.0142962,0.926670643,0.178135944,0.118515776,0.161582131,-0.448571196,0.66007565,0.792659829,-0.136500125,0.757883248,-0.666063245,0.310610129,-0.584871006,-2.259555945,0.145804855,0.240126447,-0.007663084,-3.878637999,0.860273616,0.530549275,0.110373162,0.457987238,-0.54310219,0.136283299,-0.247929085,-0.528772016,0.59356277,-0.598608689,0.476936703,0.536834823,-0.493046194,1.526243337,-4.035285664,-0.864223534,-0.532670291,-0.201303292,1.230139392,0.906616488,0.368121591,1.244675981,0.703019668,0.446357543,0.206393296,0.315283094,0.775668807,0.228946877,0.159498483,0.620694807,-1.506407067,-0.12633152,-0.548068972,1.146521531,-1.818823615,-0.027549059,0.904081135,0.221966981,-1.245529654,-0.813201692,0.060673438,-0.477486378,0.691224281,0.715768657,-0.568057172,0.571921323,0.253017826,0.077823098,-0.218461544,-1.556779249,0.23398122,-0.600915577,-0.173862457,0.395112643,0.309986111,1.00514794,0.398728914,-0.929762209,0.004769515,0.475205815,-0.696986213,1.116117383,-0.516520192,-0.245553889,0.348355611,-1.851397564,0.249364074,0.387325354,-0.595496982,0.438370569,-0.208094812
hsa.mir.294,0.0,0.0,0.0,0.0,0.0,0.0,0.0,0.0,0.0,0.0,0.0,0.0,0.0,0.0,0.0,0.0,0.0,0.0,0.0,0.0,0.0,0.0,0.0,0.0,0.0,0.0,0.0,0.0,0.0,0.0,0.0,0.0,0.0,0.0,0.0,0.0,0.0,0.0,0.0,0.0,0.0,0.0,0.0,0.0,0.0,0.0,0.0,0.0,0.0,0.0,0.0,0.0,0.0,0.0,0.0,0.0,0.0,0.0,0.0,0.0,0.0,0.0,0.0,0.0,0.0,0.0,0.0,0.0,0.0,0.0,0.0,0.0,0.0,0.0,0.0,0.0,0.0,0.0,0.0,0.0,0.0,0.0,0.0,0.0,0.0,0.0,0.0,0.0,0.0,0.0,0.0,0.0,0.0,0.0,0.0,0.0,0.0,0.0,0.0,0.0,0.0,0.0,0.0,0.0,0.0,0.0,0.0,0.0,0.0,0.0,0.0,0.0,0.0,0.0,0.0,0.0,0.0,0.0,0.0,0.0,0.0,0.0,0.0,0.0,0.0,0.0,0.0,0.0,0.0,0.0,0.0,0.0,0.0,0.0,0.0,0.0,0.0,0.0,0.0,0.0,0.0,0.0,0.0,0.0,0.0,0.0,0.0,0.0,0.0,0.0,0.0,0.0,0.0,0.0,0.0,0.0,0.0,0.0,0.0,0.0,0.0,0.0,0.0,0.0,0.0,0.0,0.0,0.0,0.0,0.0,0.0,0.0,0.0,0.0,0.0,0.0,0.0,0.0,0.0,0.0,0.0,0.0,0.0,0.0,0.0,0.0,0.0,0.0,0.0,0.0,0.0,0.0,0.0,0.0,0.0,0.0,0.0,0.0,0.0,0.0,0.0,0.0,0.0,0.0,0.0,0.0,0.0,0.0,0.0,0.0,0.0,0.0,0.0,0.0,0.0,0.0,0.0,0.0,0.0,0.0,0.0,0.0,0.0,0.0,0.0,0.0,0.0,0.0,0.0,0.0,0.0,0.0,0.0,0.0,0.0,0.0,0.0,0.0,0.0,0.0,0.0,0.0,0.0,0.0,0.0,0.0,0.0
hsa.mir.487b,-1.212544237,0.742517312,0.349470813,0.570347887,-0.07786952,0.825162503,1.394935084,-0.064429108,-0.395041814,-0.048399107,0.566157857,-0.074290036,0.899753577,-0.752799006,-0.223312439,0.441733264,-0.219519388,0.841567342,0.6138,0.404544197,0.427565832,1.016280004,0.927675951,-0.131229687,2.208557741,0.688916042,1.300111829,-1.948037458,0.742460637,0.918821162,-0.970434799,1.353802493,0.222113205,-0.27810185,1.141113104,-0.200003501,0.757202119,-0.452414547,-0.476408271,-0.538393229,-0.276892826,0.920135854,-0.119680959,-0.567037393,1.187792547,0.812872222,1.58863706,-0.380704737,-0.263973955,-0.179538114,0.179098249,-0.212428671,-1.434511865,0.352152038,0.810804019,0.034968243,0.099450789,-0.539126081,0.615361068,0.105706911,0.198927616,-0.724806687,-0.753459907,-1.108134718,0.546020993,0.358777582,-0.70441727,0.451298809,0.606346269,0.532683136,0.165896475,-1.838814424,-1.126959099,1.440057202,-1.25375213,0.120637938,-1.029135337,-0.9238708,0.037556613,-0.8521069,-0.650586879,-1.156770232,-0.026991393,0.5429095,0.254643576,-1.002109121,-1.707965801,0.482902765,-0.726830708,-0.316759755,-2.133138265,-0.411289009,-1.755933602,-1.095804003,-1.13430352,-1.532150146,0.663056399,-0.791525019,-0.712631155,1.084933461,0.607986564,1.531626034,-1.17972924,-0.472875064,-0.83023199,-0.570353462,-0.658113409,0.384548808,-0.472191797,1.393603353,0.986689454,0.722406986,1.416246651,0.24708065,0.302626054,-1.045402344,0.884563337,-0.396264094,0.925571249,-0.588700035,1.924770658,1.38066438,-0.740322622,0.526547629,0.616583345,0.122548274,-0.524802438,1.034826195,1.088209731,-0.162389511,-0.559019831,-0.38576549,0.828215338,-0.017064636,0.316664577,1.188254637,-0.366939806,-0.027172853,-0.827101759,-0.366295256,0.338408303,0.081933997,-2.312968352,-0.071681166,-0.209160081,-0.531593682,1.664076014,-1.261384939,-0.462453873,-0.917518263,-0.791096283,0.078534438,0.551824311,1.942369416,0.104615313,0.250145642,0.312918634,0.855475519,0.614880748,0.922987981,-1.13442621,0.50964783,-0.432111269,-1.545425435,-0.576761272,-0.363015886,0.214785651,-1.296380326,1.308788982,-0.240509775,0.183554113,0.261110274,1.109627422,-0.464256707,0.11511748,-0.66334494,0.997623536,1.032637008,0.85846684,1.792237653,0.775185066,-1.029697679,1.396923026,0.809107821,-0.500906734,0.252360353,0.025274919,1.099548967,0.287801687,0.979014879,-2.896150381,0.177728015,-0.345066905,0.666335909,1.732473168,0.849055439,0.160688098,-0.923871879,-1.717986026,-0.013288001,0.359382725,-1.714348811,-0.923740211,-0.295271316,0.319892941,0.028473702,0.162999996,0.783786472,1.612238822,0.12087566,-0.503805396,1.492408391,-0.963973539,-0.040254539,-1.03962577,1.655383782,1.252139573,0.276195022,0.206367681,-0.713539938,0.187929523,-0.274946494,1.320716805,0.352163528,-0.227519574,0.574247857,0.962828546,0.732053011,0.179925996,0.099549304,1.354003194,0.185935781,1.376517511,-0.870884406,-0.40655637,0.495033108,0.599336929,-0.57427224,1.078412825,-0.006316765,1.597425054,-2.885783505,0.941552905,0.783480564,1.417615057,-0.092233206,-0.113977849
hsa.mir.381,-1.735130047,0.831007643,0.715925438,1.539512864,0.864691927,1.730922733,0.133075461,1.671866842,-1.116766959,1.241902046,-3.519708837,0.512196488,-2.14727401,-1.387200502,-1.813922095,1.784778839,-0.198936254,0.776467422,-2.633968276,-0.453218323,-0.741612652,-0.202212836,1.633602363,-0.455873494,0.05979729,0.033464717,-1.112198176,1.521725152,0.472061038,1.348504607,0.043927904,-0.363195723,0.253221453,-0.709436853,0.887814578,-0.71787102,0.244238563,1.818796651,0.240964374,0.41500878,-0.060471802,1.265238904,1.116629487,0.636738787,0.399980857,0.424819768,0.540470756,0.701023277,0.640818249,0.814568189,-0.089168083,-0.130131339,-0.595002182,1.951536535,2.320188371,1.455403011,0.394055949,-0.095319646,2.604929745,0.992770597,0.805623108,0.667136504,-0.184813056,0.839389584,0.128166051,0.425754184,1.413999138,0.655910994,0.492329817,-0.708716578,-2.207180472,-1.204671865,-2.112374451,-1.486783437,0.67628652,0.177960041,0.600312637,-0.896892565,1.548049529,-0.851744357,1.145872407,0.774748042,0.23807424,0.909995261,0.060373659,-0.210687151,1.124481656,0.04304468,0.3708651,-0.288359938,-0.058760721,-0.252965731,-0.180202244,0.685716607,-1.295571154,-0.140485128,0.309322276,0.465224814,0.62469726,-0.486489277,-0.429889797,-0.565434908,-0.691743779,0.619918342,0.578569157,0.478674147,-0.28365013,-0.146167828,-0.784728393,-0.781139512,-1.553754779,-0.000445782,-0.976046726,0.089816594,-1.112957419,-1.009363918,-0.67297022,-1.084675674,-0.729853572,-1.699271546,-2.229589288,-1.402687745,-0.195594378,-0.526896208,-0.70189892,-1.196526616,-0.982099353,0.008986764,-0.070597739,-0.005150661,-1.284209791,0.193285552,1.223084075,0.676095828,-0.692695587,-0.036138511,-0.19347902,0.753634125,0.020541699,-1.645622073,-0.794160923,-1.166839141,0.171063928,-0.217064588,0.791181229,0.913701881,-1.155264924,-0.247112428,0.64314234,-0.299494607,1.119652936,0.270790919,0.626651779,2.833241076,0.047537818,-0.164940132,0.340385175,4.704203071,-0.598746229,0.91350803,1.339399292,0.358390877,1.18984553,1.915603695,0.896056387,0.268725242,-0.864763763,-1.499337768,-1.001838909,-1.435631183,-2.216635655,-2.927409418,-0.506455728,-0.235126023,1.274974307,0.843739798,0.54117265,-0.221212821,-1.29379223,-0.960480157,-1.563808656,-1.752785475,-0.390500302,0.399672998,-0.222881745,-0.798765435,0.872989929,-0.700963934,-0.10442873,2.0383836,1.179142765,-0.116663273,1.104021612,0.52215244,-0.043701145,1.429976958,0.203260954,1.957552867,0.629451594,0.455607358,0.482253535,-0.856900425,0.560219394,-0.515769312,-1.349590643,-0.044667137,-0.95475443,0.551842516,-0.617652657,0.273337125,0.142863027,-1.160297463,0.548897484,-0.535285122,-0.610135577,-1.745897875,-1.595854942,-1.213234871,0.334158776,-0.014087967,-0.164496054,-0.558036079,-0.637043327,-0.419566932,-0.852581361,-0.787917897,-0.431170873,-0.799994739,-1.443203759,0.120201831,-0.757372354,0.923085609,-1.380134151,-0.544469298,0.442313393,-0.738731353,0.176290686,-0.052946037,-0.814512787,-0.752664234,-0.251233082,-1.275953983,-0.881719445,-0.98862001,-0.158194266,-0.048478974,-1.837646775
hsa.mir.494,1.170690173,-0.737408143,-1.540740882,-1.453256521,-0.166485645,-1.435744973,-3.227016006,1.401904978,-0.170220704,-0.652021753,-1.005767324,0.670736398,-0.639979993,-0.145761278,-0.400852181,0.00548128,-0.181493121,-0.792879734,-1.802552554,-0.283766452,-1.46471277,0.545446251,-1.140801924,-1.727240897,-0.658156806,-1.936815841,-1.449392994,-0.068898102,-1.957666764,-2.236452901,0.141056996,0.355132401,0.305348775,-1.287192043,-0.244060646,0.091445607,-0.718379618,0.02498859,-2.01463348,-1.081561184,0.517980677,1.326895776,0.780192744,0.264237896,2.284517312,0.108340397,0.912984063,-0.39765902,0.090939731,-0.517035188,0.71352503,0.14080274,-1.204069545,-4.80817865,-0.952227988,0.222362088,-0.75598654,-1.540293605,1.699417524,0.600056423,0.836075613,1.519654116,0.472436377,0.123140959,0.977785611,-0.685910315,0.580185265,0.233990102,-0.169145292,-0.020529109,-0.636448203,-1.59166705,-0.797265951,-0.241166768,-0.292892715,0.316581377,1.301393125,0.366844013,-0.627706211,-0.434472287,-0.14927023,-0.246283037,0.75823924,0.892558693,-0.265591228,0.590168587,-0.704955302,1.010587527,0.583011497,-0.955695232,0.910326106,-0.502811151,-0.456503814,0.543893238,0.094191901,0.08643155,-0.283581785,-0.147995592,0.361792307,-1.166581494,-0.617069096,-0.828954272,0.254186288,-0.095907288,0.01348854,-0.061688616,0.220301634,-1.871457503,-2.278875255,-0.419055522,0.638345196,-0.369882101,-1.195741638,0.282474294,-1.447513327,-0.483146931,1.824307138,-0.152380295,-1.148054675,1.310338486,-1.049365503,0.283906659,0.091402268,-0.65325209,0.671302591,-0.551502799,-0.531278539,1.205117241,-0.34251681,-0.19121962,-0.872498917,-0.120275997,1.180286558,-1.483895792,-0.961495982,-0.049492806,-0.064833371,-0.234826577,0.589829601,-0.052046973,-0.795138831,-0.221451393,0.838549552,-0.734666538,-0.878970056,2.038336532,-1.214661664,-0.373173636,0.906590435,-1.158213543,0.704969082,-1.22475867,-1.166239528,-4.67860861,-0.138454588,-0.401888027,-3.629008084,-3.342714296,0.054382824,-0.279494102,0.114178875,0.298535921,0.187337664,1.456690665,-0.800780393,0.216559822,0.942205759,-0.73121903,-1.161215352,-0.665477261,-0.690969805,-0.029939571,-0.547991783,-0.129732512,1.10612813,-0.781030435,-0.101160696,0.353767361,-0.36930334,-0.245502255,-1.651698923,-1.479615753,0.61121539,1.113485398,1.241057944,0.159993115,0.861372748,-1.153109114,-0.170305274,0.183134832,0.271475291,-1.425698579,1.135854846,-1.340298161,1.016599859,-0.043521189,-0.223816363,0.301900421,-0.927439675,-0.518188755,0.992754768,0.897857976,-0.053883036,1.822999981,-0.904783416,-0.076692696,0.409111554,1.180001062,-1.134035703,-0.109023539,0.904238335,-0.81763483,0.051850278,0.055395931,-0.244427764,-1.311359721,-1.555980545,-2.008412563,-0.726492025,-1.639208523,-0.367360758,-0.515956414,-0.915935324,0.259331333,-0.080739915,-0.734574137,-0.291406585,-0.010562612,-1.159168675,0.303951665,0.036648646,1.037889447,-0.264190328,0.718314297,2.02793808,-0.313141206,1.312649034,0.82978955,0.823836171,-0.198271104,0.531807213,1.180832569,-0.833166417,0.5117997,-0.085956056,-0.676403888,-0.970870087
hsa.mir.505,-3.668922889,-0.298319016,-0.833061644,-0.01589378,-1.4068664,-0.924597254,1.258223561,-1.113829997,0.240040588,-0.864433553,0.37317187,-2.742527411,-0.599517514,0.010075394,2.06182843,-2.298862131,-1.600638191,-1.76927335,1.672592345,1.098339604,0.367462334,-0.224101837,0.178772595,0.040880863,-0.379322402,0.018518113,0.337597355,-0.295305021,-0.440661701,0.380603481,0.164262358,-0.307931002,-0.209908081,0.83056822,-0.82118737,0.463710553,0.449193232,-0.38540545,1.389095947,1.593480202,0.039740039,-0.170284651,0.254209469,0.215401934,0.321466417,0.677088275,-0.143047434,1.628780932,0.420189854,-0.066956613,1.057954691,-1.271257038,0.802719611,-1.077512182,-1.709109675,-0.760043129,0.336724909,-0.661630375,0.49501524,-0.213175283,-1.582466926,-0.887973979,0.491495637,0.684762893,-0.014012418,0.50819241,0.620656162,-0.413908472,-1.136225315,0.680778983,1.280177311,-0.033200415,0.41220881,0.17727277,-0.752070285,-0.943537275,-0.81915808,-0.691142694,0.053131711,2.388121498,-0.519387876,-0.729392833,-0.353203644,-2.724410956,-2.043175522,-0.37673585,0.345333079,-0.599761371,0.188242781,0.360010748,0.879225112,-0.13156115,-0.628528358,-0.32583516,-0.487910168,0.035904575,-0.942523055,-0.096856033,-0.438804026,0.306872268,0.155294179,-0.092076585,-1.097694756,-0.170750662,-1.037719262,-0.181201032,0.522741745,-1.971983533,0.79741045,-0.078583223,0.099774334,-0.912224223,0.523521639,-0.888287847,0.313379725,0.494015245,-2.894986647,0.677252061,-2.255695836,-0.531951594,1.769692265,0.423520814,0.152190576,-1.196841756,0.393123381,1.272793566,-1.151969789,0.04415098,1.014225754,0.719348813,0.538659821,0.847986454,-0.935797359,-1.761068582,0.701194264,1.605311321,0.899620524,-1.266962906,-0.289827775,1.403963937,0.298475209,0.844264271,0.000713695,0.692806979,-0.014201428,-1.469477219,1.860313729,1.321248353,0.880440423,1.480310296,-0.15342945,-0.540235198,-0.230908183,0.813104717,-0.82338629,0.048673691,0.663690409,0.118306106,-0.105760952,-0.480335205,0.366544233,1.470486624,-0.787392851,-0.631039526,-1.17073886,-0.761285045,0.045530391,0.667169697,0.395349322,1.15609905,0.371300164,-0.038737361,0.676507363,-0.03022061,-0.982144128,0.543103167,-0.810050646,0.025659835,-0.321324765,-0.218218123,0.854730981,1.288076193,-0.109102571,-1.356006501,0.336689528,0.121442294,-1.084418213,1.801851282,-0.727920314,-3.343017442,0.044996503,0.677803109,-0.644512627,-1.263520594,0.637060835,-0.345887979,0.181097238,0.00250432,0.747050495,0.889687815,-0.645779739,0.995319256,0.731236286,0.474870015,1.300925428,-0.277431224,-0.376750517,-1.188934961,1.158578507,-0.449572252,-0.561379884,1.099177512,-0.780936541,-0.532742772,-0.57348916,-0.111332187,0.628537925,1.140137649,0.406183821,0.08625529,-0.819937259,0.508106099,0.272178729,-0.819196377,0.147295761,-1.315062386,-0.265732236,-0.271976997,0.580335655,-1.496455124,0.171995086,-1.313880701,0.625696269,-0.607225377,-1.433223839,0.924906525,-0.465180167,-1.559941923,0.390615636,0.55258961,-0.567343155,-1.610291847,0.735485816,-0.733440524,-0.1225162,-0.215392575,0.443212802
hsa.mir.363,0.439063793,-0.060809663,0.775045317,0.783020012,2.170226955,-0.078870758,0.173297412,-0.329750238,0.696533409,0.597038672,-0.332988351,-0.338291138,1.292243764,1.983169601,0.439726902,-1.623461334,-0.465045983,-1.29802197,-1.963899182,-1.116397632,0.088308173,1.869510752,0.467091453,1.264697449,1.371034189,-0.009117941,1.263434529,1.257170767,-0.792139249,-0.809354819,0.006057158,0.466328768,0.589256604,0.3168894,1.313039982,0.645657984,1.255270761,0.917239065,-1.061936674,-0.839899283,0.410737674,0.539971699,0.611941397,0.521720334,2.389732132,0.647943479,1.782484493,0.060782719,1.839453568,-0.542629241,0.324358803,-0.370546877,-1.886796327,-0.087578901,-1.349611886,1.733962906,0.266111338,0.595696936,1.302162584,0.776085634,1.267779041,0.775603252,0.900327234,-1.382197865,0.15139373,-0.397000669,0.661008627,-0.893094711,2.027582056,1.479813553,0.658415734,1.673414503,0.782659179,0.091336001,2.402870353,2.117009889,1.813022878,2.214823858,0.743105455,-0.138688519,1.502305359,2.169546318,0.261058929,3.038277984,0.822176574,1.241236378,-0.168347557,1.636137345,1.861119115,1.694556456,0.93381993,1.117212305,2.00985344,-0.59520174,1.359025972,-0.005473795,0.33751505,-0.688767273,0.437526837,-1.300359096,-1.890333014,-0.581862068,-0.853908066,-1.331168688,-0.986948995,-0.892306181,-1.285472939,-0.132077106,-2.088100087,-0.464700928,0.251671917,-2.914346245,-0.957258274,0.03400071,-1.537382981,-0.123153284,0.736659681,-0.16017018,-0.060659368,-0.073532469,-0.447339205,0.203480971,-1.32278239,0.716338237,0.257641616,-0.718952088,-0.852135077,1.790612529,2.096864209,0.372310486,0.611239721,0.554490519,0.933592428,0.37756662,-1.198779027,-0.2234599,-0.440673433,-0.307969636,0.380023109,-0.781013414,-0.165564804,0.825560064,0.042125055,-0.655466252,-0.394478475,1.089873604,-1.078553827,-0.943584183,-0.992992778,-1.349427456,0.719483683,0.504374557,0.991125832,-3.321755743,-0.558453992,0.11252534,-1.420831146,-1.187118737,-0.466172442,1.360748517,-1.632873772,0.029040911,0.647049789,0.204564673,-0.561796544,-0.716505779,-1.530068306,-0.440737889,1.284294656,1.078904099,0.859237792,0.125288975,-0.516871002,0.071897865,0.340767432,-1.819917998,0.193025854,-0.542205288,-2.433784376,-0.834632738,-1.493994933,-1.575608483,-0.399057445,-1.164390248,-0.825261524,-0.918127454,-0.916715484,-0.120649127,-0.501959404,0.894087167,0.756537536,-1.260427434,0.221681419,-0.014051183,2.231542968,0.503623093,0.28939815,0.372055976,-0.072342111,1.188655259,-0.460168081,-0.326743592,-0.299537453,0.900110027,-2.052656387,1.230186314,0.100307987,0.17850968,-1.076467419,-0.569059062,1.506754208,-1.103114799,-1.909419883,0.755258845,0.072177724,-1.448145852,-1.171288969,-1.471301612,0.723352278,-2.953373664,-2.658649517,-1.259676281,-1.068465933,0.446224481,-0.471769129,0.366382059,-0.996166034,-0.931832976,-1.76302425,-1.294334462,-1.91003561,0.789488604,-2.002401778,-1.437041705,-1.034761939,-1.759427584,0.306912464,-0.724195987,-0.056287346,0.83918644,-0.459912213,1.16797922,-0.275955891,0.499161587,1.101670251,0.090922372,-2.008535194
hsa.mir.197,-0.244413528,0.219165422,-1.640380662,-0.461677581,-0.457421723,0.040383987,-1.679520606,1.188068491,-1.919344672,0.31264329,1.164694767,0.591868415,-0.569125856,-0.66146452,-2.197727987,-0.608613662,0.8425272,0.238852458,-1.2042245,-0.775414808,-1.022628189,0.151990865,-0.290725659,0.43972516,-0.558633696,-1.57330256,0.489129372,0.970846558,-2.198497572,-2.230970222,0.780816483,0.226880341,-0.681515969,-0.593162979,0.08112146,0.40699369,0.430667828,0.346289937,-0.648756858,2.353018167,-0.079044458,0.604445335,2.080538596,-0.006035363,0.891375506,0.139136518,0.570815754,-0.23949152,0.311403001,1.833273416,-0.517482432,2.00355499,-0.46920973,-2.439759578,-1.189667704,-0.213464316,-1.055045892,1.276028219,-0.055427656,-0.427267896,0.416000223,1.225427541,-0.57861334,-0.049386317,0.834020714,-1.35852301,0.03267151,-1.065548612,0.439713447,-0.966908987,0.274848186,0.17697864,0.129392211,-1.23078067,-0.130591692,0.502054473,-0.46407039,1.302354103,1.47466741,0.478631811,0.737580879,1.218946792,-0.616442673,-0.955288308,1.460069044,-0.611115489,0.99850346,2.305863466,-0.744381552,-1.064897986,-0.634387783,-0.694585142,-0.633838535,0.052957242,-1.489455185,0.484244054,0.142831236,0.369176679,-1.470036901,-0.37393122,-0.182312447,-0.300933216,0.08148436,-2.572931866,1.031313547,0.877870921,-0.450866458,-1.437491385,-1.055687252,-0.491745767,-0.735077168,-0.482565702,0.370825248,0.351774255,0.110044045,0.140272897,1.586753556,-0.412184681,1.395070014,1.674036868,-0.473476313,-0.729980472,2.50137788,-0.135217075,0.170603854,-0.197360163,1.060576264,0.606049237,-1.882767305,-0.612623217,-1.314692609,-0.577670968,-0.947555655,-1.203923792,1.888613197,0.612385508,-0.363236616,0.469056099,1.388208853,0.003862245,0.34709623,-0.61541339,-0.474206827,0.616628658,-1.42030136,0.101898025,-0.792185679,-1.200039605,-2.449583677,-0.174529314,-3.018274319,-0.858662464,-1.472596055,-3.154945059,-0.802612097,0.005835733,-1.979505338,-1.449189063,0.33132826,1.188342987,0.118373498,-1.486197745,-0.403042026,0.121540256,1.331570672,-0.529864583,-1.176007884,0.151394709,-0.725462676,-0.27987971,0.950705478,-1.566226031,-0.680426894,-0.691500193,0.025895718,-0.098322409,-0.76109697,0.354215016,0.021412949,0.632018493,-1.146938042,0.031926392,-0.200111959,0.531369032,-0.095093053,0.540640893,0.254657994,-0.014464692,0.422038149,-0.479634087,-0.77149243,-1.212331845,1.541906227,-0.328513086,-0.939525812,2.487716556,-0.384014209,1.60952877,0.341927192,-1.707644077,-0.473644119,-0.540668452,0.352307005,-0.457799044,-0.086205331,-0.816090645,0.152691383,1.916865025,0.402909137,0.491894013,0.660852559,-0.002702752,1.891274994,1.125181872,-1.401531277,-1.099288083,-0.025515915,-1.472167291,-0.653809176,-0.666687403,-1.881868487,0.021132699,0.132401713,0.468827516,0.963042019,0.185271841,0.293939982,-0.444807761,-1.263403387,-0.835817784,0.574210718,-0.426434597,0.141829662,1.309704152,0.739028601,-0.58094844,0.795375576,1.47743563,1.340220166,0.115584876,2.218814826,-0.871487927,-0.271299993,0.340723753,0.720578074,1.280743306,0.272645968
hsa.mir.22,-0.184282619,0.721043761,-0.541955466,-0.898073378,-1.757699583,-0.53652078,0.234576898,-1.675257091,-0.273863515,-1.346674216,2.262835169,-0.7075559,2.668168044,0.281336509,-0.023614878,-0.709981459,-0.418097871,-0.78108049,2.066120222,0.783643279,0.833408367,-1.392259556,-0.650596635,-1.523587527,0.012416706,-1.370819008,0.119147415,-0.547963371,-1.675155545,-0.881743087,0.090570058,-1.136912041,-1.077991046,0.619481435,-1.119017609,-0.157231893,0.315096122,-0.564923945,0.881332839,1.091713268,0.383529214,-0.689981041,-0.556456578,0.393342916,-1.100632704,0.047999466,-0.16716151,0.68303975,-0.778207406,0.094858729,0.016024359,-0.046263057,2.069353183,-1.185392166,-2.061002584,-1.338831113,0.259360943,-0.869617256,-1.115835488,-1.0628671,-0.70984406,-1.517319376,0.398788287,0.891608965,0.041673564,0.123450076,-0.787042017,-1.599155498,-0.300270862,0.747025387,1.626053259,1.110149006,0.439805343,1.263074175,0.125188357,-0.071817809,-0.270008025,-0.096185027,-0.869723768,-0.035781237,-0.109666789,-0.476186927,-0.352789162,0.329068359,-0.437513733,-0.718897158,-0.212074809,-0.079388009,2.821368679,1.217897647,-0.414538192,1.291727101,1.851742566,-1.386548814,-0.271830112,-0.386758613,-1.208593225,2.926388737,0.217447414,-0.701706478,0.090153699,-0.287371465,0.779767639,0.718318579,-0.452789364,-0.739090664,0.065787382,0.438300311,1.675966713,-0.485732798,0.409062222,-0.535237595,0.620679647,-1.057795445,0.56777325,-0.035372909,-0.731172009,0.903880736,0.936065232,0.965174413,1.564406869,-0.154649057,0.449087287,1.124011211,0.452669729,0.275710393,-1.256480592,-0.637808428,0.506392808,0.097617412,0.401236815,0.31758333,-1.080133628,0.535421666,0.683717871,1.290705033,0.56871894,-1.151282667,-0.538796844,0.984797085,0.669470111,-0.139063041,-0.051584471,0.298170379,-1.079175633,0.038527941,0.928747005,0.595116046,0.81824029,1.294330044,1.065031028,-0.775353895,-1.203041314,-3.201142091,-0.291206147,0.238321015,-0.902931668,-0.881808798,-0.855832098,-1.462494312,-0.354105203,0.051920827,-1.349370113,-1.729889704,-1.475257582,-1.088581497,0.165243373,1.091686448,-0.077480882,1.025278054,0.848971205,0.502906911,0.551192038,-0.140267297,-0.718074731,1.171522467,-0.260164031,-0.401275774,0.023889723,0.435032181,1.29325114,2.145171549,-0.559574024,-1.000938914,1.074157948,0.243483987,-0.577345901,1.956568327,-0.370115728,-1.210539113,2.097712043,1.014015924,-0.094773321,-0.400883173,-0.076909542,-0.210736721,-0.464496421,-0.936035729,0.326345709,-0.684145623,-0.547876442,0.543740219,0.695285206,0.842196826,1.426409049,-0.655653144,0.902600863,-0.499629142,0.878453005,-0.689674139,-1.122879998,1.106448545,0.057061897,-1.461041408,-0.056167335,0.590927496,0.792351862,1.055005131,-0.008522103,-0.186763403,-1.092199323,0.33873735,0.830457929,-0.811098019,-0.673372383,-0.990528942,-0.524020945,-0.531265958,1.066265396,-0.823526525,0.600050318,-1.67915271,1.106183334,-0.849451948,-1.118642296,1.446852963,-0.302983329,1.03899256,0.198816549,-0.537148711,-0.596258995,-0.762771542,0.901238528,-1.091187534,-0.44344087,-0.569353433,0.73034571
hsa.mir.423,0.798479287,0.723096103,0.280749475,-0.662381579,1.899093737,-1.149982483,-0.065159843,-2.332443991,-1.295047033,-0.536876906,1.440126598,-1.04780154,0.512750458,0.549016533,0.861087454,1.687063344,0.762418227,-1.386689805,-0.139606932,-0.043230625,0.366021655,1.102145933,-1.017223946,-0.727496873,0.641790766,-0.665528027,-1.13179485,-1.524683645,2.188115251,1.270885081,-0.741285195,-0.374262454,-0.131724753,0.018507227,-0.858083298,0.274972837,-0.971215844,-1.655085403,-1.468348397,-0.887897398,0.110011817,-1.506654652,-1.681621335,-2.070148689,-0.45817231,-2.298714953,0.091600756,-0.984283227,-0.998452796,-1.379030051,-0.343739851,0.51397981,1.191174595,0.640971274,0.511097651,0.59784637,0.254644583,-1.039174207,-1.486504988,1.083364457,-0.224286954,-2.307015684,0.152594397,-0.231851478,-1.620801888,0.639469961,-0.738846467,-0.622415315,0.409073938,-0.931094474,0.205337241,2.261606256,-1.236672602,0.475472296,0.491897508,-2.283156659,-0.115003912,-1.064135411,-1.778921969,0.689079995,-1.526987057,0.178705657,-0.561650984,0.254266174,-1.113126851,-0.425821732,-0.928801673,-0.847068678,0.514962571,0.12240325,1.478029532,0.059936965,1.99373484,-0.16181517,-0.62937636,-0.828992328,1.68622996,1.803382622,2.236136042,0.051737166,-1.013344915,0.370964585,1.501428203,0.393456104,1.159019415,-0.518597914,0.535635504,2.467545099,1.061113871,-0.698930148,1.256072596,0.860857415,0.528748365,0.256093632,-0.248896397,0.768235974,-0.609563566,0.534322966,1.566760263,0.17934165,0.740203325,1.092679868,-0.765243931,1.32878479,1.251044459,1.266813072,-0.82586681,0.40634072,0.839009666,-0.827283277,0.096152565,0.321687325,-0.730124723,-0.930042085,-0.316304876,-0.903896795,-1.071880671,0.459146557,-0.095123793,0.270265817,1.501605948,0.102327936,-0.120659691,-0.77036651,-0.135163495,-0.227014487,-0.261926339,-0.373840786,0.472570928,0.16245742,1.7057039,1.382870458,0.848138175,3.608494501,-0.610275583,0.108190211,0.771076526,1.376664602,0.31700481,0.44626501,-0.548939411,-0.504771556,0.153312446,0.60574817,-1.298382251,-1.207851196,0.721439723,-0.532991503,0.384601983,-1.175209452,-0.695396378,0.503489762,0.306521133,0.138233389,1.994153825,2.252432982,0.084048435,-0.883077724,-0.186552888,-0.85892698,0.829486581,0.732128577,0.324238464,0.872878226,-0.790552792,-0.210661408,0.22294433,-0.505237614,0.542925397,-0.269376967,2.239100129,0.902999686,-0.662946782,0.849046625,0.116945176,-0.934624978,-0.180553276,-1.925032959,-1.236662641,-0.647826282,0.073655511,0.426052393,-1.092674953,-1.506250481,0.149327042,0.619130524,0.232973121,0.552021566,-0.510533745,-0.738716168,2.814207121,0.83000074,-1.114705129,0.419129453,2.027696905,0.263842708,-0.566747118,1.221966953,0.914214974,1.32077608,0.651643374,0.026246806,-0.038560725,1.474084006,0.142985487,1.671729101,1.209134757,0.988460529,0.644087157,0.635165281,-0.157323983,0.528742219,0.683543222,2.049755607,0.165413871,0.265913467,1.005500602,-0.206011731,-0.853565819,-0.242329009,-1.3565044,1.129153462,0.190992242,-0.126096002,2.530395788,-0.182734383,-0.499413942
hsa.mir.330,-2.045776377,1.175340723,0.776901816,1.370439309,1.294541044,1.223156322,1.511738143,1.814940616,-1.81527758,0.745936203,-1.831965498,-0.140789565,-0.890161247,-0.996684828,-1.139428706,0.224956549,-0.557538248,-1.341679401,0.779142989,-0.056557282,1.744843458,1.07699736,0.899676958,1.898363269,1.451863819,1.632919024,-0.524764237,-2.400514675,1.770963883,2.211030394,1.164117076,0.777987787,1.267127217,2.118697333,2.125302288,1.644210755,1.681901823,1.3277446,1.811717668,1.186739399,0.720545586,0.274570298,0.334765636,1.027600567,1.050382315,1.171867771,0.734863986,1.420263515,1.281819355,0.423379177,0.702849081,0.734810855,0.573946437,0.582935763,1.780137363,1.581394276,1.275527816,-0.318164468,0.944079775,1.520956738,1.377792324,-0.191938423,1.31925769,0.580771366,0.155190538,0.519233522,0.227805377,0.316900537,-1.401419186,-1.111779332,-0.963777316,-2.041079727,-0.69169872,-0.465424727,-1.23606499,-1.354803042,-0.521645959,-2.034329302,-0.514181345,-0.843489444,-1.961940172,-0.480206183,-0.61794986,-0.564906744,-1.954730001,-1.015953688,-0.452349712,-0.340723115,-2.030719825,-1.117089804,-1.85398182,-2.130580006,-2.201490381,-0.597897858,-0.363060813,-1.868417535,-1.164379234,-1.905342181,-1.719723878,0.588732758,-0.0844091,-0.248263077,-0.337449334,-1.527004692,0.982979648,0.102515867,0.133822293,-0.219888175,-0.270505215,-0.889228504,-1.348239568,0.232042754,-0.496666379,-0.240103476,-0.959539777,-0.821444022,-1.335250227,-0.211323185,-0.729647276,-1.46545918,-0.735005636,-0.410910103,-0.328529012,-2.546307936,-0.396692218,-0.890703365,-1.208977667,0.856969626,2.082528534,0.970455281,0.065270254,0.754281049,0.926150102,1.350848536,-0.505611761,0.863415529,0.282896036,0.091944141,-0.736050788,-0.339016469,-1.058404376,-0.044168581,-1.759381636,-0.028237227,0.948584939,1.267107861,1.032582937,0.898979826,1.249340875,0.827048687,-0.697181189,1.369286243,2.102488929,1.718272602,-0.892079553,0.064436161,0.826135025,3.080221815,-1.101539012,1.833755208,-0.280500087,-0.434829826,0.03081557,-0.881433517,-0.631513146,-0.361651895,-0.33050131,-1.570897477,-0.38967873,0.048468573,-0.608883237,-1.582608892,0.057668283,1.052455766,0.824941608,-0.602136545,-0.934673008,0.259707974,-0.959631267,-0.619142895,-0.447595591,-0.065614095,1.524194188,-0.45344503,-0.905115135,-0.999875335,-0.642310876,2.186452904,0.206699979,1.082328624,-0.167855493,1.132403144,1.451033204,0.595984277,0.573304884,0.377200925,1.080331702,0.921429075,0.514434327,0.440633234,0.5081613,-0.738444115,0.60572125,0.409346635,0.42802917,0.092443659,-0.433257722,0.458233475,1.254362185,0.362728384,-0.786943744,0.043204381,-0.710255384,-1.077133785,-1.124271622,-0.631485089,-0.086042333,-0.584887876,1.009477558,1.940679204,0.517521419,-1.289183802,0.898352937,-0.618686211,0.77275984,-1.643926202,-0.209839576,-0.537079863,0.484721027,-0.327424425,-0.129553002,-1.887371427,-0.06796346,-1.602094998,-0.612953089,1.629953318,-1.144098644,-0.965015146,-1.160696321,-0.624197271,-1.099269282,-2.290599914,-0.416373175,-0.977633292,-0.694030603,-0.763880029,-1.133084549
hsa.mir.330.1,0.0,0.0,0.0,0.0,0.0,0.0,0.0,0.0,0.0,0.0,0.0,0.0,0.0,0.0,0.0,0.0,0.0,0.0,0.0,0.0,0.0,0.0,0.0,0.0,0.0,0.0,0.0,0.0,0.0,0.0,0.0,0.0,0.0,0.0,0.0,0.0,0.0,0.0,0.0,0.0,0.0,0.0,0.0,0.0,0.0,0.0,0.0,0.0,0.0,0.0,0.0,0.0,0.0,0.0,0.0,0.0,0.0,0.0,0.0,0.0,0.0,0.0,0.0,0.0,0.0,0.0,0.0,0.0,0.0,0.0,0.0,0.0,0.0,0.0,0.0,0.0,0.0,0.0,0.0,0.0,0.0,0.0,0.0,0.0,0.0,0.0,0.0,0.0,0.0,0.0,0.0,0.0,0.0,0.0,0.0,0.0,0.0,0.0,0.0,0.0,0.0,0.0,0.0,0.0,0.0,0.0,0.0,0.0,0.0,0.0,0.0,0.0,0.0,0.0,0.0,0.0,0.0,0.0,0.0,0.0,0.0,0.0,0.0,0.0,0.0,0.0,0.0,0.0,0.0,0.0,0.0,0.0,0.0,0.0,0.0,0.0,0.0,0.0,0.0,0.0,0.0,0.0,0.0,0.0,0.0,0.0,0.0,0.0,0.0,0.0,0.0,0.0,0.0,0.0,0.0,0.0,0.0,0.0,0.0,0.0,0.0,0.0,0.0,0.0,0.0,0.0,0.0,0.0,0.0,0.0,0.0,0.0,0.0,0.0,0.0,0.0,0.0,0.0,0.0,0.0,0.0,0.0,0.0,0.0,0.0,0.0,0.0,0.0,0.0,0.0,0.0,0.0,0.0,0.0,0.0,0.0,0.0,0.0,0.0,0.0,0.0,0.0,0.0,0.0,0.0,0.0,0.0,0.0,0.0,0.0,0.0,0.0,0.0,0.0,0.0,0.0,0.0,0.0,0.0,0.0,0.0,0.0,0.0,0.0,0.0,0.0,0.0,0.0,0.0,0.0,0.0,0.0,0.0,0.0,0.0,0.0,0.0,0.0,0.0,0.0,0.0,0.0,0.0,0.0,0.0,0.0,0.0
hsa.mir.214,-0.294104519,-1.209838994,-1.03515841,-0.719082374,-0.781021679,-0.614107948,0.271211202,-2.081401332,-1.522333107,-2.094454738,1.700385055,-0.073834195,1.263734147,0.57837406,1.775147014,-0.693394029,-0.737727648,-0.301332995,2.234241537,0.735752993,0.01779609,-0.7474938,-2.703842802,-1.367472913,-0.854283465,-1.228017656,0.752085941,0.306470023,-4.211853265,0.314421489,-0.366560027,-0.061377548,-1.569571297,0.428959147,-2.491680106,0.523282118,-0.044690703,5.87e-05,-0.104096458,0.371861205,-1.533583598,-0.608559663,-0.73537797,-1.14131485,-0.609795487,0.380818187,-0.624040429,-0.028283963,-0.85438331,0.383318751,-0.050345074,0.50151189,1.157373915,-0.316168266,-1.748746215,-0.326899991,-0.070055718,-0.61628363,-1.479341554,-1.35707482,-0.900369504,-0.783501497,0.306134972,-0.366700385,0.527904254,0.595349008,-0.792798562,-0.95242499,1.963859134,0.99901513,1.872919668,1.149928543,1.007560372,-0.075928463,0.199640292,0.716099455,1.543283393,1.020414183,0.454622805,3.294741023,-0.583470525,0.493275431,-0.739224083,1.296869677,0.715320103,0.041317251,1.09959107,-0.418218178,0.630369273,1.714546952,0.546480192,0.264005912,0.834037241,-0.858267728,0.441053449,0.781794574,0.358748259,0.116462771,-0.63941886,-0.411366323,0.866329563,0.336345854,0.271388757,-0.141847885,-0.420513305,-0.985096314,0.858493505,0.864006684,1.005179936,0.051108085,0.814257106,0.09320355,0.868035681,-0.373889462,1.280884848,0.779773241,-0.771713006,1.1501958,1.328304426,0.337054675,2.083589988,-0.159481799,-0.023184766,0.070100954,0.121380012,1.316094166,0.734968878,1.170454622,-0.918497556,0.223654859,-0.761325318,0.798875885,0.033531662,-0.593147479,1.135078929,1.110732163,0.358175076,-1.566217796,-0.018673027,0.33914846,1.51961704,0.343937139,-0.025335565,0.198728262,-2.391899711,-1.499125172,0.402354951,0.981994269,-0.918321677,1.264562854,-0.614165168,-0.53091218,-0.831082858,-2.039446989,0.221065327,0.204577991,0.265546852,-1.255450961,0.081217767,-0.675923099,0.985573165,0.739527067,-0.928489499,-1.12996482,-0.962180085,-0.182697803,0.161325151,1.117720955,0.219179514,1.107726734,1.650586038,0.670000742,0.520191117,-0.672093894,-1.050375972,-0.489360766,-0.452465946,-0.012487258,-0.228251837,1.111329657,0.121795108,1.898641605,-0.234398043,-0.823904501,0.978133354,0.532202074,-0.443716419,1.644348827,0.045253153,-1.780049356,-0.198373917,0.578423623,-0.381868472,-0.341446032,-0.755254098,-1.178685763,0.010225094,-1.085357082,-0.309804295,-1.529145616,-0.762023337,0.612511305,0.632979401,-0.53533493,1.971007373,0.143847231,0.630738878,-1.096997388,1.60639573,-2.191130352,-1.367851663,1.240222702,0.52476848,1.400106394,-1.111838084,1.125794812,0.347976763,1.236423791,-1.260477697,0.324496612,0.039678655,0.28307163,0.903638256,-0.627647066,0.855257832,-0.434288865,0.790397176,0.357667865,0.980876106,-0.876345685,0.606644181,-1.235409437,0.828354379,-1.075906796,-0.140589381,1.372749496,-0.834813767,0.315955284,0.704249082,-0.775414167,-0.964455503,-1.326367057,0.525696272,0.271402051,-0.468051075,0.516886764,-0.174918958
hsa.mir.214.1,0.0,0.0,0.0,0.0,0.0,0.0,0.0,0.0,0.0,0.0,0.0,0.0,0.0,0.0,0.0,0.0,0.0,0.0,0.0,0.0,0.0,0.0,0.0,0.0,0.0,0.0,0.0,0.0,0.0,0.0,0.0,0.0,0.0,0.0,0.0,0.0,0.0,0.0,0.0,0.0,0.0,0.0,0.0,0.0,0.0,0.0,0.0,0.0,0.0,0.0,0.0,0.0,0.0,0.0,0.0,0.0,0.0,0.0,0.0,0.0,0.0,0.0,0.0,0.0,0.0,0.0,0.0,0.0,0.0,0.0,0.0,0.0,0.0,0.0,0.0,0.0,0.0,0.0,0.0,0.0,0.0,0.0,0.0,0.0,0.0,0.0,0.0,0.0,0.0,0.0,0.0,0.0,0.0,0.0,0.0,0.0,0.0,0.0,0.0,0.0,0.0,0.0,0.0,0.0,0.0,0.0,0.0,0.0,0.0,0.0,0.0,0.0,0.0,0.0,0.0,0.0,0.0,0.0,0.0,0.0,0.0,0.0,0.0,0.0,0.0,0.0,0.0,0.0,0.0,0.0,0.0,0.0,0.0,0.0,0.0,0.0,0.0,0.0,0.0,0.0,0.0,0.0,0.0,0.0,0.0,0.0,0.0,0.0,0.0,0.0,0.0,0.0,0.0,0.0,0.0,0.0,0.0,0.0,0.0,0.0,0.0,0.0,0.0,0.0,0.0,0.0,0.0,0.0,0.0,0.0,0.0,0.0,0.0,0.0,0.0,0.0,0.0,0.0,0.0,0.0,0.0,0.0,0.0,0.0,0.0,0.0,0.0,0.0,0.0,0.0,0.0,0.0,0.0,0.0,0.0,0.0,0.0,0.0,0.0,0.0,0.0,0.0,0.0,0.0,0.0,0.0,0.0,0.0,0.0,0.0,0.0,0.0,0.0,0.0,0.0,0.0,0.0,0.0,0.0,0.0,0.0,0.0,0.0,0.0,0.0,0.0,0.0,0.0,0.0,0.0,0.0,0.0,0.0,0.0,0.0,0.0,0.0,0.0,0.0,0.0,0.0,0.0,0.0,0.0,0.0,0.0,0.0
hsa.mir.144b,0.0,0.0,0.0,0.0,0.0,0.0,0.0,0.0,0.0,0.0,0.0,0.0,0.0,0.0,0.0,0.0,0.0,0.0,0.0,0.0,0.0,0.0,0.0,0.0,0.0,0.0,0.0,0.0,0.0,0.0,0.0,0.0,0.0,0.0,0.0,0.0,0.0,0.0,0.0,0.0,0.0,0.0,0.0,0.0,0.0,0.0,0.0,0.0,0.0,0.0,0.0,0.0,0.0,0.0,0.0,0.0,0.0,0.0,0.0,0.0,0.0,0.0,0.0,0.0,0.0,0.0,0.0,0.0,0.0,0.0,0.0,0.0,0.0,0.0,0.0,0.0,0.0,0.0,0.0,0.0,0.0,0.0,0.0,0.0,0.0,0.0,0.0,0.0,0.0,0.0,0.0,0.0,0.0,0.0,0.0,0.0,0.0,0.0,0.0,0.0,0.0,0.0,0.0,0.0,0.0,0.0,0.0,0.0,0.0,0.0,0.0,0.0,0.0,0.0,0.0,0.0,0.0,0.0,0.0,0.0,0.0,0.0,0.0,0.0,0.0,0.0,0.0,0.0,0.0,0.0,0.0,0.0,0.0,0.0,0.0,0.0,0.0,0.0,0.0,0.0,0.0,0.0,0.0,0.0,0.0,0.0,0.0,0.0,0.0,0.0,0.0,0.0,0.0,0.0,0.0,0.0,0.0,0.0,0.0,0.0,0.0,0.0,0.0,0.0,0.0,0.0,0.0,0.0,0.0,0.0,0.0,0.0,0.0,0.0,0.0,0.0,0.0,0.0,0.0,0.0,0.0,0.0,0.0,0.0,0.0,0.0,0.0,0.0,0.0,0.0,0.0,0.0,0.0,0.0,0.0,0.0,0.0,0.0,0.0,0.0,0.0,0.0,0.0,0.0,0.0,0.0,0.0,0.0,0.0,0.0,0.0,0.0,0.0,0.0,0.0,0.0,0.0,0.0,0.0,0.0,0.0,0.0,0.0,0.0,0.0,0.0,0.0,0.0,0.0,0.0,0.0,0.0,0.0,0.0,0.0,0.0,0.0,0.0,0.0,0.0,0.0,0.0,0.0,0.0,0.0,0.0,0.0
hsa.mir.140b,0.0,0.0,0.0,0.0,0.0,0.0,0.0,0.0,0.0,0.0,0.0,0.0,0.0,0.0,0.0,0.0,0.0,0.0,0.0,0.0,0.0,0.0,0.0,0.0,0.0,0.0,0.0,0.0,0.0,0.0,0.0,0.0,0.0,0.0,0.0,0.0,0.0,0.0,0.0,0.0,0.0,0.0,0.0,0.0,0.0,0.0,0.0,0.0,0.0,0.0,0.0,0.0,0.0,0.0,0.0,0.0,0.0,0.0,0.0,0.0,0.0,0.0,0.0,0.0,0.0,0.0,0.0,0.0,0.0,0.0,0.0,0.0,0.0,0.0,0.0,0.0,0.0,0.0,0.0,0.0,0.0,0.0,0.0,0.0,0.0,0.0,0.0,0.0,0.0,0.0,0.0,0.0,0.0,0.0,0.0,0.0,0.0,0.0,0.0,0.0,0.0,0.0,0.0,0.0,0.0,0.0,0.0,0.0,0.0,0.0,0.0,0.0,0.0,0.0,0.0,0.0,0.0,0.0,0.0,0.0,0.0,0.0,0.0,0.0,0.0,0.0,0.0,0.0,0.0,0.0,0.0,0.0,0.0,0.0,0.0,0.0,0.0,0.0,0.0,0.0,0.0,0.0,0.0,0.0,0.0,0.0,0.0,0.0,0.0,0.0,0.0,0.0,0.0,0.0,0.0,0.0,0.0,0.0,0.0,0.0,0.0,0.0,0.0,0.0,0.0,0.0,0.0,0.0,0.0,0.0,0.0,0.0,0.0,0.0,0.0,0.0,0.0,0.0,0.0,0.0,0.0,0.0,0.0,0.0,0.0,0.0,0.0,0.0,0.0,0.0,0.0,0.0,0.0,0.0,0.0,0.0,0.0,0.0,0.0,0.0,0.0,0.0,0.0,0.0,0.0,0.0,0.0,0.0,0.0,0.0,0.0,0.0,0.0,0.0,0.0,0.0,0.0,0.0,0.0,0.0,0.0,0.0,0.0,0.0,0.0,0.0,0.0,0.0,0.0,0.0,0.0,0.0,0.0,0.0,0.0,0.0,0.0,0.0,0.0,0.0,0.0,0.0,0.0,0.0,0.0,0.0,0.0
hsa.mir.176,0.0,0.0,0.0,0.0,0.0,0.0,0.0,0.0,0.0,0.0,0.0,0.0,0.0,0.0,0.0,0.0,0.0,0.0,0.0,0.0,0.0,0.0,0.0,0.0,0.0,0.0,0.0,0.0,0.0,0.0,0.0,0.0,0.0,0.0,0.0,0.0,0.0,0.0,0.0,0.0,0.0,0.0,0.0,0.0,0.0,0.0,0.0,0.0,0.0,0.0,0.0,0.0,0.0,0.0,0.0,0.0,0.0,0.0,0.0,0.0,0.0,0.0,0.0,0.0,0.0,0.0,0.0,0.0,0.0,0.0,0.0,0.0,0.0,0.0,0.0,0.0,0.0,0.0,0.0,0.0,0.0,0.0,0.0,0.0,0.0,0.0,0.0,0.0,0.0,0.0,0.0,0.0,0.0,0.0,0.0,0.0,0.0,0.0,0.0,0.0,0.0,0.0,0.0,0.0,0.0,0.0,0.0,0.0,0.0,0.0,0.0,0.0,0.0,0.0,0.0,0.0,0.0,0.0,0.0,0.0,0.0,0.0,0.0,0.0,0.0,0.0,0.0,0.0,0.0,0.0,0.0,0.0,0.0,0.0,0.0,0.0,0.0,0.0,0.0,0.0,0.0,0.0,0.0,0.0,0.0,0.0,0.0,0.0,0.0,0.0,0.0,0.0,0.0,0.0,0.0,0.0,0.0,0.0,0.0,0.0,0.0,0.0,0.0,0.0,0.0,0.0,0.0,0.0,0.0,0.0,0.0,0.0,0.0,0.0,0.0,0.0,0.0,0.0,0.0,0.0,0.0,0.0,0.0,0.0,0.0,0.0,0.0,0.0,0.0,0.0,0.0,0.0,0.0,0.0,0.0,0.0,0.0,0.0,0.0,0.0,0.0,0.0,0.0,0.0,0.0,0.0,0.0,0.0,0.0,0.0,0.0,0.0,0.0,0.0,0.0,0.0,0.0,0.0,0.0,0.0,0.0,0.0,0.0,0.0,0.0,0.0,0.0,0.0,0.0,0.0,0.0,0.0,0.0,0.0,0.0,0.0,0.0,0.0,0.0,0.0,0.0,0.0,0.0,0.0,0.0,0.0,0.0
hsa.mir.23a,0.998804729,-0.903871422,-1.05230631,-0.702322118,0.168242489,-1.531999914,0.567714404,-2.104315727,0.348816551,-1.603703975,1.537711219,0.603139983,2.043573329,2.480633048,1.969599127,0.559833942,0.720969598,-1.222624285,-0.103540138,-0.316634131,-0.584400341,-0.310983263,-1.33967874,-1.709621933,-0.493442654,-2.252546766,-0.149433525,-0.08247165,-0.41948214,-0.655029735,-1.218514646,-0.731793458,-2.106676494,0.104478476,-1.598606283,-1.750125295,-0.469704565,-3.163727399,-1.3427265,-1.24245194,-1.202263727,-1.583413472,-1.639143132,-2.38913911,-0.551523369,0.222900879,0.264761105,-1.588069357,-1.372901451,-0.003152191,0.73311928,1.231035173,2.008592999,-0.708291579,-0.44866431,0.543716381,-1.420180039,-1.063879501,-1.4753501,-0.137238318,-0.927376831,-1.618907412,-0.558798298,-0.884099444,0.300002783,0.312442921,0.529936989,1.068489198,1.49805263,0.897535559,1.468158428,2.081884794,1.104606643,3.527542786,1.438396702,-0.110822014,0.899484089,1.285161245,-0.113164461,0.410857746,-0.949497835,-0.075463898,0.698148021,2.106792939,0.083356449,1.232364881,-0.093222168,1.831461371,1.162678119,1.919505271,0.007752815,0.589069385,0.901188366,1.323049097,1.088681171,-1.353950138,-0.009715802,0.491853662,0.350243608,-2.578327717,-0.943625553,0.736116779,0.255365762,-0.451590706,-0.019659565,-1.531651935,-0.084589675,0.58475619,-0.322044834,0.032704848,-0.27760813,0.283751428,-0.79698413,0.56793087,-0.964481142,-0.298932217,-0.518390307,-0.88430982,0.268108284,0.430233374,1.608850308,1.796040534,-0.611575704,0.932679061,-0.269249606,3.165117369,-1.895084952,-0.188361862,1.373249604,-0.292108923,-0.493494236,-0.75145219,-0.140743074,-0.857699897,0.088916392,0.199830398,-1.781603512,0.92066312,-0.954196619,-0.298323202,0.962703338,0.001230719,-1.68055004,-0.885149383,-0.910395856,-0.287394197,2.263406112,-0.466781387,0.990784396,0.3654041,0.061734564,-1.188298015,0.712281832,-0.706681252,-0.258044866,-1.108585868,-1.225020656,0.06035786,0.002462849,-1.16596606,-0.241101509,0.513598292,-0.148044806,0.754862961,-1.793266773,-1.314194096,-0.2756111,0.182205579,1.707705963,1.620089758,1.5671751,1.436131189,0.869590028,-0.040852048,0.352838559,0.570256313,-0.539138207,-0.939923224,-0.700901852,-0.34135471,0.519689757,0.449472522,1.254192374,0.411136089,-0.677802186,0.52838494,1.423490936,-1.514047446,0.495738601,-1.448438561,0.889895277,0.400612557,-0.767151243,0.097755977,-1.253799148,-1.30310576,0.29361227,-2.116181146,-0.853839808,-0.544622329,0.718785051,-0.248899573,-0.803716829,-1.005581429,0.602686194,-0.559694445,1.423690732,-0.54676702,0.936077012,-1.488565288,0.19015378,0.197257479,-0.521784231,-0.085484652,-0.003520323,-0.183756597,-0.541613044,0.858469492,-0.003194921,-0.602265114,0.791068432,-1.289187299,-0.194541006,0.129746841,0.195760285,-0.350606283,0.369676853,0.786789037,-0.375815932,-0.748525008,-0.697026047,-1.307153286,-0.512855433,-0.727848369,-0.29939987,-0.589707099,1.117776161,0.321554046,0.852781347,0.636382494,0.087529439,0.354616545,-0.10422284,-0.210843719,1.202191217,-0.446380776,-0.35002099
hsa.mir.125b.1,0.927155608,-0.859444567,-0.383961808,-0.994746867,-0.122811507,0.309516508,0.787124324,-0.064822331,-0.623773508,-0.814201217,0.316688607,-1.521423175,-1.037438404,0.286338073,-0.030818611,-0.221078665,0.69198232,0.166679271,2.315077838,2.10666412,0.420151451,-0.680321148,0.012835185,-1.55662968,0.612151262,-0.576882597,0.517022199,1.304809052,-2.568739427,-0.21852246,0.084781152,0.437269819,-0.533533081,-0.696158642,-0.235164882,-0.338655053,-0.821293058,0.359170766,1.175041716,-0.301040108,-0.152448099,-0.593724789,-0.454702917,-0.223100626,0.38050014,0.353815487,0.548064663,0.480032659,-0.437255901,-1.200660961,0.672889854,0.213789151,1.40093246,-3.086758065,1.043518951,-2.17647678,-0.031827211,-0.447821664,-1.538394027,-1.789611545,-0.426028204,0.144587525,0.084850316,0.990784409,0.396557107,0.837039961,0.561163724,0.201392341,-1.137248618,0.662409102,1.059769113,-1.0893262,0.028926606,-0.333843436,-0.525827014,0.802547741,0.195631975,0.014530961,-0.563746629,0.329050236,-0.793547989,-0.791105713,-0.279479202,-0.414209534,-0.037044967,0.249755882,0.216292916,-0.376907859,-0.900117442,0.209904798,-1.855944113,-1.13856135,-2.932755951,-0.286922287,0.169580453,-0.918460491,-0.255376834,-2.174938323,-2.709748191,0.236602624,0.587605901,0.404478424,-0.874290223,-1.434654705,-0.138615598,-0.672826128,0.493038837,-1.259374364,1.183227728,0.052245966,1.16062884,0.041620725,1.229843069,-0.407491785,0.932135322,0.841455008,-0.388950043,0.990674264,-1.758798237,-0.697684175,1.238261085,-0.055984927,-0.174142112,-1.669497162,-0.131089715,0.350367337,-1.122088572,-1.408429843,-1.687312648,0.320528957,-0.595364393,-0.640427895,-0.804041859,-2.115590261,0.279428119,1.614762034,0.842817303,0.059629063,0.383008258,0.092688625,-1.473617853,0.064979709,0.955631043,0.714171614,-0.528522933,-0.454591607,1.078069364,0.968063004,-0.811141007,1.18382554,-1.338957503,-0.679130902,-0.924002227,-0.975982535,0.355076472,0.695885416,-0.461162949,-1.010717081,0.063099073,-1.138564219,-0.08076114,-0.295059195,-0.559719449,0.514230975,-0.571999067,-0.078952786,0.907975991,0.690583265,0.18666113,0.412335535,-0.557902645,0.216935533,1.161940051,-0.111966118,0.256120604,-1.737449528,0.319807235,0.31560097,0.641486812,-0.294223043,1.580017296,1.289614126,0.424946571,0.161237411,0.901263408,1.210349576,-0.096851465,0.798078161,-0.644040412,-0.321082449,-1.949141352,0.628805051,0.251095058,-0.045062705,0.070376648,-0.566623719,-0.059476175,-0.350625454,0.022248955,-1.453424102,1.018212685,-0.582900724,0.255363447,1.464789029,1.109565272,-1.186230902,0.374438858,-0.007523563,1.94285387,-0.53138054,-2.436517065,1.637364266,-0.969883837,-0.862235787,-0.411117522,0.782834575,0.947652548,1.238045329,-1.808829916,-0.180114079,1.599658572,0.969059296,1.454570683,0.801846553,0.178875936,-0.47723538,0.620287038,2.266842249,1.588419465,-0.460778726,1.645094297,-0.149755456,1.755069551,1.14139893,0.62304359,1.057083771,-0.082445953,-0.49707332,0.630127798,0.301621807,-0.72581901,-0.24322329,1.269815059,0.784657035,-1.254137616,-0.067163163,0.74909675
hsa.mir.129b,0.0,0.0,0.0,0.0,0.0,0.0,0.0,0.0,0.0,0.0,0.0,0.0,0.0,0.0,0.0,0.0,0.0,0.0,0.0,0.0,0.0,0.0,0.0,0.0,0.0,0.0,0.0,0.0,0.0,0.0,0.0,0.0,0.0,0.0,0.0,0.0,0.0,0.0,0.0,0.0,0.0,0.0,0.0,0.0,0.0,0.0,0.0,0.0,0.0,0.0,0.0,0.0,0.0,0.0,0.0,0.0,0.0,0.0,0.0,0.0,0.0,0.0,0.0,0.0,0.0,0.0,0.0,0.0,0.0,0.0,0.0,0.0,0.0,0.0,0.0,0.0,0.0,0.0,0.0,0.0,0.0,0.0,0.0,0.0,0.0,0.0,0.0,0.0,0.0,0.0,0.0,0.0,0.0,0.0,0.0,0.0,0.0,0.0,0.0,0.0,0.0,0.0,0.0,0.0,0.0,0.0,0.0,0.0,0.0,0.0,0.0,0.0,0.0,0.0,0.0,0.0,0.0,0.0,0.0,0.0,0.0,0.0,0.0,0.0,0.0,0.0,0.0,0.0,0.0,0.0,0.0,0.0,0.0,0.0,0.0,0.0,0.0,0.0,0.0,0.0,0.0,0.0,0.0,0.0,0.0,0.0,0.0,0.0,0.0,0.0,0.0,0.0,0.0,0.0,0.0,0.0,0.0,0.0,0.0,0.0,0.0,0.0,0.0,0.0,0.0,0.0,0.0,0.0,0.0,0.0,0.0,0.0,0.0,0.0,0.0,0.0,0.0,0.0,0.0,0.0,0.0,0.0,0.0,0.0,0.0,0.0,0.0,0.0,0.0,0.0,0.0,0.0,0.0,0.0,0.0,0.0,0.0,0.0,0.0,0.0,0.0,0.0,0.0,0.0,0.0,0.0,0.0,0.0,0.0,0.0,0.0,0.0,0.0,0.0,0.0,0.0,0.0,0.0,0.0,0.0,0.0,0.0,0.0,0.0,0.0,0.0,0.0,0.0,0.0,0.0,0.0,0.0,0.0,0.0,0.0,0.0,0.0,0.0,0.0,0.0,0.0,0.0,0.0,0.0,0.0,0.0,0.0
hsa.mir.148b,-0.288690941,-0.854130256,-2.37422219,-2.214343157,-1.306142141,-0.34237407,-2.299110799,-0.044259932,-0.014371605,-0.888824612,0.599164157,0.650016558,1.606602182,1.218907118,0.609348704,0.819815054,1.642938279,0.130200162,0.318714137,0.345908354,-1.402682757,-1.565398337,0.040818603,-2.007456731,-1.129803591,-1.718157289,0.314986559,0.732981407,-2.600626862,-1.308312852,-1.876249332,-0.244154171,-2.385852544,-0.069563931,-1.332373394,-1.72896293,-0.749064866,-0.5603352,-1.279062995,-1.463772984,-1.072841326,-0.17681599,-1.128699917,-1.003479383,-0.493124583,-1.180455555,-0.365679579,-0.795665527,-0.111631672,0.277037716,-0.277466471,-0.299934361,0.202016384,-2.163162389,-0.777944145,-1.410722943,-1.619113763,0.585449969,0.175787409,-1.585552925,-0.462619372,-1.11211839,-0.154041001,1.097257005,-0.606848031,-0.376546137,0.429103938,-1.020545363,0.8139578,1.650872108,0.751917578,2.110099493,0.582221781,1.622329552,1.053330684,2.071060318,1.750075343,2.30418139,1.473205859,0.491138382,1.03599478,1.624840559,-0.430789694,1.945302177,2.251511435,1.192549662,0.799373573,2.574903576,1.858886391,0.690006918,2.155913759,1.122009089,1.90875619,-0.259515167,0.694094795,1.689778456,0.189229435,-0.03771612,-0.454402304,-1.543293334,-0.593100379,-0.714844805,0.663092825,0.267680042,-0.960405678,1.155636392,0.832327197,-0.713252198,0.33746076,0.464215832,-0.161847418,-0.731119135,1.587914341,0.139009522,0.148563911,0.197169222,0.725284963,1.506942468,-0.005666205,0.437261306,0.592252437,-0.061382131,0.419389204,0.439819563,0.124153809,0.483392897,0.445924067,-1.888335168,-1.406998635,-1.541836847,-1.627070097,-1.500292054,-0.747114843,-0.655711839,0.216976233,0.297148146,-0.289254685,-0.648961845,0.147370353,0.750679167,1.416002042,-0.687528291,-0.125412246,0.193977303,-0.629500959,-0.106089227,-0.456915785,-0.930301097,-0.015282739,1.609999413,0.122165579,-1.55035699,-2.247715685,-4.470990386,0.167532357,-0.720969834,-1.864644665,-0.416625727,0.585027126,-1.583597445,1.09642393,1.479252639,-1.191765362,0.526782923,-0.543716486,0.717045845,0.458245243,1.420697752,0.821887561,1.736440913,3.446651495,0.713359135,-0.217283749,-0.002153841,0.076689982,0.783400528,0.8630893,-0.817555924,0.434405694,-0.057038232,0.010317062,1.96271012,-0.184404128,0.419200831,0.678564263,0.073415583,-0.070062882,-0.051941654,-0.347561447,-1.01985359,0.262456289,-1.273117498,-0.058526772,-0.84781527,-1.548111301,-1.640013295,-1.100032915,-0.676297048,-0.091851116,-1.553343898,1.021848753,1.170201523,0.128711513,-1.027970967,0.514307352,0.259578452,0.428913903,0.087886747,0.157096236,-0.245216493,0.018669895,-0.480904475,0.672726379,-0.495101707,-0.652856954,0.141925986,-0.235728407,2.673992586,-0.034834082,-0.640120007,-2.069595139,0.0275331,-0.384265937,-0.772257101,1.58081092,-0.390879606,-0.137739537,-0.394437251,-0.529795809,-0.282810364,-0.186762762,0.061477389,1.253308506,0.920906354,-0.514985049,-0.27945167,-1.034390028,2.123719274,0.043905997,-1.06966813,1.080223231,0.003285631,-0.03809397,0.450600367,0.281293071,0.775616638,0.68113934
hsa.mir.148b.1,0.0,0.0,0.0,0.0,0.0,0.0,0.0,0.0,0.0,0.0,0.0,0.0,0.0,0.0,0.0,0.0,0.0,0.0,0.0,0.0,0.0,0.0,0.0,0.0,0.0,0.0,0.0,0.0,0.0,0.0,0.0,0.0,0.0,0.0,0.0,0.0,0.0,0.0,0.0,0.0,0.0,0.0,0.0,0.0,0.0,0.0,0.0,0.0,0.0,0.0,0.0,0.0,0.0,0.0,0.0,0.0,0.0,0.0,0.0,0.0,0.0,0.0,0.0,0.0,0.0,0.0,0.0,0.0,0.0,0.0,0.0,0.0,0.0,0.0,0.0,0.0,0.0,0.0,0.0,0.0,0.0,0.0,0.0,0.0,0.0,0.0,0.0,0.0,0.0,0.0,0.0,0.0,0.0,0.0,0.0,0.0,0.0,0.0,0.0,0.0,0.0,0.0,0.0,0.0,0.0,0.0,0.0,0.0,0.0,0.0,0.0,0.0,0.0,0.0,0.0,0.0,0.0,0.0,0.0,0.0,0.0,0.0,0.0,0.0,0.0,0.0,0.0,0.0,0.0,0.0,0.0,0.0,0.0,0.0,0.0,0.0,0.0,0.0,0.0,0.0,0.0,0.0,0.0,0.0,0.0,0.0,0.0,0.0,0.0,0.0,0.0,0.0,0.0,0.0,0.0,0.0,0.0,0.0,0.0,0.0,0.0,0.0,0.0,0.0,0.0,0.0,0.0,0.0,0.0,0.0,0.0,0.0,0.0,0.0,0.0,0.0,0.0,0.0,0.0,0.0,0.0,0.0,0.0,0.0,0.0,0.0,0.0,0.0,0.0,0.0,0.0,0.0,0.0,0.0,0.0,0.0,0.0,0.0,0.0,0.0,0.0,0.0,0.0,0.0,0.0,0.0,0.0,0.0,0.0,0.0,0.0,0.0,0.0,0.0,0.0,0.0,0.0,0.0,0.0,0.0,0.0,0.0,0.0,0.0,0.0,0.0,0.0,0.0,0.0,0.0,0.0,0.0,0.0,0.0,0.0,0.0,0.0,0.0,0.0,0.0,0.0,0.0,0.0,0.0,0.0,0.0,0.0
hsa.mir.144a,0.0,0.0,0.0,0.0,0.0,0.0,0.0,0.0,0.0,0.0,0.0,0.0,0.0,0.0,0.0,0.0,0.0,0.0,0.0,0.0,0.0,0.0,0.0,0.0,0.0,0.0,0.0,0.0,0.0,0.0,0.0,0.0,0.0,0.0,0.0,0.0,0.0,0.0,0.0,0.0,0.0,0.0,0.0,0.0,0.0,0.0,0.0,0.0,0.0,0.0,0.0,0.0,0.0,0.0,0.0,0.0,0.0,0.0,0.0,0.0,0.0,0.0,0.0,0.0,0.0,0.0,0.0,0.0,0.0,0.0,0.0,0.0,0.0,0.0,0.0,0.0,0.0,0.0,0.0,0.0,0.0,0.0,0.0,0.0,0.0,0.0,0.0,0.0,0.0,0.0,0.0,0.0,0.0,0.0,0.0,0.0,0.0,0.0,0.0,0.0,0.0,0.0,0.0,0.0,0.0,0.0,0.0,0.0,0.0,0.0,0.0,0.0,0.0,0.0,0.0,0.0,0.0,0.0,0.0,0.0,0.0,0.0,0.0,0.0,0.0,0.0,0.0,0.0,0.0,0.0,0.0,0.0,0.0,0.0,0.0,0.0,0.0,0.0,0.0,0.0,0.0,0.0,0.0,0.0,0.0,0.0,0.0,0.0,0.0,0.0,0.0,0.0,0.0,0.0,0.0,0.0,0.0,0.0,0.0,0.0,0.0,0.0,0.0,0.0,0.0,0.0,0.0,0.0,0.0,0.0,0.0,0.0,0.0,0.0,0.0,0.0,0.0,0.0,0.0,0.0,0.0,0.0,0.0,0.0,0.0,0.0,0.0,0.0,0.0,0.0,0.0,0.0,0.0,0.0,0.0,0.0,0.0,0.0,0.0,0.0,0.0,0.0,0.0,0.0,0.0,0.0,0.0,0.0,0.0,0.0,0.0,0.0,0.0,0.0,0.0,0.0,0.0,0.0,0.0,0.0,0.0,0.0,0.0,0.0,0.0,0.0,0.0,0.0,0.0,0.0,0.0,0.0,0.0,0.0,0.0,0.0,0.0,0.0,0.0,0.0,0.0,0.0,0.0,0.0,0.0,0.0,0.0
hsa.mir.308,0.0,0.0,0.0,0.0,0.0,0.0,0.0,0.0,0.0,0.0,0.0,0.0,0.0,0.0,0.0,0.0,0.0,0.0,0.0,0.0,0.0,0.0,0.0,0.0,0.0,0.0,0.0,0.0,0.0,0.0,0.0,0.0,0.0,0.0,0.0,0.0,0.0,0.0,0.0,0.0,0.0,0.0,0.0,0.0,0.0,0.0,0.0,0.0,0.0,0.0,0.0,0.0,0.0,0.0,0.0,0.0,0.0,0.0,0.0,0.0,0.0,0.0,0.0,0.0,0.0,0.0,0.0,0.0,0.0,0.0,0.0,0.0,0.0,0.0,0.0,0.0,0.0,0.0,0.0,0.0,0.0,0.0,0.0,0.0,0.0,0.0,0.0,0.0,0.0,0.0,0.0,0.0,0.0,0.0,0.0,0.0,0.0,0.0,0.0,0.0,0.0,0.0,0.0,0.0,0.0,0.0,0.0,0.0,0.0,0.0,0.0,0.0,0.0,0.0,0.0,0.0,0.0,0.0,0.0,0.0,0.0,0.0,0.0,0.0,0.0,0.0,0.0,0.0,0.0,0.0,0.0,0.0,0.0,0.0,0.0,0.0,0.0,0.0,0.0,0.0,0.0,0.0,0.0,0.0,0.0,0.0,0.0,0.0,0.0,0.0,0.0,0.0,0.0,0.0,0.0,0.0,0.0,0.0,0.0,0.0,0.0,0.0,0.0,0.0,0.0,0.0,0.0,0.0,0.0,0.0,0.0,0.0,0.0,0.0,0.0,0.0,0.0,0.0,0.0,0.0,0.0,0.0,0.0,0.0,0.0,0.0,0.0,0.0,0.0,0.0,0.0,0.0,0.0,0.0,0.0,0.0,0.0,0.0,0.0,0.0,0.0,0.0,0.0,0.0,0.0,0.0,0.0,0.0,0.0,0.0,0.0,0.0,0.0,0.0,0.0,0.0,0.0,0.0,0.0,0.0,0.0,0.0,0.0,0.0,0.0,0.0,0.0,0.0,0.0,0.0,0.0,0.0,0.0,0.0,0.0,0.0,0.0,0.0,0.0,0.0,0.0,0.0,0.0,0.0,0.0,0.0,0.0
hsa.mir.375,0.215351778,-0.258984625,-0.464138074,-0.730230686,-0.755295591,-0.316502605,-0.250934305,0.719555201,-0.487759208,-4.395835538,0.593399487,-1.16289358,-0.538348499,0.744993839,-0.357115953,-2.180396911,-0.334980158,-0.721341996,1.283536403,0.739913825,0.867959357,0.946707919,-0.311897015,0.941867516,0.470466503,-0.844776616,0.553249403,-0.569013002,-0.290617901,-0.506675431,1.967809799,-0.490176127,-0.417232751,1.35685144,0.31712041,0.578167504,0.265088713,0.293957838,0.244718416,0.107084513,0.098593781,-0.655065265,0.443856291,0.684384277,1.244216092,0.524531038,-0.498441932,0.870840759,-0.651769287,-0.623903653,0.377668107,-0.987869807,0.649955134,-0.882021094,-0.046914266,-0.532002414,0.955857508,-1.229753256,-2.190042612,-0.670324222,0.480430761,-1.291496861,0.380596539,0.208893807,0.283576838,0.053001447,0.024943666,-0.132393191,-0.889642288,0.11061973,0.708194067,-0.03250452,0.918172354,-1.440344077,-0.317306718,0.596926991,-0.950862618,0.142263592,-0.831483377,-0.796259893,-1.272619132,-1.639778048,0.781606831,0.636489623,0.053874263,-0.880460623,0.085917842,0.28021751,-1.666223832,0.163333632,0.861185993,-1.77134677,-1.822822397,-0.067050104,-0.240511301,-0.071498785,1.294448567,-2.92270318,-1.819742473,0.203682589,0.38773945,-0.316743324,-0.750118838,1.032075822,-0.927797207,-0.924143325,-0.047955847,-0.707312676,0.383788151,-0.154218333,1.599662883,0.67479624,-0.050721818,-0.970115576,0.027909404,-0.134203337,0.739933581,0.675521276,2.037525307,-0.418987929,0.866098461,0.997593845,1.062266504,-1.678993555,1.385374859,0.099529018,-0.188861907,-0.619659609,0.783563559,-0.233256572,-0.470034962,0.241270429,-0.559594858,-1.045548336,0.399809396,0.676733269,0.839093902,0.466898414,-0.593336352,0.402266142,-1.608038784,0.996994031,-0.261589794,-0.009485993,-0.739173108,-3.236741649,0.879580306,0.157102796,0.426194343,0.784869283,-3.074842823,0.231933023,-0.907083674,-1.442006012,0.126198895,0.414832467,-0.648310544,-3.135814185,-0.871399529,-0.61250458,-0.163004341,-0.557254338,-0.571031636,0.6925548,-0.65354309,0.206630587,0.740235002,0.707003915,-0.089362532,0.285959034,0.386315125,-0.320760488,1.278696517,0.651848365,-0.476328133,-3.743526876,0.397867778,1.027259647,0.436406912,0.498814965,0.521016684,1.333056017,1.139611034,-0.179638979,0.495614064,0.507193461,-0.29855375,1.277458246,1.277612771,1.46263572,-3.193836139,-0.266808314,0.952191511,-0.620618431,-0.292176807,0.916780869,0.001177855,-0.448943455,0.189183761,-1.03001389,0.660896289,0.520692696,0.178887413,0.451107492,1.120862948,1.779418794,-0.119433577,-0.042238102,0.46630395,-0.348961728,-1.579785755,1.029876362,-0.228600979,0.438424881,-0.791605047,0.057536826,-0.089002091,0.463881583,-0.465536348,0.656908464,-0.590801065,0.832531064,0.644953585,-0.425585278,0.954678869,0.20874672,0.756373689,0.22980982,0.513877582,-0.727295185,0.524457704,-0.862921087,0.541550038,0.259786432,-0.006107484,1.454048693,-1.077354076,-3.143711851,-0.11620718,1.476081794,-1.483274822,-1.939556852,0.924876003,-0.875966989,0.773891362,0.18726566,0.6358787
hsa.mir.34b,3.318414112,-1.233392204,0.682752553,-0.394309289,2.114582224,-0.197680298,-1.032550046,-1.091286172,-2.700404267,-1.103582426,0.719544618,0.311255346,-0.135579432,0.353353592,0.217995721,0.504667855,1.056902083,-1.133003495,-0.502287551,-0.342968117,-1.479937295,0.866446233,-1.29142307,-0.101113459,-0.152042676,0.098798122,-1.49038992,-0.102900443,-0.864661524,-1.067932539,0.554294071,0.273965944,0.651834832,-0.458963075,0.860151236,0.807797788,-0.235304667,-0.573147034,-1.552243868,-1.618734657,-0.332705082,0.271171598,-1.284438503,-1.466707813,1.108914844,-1.293844004,0.117291668,-0.303362246,-0.758037709,-0.50449691,-0.980760661,1.310502036,0.393311021,-0.367005416,-2.038905651,-0.437538753,-0.07138574,-1.39780051,-0.364475681,-0.063770151,1.209608267,0.131330113,0.502276153,-1.482337165,-1.198202675,0.105439696,-0.380046572,-0.316252,0.621417175,-0.505215089,-0.049773097,-0.957279446,-0.40392208,-1.246935212,0.929781639,-0.672389978,2.074622241,-0.48962288,-1.548648681,0.000893191,-0.778909491,-2.373596884,0.498815553,0.531437538,0.195156485,0.651514344,-1.001542776,-0.260056227,-0.456722527,-0.303034527,-1.642578683,-0.003604347,-0.842360874,0.830343191,-0.398195249,-1.39559934,0.693402951,-2.150844773,1.847556766,-0.517105689,-0.204750156,-0.202421511,0.781908366,0.49776884,1.304340303,-0.451445001,-0.390138732,-0.09648846,0.482669519,-1.40604183,0.409869259,1.73593362,0.211372019,-0.033267549,0.330094691,0.899505036,-0.243765573,-0.338765099,1.662201978,1.404966362,-0.946763416,0.138549676,-0.83550573,-0.21068406,0.54301951,-0.51056141,-0.325246733,0.217504216,-0.731317335,-1.546307957,-0.655022148,-0.322091515,-0.210082352,-0.249139395,0.541726685,-1.300992146,-0.447068123,1.186810915,-0.467312362,-0.532527817,-0.535423914,0.090723253,0.345025944,-0.09877411,-0.411252017,1.292207853,-3.120857635,-0.612663549,-1.189112466,-0.940833614,-0.90259829,0.388722786,0.744034389,-0.079243009,0.757062847,0.788742783,-0.816107175,-1.188023163,0.575415127,0.382593419,-0.231118403,-0.761484793,1.266534073,1.525573099,-0.48969137,-0.989364452,0.146574083,-0.698215258,-0.358709553,-0.327315507,-1.168167615,-1.343406689,1.024797653,0.062693803,1.016707916,-1.065734553,0.305951177,1.410368435,0.758789747,-0.500086591,-0.565320329,0.358198882,0.579418235,0.459681025,0.4689792,-0.231198329,1.026475243,-0.05280778,1.486026632,0.907302465,0.289644249,-0.115388133,0.400918717,-0.284518591,0.482498173,-0.80071404,0.27556378,-1.702452707,-0.377807848,0.815827279,1.074172899,-0.033902635,-0.230905394,0.032493796,-0.570026974,-0.165128586,-0.491802876,0.559395557,-0.869338318,0.432739145,0.361653546,0.389224847,0.564850984,0.652347223,1.469218024,-0.269661376,-0.809114243,0.204818746,-1.429033824,0.06400543,2.420715239,-0.729851724,-0.059155683,2.271120538,0.234522616,0.727644124,0.762946635,0.597588322,1.512510953,0.800548627,-0.089543566,1.025112839,0.350019158,1.116864754,2.179252199,-0.005023251,1.229758353,0.233860107,-0.560457338,-0.959719609,-0.255824281,2.194232776,0.271469304,1.412182854,1.07667713,-0.903674339,0.344395058
hsa.mir.101a,0.0,0.0,0.0,0.0,0.0,0.0,0.0,0.0,0.0,0.0,0.0,0.0,0.0,0.0,0.0,0.0,0.0,0.0,0.0,0.0,0.0,0.0,0.0,0.0,0.0,0.0,0.0,0.0,0.0,0.0,0.0,0.0,0.0,0.0,0.0,0.0,0.0,0.0,0.0,0.0,0.0,0.0,0.0,0.0,0.0,0.0,0.0,0.0,0.0,0.0,0.0,0.0,0.0,0.0,0.0,0.0,0.0,0.0,0.0,0.0,0.0,0.0,0.0,0.0,0.0,0.0,0.0,0.0,0.0,0.0,0.0,0.0,0.0,0.0,0.0,0.0,0.0,0.0,0.0,0.0,0.0,0.0,0.0,0.0,0.0,0.0,0.0,0.0,0.0,0.0,0.0,0.0,0.0,0.0,0.0,0.0,0.0,0.0,0.0,0.0,0.0,0.0,0.0,0.0,0.0,0.0,0.0,0.0,0.0,0.0,0.0,0.0,0.0,0.0,0.0,0.0,0.0,0.0,0.0,0.0,0.0,0.0,0.0,0.0,0.0,0.0,0.0,0.0,0.0,0.0,0.0,0.0,0.0,0.0,0.0,0.0,0.0,0.0,0.0,0.0,0.0,0.0,0.0,0.0,0.0,0.0,0.0,0.0,0.0,0.0,0.0,0.0,0.0,0.0,0.0,0.0,0.0,0.0,0.0,0.0,0.0,0.0,0.0,0.0,0.0,0.0,0.0,0.0,0.0,0.0,0.0,0.0,0.0,0.0,0.0,0.0,0.0,0.0,0.0,0.0,0.0,0.0,0.0,0.0,0.0,0.0,0.0,0.0,0.0,0.0,0.0,0.0,0.0,0.0,0.0,0.0,0.0,0.0,0.0,0.0,0.0,0.0,0.0,0.0,0.0,0.0,0.0,0.0,0.0,0.0,0.0,0.0,0.0,0.0,0.0,0.0,0.0,0.0,0.0,0.0,0.0,0.0,0.0,0.0,0.0,0.0,0.0,0.0,0.0,0.0,0.0,0.0,0.0,0.0,0.0,0.0,0.0,0.0,0.0,0.0,0.0,0.0,0.0,0.0,0.0,0.0,0.0
hsa.mir.226,0.0,0.0,0.0,0.0,0.0,0.0,0.0,0.0,0.0,0.0,0.0,0.0,0.0,0.0,0.0,0.0,0.0,0.0,0.0,0.0,0.0,0.0,0.0,0.0,0.0,0.0,0.0,0.0,0.0,0.0,0.0,0.0,0.0,0.0,0.0,0.0,0.0,0.0,0.0,0.0,0.0,0.0,0.0,0.0,0.0,0.0,0.0,0.0,0.0,0.0,0.0,0.0,0.0,0.0,0.0,0.0,0.0,0.0,0.0,0.0,0.0,0.0,0.0,0.0,0.0,0.0,0.0,0.0,0.0,0.0,0.0,0.0,0.0,0.0,0.0,0.0,0.0,0.0,0.0,0.0,0.0,0.0,0.0,0.0,0.0,0.0,0.0,0.0,0.0,0.0,0.0,0.0,0.0,0.0,0.0,0.0,0.0,0.0,0.0,0.0,0.0,0.0,0.0,0.0,0.0,0.0,0.0,0.0,0.0,0.0,0.0,0.0,0.0,0.0,0.0,0.0,0.0,0.0,0.0,0.0,0.0,0.0,0.0,0.0,0.0,0.0,0.0,0.0,0.0,0.0,0.0,0.0,0.0,0.0,0.0,0.0,0.0,0.0,0.0,0.0,0.0,0.0,0.0,0.0,0.0,0.0,0.0,0.0,0.0,0.0,0.0,0.0,0.0,0.0,0.0,0.0,0.0,0.0,0.0,0.0,0.0,0.0,0.0,0.0,0.0,0.0,0.0,0.0,0.0,0.0,0.0,0.0,0.0,0.0,0.0,0.0,0.0,0.0,0.0,0.0,0.0,0.0,0.0,0.0,0.0,0.0,0.0,0.0,0.0,0.0,0.0,0.0,0.0,0.0,0.0,0.0,0.0,0.0,0.0,0.0,0.0,0.0,0.0,0.0,0.0,0.0,0.0,0.0,0.0,0.0,0.0,0.0,0.0,0.0,0.0,0.0,0.0,0.0,0.0,0.0,0.0,0.0,0.0,0.0,0.0,0.0,0.0,0.0,0.0,0.0,0.0,0.0,0.0,0.0,0.0,0.0,0.0,0.0,0.0,0.0,0.0,0.0,0.0,0.0,0.0,0.0,0.0
hsa.mir.412,-0.329833112,-0.143136114,-1.130038744,-0.982306922,-1.087146697,-1.07343,-0.547159049,0.6603677,-0.03801717,-0.044106805,-0.065866055,-0.472606821,0.790622386,0.625682493,0.463697415,1.049859524,0.712887044,-0.945960855,-1.017800714,-0.70180732,-0.074482442,0.232016191,0.649274601,-1.626060019,1.114684569,-0.62460294,-1.509474406,-0.000338288,-1.405673214,-0.106004185,-0.483626484,-0.343887637,-1.963073626,-0.053330991,-0.007937133,-0.625421399,0.199652462,-1.063768582,-1.676948545,-0.19941461,-0.797546415,1.285798473,-0.648503057,-0.464943713,0.415678234,-1.444361594,-0.373970148,-0.458838221,0.618809618,0.303455253,-0.902912367,1.722166087,0.54121578,-0.350468341,-0.340431427,-0.31996972,-1.826655314,-1.018650512,1.070908492,1.281745254,-1.089578574,-1.036927573,1.170308674,-0.747121538,-1.626384148,-0.07306055,0.196853918,-0.162057173,1.382172861,0.502621445,0.309487456,0.481219637,-0.305687806,0.596127651,2.567519891,0.999149577,0.71223895,1.629620066,-0.185071651,0.402126438,-0.44407259,0.770477393,-0.296602181,2.758417925,1.529758733,0.136810139,-0.159580095,2.008509725,0.259994604,-0.163577572,2.213158426,0.220851919,1.611956246,0.584543082,-0.171222792,-0.22080827,0.173027037,1.798977041,2.610547097,-1.620587734,-0.95952615,-0.652067368,0.987168962,-0.192760649,-0.749311054,0.213077478,0.943853039,-0.602437866,-0.253724215,-0.410337971,-1.119681239,-1.936469803,0.299442216,0.93301828,-1.256459548,-0.55545161,0.997414736,-0.051586289,-0.130109446,0.109478496,-0.100338876,0.042886255,-1.527272255,0.201455614,-0.183538731,0.911564185,-0.618963361,0.059118739,0.608832316,-1.411964189,0.081504168,0.807159205,0.050420273,1.445577334,-0.31990684,-0.720027307,-1.090585506,-0.919202801,-1.126026737,0.028295342,0.923520872,-0.761181434,-0.605096867,-0.568451987,0.511569149,1.445073315,-0.416469254,-0.651097447,-1.090450821,0.454274152,0.154613067,-0.586936645,0.685212725,-2.889230052,-0.720858814,-0.959520966,-1.282458165,0.045543086,0.332153488,-0.225601997,0.42890566,1.612072669,0.018204717,0.2467372,-1.100448846,-0.035284674,-0.689738321,-0.027912157,0.453534243,0.883867693,0.874195275,-0.414749888,0.9539677,-1.098707443,-0.4996362,0.879896494,0.202941353,-0.968350744,-0.566134174,-0.850164218,0.839852606,0.420492704,-0.727587328,1.498261015,-0.205256831,-0.857472366,-0.305029834,-0.067657549,-0.992313001,-1.21384316,-0.107035662,-0.866936312,1.34844146,-0.158020362,0.174691828,-1.528244145,0.511441225,-0.780538415,-1.045463296,-0.100376885,0.798900832,0.337599709,-0.282352079,-0.90758006,-0.896250027,0.211150835,0.137482444,-0.016901268,-0.802620584,-0.274451603,-0.097962474,-0.222656088,0.593010735,0.702743491,0.608918557,-0.758311635,-1.202337126,0.679385156,-0.66685489,0.677036871,-1.098425622,-0.343599954,-0.453280203,1.084838837,1.170261987,-1.070543163,0.09065414,-0.163321813,-0.888606783,0.399272604,-0.804160696,-1.809049728,0.322118201,0.057476529,0.616475814,-0.796618874,-0.019527065,1.596060387,-1.33917724,-1.121154317,0.114963787,0.18575269,-0.123395016,-0.007532033,2.093339217,-0.193976309,-0.662353714
hsa.mir.160,0.0,0.0,0.0,0.0,0.0,0.0,0.0,0.0,0.0,0.0,0.0,0.0,0.0,0.0,0.0,0.0,0.0,0.0,0.0,0.0,0.0,0.0,0.0,0.0,0.0,0.0,0.0,0.0,0.0,0.0,0.0,0.0,0.0,0.0,0.0,0.0,0.0,0.0,0.0,0.0,0.0,0.0,0.0,0.0,0.0,0.0,0.0,0.0,0.0,0.0,0.0,0.0,0.0,0.0,0.0,0.0,0.0,0.0,0.0,0.0,0.0,0.0,0.0,0.0,0.0,0.0,0.0,0.0,0.0,0.0,0.0,0.0,0.0,0.0,0.0,0.0,0.0,0.0,0.0,0.0,0.0,0.0,0.0,0.0,0.0,0.0,0.0,0.0,0.0,0.0,0.0,0.0,0.0,0.0,0.0,0.0,0.0,0.0,0.0,0.0,0.0,0.0,0.0,0.0,0.0,0.0,0.0,0.0,0.0,0.0,0.0,0.0,0.0,0.0,0.0,0.0,0.0,0.0,0.0,0.0,0.0,0.0,0.0,0.0,0.0,0.0,0.0,0.0,0.0,0.0,0.0,0.0,0.0,0.0,0.0,0.0,0.0,0.0,0.0,0.0,0.0,0.0,0.0,0.0,0.0,0.0,0.0,0.0,0.0,0.0,0.0,0.0,0.0,0.0,0.0,0.0,0.0,0.0,0.0,0.0,0.0,0.0,0.0,0.0,0.0,0.0,0.0,0.0,0.0,0.0,0.0,0.0,0.0,0.0,0.0,0.0,0.0,0.0,0.0,0.0,0.0,0.0,0.0,0.0,0.0,0.0,0.0,0.0,0.0,0.0,0.0,0.0,0.0,0.0,0.0,0.0,0.0,0.0,0.0,0.0,0.0,0.0,0.0,0.0,0.0,0.0,0.0,0.0,0.0,0.0,0.0,0.0,0.0,0.0,0.0,0.0,0.0,0.0,0.0,0.0,0.0,0.0,0.0,0.0,0.0,0.0,0.0,0.0,0.0,0.0,0.0,0.0,0.0,0.0,0.0,0.0,0.0,0.0,0.0,0.0,0.0,0.0,0.0,0.0,0.0,0.0,0.0
hsa.mir.118a,0.0,0.0,0.0,0.0,0.0,0.0,0.0,0.0,0.0,0.0,0.0,0.0,0.0,0.0,0.0,0.0,0.0,0.0,0.0,0.0,0.0,0.0,0.0,0.0,0.0,0.0,0.0,0.0,0.0,0.0,0.0,0.0,0.0,0.0,0.0,0.0,0.0,0.0,0.0,0.0,0.0,0.0,0.0,0.0,0.0,0.0,0.0,0.0,0.0,0.0,0.0,0.0,0.0,0.0,0.0,0.0,0.0,0.0,0.0,0.0,0.0,0.0,0.0,0.0,0.0,0.0,0.0,0.0,0.0,0.0,0.0,0.0,0.0,0.0,0.0,0.0,0.0,0.0,0.0,0.0,0.0,0.0,0.0,0.0,0.0,0.0,0.0,0.0,0.0,0.0,0.0,0.0,0.0,0.0,0.0,0.0,0.0,0.0,0.0,0.0,0.0,0.0,0.0,0.0,0.0,0.0,0.0,0.0,0.0,0.0,0.0,0.0,0.0,0.0,0.0,0.0,0.0,0.0,0.0,0.0,0.0,0.0,0.0,0.0,0.0,0.0,0.0,0.0,0.0,0.0,0.0,0.0,0.0,0.0,0.0,0.0,0.0,0.0,0.0,0.0,0.0,0.0,0.0,0.0,0.0,0.0,0.0,0.0,0.0,0.0,0.0,0.0,0.0,0.0,0.0,0.0,0.0,0.0,0.0,0.0,0.0,0.0,0.0,0.0,0.0,0.0,0.0,0.0,0.0,0.0,0.0,0.0,0.0,0.0,0.0,0.0,0.0,0.0,0.0,0.0,0.0,0.0,0.0,0.0,0.0,0.0,0.0,0.0,0.0,0.0,0.0,0.0,0.0,0.0,0.0,0.0,0.0,0.0,0.0,0.0,0.0,0.0,0.0,0.0,0.0,0.0,0.0,0.0,0.0,0.0,0.0,0.0,0.0,0.0,0.0,0.0,0.0,0.0,0.0,0.0,0.0,0.0,0.0,0.0,0.0,0.0,0.0,0.0,0.0,0.0,0.0,0.0,0.0,0.0,0.0,0.0,0.0,0.0,0.0,0.0,0.0,0.0,0.0,0.0,0.0,0.0,0.0
hsa.mir.106a,-0.502861544,-1.672055757,0.054667355,0.556741947,-0.450924981,0.642400551,0.155936599,1.073900943,-1.643633478,1.138137766,-1.04493406,-2.677753982,-1.729578196,-1.208782668,-0.352898101,0.8966209,-0.787468289,0.736464526,0.725241795,0.64409631,0.359341275,0.745838172,0.251997318,1.280877427,-0.035572663,1.139555887,0.761033299,0.355927354,-1.153550576,-0.481322164,0.751157075,0.902930772,1.160655472,-0.145373729,0.708108928,1.48306827,0.718817599,0.931341708,0.42327504,0.278549248,-0.766120609,0.60809357,0.521239494,1.242666645,0.23266515,0.008460174,0.180119473,2.029309777,1.003183863,-0.047095923,0.140310057,0.271269073,-0.21801976,0.4499199,-0.512901321,-0.378920884,0.178576756,0.411437673,1.2387182,0.60454209,-0.399493559,0.276629031,1.164180137,0.515176937,0.182190355,-0.077011777,-0.197084322,-0.899540838,-1.638434739,0.040233883,-0.248706381,-0.637562746,-0.303673631,-1.659585392,0.513249188,0.581333508,-0.144000821,-0.72491175,0.627805281,-1.804784933,0.724187768,0.421100309,-0.40742482,0.702485624,0.246880125,0.055902392,0.870781539,-0.138084106,-2.122181181,-0.512356742,-2.742834812,-3.069687636,-3.547477203,-0.549972006,-0.263577173,1.57076015,-0.548621636,-0.978647453,-0.079715845,0.953605096,-0.090926347,0.449512675,-1.513022302,-1.849154716,0.808116509,1.365493285,-0.134277104,-1.590339312,-0.134704234,0.347794279,0.21723105,0.773259392,0.039147077,-0.817412021,0.954098475,-0.204129054,0.761917695,0.34890086,-0.122366954,-1.252621731,0.471815021,-0.515905859,0.513200208,-2.171060437,0.610219211,-0.289238926,0.832492195,0.030369317,-0.191992666,0.021995671,-0.808776685,0.612361643,0.879347277,-1.208589726,-0.016149586,0.356660139,1.072681822,0.280481456,0.982332771,-0.69803981,-0.985328805,0.568391845,1.140818285,0.97593721,0.477635678,0.984589137,0.519880265,0.936069692,-4.203028931,0.123748848,-3.958727242,-0.084828919,0.384885495,-3.256677907,0.411956644,0.291727229,0.157345922,-0.341362943,-0.500901379,1.216781525,-0.257009855,-0.76973663,0.008593468,-0.10531017,0.478764297,0.736445507,0.224948688,1.000798984,-0.692972803,0.340672492,-0.487717696,-1.684257173,0.066448927,-0.066985281,-0.070861881,-3.851870265,0.798906057,0.784799956,-0.071919215,0.3544831,-0.498750656,0.620984102,-0.387737553,-0.735791906,0.32690238,-0.87596278,0.371818594,1.255830654,-0.55152078,1.514880654,-4.017336867,-0.607504649,-0.678132366,-0.317689758,1.62056578,0.690345336,0.542930883,0.732561196,0.417119576,0.087211103,0.089283542,0.718778575,0.599520018,0.298229648,0.570406632,1.016518932,-1.540524119,-0.093954005,-0.344887215,0.85495556,-2.187647649,0.094294206,0.461405641,0.163900013,-1.361094354,-0.582535638,0.182010172,-0.241638151,1.034026753,0.645382284,-0.708892238,0.324294688,0.096657266,0.008017003,-0.536274537,-1.513446742,0.3970722,-0.855475558,0.197861844,0.520188912,0.118448455,0.668650642,0.674536429,-1.471753951,-0.179120785,0.700024536,-0.753251567,0.772937634,-0.721854441,-0.124604605,-0.293223016,-1.633195493,0.146840687,0.827568413,-0.619125732,0.354857788,0.107942599
hsa.mir.106a.1,0.0,0.0,0.0,0.0,0.0,0.0,0.0,0.0,0.0,0.0,0.0,0.0,0.0,0.0,0.0,0.0,0.0,0.0,0.0,0.0,0.0,0.0,0.0,0.0,0.0,0.0,0.0,0.0,0.0,0.0,0.0,0.0,0.0,0.0,0.0,0.0,0.0,0.0,0.0,0.0,0.0,0.0,0.0,0.0,0.0,0.0,0.0,0.0,0.0,0.0,0.0,0.0,0.0,0.0,0.0,0.0,0.0,0.0,0.0,0.0,0.0,0.0,0.0,0.0,0.0,0.0,0.0,0.0,0.0,0.0,0.0,0.0,0.0,0.0,0.0,0.0,0.0,0.0,0.0,0.0,0.0,0.0,0.0,0.0,0.0,0.0,0.0,0.0,0.0,0.0,0.0,0.0,0.0,0.0,0.0,0.0,0.0,0.0,0.0,0.0,0.0,0.0,0.0,0.0,0.0,0.0,0.0,0.0,0.0,0.0,0.0,0.0,0.0,0.0,0.0,0.0,0.0,0.0,0.0,0.0,0.0,0.0,0.0,0.0,0.0,0.0,0.0,0.0,0.0,0.0,0.0,0.0,0.0,0.0,0.0,0.0,0.0,0.0,0.0,0.0,0.0,0.0,0.0,0.0,0.0,0.0,0.0,0.0,0.0,0.0,0.0,0.0,0.0,0.0,0.0,0.0,0.0,0.0,0.0,0.0,0.0,0.0,0.0,0.0,0.0,0.0,0.0,0.0,0.0,0.0,0.0,0.0,0.0,0.0,0.0,0.0,0.0,0.0,0.0,0.0,0.0,0.0,0.0,0.0,0.0,0.0,0.0,0.0,0.0,0.0,0.0,0.0,0.0,0.0,0.0,0.0,0.0,0.0,0.0,0.0,0.0,0.0,0.0,0.0,0.0,0.0,0.0,0.0,0.0,0.0,0.0,0.0,0.0,0.0,0.0,0.0,0.0,0.0,0.0,0.0,0.0,0.0,0.0,0.0,0.0,0.0,0.0,0.0,0.0,0.0,0.0,0.0,0.0,0.0,0.0,0.0,0.0,0.0,0.0,0.0,0.0,0.0,0.0,0.0,0.0,0.0,0.0
hsa.mir.122b,0.0,0.0,0.0,0.0,0.0,0.0,0.0,0.0,0.0,0.0,0.0,0.0,0.0,0.0,0.0,0.0,0.0,0.0,0.0,0.0,0.0,0.0,0.0,0.0,0.0,0.0,0.0,0.0,0.0,0.0,0.0,0.0,0.0,0.0,0.0,0.0,0.0,0.0,0.0,0.0,0.0,0.0,0.0,0.0,0.0,0.0,0.0,0.0,0.0,0.0,0.0,0.0,0.0,0.0,0.0,0.0,0.0,0.0,0.0,0.0,0.0,0.0,0.0,0.0,0.0,0.0,0.0,0.0,0.0,0.0,0.0,0.0,0.0,0.0,0.0,0.0,0.0,0.0,0.0,0.0,0.0,0.0,0.0,0.0,0.0,0.0,0.0,0.0,0.0,0.0,0.0,0.0,0.0,0.0,0.0,0.0,0.0,0.0,0.0,0.0,0.0,0.0,0.0,0.0,0.0,0.0,0.0,0.0,0.0,0.0,0.0,0.0,0.0,0.0,0.0,0.0,0.0,0.0,0.0,0.0,0.0,0.0,0.0,0.0,0.0,0.0,0.0,0.0,0.0,0.0,0.0,0.0,0.0,0.0,0.0,0.0,0.0,0.0,0.0,0.0,0.0,0.0,0.0,0.0,0.0,0.0,0.0,0.0,0.0,0.0,0.0,0.0,0.0,0.0,0.0,0.0,0.0,0.0,0.0,0.0,0.0,0.0,0.0,0.0,0.0,0.0,0.0,0.0,0.0,0.0,0.0,0.0,0.0,0.0,0.0,0.0,0.0,0.0,0.0,0.0,0.0,0.0,0.0,0.0,0.0,0.0,0.0,0.0,0.0,0.0,0.0,0.0,0.0,0.0,0.0,0.0,0.0,0.0,0.0,0.0,0.0,0.0,0.0,0.0,0.0,0.0,0.0,0.0,0.0,0.0,0.0,0.0,0.0,0.0,0.0,0.0,0.0,0.0,0.0,0.0,0.0,0.0,0.0,0.0,0.0,0.0,0.0,0.0,0.0,0.0,0.0,0.0,0.0,0.0,0.0,0.0,0.0,0.0,0.0,0.0,0.0,0.0,0.0,0.0,0.0,0.0,0.0
hsa.mir.301b,0.616862261,-1.756730393,-0.906360124,-0.461164821,-0.091342105,-3.6061484,1.301377122,0.409669282,0.523823684,-0.054701281,-1.59362624,0.937237919,0.160137536,-0.212050278,0.729082842,0.926878981,1.281721567,-0.800709896,-0.152462827,0.92529597,-1.232106196,-3.313790686,-3.793315854,0.245143463,-0.442731867,-0.605090463,-0.460163546,-0.760618077,0.314198729,1.572840854,-0.172001137,0.215036385,-0.792875739,0.090697833,-2.134051483,-0.713287069,0.436032159,-1.642591042,-1.343749402,-0.850109558,-2.313030654,-0.530719828,-1.835547191,0.185641546,-0.08713246,-0.348470045,-0.322929561,-1.362428411,0.640050778,-0.453927281,0.580323511,0.105931455,-0.286746993,0.382010812,0.89350478,1.241702033,-0.407947397,1.122107405,-0.030414581,-1.348124982,0.932658876,-3.543532707,-0.38400257,-1.544804477,-0.009018935,-0.594835702,0.036280385,0.564653789,0.412357514,-0.336349385,-1.097521364,0.743220221,0.343864133,-2.373944476,0.81178554,-0.890528546,0.752254806,0.813604212,0.012482642,0.068468563,-1.05499741,-0.068651912,0.604282472,1.10460407,0.782255683,0.655792486,-0.091560221,1.954201694,1.212081792,0.09869903,0.726788758,0.363910458,0.348631505,0.739512234,-0.467164842,0.295434854,-0.426307287,-0.09920345,0.915632108,-0.205380784,-2.115464962,1.782099151,0.970259068,-0.623900829,1.368857453,-0.549383827,0.895955609,1.571175984,2.043695368,0.279311382,1.009499321,0.754359524,-0.012340201,1.107424761,-1.15325877,-0.673499706,1.464656466,0.770563396,-0.041006729,0.730144146,0.348653439,0.772386912,0.520438163,1.219678331,0.130374633,0.527668193,-0.100924068,-2.368789516,0.788100357,0.612400109,0.23336242,0.322880942,1.395784097,1.160302306,0.078802615,0.236796371,0.72748577,0.713601295,1.017467951,0.632610924,-0.679049426,0.605051006,0.144679111,-1.698228835,0.819863874,0.947577234,0.724542605,0.106986744,-0.646673179,0.019217008,0.701008218,0.526040003,-0.473147198,-0.879990541,0.460863043,-0.581486346,-0.51612826,0.615937803,1.036114585,0.142089585,0.548331569,0.426866151,0.374631213,1.034555932,0.064102461,0.192552519,0.945998943,0.871829307,-1.002501243,0.443293051,0.180162438,1.521988209,0.172986838,0.689844523,1.37057924,1.354417789,-0.199816024,0.022686707,-0.343571912,-0.920544531,1.382996194,0.208702193,1.326458179,-0.449770542,0.27547145,0.413437579,0.98316699,0.066122281,0.624083519,-0.398427153,-1.948410632,0.223103,0.605465506,-0.647278083,-0.275680851,-0.492360865,-1.196477852,-0.979372377,-1.833007254,0.231812854,0.764521235,-0.323620962,-0.20886501,-1.374667689,-0.080787681,-0.656967159,0.534269137,1.78286,0.129607581,-1.888690579,0.908821698,-0.093924084,0.114507127,0.957783257,0.691001717,0.828369349,0.184886838,0.108271334,-1.257788329,1.047502629,0.244943123,0.371430023,0.531744159,0.183863948,0.225605102,0.915527148,0.051223404,-0.351585097,0.144951767,0.215397219,0.136042396,0.719327542,0.3791046,1.426741885,1.06913659,0.626265698,-0.486893982,-0.248780608,-0.421644836,-1.985862637,0.721256093,-0.232838556,-0.579152132,1.173038887,0.998694343,-0.80225271,-0.188174221
hsa.mir.361,1.221879796,0.509931694,0.235152017,-0.187758627,1.838559725,-0.288562131,1.151294727,2.231926273,0.280113673,1.657059686,0.607731568,-0.789324438,-0.97679177,0.176044938,0.928300044,-0.627904682,0.151283353,-0.56535713,-0.509584693,0.287086257,0.613965606,-0.252427173,0.407165463,-0.321073584,0.434767824,-0.734396921,0.269674456,1.105318952,-1.727610766,-0.804386463,0.113790921,0.084669458,-0.281030944,-0.948766373,-0.992696205,0.501646183,-1.022971398,-0.954049578,0.875060715,1.018472346,0.515972235,0.601119395,1.408571879,1.133728373,0.753126324,1.592084281,1.796828774,2.009440087,-0.208323561,-0.645285529,-0.133457776,-1.360353804,-0.082142464,-1.655802686,1.206807932,-1.3637705,-0.005884498,-0.725405824,-0.893623139,0.015185479,-1.356514528,0.749066468,-1.029114931,0.597992607,1.363463376,-0.037198983,0.570466887,1.419527619,0.263348955,0.123966685,0.090696884,-0.027227471,0.170365234,0.682983074,-0.675093889,1.094654271,0.636788859,0.774609197,-0.758861674,0.588140993,-0.317799406,-0.81738908,1.072113895,-0.265818131,0.433188746,0.295291099,0.47800794,1.270867843,0.181825268,1.466113188,1.862861299,-0.547524948,-1.414671429,0.31285036,-0.794210607,-0.906166452,-1.999676003,-2.093185794,-1.421551584,-0.572199959,-0.223936817,-2.093224311,-1.710387597,-2.720990172,-0.849973729,-1.386507372,-0.540672906,0.327192058,-0.787593342,-1.654130673,-0.465729332,-0.417509889,-0.89151719,-1.382730638,-1.129367972,-0.99969448,-2.669868726,-0.595966616,-0.586551555,0.302930234,0.560137563,-0.39028513,-0.486409819,-0.768773526,-0.937916184,-0.491850537,-0.76493277,0.225474723,-0.813616386,2.091239387,0.625094124,0.033782069,0.662483492,1.267601105,-0.873805954,1.856759614,0.478412562,-0.744504333,0.352332796,-1.233956906,0.441579825,0.134972337,-0.551922704,1.1897849,-0.299942237,0.572479199,1.301046721,0.842880132,0.558574132,1.360560888,-1.158195819,-0.30975532,0.494414791,-1.798639711,-0.639725974,-0.639054279,-0.545151633,-0.317698882,0.230376675,-0.022845184,0.526834452,-0.221911518,-0.489383634,-0.380062602,-2.059475063,-0.611651499,0.119662235,0.359404783,0.962197339,1.582284272,-0.886842503,0.788526695,-0.683613021,-0.289579619,-1.066174775,-0.936350128,-1.759838179,-1.659711384,-0.316652654,-1.445029378,-0.389964834,-0.654645208,-0.521597656,-1.152380779,-0.712466713,-0.380560652,-0.100509225,1.224362482,-0.649554305,0.42770502,-0.085436749,0.636840705,0.196265171,0.434424939,0.153084696,0.641738755,0.272719398,-0.659104087,0.521284246,0.066772564,0.89256983,0.442644094,0.814314388,0.505415388,0.815835238,-0.513703087,1.862969238,-1.275477203,0.24529257,-0.895523372,-2.55743059,0.202839659,-1.192104835,-1.752619579,-1.930836498,-0.914590584,-0.811456931,-0.011779323,0.559272835,-0.840671847,0.988965933,-0.473476078,-0.004250929,-0.524468675,-1.386413554,-1.235276824,-1.541783014,0.031742178,-0.548988011,-2.00693292,-0.626284417,-0.72298213,-0.373036186,-0.172918763,-1.304775787,-0.8018031,-1.116427426,-0.002789463,0.37372697,-0.102601296,-1.231847911,-0.033062579,-0.397180694,-1.11026873,-1.675019965,-0.588876284,-0.846956074
hsa.mir.2277,1.535667545,-0.195175382,-0.074085025,-1.137997783,1.227710629,-0.170433574,-0.597715379,-0.81386848,-1.49182275,0.493447406,2.645874893,0.514883247,1.946215041,0.63103549,1.117989888,-0.447017393,-0.162238137,-0.407109765,1.509037309,-0.300222767,0.198523314,1.336909395,-0.569213049,-0.977489613,1.45756947,-0.968296863,-0.666351248,-0.864615122,0.71280229,0.731372489,0.077393603,-0.838229909,-0.480554567,-0.922030599,-0.030063722,0.164119097,-0.535781641,-1.835580091,-1.65322326,-1.670543236,0.117654791,-1.213964744,-0.584907933,-1.404986316,-0.588408509,0.115678345,0.269793565,-1.010789777,-1.37941985,-0.680138176,-1.444684151,1.438738784,1.386469314,1.599422675,0.9732011,0.281653653,0.602893416,-2.010006707,-0.669001583,-0.31099795,-0.628366021,-1.486323862,0.485110765,-0.91323251,0.750878118,0.103952822,-0.654323624,-1.375865177,1.170357707,-0.102902393,1.907347018,0.735038951,0.459589619,1.664570861,0.171029457,-1.055995994,-0.338975011,-0.191665483,-1.640148177,-1.255457632,-1.580207949,-1.719829657,-0.506540624,-0.192475268,-0.782156621,-0.473761421,-0.697966193,-0.24883901,0.380757923,1.132007096,-1.393053655,1.152194127,0.439823616,-0.257193867,-1.147880702,-1.218066382,1.323785673,0.235367846,0.997842818,-1.110376281,-0.1764403,0.714718306,1.393779178,0.564907012,-0.223332768,-1.099230586,-0.220435952,2.918025936,0.521570128,0.107316954,0.807373774,0.183921853,0.475487555,0.277418562,0.344450673,-1.347124426,-0.048297275,-0.190149413,1.797937467,1.023088419,1.863461111,0.55144013,-0.393584848,2.577229887,0.120444469,0.761391894,-1.187139931,0.017737619,0.164082655,-0.998472761,-0.532163274,-1.622871438,-0.994137506,-0.760724591,0.050994739,0.332045627,-0.035722957,-0.424208342,-1.109839847,0.524286873,0.255882285,-0.573755924,-0.138233768,-0.680698672,-1.80467926,-1.518756651,2.837743077,-1.672935631,-2.148220994,-0.104784206,0.045441598,1.598288908,0.398639838,1.142824525,-0.193651242,-0.566257724,0.318373131,-0.54424612,1.213798995,0.363096677,-1.211478595,-0.634899443,-0.433646095,2.012252372,-1.157809525,-1.160286519,-0.163251558,0.495870139,2.195443809,-0.180106221,0.816078295,1.434446195,0.387048454,-0.302965402,0.748105256,0.570938421,-0.095414192,-0.142160984,-0.101370276,0.840943338,1.50647067,1.726483737,0.701942329,0.921671318,-0.493655543,1.042918399,0.373096364,0.954077327,1.018352218,-0.713316292,0.939788449,0.048222996,-1.498529899,0.39196252,0.249150794,-1.316949625,-0.371777256,-2.392196203,-1.627104017,0.754912828,-0.53101508,0.360669937,-0.80054603,-0.001113544,1.00837275,0.481978383,0.931886695,1.152957535,2.169063098,-1.178174636,0.336563861,0.615378091,-0.749817001,0.340218649,1.540563532,1.136025989,-0.632204562,1.057563507,-0.106156758,-0.050053079,0.381174824,-0.129252318,1.331253087,1.036955654,-0.152646238,1.389788908,1.03670072,1.188394928,0.944997319,-0.367129615,0.882522187,-0.106958447,0.72855851,-0.618895693,-0.218676392,0.599529833,1.539932883,-0.342574498,2.024008695,-0.749618512,1.156702715,1.523108507,-0.371223591,-0.506531055,1.5244885,0.183045463,0.233410449
hsa.mir.2110,-0.859287022,0.278756491,-0.432044809,-0.516314394,0.757352956,0.608796761,-0.099582878,0.677940601,-0.753427417,1.874244093,-0.818583976,1.191653539,-0.851134367,-1.095853895,-2.308261787,0.500346413,0.862039351,-0.698585263,0.924389786,-0.356323195,-0.317614967,1.160540741,0.107479266,-1.395526309,0.222292033,-0.657573674,-0.927211346,0.064146743,0.929396572,1.467946274,-0.881119469,0.321942522,0.014432298,-0.213930868,-0.492066968,-1.00745544,-0.517364753,-0.523585713,0.20562494,-0.662790174,-0.888962623,-0.395462004,-0.973178602,-1.479206679,-0.754624677,-1.149585999,-1.067540948,-0.245083631,-1.326242317,-0.323316769,0.194290457,1.209891744,-1.121002281,-0.12119346,1.983656021,2.38e-06,0.562656938,-0.448864402,1.180808922,0.623262855,-0.942931157,0.530450006,0.018269345,0.750045798,-0.639169257,-0.775646959,-0.697525566,0.488791292,0.1786918,-2.142010222,-1.14065986,-1.547315025,-2.711482723,-1.188692547,-1.239795522,-2.835642203,-0.6208838,-1.747876806,-1.553892558,-0.376050777,-0.507051339,-1.702692679,-1.839028618,-3.403824548,-1.660111248,-1.336518842,-1.676603082,-0.846563182,0.359966786,-1.494949109,0.139876346,-1.6776434,-1.249388902,-1.099633657,-2.899305802,-0.783452095,0.487377962,1.061456787,1.237253543,-0.17310009,-0.285443533,-0.244138932,-0.195995194,0.515300995,0.738098876,1.221043922,0.286216635,1.438806966,0.740692661,0.188758792,1.332908795,0.577247083,0.964968251,0.52140069,0.254741086,0.533384057,-0.359254511,0.5443163,0.710542987,0.1937663,-0.745950911,-0.63083603,-0.887296914,1.728163631,-0.596194477,-0.613402358,0.945042643,0.301307224,-0.009706931,-1.032227008,-1.321532771,-1.468352108,-0.720691793,0.389193059,0.40741918,-0.462936983,-0.327219946,0.110471045,0.222644992,-0.729811247,2.945558308,-0.014462965,0.8885168,0.094162783,-0.62762753,-0.104887248,-0.547889433,0.147763013,0.557679608,-0.333384589,0.45984634,-0.592786619,0.953358905,1.076655922,0.46690909,0.920900093,0.867943301,2.770170688,0.410435931,-0.316740249,0.033309306,0.365790052,-0.918758472,0.546866202,-0.206668642,0.601978326,0.511081706,-1.129963379,-3.0504734,-3.292814127,-1.981131357,-0.636095389,0.198350342,0.768587139,0.476398404,1.296772748,1.814339343,0.18281822,-0.095286642,-0.143857476,-0.121430056,-0.09705808,0.054053664,0.515381252,-0.30099409,0.155622439,-0.213436037,-0.320510688,0.527252704,1.201585527,2.776133853,0.002460924,0.739362735,0.560450845,-0.478454081,-0.247995985,-1.04828119,-0.770153624,-0.782897013,-0.165363278,0.228235025,-0.213543083,-0.819999939,0.472539638,0.215238879,-1.307587594,-0.8352937,0.933570401,0.826935008,-0.183413926,-0.354718389,-0.439442107,-0.2306093,0.115990683,1.068735566,0.340638671,-0.375665812,0.782197777,-0.258188668,-0.991152633,2.004524334,-0.568559126,0.055086319,0.993149822,0.450467163,0.927873108,-0.326079541,1.461768635,-0.159033805,1.536439542,0.310077499,2.309564081,0.580316381,1.254869402,0.628882316,0.180903917,0.864341129,-0.343964158,1.000720676,-0.939259041,0.076306563,1.642796202,-0.096635563,2.728884518,-0.751107979,-0.365875541,-0.375605395
hsa.mir.165b,0.0,0.0,0.0,0.0,0.0,0.0,0.0,0.0,0.0,0.0,0.0,0.0,0.0,0.0,0.0,0.0,0.0,0.0,0.0,0.0,0.0,0.0,0.0,0.0,0.0,0.0,0.0,0.0,0.0,0.0,0.0,0.0,0.0,0.0,0.0,0.0,0.0,0.0,0.0,0.0,0.0,0.0,0.0,0.0,0.0,0.0,0.0,0.0,0.0,0.0,0.0,0.0,0.0,0.0,0.0,0.0,0.0,0.0,0.0,0.0,0.0,0.0,0.0,0.0,0.0,0.0,0.0,0.0,0.0,0.0,0.0,0.0,0.0,0.0,0.0,0.0,0.0,0.0,0.0,0.0,0.0,0.0,0.0,0.0,0.0,0.0,0.0,0.0,0.0,0.0,0.0,0.0,0.0,0.0,0.0,0.0,0.0,0.0,0.0,0.0,0.0,0.0,0.0,0.0,0.0,0.0,0.0,0.0,0.0,0.0,0.0,0.0,0.0,0.0,0.0,0.0,0.0,0.0,0.0,0.0,0.0,0.0,0.0,0.0,0.0,0.0,0.0,0.0,0.0,0.0,0.0,0.0,0.0,0.0,0.0,0.0,0.0,0.0,0.0,0.0,0.0,0.0,0.0,0.0,0.0,0.0,0.0,0.0,0.0,0.0,0.0,0.0,0.0,0.0,0.0,0.0,0.0,0.0,0.0,0.0,0.0,0.0,0.0,0.0,0.0,0.0,0.0,0.0,0.0,0.0,0.0,0.0,0.0,0.0,0.0,0.0,0.0,0.0,0.0,0.0,0.0,0.0,0.0,0.0,0.0,0.0,0.0,0.0,0.0,0.0,0.0,0.0,0.0,0.0,0.0,0.0,0.0,0.0,0.0,0.0,0.0,0.0,0.0,0.0,0.0,0.0,0.0,0.0,0.0,0.0,0.0,0.0,0.0,0.0,0.0,0.0,0.0,0.0,0.0,0.0,0.0,0.0,0.0,0.0,0.0,0.0,0.0,0.0,0.0,0.0,0.0,0.0,0.0,0.0,0.0,0.0,0.0,0.0,0.0,0.0,0.0,0.0,0.0,0.0,0.0,0.0,0.0
